session_id,pattern,t,x,vx,input_left,input_right
dodge_and_return_006,dodge_and_return,0.0,116.798,0.0,1,0
dodge_and_return_006,dodge_and_return,0.01667,115.298,-90.0,1,0
dodge_and_return_006,dodge_and_return,0.03333,113.798,-90.0,1,0
dodge_and_return_006,dodge_and_return,0.05,112.298,-90.0,1,0
dodge_and_return_006,dodge_and_return,0.06667,110.798,-90.0,1,0
dodge_and_return_006,dodge_and_return,0.08333,109.298,-90.0,1,0
dodge_and_return_006,dodge_and_return,0.1,107.798,-90.0,1,0
dodge_and_return_006,dodge_and_return,0.11667,106.298,-90.0,1,0
dodge_and_return_006,dodge_and_return,0.13333,104.798,-90.0,0,0
dodge_and_return_006,dodge_and_return,0.15,104.798,0.0,0,0
dodge_and_return_006,dodge_and_return,0.16667,104.798,0.0,0,0
dodge_and_return_006,dodge_and_return,0.18333,104.798,0.0,0,0
dodge_and_return_006,dodge_and_return,0.2,104.798,0.0,0,0
dodge_and_return_006,dodge_and_return,0.21667,104.798,0.0,0,0
dodge_and_return_006,dodge_and_return,0.23333,104.798,0.0,0,0
dodge_and_return_006,dodge_and_return,0.25,104.798,0.0,0,0
dodge_and_return_006,dodge_and_return,0.26667,104.798,0.0,0,0
dodge_and_return_006,dodge_and_return,0.28333,104.798,0.0,0,0
dodge_and_return_006,dodge_and_return,0.3,104.798,0.0,0,0
dodge_and_return_006,dodge_and_return,0.31667,104.798,0.0,0,0
dodge_and_return_006,dodge_and_return,0.33333,104.798,0.0,0,0
dodge_and_return_006,dodge_and_return,0.35,104.798,0.0,0,0
dodge_and_return_006,dodge_and_return,0.36667,104.798,0.0,0,0
dodge_and_return_006,dodge_and_return,0.38333,104.798,0.0,0,0
dodge_and_return_006,dodge_and_return,0.4,104.798,0.0,0,0
dodge_and_return_006,dodge_and_return,0.41667,104.798,0.0,0,0
dodge_and_return_006,dodge_and_return,0.43333,104.798,0.0,0,0
dodge_and_return_006,dodge_and_return,0.45,104.798,0.0,0,0
dodge_and_return_006,dodge_and_return,0.46667,104.798,0.0,0,0
dodge_and_return_006,dodge_and_return,0.48333,104.798,0.0,0,0
dodge_and_return_006,dodge_and_return,0.5,104.798,0.0,0,0
dodge_and_return_006,dodge_and_return,0.51667,104.798,0.0,0,0
dodge_and_return_006,dodge_and_return,0.53333,104.798,0.0,0,0
dodge_and_return_006,dodge_and_return,0.55,104.798,0.0,0,0
dodge_and_return_006,dodge_and_return,0.56667,104.798,0.0,0,0
dodge_and_return_006,dodge_and_return,0.58333,104.798,0.0,0,0
dodge_and_return_006,dodge_and_return,0.6,104.798,0.0,0,0
dodge_and_return_006,dodge_and_return,0.61667,104.798,0.0,0,0
dodge_and_return_006,dodge_and_return,0.63333,104.798,0.0,0,0
dodge_and_return_006,dodge_and_return,0.65,104.798,0.0,0,0
dodge_and_return_006,dodge_and_return,0.66667,104.798,0.0,0,0
dodge_and_return_006,dodge_and_return,0.68333,104.798,0.0,0,0
dodge_and_return_006,dodge_and_return,0.7,104.798,0.0,0,0
dodge_and_return_006,dodge_and_return,0.71667,104.798,0.0,0,0
dodge_and_return_006,dodge_and_return,0.73333,104.798,0.0,0,0
dodge_and_return_006,dodge_and_return,0.75,104.798,0.0,0,0
dodge_and_return_006,dodge_and_return,0.76667,104.798,0.0,0,0
dodge_and_return_006,dodge_and_return,0.78333,104.798,0.0,0,0
dodge_and_return_006,dodge_and_return,0.8,104.798,0.0,0,0
dodge_and_return_006,dodge_and_return,0.81667,104.798,0.0,0,0
dodge_and_return_006,dodge_and_return,0.83333,104.798,0.0,0,0
dodge_and_return_006,dodge_and_return,0.85,104.798,0.0,0,0
dodge_and_return_006,dodge_and_return,0.86667,104.798,0.0,0,0
dodge_and_return_006,dodge_and_return,0.88333,104.798,0.0,0,0
dodge_and_return_006,dodge_and_return,0.9,104.798,0.0,0,0
dodge_and_return_006,dodge_and_return,0.91667,104.798,0.0,0,0
dodge_and_return_006,dodge_and_return,0.93333,104.798,0.0,0,0
dodge_and_return_006,dodge_and_return,0.95,104.798,0.0,0,0
dodge_and_return_006,dodge_and_return,0.96667,104.798,0.0,0,0
dodge_and_return_006,dodge_and_return,0.98333,104.798,0.0,0,0
dodge_and_return_006,dodge_and_return,1.0,104.798,0.0,0,0
dodge_and_return_006,dodge_and_return,1.01667,104.798,0.0,0,0
dodge_and_return_006,dodge_and_return,1.03333,104.798,0.0,0,0
dodge_and_return_006,dodge_and_return,1.05,104.798,0.0,0,0
dodge_and_return_006,dodge_and_return,1.06667,104.798,0.0,0,0
dodge_and_return_006,dodge_and_return,1.08333,104.798,0.0,0,0
dodge_and_return_006,dodge_and_return,1.1,104.798,0.0,0,0
dodge_and_return_006,dodge_and_return,1.11667,104.798,0.0,0,0
dodge_and_return_006,dodge_and_return,1.13333,104.798,0.0,0,0
dodge_and_return_006,dodge_and_return,1.15,104.798,0.0,0,0
dodge_and_return_006,dodge_and_return,1.16667,104.798,0.0,0,0
dodge_and_return_006,dodge_and_return,1.18333,104.798,0.0,0,0
dodge_and_return_006,dodge_and_return,1.2,104.798,0.0,0,0
dodge_and_return_006,dodge_and_return,1.21667,104.798,0.0,0,0
dodge_and_return_006,dodge_and_return,1.23333,104.798,0.0,0,0
dodge_and_return_006,dodge_and_return,1.25,104.798,0.0,0,0
dodge_and_return_006,dodge_and_return,1.26667,104.798,0.0,0,0
dodge_and_return_006,dodge_and_return,1.28333,104.798,0.0,0,0
dodge_and_return_006,dodge_and_return,1.3,104.798,0.0,0,0
dodge_and_return_006,dodge_and_return,1.31667,104.798,0.0,0,1
dodge_and_return_006,dodge_and_return,1.33333,106.298,90.0,0,1
dodge_and_return_006,dodge_and_return,1.35,107.798,90.0,0,1
dodge_and_return_006,dodge_and_return,1.36667,109.298,90.0,0,1
dodge_and_return_006,dodge_and_return,1.38333,110.798,90.0,0,1
dodge_and_return_006,dodge_and_return,1.4,112.298,90.0,0,1
dodge_and_return_006,dodge_and_return,1.41667,113.798,90.0,0,1
dodge_and_return_006,dodge_and_return,1.43333,115.298,90.0,0,1
dodge_and_return_006,dodge_and_return,1.45,116.798,90.0,0,1
dodge_and_return_006,dodge_and_return,1.46667,118.298,90.0,0,1
dodge_and_return_006,dodge_and_return,1.48333,119.798,90.0,0,1
dodge_and_return_006,dodge_and_return,1.5,121.298,90.0,0,1
dodge_and_return_006,dodge_and_return,1.51667,122.798,90.0,0,1
dodge_and_return_006,dodge_and_return,1.53333,124.298,90.0,0,1
dodge_and_return_006,dodge_and_return,1.55,125.798,90.0,0,1
dodge_and_return_006,dodge_and_return,1.56667,127.298,90.0,0,1
dodge_and_return_006,dodge_and_return,1.58333,128.798,90.0,0,1
dodge_and_return_006,dodge_and_return,1.6,130.298,90.0,0,1
dodge_and_return_006,dodge_and_return,1.61667,131.798,90.0,0,1
dodge_and_return_006,dodge_and_return,1.63333,133.298,90.0,0,1
dodge_and_return_006,dodge_and_return,1.65,134.798,90.0,0,1
dodge_and_return_006,dodge_and_return,1.66667,136.298,90.0,0,1
dodge_and_return_006,dodge_and_return,1.68333,137.798,90.0,0,1
dodge_and_return_006,dodge_and_return,1.7,139.298,90.0,0,1
dodge_and_return_006,dodge_and_return,1.71667,140.798,90.0,0,1
dodge_and_return_006,dodge_and_return,1.73333,142.298,90.0,0,1
dodge_and_return_006,dodge_and_return,1.75,143.798,90.0,0,1
dodge_and_return_006,dodge_and_return,1.76667,145.298,90.0,0,1
dodge_and_return_006,dodge_and_return,1.78333,146.798,90.0,0,1
dodge_and_return_006,dodge_and_return,1.8,148.298,90.0,0,1
dodge_and_return_006,dodge_and_return,1.81667,149.798,90.0,0,1
dodge_and_return_006,dodge_and_return,1.83333,151.298,90.0,0,1
dodge_and_return_006,dodge_and_return,1.85,152.798,90.0,0,1
dodge_and_return_006,dodge_and_return,1.86667,154.298,90.0,0,1
dodge_and_return_006,dodge_and_return,1.88333,155.798,90.0,0,1
dodge_and_return_006,dodge_and_return,1.9,157.298,90.0,0,1
dodge_and_return_006,dodge_and_return,1.91667,158.798,90.0,0,1
dodge_and_return_006,dodge_and_return,1.93333,160.298,90.0,0,1
dodge_and_return_006,dodge_and_return,1.95,161.798,90.0,0,1
dodge_and_return_006,dodge_and_return,1.96667,163.298,90.0,1,0
dodge_and_return_006,dodge_and_return,1.98333,161.798,-90.0,1,0
dodge_and_return_006,dodge_and_return,2.0,160.298,-90.0,1,0
dodge_and_return_006,dodge_and_return,2.01667,158.798,-90.0,1,0
dodge_and_return_006,dodge_and_return,2.03333,157.298,-90.0,1,0
dodge_and_return_006,dodge_and_return,2.05,155.798,-90.0,1,0
dodge_and_return_006,dodge_and_return,2.06667,154.298,-90.0,1,0
dodge_and_return_006,dodge_and_return,2.08333,152.798,-90.0,1,0
dodge_and_return_006,dodge_and_return,2.1,151.298,-90.0,1,0
dodge_and_return_006,dodge_and_return,2.11667,149.798,-90.0,1,0
dodge_and_return_006,dodge_and_return,2.13333,148.298,-90.0,1,0
dodge_and_return_006,dodge_and_return,2.15,146.798,-90.0,1,0
dodge_and_return_006,dodge_and_return,2.16667,145.298,-90.0,1,0
dodge_and_return_006,dodge_and_return,2.18333,143.798,-90.0,1,0
dodge_and_return_006,dodge_and_return,2.2,142.298,-90.0,1,0
dodge_and_return_006,dodge_and_return,2.21667,140.798,-90.0,1,0
dodge_and_return_006,dodge_and_return,2.23333,139.298,-90.0,1,0
dodge_and_return_006,dodge_and_return,2.25,137.798,-90.0,1,0
dodge_and_return_006,dodge_and_return,2.26667,136.298,-90.0,1,0
dodge_and_return_006,dodge_and_return,2.28333,134.798,-90.0,1,0
dodge_and_return_006,dodge_and_return,2.3,133.298,-90.0,1,0
dodge_and_return_006,dodge_and_return,2.31667,131.798,-90.0,1,0
dodge_and_return_006,dodge_and_return,2.33333,130.298,-90.0,1,0
dodge_and_return_006,dodge_and_return,2.35,128.798,-90.0,1,0
dodge_and_return_006,dodge_and_return,2.36667,127.298,-90.0,1,0
dodge_and_return_006,dodge_and_return,2.38333,125.798,-90.0,1,0
dodge_and_return_006,dodge_and_return,2.4,124.298,-90.0,1,0
dodge_and_return_006,dodge_and_return,2.41667,122.798,-90.0,1,0
dodge_and_return_006,dodge_and_return,2.43333,121.298,-90.0,1,0
dodge_and_return_006,dodge_and_return,2.45,119.798,-90.0,1,0
dodge_and_return_006,dodge_and_return,2.46667,118.298,-90.0,1,0
dodge_and_return_006,dodge_and_return,2.48333,116.798,-90.0,1,0
dodge_and_return_006,dodge_and_return,2.5,115.298,-90.0,1,0
dodge_and_return_006,dodge_and_return,2.51667,113.798,-90.0,1,0
dodge_and_return_006,dodge_and_return,2.53333,112.298,-90.0,1,0
dodge_and_return_006,dodge_and_return,2.55,110.798,-90.0,1,0
dodge_and_return_006,dodge_and_return,2.56667,109.298,-90.0,1,0
dodge_and_return_006,dodge_and_return,2.58333,107.798,-90.0,1,0
dodge_and_return_006,dodge_and_return,2.6,106.298,-90.0,1,0
dodge_and_return_006,dodge_and_return,2.61667,104.798,-90.0,0,0
dodge_and_return_006,dodge_and_return,2.63333,104.798,0.0,0,0
dodge_and_return_006,dodge_and_return,2.65,104.798,0.0,0,0
dodge_and_return_006,dodge_and_return,2.66667,104.798,0.0,0,0
dodge_and_return_006,dodge_and_return,2.68333,104.798,0.0,0,0
dodge_and_return_006,dodge_and_return,2.7,104.798,0.0,0,0
dodge_and_return_006,dodge_and_return,2.71667,104.798,0.0,0,0
dodge_and_return_006,dodge_and_return,2.73333,104.798,0.0,0,0
dodge_and_return_006,dodge_and_return,2.75,104.798,0.0,0,0
dodge_and_return_006,dodge_and_return,2.76667,104.798,0.0,0,0
dodge_and_return_006,dodge_and_return,2.78333,104.798,0.0,0,0
dodge_and_return_006,dodge_and_return,2.8,104.798,0.0,0,0
dodge_and_return_006,dodge_and_return,2.81667,104.798,0.0,0,0
dodge_and_return_006,dodge_and_return,2.83333,104.798,0.0,0,0
dodge_and_return_006,dodge_and_return,2.85,104.798,0.0,0,0
dodge_and_return_006,dodge_and_return,2.86667,104.798,0.0,0,0
dodge_and_return_006,dodge_and_return,2.88333,104.798,0.0,0,0
dodge_and_return_006,dodge_and_return,2.9,104.798,0.0,0,0
dodge_and_return_006,dodge_and_return,2.91667,104.798,0.0,0,0
dodge_and_return_006,dodge_and_return,2.93333,104.798,0.0,0,0
dodge_and_return_006,dodge_and_return,2.95,104.798,0.0,0,0
dodge_and_return_006,dodge_and_return,2.96667,104.798,0.0,0,0
dodge_and_return_006,dodge_and_return,2.98333,104.798,0.0,0,0
dodge_and_return_006,dodge_and_return,3.0,104.798,0.0,0,0
dodge_and_return_006,dodge_and_return,3.01667,104.798,0.0,0,0
dodge_and_return_006,dodge_and_return,3.03333,104.798,0.0,0,0
dodge_and_return_006,dodge_and_return,3.05,104.798,0.0,0,0
dodge_and_return_006,dodge_and_return,3.06667,104.798,0.0,0,0
dodge_and_return_006,dodge_and_return,3.08333,104.798,0.0,0,0
dodge_and_return_006,dodge_and_return,3.1,104.798,0.0,0,0
dodge_and_return_006,dodge_and_return,3.11667,104.798,0.0,0,0
dodge_and_return_006,dodge_and_return,3.13333,104.798,0.0,0,0
dodge_and_return_006,dodge_and_return,3.15,104.798,0.0,0,0
dodge_and_return_006,dodge_and_return,3.16667,104.798,0.0,0,0
dodge_and_return_006,dodge_and_return,3.18333,104.798,0.0,0,0
dodge_and_return_006,dodge_and_return,3.2,104.798,0.0,0,0
dodge_and_return_006,dodge_and_return,3.21667,104.798,0.0,0,0
dodge_and_return_006,dodge_and_return,3.23333,104.798,0.0,0,0
dodge_and_return_006,dodge_and_return,3.25,104.798,0.0,0,0
dodge_and_return_006,dodge_and_return,3.26667,104.798,0.0,0,0
dodge_and_return_006,dodge_and_return,3.28333,104.798,0.0,0,0
dodge_and_return_006,dodge_and_return,3.3,104.798,0.0,0,0
dodge_and_return_006,dodge_and_return,3.31667,104.798,0.0,0,0
dodge_and_return_006,dodge_and_return,3.33333,104.798,0.0,0,0
dodge_and_return_006,dodge_and_return,3.35,104.798,0.0,0,0
dodge_and_return_006,dodge_and_return,3.36667,104.798,0.0,0,0
dodge_and_return_006,dodge_and_return,3.38333,104.798,0.0,0,0
dodge_and_return_006,dodge_and_return,3.4,104.798,0.0,0,0
dodge_and_return_006,dodge_and_return,3.41667,104.798,0.0,0,0
dodge_and_return_006,dodge_and_return,3.43333,104.798,0.0,0,0
dodge_and_return_006,dodge_and_return,3.45,104.798,0.0,0,0
dodge_and_return_006,dodge_and_return,3.46667,104.798,0.0,0,0
dodge_and_return_006,dodge_and_return,3.48333,104.798,0.0,0,0
dodge_and_return_006,dodge_and_return,3.5,104.798,0.0,0,0
dodge_and_return_006,dodge_and_return,3.51667,104.798,0.0,0,0
dodge_and_return_006,dodge_and_return,3.53333,104.798,0.0,0,0
dodge_and_return_006,dodge_and_return,3.55,104.798,0.0,0,0
dodge_and_return_006,dodge_and_return,3.56667,104.798,0.0,0,0
dodge_and_return_006,dodge_and_return,3.58333,104.798,0.0,0,0
dodge_and_return_006,dodge_and_return,3.6,104.798,0.0,0,0
dodge_and_return_006,dodge_and_return,3.61667,104.798,0.0,0,0
dodge_and_return_006,dodge_and_return,3.63333,104.798,0.0,0,0
dodge_and_return_006,dodge_and_return,3.65,104.798,0.0,0,0
dodge_and_return_006,dodge_and_return,3.66667,104.798,0.0,0,0
dodge_and_return_006,dodge_and_return,3.68333,104.798,0.0,0,0
dodge_and_return_006,dodge_and_return,3.7,104.798,0.0,0,0
dodge_and_return_006,dodge_and_return,3.71667,104.798,0.0,0,0
dodge_and_return_006,dodge_and_return,3.73333,104.798,0.0,0,0
dodge_and_return_006,dodge_and_return,3.75,104.798,0.0,0,0
dodge_and_return_006,dodge_and_return,3.76667,104.798,0.0,0,0
dodge_and_return_006,dodge_and_return,3.78333,104.798,0.0,0,0
dodge_and_return_006,dodge_and_return,3.8,104.798,0.0,0,0
dodge_and_return_006,dodge_and_return,3.81667,104.798,0.0,0,0
dodge_and_return_006,dodge_and_return,3.83333,104.798,0.0,0,0
dodge_and_return_006,dodge_and_return,3.85,104.798,0.0,0,0
dodge_and_return_006,dodge_and_return,3.86667,104.798,0.0,0,0
dodge_and_return_006,dodge_and_return,3.88333,104.798,0.0,0,0
dodge_and_return_006,dodge_and_return,3.9,104.798,0.0,0,0
dodge_and_return_006,dodge_and_return,3.91667,104.798,0.0,0,0
dodge_and_return_006,dodge_and_return,3.93333,104.798,0.0,0,0
dodge_and_return_006,dodge_and_return,3.95,104.798,0.0,0,0
dodge_and_return_006,dodge_and_return,3.96667,104.798,0.0,0,0
dodge_and_return_006,dodge_and_return,3.98333,104.798,0.0,0,0
dodge_and_return_006,dodge_and_return,4.0,104.798,0.0,0,0
dodge_and_return_006,dodge_and_return,4.01667,104.798,0.0,0,0
dodge_and_return_006,dodge_and_return,4.03333,104.798,0.0,0,0
dodge_and_return_006,dodge_and_return,4.05,104.798,0.0,0,0
dodge_and_return_006,dodge_and_return,4.06667,104.798,0.0,0,0
dodge_and_return_006,dodge_and_return,4.08333,104.798,0.0,0,0
dodge_and_return_006,dodge_and_return,4.1,104.798,0.0,0,0
dodge_and_return_006,dodge_and_return,4.11667,104.798,0.0,0,0
dodge_and_return_006,dodge_and_return,4.13333,104.798,0.0,0,0
dodge_and_return_006,dodge_and_return,4.15,104.798,0.0,0,0
dodge_and_return_006,dodge_and_return,4.16667,104.798,0.0,0,0
dodge_and_return_006,dodge_and_return,4.18333,104.798,0.0,0,0
dodge_and_return_006,dodge_and_return,4.2,104.798,0.0,0,0
dodge_and_return_006,dodge_and_return,4.21667,104.798,0.0,0,0
dodge_and_return_006,dodge_and_return,4.23333,104.798,0.0,0,0
dodge_and_return_006,dodge_and_return,4.25,104.798,0.0,0,0
dodge_and_return_006,dodge_and_return,4.26667,104.798,0.0,0,0
dodge_and_return_006,dodge_and_return,4.28333,104.798,0.0,0,0
dodge_and_return_006,dodge_and_return,4.3,104.798,0.0,0,0
dodge_and_return_006,dodge_and_return,4.31667,104.798,0.0,0,0
dodge_and_return_006,dodge_and_return,4.33333,104.798,0.0,0,0
dodge_and_return_006,dodge_and_return,4.35,104.798,0.0,0,0
dodge_and_return_006,dodge_and_return,4.36667,104.798,0.0,0,0
dodge_and_return_006,dodge_and_return,4.38333,104.798,0.0,0,0
dodge_and_return_006,dodge_and_return,4.4,104.798,0.0,0,0
dodge_and_return_006,dodge_and_return,4.41667,104.798,0.0,0,0
dodge_and_return_006,dodge_and_return,4.43333,104.798,0.0,0,0
dodge_and_return_006,dodge_and_return,4.45,104.798,0.0,0,0
dodge_and_return_006,dodge_and_return,4.46667,104.798,0.0,0,0
dodge_and_return_006,dodge_and_return,4.48333,104.798,0.0,0,0
dodge_and_return_006,dodge_and_return,4.5,104.798,0.0,0,0
dodge_and_return_006,dodge_and_return,4.51667,104.798,0.0,0,0
dodge_and_return_006,dodge_and_return,4.53333,104.798,0.0,0,0
dodge_and_return_006,dodge_and_return,4.55,104.798,0.0,0,0
dodge_and_return_006,dodge_and_return,4.56667,104.798,0.0,0,0
dodge_and_return_006,dodge_and_return,4.58333,104.798,0.0,0,0
dodge_and_return_006,dodge_and_return,4.6,104.798,0.0,0,0
dodge_and_return_006,dodge_and_return,4.61667,104.798,0.0,0,0
dodge_and_return_006,dodge_and_return,4.63333,104.798,0.0,0,0
dodge_and_return_006,dodge_and_return,4.65,104.798,0.0,0,0
dodge_and_return_006,dodge_and_return,4.66667,104.798,0.0,0,0
dodge_and_return_006,dodge_and_return,4.68333,104.798,0.0,0,0
dodge_and_return_006,dodge_and_return,4.7,104.798,0.0,0,0
dodge_and_return_006,dodge_and_return,4.71667,104.798,0.0,0,0
dodge_and_return_006,dodge_and_return,4.73333,104.798,0.0,0,0
dodge_and_return_006,dodge_and_return,4.75,104.798,0.0,0,0
dodge_and_return_006,dodge_and_return,4.76667,104.798,0.0,0,0
dodge_and_return_006,dodge_and_return,4.78333,104.798,0.0,0,0
dodge_and_return_006,dodge_and_return,4.8,104.798,0.0,0,0
dodge_and_return_006,dodge_and_return,4.81667,104.798,0.0,0,0
dodge_and_return_006,dodge_and_return,4.83333,104.798,0.0,0,0
dodge_and_return_006,dodge_and_return,4.85,104.798,0.0,0,0
dodge_and_return_006,dodge_and_return,4.86667,104.798,0.0,0,0
dodge_and_return_006,dodge_and_return,4.88333,104.798,0.0,0,0
dodge_and_return_006,dodge_and_return,4.9,104.798,0.0,0,0
dodge_and_return_006,dodge_and_return,4.91667,104.798,0.0,0,0
dodge_and_return_006,dodge_and_return,4.93333,104.798,0.0,0,0
dodge_and_return_006,dodge_and_return,4.95,104.798,0.0,0,0
dodge_and_return_006,dodge_and_return,4.96667,104.798,0.0,0,0
dodge_and_return_006,dodge_and_return,4.98333,104.798,0.0,0,0
dodge_and_return_006,dodge_and_return,5.0,104.798,0.0,0,0
dodge_and_return_006,dodge_and_return,5.01667,104.798,0.0,0,0
dodge_and_return_006,dodge_and_return,5.03333,104.798,0.0,0,0
dodge_and_return_006,dodge_and_return,5.05,104.798,0.0,0,0
dodge_and_return_006,dodge_and_return,5.06667,104.798,0.0,0,0
dodge_and_return_006,dodge_and_return,5.08333,104.798,0.0,0,0
dodge_and_return_006,dodge_and_return,5.1,104.798,0.0,0,0
dodge_and_return_006,dodge_and_return,5.11667,104.798,0.0,0,0
dodge_and_return_006,dodge_and_return,5.13333,104.798,0.0,0,0
dodge_and_return_006,dodge_and_return,5.15,104.798,0.0,0,0
dodge_and_return_006,dodge_and_return,5.16667,104.798,0.0,0,0
dodge_and_return_006,dodge_and_return,5.18333,104.798,0.0,0,0
dodge_and_return_006,dodge_and_return,5.2,104.798,0.0,0,0
dodge_and_return_006,dodge_and_return,5.21667,104.798,0.0,0,0
dodge_and_return_006,dodge_and_return,5.23333,104.798,0.0,0,0
dodge_and_return_006,dodge_and_return,5.25,104.798,0.0,0,0
dodge_and_return_006,dodge_and_return,5.26667,104.798,0.0,0,0
dodge_and_return_006,dodge_and_return,5.28333,104.798,0.0,0,0
dodge_and_return_006,dodge_and_return,5.3,104.798,0.0,0,0
dodge_and_return_006,dodge_and_return,5.31667,104.798,0.0,0,0
dodge_and_return_006,dodge_and_return,5.33333,104.798,0.0,0,0
dodge_and_return_006,dodge_and_return,5.35,104.798,0.0,0,0
dodge_and_return_006,dodge_and_return,5.36667,104.798,0.0,0,0
dodge_and_return_006,dodge_and_return,5.38333,104.798,0.0,0,0
dodge_and_return_006,dodge_and_return,5.4,104.798,0.0,0,0
dodge_and_return_006,dodge_and_return,5.41667,104.798,0.0,0,0
dodge_and_return_006,dodge_and_return,5.43333,104.798,0.0,0,0
dodge_and_return_006,dodge_and_return,5.45,104.798,0.0,0,0
dodge_and_return_006,dodge_and_return,5.46667,104.798,0.0,0,0
dodge_and_return_006,dodge_and_return,5.48333,104.798,0.0,0,0
dodge_and_return_006,dodge_and_return,5.5,104.798,0.0,0,0
dodge_and_return_006,dodge_and_return,5.51667,104.798,0.0,0,0
dodge_and_return_006,dodge_and_return,5.53333,104.798,0.0,0,0
dodge_and_return_006,dodge_and_return,5.55,104.798,0.0,0,0
dodge_and_return_006,dodge_and_return,5.56667,104.798,0.0,0,0
dodge_and_return_006,dodge_and_return,5.58333,104.798,0.0,0,0
dodge_and_return_006,dodge_and_return,5.6,104.798,0.0,0,0
dodge_and_return_006,dodge_and_return,5.61667,104.798,0.0,0,0
dodge_and_return_006,dodge_and_return,5.63333,104.798,0.0,0,0
dodge_and_return_006,dodge_and_return,5.65,104.798,0.0,1,0
dodge_and_return_006,dodge_and_return,5.66667,103.298,-90.0,1,0
dodge_and_return_006,dodge_and_return,5.68333,101.798,-90.0,1,0
dodge_and_return_006,dodge_and_return,5.7,100.298,-90.0,1,0
dodge_and_return_006,dodge_and_return,5.71667,98.798,-90.0,1,0
dodge_and_return_006,dodge_and_return,5.73333,97.298,-90.0,1,0
dodge_and_return_006,dodge_and_return,5.75,95.798,-90.0,1,0
dodge_and_return_006,dodge_and_return,5.76667,94.298,-90.0,1,0
dodge_and_return_006,dodge_and_return,5.78333,92.798,-90.0,1,0
dodge_and_return_006,dodge_and_return,5.8,91.298,-90.0,1,0
dodge_and_return_006,dodge_and_return,5.81667,89.798,-90.0,1,0
dodge_and_return_006,dodge_and_return,5.83333,88.298,-90.0,1,0
dodge_and_return_006,dodge_and_return,5.85,86.798,-90.0,1,0
dodge_and_return_006,dodge_and_return,5.86667,85.298,-90.0,1,0
dodge_and_return_006,dodge_and_return,5.88333,83.798,-90.0,1,0
dodge_and_return_006,dodge_and_return,5.9,82.298,-90.0,1,0
dodge_and_return_006,dodge_and_return,5.91667,80.798,-90.0,1,0
dodge_and_return_006,dodge_and_return,5.93333,79.298,-90.0,1,0
dodge_and_return_006,dodge_and_return,5.95,77.798,-90.0,1,0
dodge_and_return_006,dodge_and_return,5.96667,76.298,-90.0,1,0
dodge_and_return_006,dodge_and_return,5.98333,74.798,-90.0,1,0
dodge_and_return_006,dodge_and_return,6.0,73.298,-90.0,1,0
dodge_and_return_006,dodge_and_return,6.01667,71.798,-90.0,1,0
dodge_and_return_006,dodge_and_return,6.03333,70.298,-90.0,1,0
dodge_and_return_006,dodge_and_return,6.05,68.798,-90.0,1,0
dodge_and_return_006,dodge_and_return,6.06667,67.298,-90.0,1,0
dodge_and_return_006,dodge_and_return,6.08333,65.798,-90.0,1,0
dodge_and_return_006,dodge_and_return,6.1,64.298,-90.0,1,0
dodge_and_return_006,dodge_and_return,6.11667,62.798,-90.0,1,0
dodge_and_return_006,dodge_and_return,6.13333,61.298,-90.0,1,0
dodge_and_return_006,dodge_and_return,6.15,59.798,-90.0,1,0
dodge_and_return_006,dodge_and_return,6.16667,58.298,-90.0,1,0
dodge_and_return_006,dodge_and_return,6.18333,56.798,-90.0,1,0
dodge_and_return_006,dodge_and_return,6.2,55.298,-90.0,1,0
dodge_and_return_006,dodge_and_return,6.21667,53.798,-90.0,1,0
dodge_and_return_006,dodge_and_return,6.23333,52.298,-90.0,1,0
dodge_and_return_006,dodge_and_return,6.25,50.798,-90.0,1,0
dodge_and_return_006,dodge_and_return,6.26667,49.298,-90.0,1,0
dodge_and_return_006,dodge_and_return,6.28333,47.798,-90.0,1,0
dodge_and_return_006,dodge_and_return,6.3,46.298,-90.0,1,0
dodge_and_return_006,dodge_and_return,6.31667,44.798,-90.0,1,0
dodge_and_return_006,dodge_and_return,6.33333,43.298,-90.0,1,0
dodge_and_return_006,dodge_and_return,6.35,41.798,-90.0,1,0
dodge_and_return_006,dodge_and_return,6.36667,40.298,-90.0,1,0
dodge_and_return_006,dodge_and_return,6.38333,38.798,-90.0,1,0
dodge_and_return_006,dodge_and_return,6.4,37.298,-90.0,1,0
dodge_and_return_006,dodge_and_return,6.41667,35.798,-90.0,1,0
dodge_and_return_006,dodge_and_return,6.43333,34.298,-90.0,1,0
dodge_and_return_006,dodge_and_return,6.45,32.798,-90.0,1,0
dodge_and_return_006,dodge_and_return,6.46667,31.298,-90.0,1,0
dodge_and_return_006,dodge_and_return,6.48333,29.798,-90.0,1,0
dodge_and_return_006,dodge_and_return,6.5,28.298,-90.0,1,0
dodge_and_return_006,dodge_and_return,6.51667,26.798,-90.0,1,0
dodge_and_return_006,dodge_and_return,6.53333,25.298,-90.0,1,0
dodge_and_return_006,dodge_and_return,6.55,23.798,-90.0,1,0
dodge_and_return_006,dodge_and_return,6.56667,22.298,-90.0,1,0
dodge_and_return_006,dodge_and_return,6.58333,20.798,-90.0,1,0
dodge_and_return_006,dodge_and_return,6.6,19.298,-90.0,1,0
dodge_and_return_006,dodge_and_return,6.61667,17.798,-90.0,1,0
dodge_and_return_006,dodge_and_return,6.63333,16.298,-90.0,1,0
dodge_and_return_006,dodge_and_return,6.65,14.798,-90.0,0,1
dodge_and_return_006,dodge_and_return,6.66667,16.298,90.0,0,1
dodge_and_return_006,dodge_and_return,6.68333,17.798,90.0,0,1
dodge_and_return_006,dodge_and_return,6.7,19.298,90.0,0,1
dodge_and_return_006,dodge_and_return,6.71667,20.798,90.0,0,1
dodge_and_return_006,dodge_and_return,6.73333,22.298,90.0,0,1
dodge_and_return_006,dodge_and_return,6.75,23.798,90.0,0,1
dodge_and_return_006,dodge_and_return,6.76667,25.298,90.0,0,1
dodge_and_return_006,dodge_and_return,6.78333,26.798,90.0,0,1
dodge_and_return_006,dodge_and_return,6.8,28.298,90.0,0,1
dodge_and_return_006,dodge_and_return,6.81667,29.798,90.0,0,1
dodge_and_return_006,dodge_and_return,6.83333,31.298,90.0,0,1
dodge_and_return_006,dodge_and_return,6.85,32.798,90.0,0,1
dodge_and_return_006,dodge_and_return,6.86667,34.298,90.0,0,1
dodge_and_return_006,dodge_and_return,6.88333,35.798,90.0,0,1
dodge_and_return_006,dodge_and_return,6.9,37.298,90.0,0,1
dodge_and_return_006,dodge_and_return,6.91667,38.798,90.0,0,1
dodge_and_return_006,dodge_and_return,6.93333,40.298,90.0,0,1
dodge_and_return_006,dodge_and_return,6.95,41.798,90.0,0,1
dodge_and_return_006,dodge_and_return,6.96667,43.298,90.0,0,1
dodge_and_return_006,dodge_and_return,6.98333,44.798,90.0,0,1
dodge_and_return_006,dodge_and_return,7.0,46.298,90.0,0,1
dodge_and_return_006,dodge_and_return,7.01667,47.798,90.0,0,1
dodge_and_return_006,dodge_and_return,7.03333,49.298,90.0,0,1
dodge_and_return_006,dodge_and_return,7.05,50.798,90.0,0,1
dodge_and_return_006,dodge_and_return,7.06667,52.298,90.0,0,1
dodge_and_return_006,dodge_and_return,7.08333,53.798,90.0,0,1
dodge_and_return_006,dodge_and_return,7.1,55.298,90.0,0,1
dodge_and_return_006,dodge_and_return,7.11667,56.798,90.0,0,1
dodge_and_return_006,dodge_and_return,7.13333,58.298,90.0,0,1
dodge_and_return_006,dodge_and_return,7.15,59.798,90.0,0,1
dodge_and_return_006,dodge_and_return,7.16667,61.298,90.0,0,1
dodge_and_return_006,dodge_and_return,7.18333,62.798,90.0,0,1
dodge_and_return_006,dodge_and_return,7.2,64.298,90.0,0,1
dodge_and_return_006,dodge_and_return,7.21667,65.798,90.0,0,1
dodge_and_return_006,dodge_and_return,7.23333,67.298,90.0,0,1
dodge_and_return_006,dodge_and_return,7.25,68.798,90.0,0,1
dodge_and_return_006,dodge_and_return,7.26667,70.298,90.0,0,1
dodge_and_return_006,dodge_and_return,7.28333,71.798,90.0,0,1
dodge_and_return_006,dodge_and_return,7.3,73.298,90.0,0,1
dodge_and_return_006,dodge_and_return,7.31667,74.798,90.0,0,1
dodge_and_return_006,dodge_and_return,7.33333,76.298,90.0,0,1
dodge_and_return_006,dodge_and_return,7.35,77.798,90.0,0,1
dodge_and_return_006,dodge_and_return,7.36667,79.298,90.0,0,1
dodge_and_return_006,dodge_and_return,7.38333,80.798,90.0,0,1
dodge_and_return_006,dodge_and_return,7.4,82.298,90.0,0,1
dodge_and_return_006,dodge_and_return,7.41667,83.798,90.0,0,1
dodge_and_return_006,dodge_and_return,7.43333,85.298,90.0,0,1
dodge_and_return_006,dodge_and_return,7.45,86.798,90.0,0,1
dodge_and_return_006,dodge_and_return,7.46667,88.298,90.0,0,1
dodge_and_return_006,dodge_and_return,7.48333,89.798,90.0,0,1
dodge_and_return_006,dodge_and_return,7.5,91.298,90.0,0,1
dodge_and_return_006,dodge_and_return,7.51667,92.798,90.0,0,1
dodge_and_return_006,dodge_and_return,7.53333,94.298,90.0,0,1
dodge_and_return_006,dodge_and_return,7.55,95.798,90.0,0,1
dodge_and_return_006,dodge_and_return,7.56667,97.298,90.0,0,1
dodge_and_return_006,dodge_and_return,7.58333,98.798,90.0,0,0
dodge_and_return_006,dodge_and_return,7.6,98.798,0.0,0,0
dodge_and_return_006,dodge_and_return,7.61667,98.798,0.0,0,0
dodge_and_return_006,dodge_and_return,7.63333,98.798,0.0,0,0
dodge_and_return_006,dodge_and_return,7.65,98.798,0.0,0,0
dodge_and_return_006,dodge_and_return,7.66667,98.798,0.0,0,0
dodge_and_return_006,dodge_and_return,7.68333,98.798,0.0,0,0
dodge_and_return_006,dodge_and_return,7.7,98.798,0.0,0,0
dodge_and_return_006,dodge_and_return,7.71667,98.798,0.0,0,0
dodge_and_return_006,dodge_and_return,7.73333,98.798,0.0,0,0
dodge_and_return_006,dodge_and_return,7.75,98.798,0.0,0,0
dodge_and_return_006,dodge_and_return,7.76667,98.798,0.0,0,0
dodge_and_return_006,dodge_and_return,7.78333,98.798,0.0,0,0
dodge_and_return_006,dodge_and_return,7.8,98.798,0.0,0,0
dodge_and_return_006,dodge_and_return,7.81667,98.798,0.0,0,0
dodge_and_return_006,dodge_and_return,7.83333,98.798,0.0,0,0
dodge_and_return_006,dodge_and_return,7.85,98.798,0.0,0,0
dodge_and_return_006,dodge_and_return,7.86667,98.798,0.0,0,0
dodge_and_return_006,dodge_and_return,7.88333,98.798,0.0,0,0
dodge_and_return_006,dodge_and_return,7.9,98.798,0.0,0,0
dodge_and_return_006,dodge_and_return,7.91667,98.798,0.0,0,0
dodge_and_return_006,dodge_and_return,7.93333,98.798,0.0,0,0
dodge_and_return_006,dodge_and_return,7.95,98.798,0.0,0,0
dodge_and_return_006,dodge_and_return,7.96667,98.798,0.0,0,0
dodge_and_return_006,dodge_and_return,7.98333,98.798,0.0,0,0
dodge_and_return_006,dodge_and_return,8.0,98.798,0.0,0,0
dodge_and_return_006,dodge_and_return,8.01667,98.798,0.0,0,0
dodge_and_return_006,dodge_and_return,8.03333,98.798,0.0,0,0
dodge_and_return_006,dodge_and_return,8.05,98.798,0.0,0,0
dodge_and_return_006,dodge_and_return,8.06667,98.798,0.0,0,0
dodge_and_return_006,dodge_and_return,8.08333,98.798,0.0,0,0
dodge_and_return_006,dodge_and_return,8.1,98.798,0.0,0,0
dodge_and_return_006,dodge_and_return,8.11667,98.798,0.0,0,0
dodge_and_return_006,dodge_and_return,8.13333,98.798,0.0,0,0
dodge_and_return_006,dodge_and_return,8.15,98.798,0.0,0,0
dodge_and_return_006,dodge_and_return,8.16667,98.798,0.0,0,0
dodge_and_return_006,dodge_and_return,8.18333,98.798,0.0,0,0
dodge_and_return_006,dodge_and_return,8.2,98.798,0.0,0,0
dodge_and_return_006,dodge_and_return,8.21667,98.798,0.0,0,0
dodge_and_return_006,dodge_and_return,8.23333,98.798,0.0,0,0
dodge_and_return_006,dodge_and_return,8.25,98.798,0.0,0,0
dodge_and_return_006,dodge_and_return,8.26667,98.798,0.0,0,0
dodge_and_return_006,dodge_and_return,8.28333,98.798,0.0,0,0
dodge_and_return_006,dodge_and_return,8.3,98.798,0.0,0,0
dodge_and_return_006,dodge_and_return,8.31667,98.798,0.0,0,0
dodge_and_return_006,dodge_and_return,8.33333,98.798,0.0,0,0
dodge_and_return_006,dodge_and_return,8.35,98.798,0.0,0,0
dodge_and_return_006,dodge_and_return,8.36667,98.798,0.0,0,0
dodge_and_return_006,dodge_and_return,8.38333,98.798,0.0,0,0
dodge_and_return_006,dodge_and_return,8.4,98.798,0.0,0,0
dodge_and_return_006,dodge_and_return,8.41667,98.798,0.0,0,0
dodge_and_return_006,dodge_and_return,8.43333,98.798,0.0,0,0
dodge_and_return_006,dodge_and_return,8.45,98.798,0.0,0,0
dodge_and_return_006,dodge_and_return,8.46667,98.798,0.0,0,0
dodge_and_return_006,dodge_and_return,8.48333,98.798,0.0,0,1
dodge_and_return_006,dodge_and_return,8.5,100.298,90.0,0,1
dodge_and_return_006,dodge_and_return,8.51667,101.798,90.0,0,1
dodge_and_return_006,dodge_and_return,8.53333,103.298,90.0,0,1
dodge_and_return_006,dodge_and_return,8.55,104.798,90.0,0,1
dodge_and_return_006,dodge_and_return,8.56667,106.298,90.0,0,1
dodge_and_return_006,dodge_and_return,8.58333,107.798,90.0,0,1
dodge_and_return_006,dodge_and_return,8.6,109.298,90.0,0,1
dodge_and_return_006,dodge_and_return,8.61667,110.798,90.0,0,1
dodge_and_return_006,dodge_and_return,8.63333,112.298,90.0,0,1
dodge_and_return_006,dodge_and_return,8.65,113.798,90.0,0,1
dodge_and_return_006,dodge_and_return,8.66667,115.298,90.0,0,1
dodge_and_return_006,dodge_and_return,8.68333,116.798,90.0,0,1
dodge_and_return_006,dodge_and_return,8.7,118.298,90.0,0,1
dodge_and_return_006,dodge_and_return,8.71667,119.798,90.0,0,1
dodge_and_return_006,dodge_and_return,8.73333,121.298,90.0,0,1
dodge_and_return_006,dodge_and_return,8.75,122.798,90.0,0,1
dodge_and_return_006,dodge_and_return,8.76667,124.298,90.0,0,1
dodge_and_return_006,dodge_and_return,8.78333,125.798,90.0,0,1
dodge_and_return_006,dodge_and_return,8.8,127.298,90.0,0,1
dodge_and_return_006,dodge_and_return,8.81667,128.798,90.0,0,1
dodge_and_return_006,dodge_and_return,8.83333,130.298,90.0,0,1
dodge_and_return_006,dodge_and_return,8.85,131.798,90.0,0,1
dodge_and_return_006,dodge_and_return,8.86667,133.298,90.0,0,1
dodge_and_return_006,dodge_and_return,8.88333,134.798,90.0,0,1
dodge_and_return_006,dodge_and_return,8.9,136.298,90.0,0,1
dodge_and_return_006,dodge_and_return,8.91667,137.798,90.0,0,1
dodge_and_return_006,dodge_and_return,8.93333,139.298,90.0,0,1
dodge_and_return_006,dodge_and_return,8.95,140.798,90.0,0,1
dodge_and_return_006,dodge_and_return,8.96667,142.298,90.0,0,1
dodge_and_return_006,dodge_and_return,8.98333,143.798,90.0,0,1
dodge_and_return_006,dodge_and_return,9.0,145.298,90.0,0,1
dodge_and_return_006,dodge_and_return,9.01667,146.798,90.0,0,1
dodge_and_return_006,dodge_and_return,9.03333,148.298,90.0,0,1
dodge_and_return_006,dodge_and_return,9.05,149.798,90.0,0,1
dodge_and_return_006,dodge_and_return,9.06667,151.298,90.0,0,1
dodge_and_return_006,dodge_and_return,9.08333,152.798,90.0,0,1
dodge_and_return_006,dodge_and_return,9.1,154.298,90.0,0,1
dodge_and_return_006,dodge_and_return,9.11667,155.798,90.0,0,1
dodge_and_return_006,dodge_and_return,9.13333,157.298,90.0,0,1
dodge_and_return_006,dodge_and_return,9.15,158.798,90.0,0,1
dodge_and_return_006,dodge_and_return,9.16667,160.298,90.0,0,1
dodge_and_return_006,dodge_and_return,9.18333,161.798,90.0,0,1
dodge_and_return_006,dodge_and_return,9.2,163.298,90.0,0,1
dodge_and_return_006,dodge_and_return,9.21667,164.798,90.0,0,1
dodge_and_return_006,dodge_and_return,9.23333,166.298,90.0,0,1
dodge_and_return_006,dodge_and_return,9.25,167.798,90.0,0,1
dodge_and_return_006,dodge_and_return,9.26667,169.298,90.0,0,1
dodge_and_return_006,dodge_and_return,9.28333,170.798,90.0,0,1
dodge_and_return_006,dodge_and_return,9.3,172.298,90.0,0,1
dodge_and_return_006,dodge_and_return,9.31667,173.798,90.0,0,1
dodge_and_return_006,dodge_and_return,9.33333,175.298,90.0,0,1
dodge_and_return_006,dodge_and_return,9.35,176.798,90.0,0,1
dodge_and_return_006,dodge_and_return,9.36667,178.298,90.0,0,1
dodge_and_return_006,dodge_and_return,9.38333,179.798,90.0,0,1
dodge_and_return_006,dodge_and_return,9.4,181.298,90.0,0,1
dodge_and_return_006,dodge_and_return,9.41667,182.798,90.0,1,0
dodge_and_return_006,dodge_and_return,9.43333,181.298,-90.0,1,0
dodge_and_return_006,dodge_and_return,9.45,179.798,-90.0,1,0
dodge_and_return_006,dodge_and_return,9.46667,178.298,-90.0,1,0
dodge_and_return_006,dodge_and_return,9.48333,176.798,-90.0,1,0
dodge_and_return_006,dodge_and_return,9.5,175.298,-90.0,1,0
dodge_and_return_006,dodge_and_return,9.51667,173.798,-90.0,1,0
dodge_and_return_006,dodge_and_return,9.53333,172.298,-90.0,1,0
dodge_and_return_006,dodge_and_return,9.55,170.798,-90.0,1,0
dodge_and_return_006,dodge_and_return,9.56667,169.298,-90.0,1,0
dodge_and_return_006,dodge_and_return,9.58333,167.798,-90.0,1,0
dodge_and_return_006,dodge_and_return,9.6,166.298,-90.0,1,0
dodge_and_return_006,dodge_and_return,9.61667,164.798,-90.0,1,0
dodge_and_return_006,dodge_and_return,9.63333,163.298,-90.0,1,0
dodge_and_return_006,dodge_and_return,9.65,161.798,-90.0,1,0
dodge_and_return_006,dodge_and_return,9.66667,160.298,-90.0,1,0
dodge_and_return_006,dodge_and_return,9.68333,158.798,-90.0,1,0
dodge_and_return_006,dodge_and_return,9.7,157.298,-90.0,1,0
dodge_and_return_006,dodge_and_return,9.71667,155.798,-90.0,1,0
dodge_and_return_006,dodge_and_return,9.73333,154.298,-90.0,1,0
dodge_and_return_006,dodge_and_return,9.75,152.798,-90.0,1,0
dodge_and_return_006,dodge_and_return,9.76667,151.298,-90.0,1,0
dodge_and_return_006,dodge_and_return,9.78333,149.798,-90.0,1,0
dodge_and_return_006,dodge_and_return,9.8,148.298,-90.0,1,0
dodge_and_return_006,dodge_and_return,9.81667,146.798,-90.0,1,0
dodge_and_return_006,dodge_and_return,9.83333,145.298,-90.0,1,0
dodge_and_return_006,dodge_and_return,9.85,143.798,-90.0,1,0
dodge_and_return_006,dodge_and_return,9.86667,142.298,-90.0,1,0
dodge_and_return_006,dodge_and_return,9.88333,140.798,-90.0,1,0
dodge_and_return_006,dodge_and_return,9.9,139.298,-90.0,1,0
dodge_and_return_006,dodge_and_return,9.91667,137.798,-90.0,1,0
dodge_and_return_006,dodge_and_return,9.93333,136.298,-90.0,1,0
dodge_and_return_006,dodge_and_return,9.95,134.798,-90.0,1,0
dodge_and_return_006,dodge_and_return,9.96667,133.298,-90.0,1,0
dodge_and_return_006,dodge_and_return,9.98333,131.798,-90.0,1,0
dodge_and_return_006,dodge_and_return,10.0,130.298,-90.0,1,0
dodge_and_return_006,dodge_and_return,10.01667,128.798,-90.0,1,0
dodge_and_return_006,dodge_and_return,10.03333,127.298,-90.0,1,0
dodge_and_return_006,dodge_and_return,10.05,125.798,-90.0,1,0
dodge_and_return_006,dodge_and_return,10.06667,124.298,-90.0,1,0
dodge_and_return_006,dodge_and_return,10.08333,122.798,-90.0,1,0
dodge_and_return_006,dodge_and_return,10.1,121.298,-90.0,1,0
dodge_and_return_006,dodge_and_return,10.11667,119.798,-90.0,1,0
dodge_and_return_006,dodge_and_return,10.13333,118.298,-90.0,1,0
dodge_and_return_006,dodge_and_return,10.15,116.798,-90.0,1,0
dodge_and_return_006,dodge_and_return,10.16667,115.298,-90.0,1,0
dodge_and_return_006,dodge_and_return,10.18333,113.798,-90.0,1,0
dodge_and_return_006,dodge_and_return,10.2,112.298,-90.0,1,0
dodge_and_return_006,dodge_and_return,10.21667,110.798,-90.0,1,0
dodge_and_return_006,dodge_and_return,10.23333,109.298,-90.0,1,0
dodge_and_return_006,dodge_and_return,10.25,107.798,-90.0,1,0
dodge_and_return_006,dodge_and_return,10.26667,106.298,-90.0,1,0
dodge_and_return_006,dodge_and_return,10.28333,104.798,-90.0,0,0
dodge_and_return_006,dodge_and_return,10.3,104.798,0.0,0,0
dodge_and_return_006,dodge_and_return,10.31667,104.798,0.0,0,0
dodge_and_return_006,dodge_and_return,10.33333,104.798,0.0,0,0
dodge_and_return_006,dodge_and_return,10.35,104.798,0.0,0,0
dodge_and_return_006,dodge_and_return,10.36667,104.798,0.0,0,0
dodge_and_return_006,dodge_and_return,10.38333,104.798,0.0,0,0
dodge_and_return_006,dodge_and_return,10.4,104.798,0.0,0,0
dodge_and_return_006,dodge_and_return,10.41667,104.798,0.0,0,0
dodge_and_return_006,dodge_and_return,10.43333,104.798,0.0,0,0
dodge_and_return_006,dodge_and_return,10.45,104.798,0.0,0,0
dodge_and_return_006,dodge_and_return,10.46667,104.798,0.0,0,0
dodge_and_return_006,dodge_and_return,10.48333,104.798,0.0,0,0
dodge_and_return_006,dodge_and_return,10.5,104.798,0.0,0,0
dodge_and_return_006,dodge_and_return,10.51667,104.798,0.0,0,0
dodge_and_return_006,dodge_and_return,10.53333,104.798,0.0,0,0
dodge_and_return_006,dodge_and_return,10.55,104.798,0.0,0,0
dodge_and_return_006,dodge_and_return,10.56667,104.798,0.0,0,0
dodge_and_return_006,dodge_and_return,10.58333,104.798,0.0,0,0
dodge_and_return_006,dodge_and_return,10.6,104.798,0.0,0,0
dodge_and_return_006,dodge_and_return,10.61667,104.798,0.0,0,0
dodge_and_return_006,dodge_and_return,10.63333,104.798,0.0,0,0
dodge_and_return_006,dodge_and_return,10.65,104.798,0.0,0,0
dodge_and_return_006,dodge_and_return,10.66667,104.798,0.0,0,0
dodge_and_return_006,dodge_and_return,10.68333,104.798,0.0,0,0
dodge_and_return_006,dodge_and_return,10.7,104.798,0.0,0,0
dodge_and_return_006,dodge_and_return,10.71667,104.798,0.0,0,0
dodge_and_return_006,dodge_and_return,10.73333,104.798,0.0,0,0
dodge_and_return_006,dodge_and_return,10.75,104.798,0.0,0,0
dodge_and_return_006,dodge_and_return,10.76667,104.798,0.0,0,0
dodge_and_return_006,dodge_and_return,10.78333,104.798,0.0,0,0
dodge_and_return_006,dodge_and_return,10.8,104.798,0.0,0,0
dodge_and_return_006,dodge_and_return,10.81667,104.798,0.0,0,0
dodge_and_return_006,dodge_and_return,10.83333,104.798,0.0,0,0
dodge_and_return_006,dodge_and_return,10.85,104.798,0.0,0,0
dodge_and_return_006,dodge_and_return,10.86667,104.798,0.0,0,0
dodge_and_return_006,dodge_and_return,10.88333,104.798,0.0,0,0
dodge_and_return_006,dodge_and_return,10.9,104.798,0.0,0,0
dodge_and_return_006,dodge_and_return,10.91667,104.798,0.0,0,0
dodge_and_return_006,dodge_and_return,10.93333,104.798,0.0,0,0
dodge_and_return_006,dodge_and_return,10.95,104.798,0.0,0,0
dodge_and_return_006,dodge_and_return,10.96667,104.798,0.0,0,0
dodge_and_return_006,dodge_and_return,10.98333,104.798,0.0,0,0
dodge_and_return_006,dodge_and_return,11.0,104.798,0.0,0,0
dodge_and_return_006,dodge_and_return,11.01667,104.798,0.0,0,0
dodge_and_return_006,dodge_and_return,11.03333,104.798,0.0,0,0
dodge_and_return_006,dodge_and_return,11.05,104.798,0.0,0,0
dodge_and_return_006,dodge_and_return,11.06667,104.798,0.0,0,0
dodge_and_return_006,dodge_and_return,11.08333,104.798,0.0,0,0
dodge_and_return_006,dodge_and_return,11.1,104.798,0.0,0,0
dodge_and_return_006,dodge_and_return,11.11667,104.798,0.0,0,0
dodge_and_return_006,dodge_and_return,11.13333,104.798,0.0,0,0
dodge_and_return_006,dodge_and_return,11.15,104.798,0.0,0,0
dodge_and_return_006,dodge_and_return,11.16667,104.798,0.0,0,0
dodge_and_return_006,dodge_and_return,11.18333,104.798,0.0,0,0
dodge_and_return_006,dodge_and_return,11.2,104.798,0.0,0,0
dodge_and_return_006,dodge_and_return,11.21667,104.798,0.0,0,0
dodge_and_return_006,dodge_and_return,11.23333,104.798,0.0,0,0
dodge_and_return_006,dodge_and_return,11.25,104.798,0.0,0,0
dodge_and_return_006,dodge_and_return,11.26667,104.798,0.0,0,0
dodge_and_return_006,dodge_and_return,11.28333,104.798,0.0,0,0
dodge_and_return_006,dodge_and_return,11.3,104.798,0.0,0,0
dodge_and_return_006,dodge_and_return,11.31667,104.798,0.0,0,0
dodge_and_return_006,dodge_and_return,11.33333,104.798,0.0,0,0
dodge_and_return_006,dodge_and_return,11.35,104.798,0.0,0,0
dodge_and_return_006,dodge_and_return,11.36667,104.798,0.0,0,0
dodge_and_return_006,dodge_and_return,11.38333,104.798,0.0,0,0
dodge_and_return_006,dodge_and_return,11.4,104.798,0.0,0,0
dodge_and_return_006,dodge_and_return,11.41667,104.798,0.0,0,0
dodge_and_return_006,dodge_and_return,11.43333,104.798,0.0,0,0
dodge_and_return_006,dodge_and_return,11.45,104.798,0.0,0,0
dodge_and_return_006,dodge_and_return,11.46667,104.798,0.0,0,0
dodge_and_return_006,dodge_and_return,11.48333,104.798,0.0,0,0
dodge_and_return_006,dodge_and_return,11.5,104.798,0.0,0,0
dodge_and_return_006,dodge_and_return,11.51667,104.798,0.0,0,0
dodge_and_return_006,dodge_and_return,11.53333,104.798,0.0,0,0
dodge_and_return_006,dodge_and_return,11.55,104.798,0.0,0,0
dodge_and_return_006,dodge_and_return,11.56667,104.798,0.0,0,0
dodge_and_return_006,dodge_and_return,11.58333,104.798,0.0,0,0
dodge_and_return_006,dodge_and_return,11.6,104.798,0.0,0,0
dodge_and_return_006,dodge_and_return,11.61667,104.798,0.0,0,0
dodge_and_return_006,dodge_and_return,11.63333,104.798,0.0,0,0
dodge_and_return_006,dodge_and_return,11.65,104.798,0.0,0,0
dodge_and_return_006,dodge_and_return,11.66667,104.798,0.0,0,0
dodge_and_return_006,dodge_and_return,11.68333,104.798,0.0,0,0
dodge_and_return_006,dodge_and_return,11.7,104.798,0.0,0,0
dodge_and_return_006,dodge_and_return,11.71667,104.798,0.0,0,0
dodge_and_return_006,dodge_and_return,11.73333,104.798,0.0,0,0
dodge_and_return_006,dodge_and_return,11.75,104.798,0.0,0,0
dodge_and_return_006,dodge_and_return,11.76667,104.798,0.0,0,0
dodge_and_return_006,dodge_and_return,11.78333,104.798,0.0,0,0
dodge_and_return_006,dodge_and_return,11.8,104.798,0.0,0,0
dodge_and_return_006,dodge_and_return,11.81667,104.798,0.0,0,0
dodge_and_return_006,dodge_and_return,11.83333,104.798,0.0,0,0
dodge_and_return_006,dodge_and_return,11.85,104.798,0.0,0,0
dodge_and_return_006,dodge_and_return,11.86667,104.798,0.0,0,0
dodge_and_return_006,dodge_and_return,11.88333,104.798,0.0,0,0
dodge_and_return_006,dodge_and_return,11.9,104.798,0.0,0,0
dodge_and_return_006,dodge_and_return,11.91667,104.798,0.0,0,0
dodge_and_return_006,dodge_and_return,11.93333,104.798,0.0,0,0
dodge_and_return_006,dodge_and_return,11.95,104.798,0.0,0,0
dodge_and_return_006,dodge_and_return,11.96667,104.798,0.0,0,0
dodge_and_return_006,dodge_and_return,11.98333,104.798,0.0,0,0
dodge_and_return_006,dodge_and_return,12.0,104.798,0.0,0,0
dodge_and_return_006,dodge_and_return,12.01667,104.798,0.0,0,0
dodge_and_return_006,dodge_and_return,12.03333,104.798,0.0,0,0
dodge_and_return_006,dodge_and_return,12.05,104.798,0.0,0,0
dodge_and_return_006,dodge_and_return,12.06667,104.798,0.0,0,0
dodge_and_return_006,dodge_and_return,12.08333,104.798,0.0,0,0
dodge_and_return_006,dodge_and_return,12.1,104.798,0.0,0,0
dodge_and_return_006,dodge_and_return,12.11667,104.798,0.0,0,0
dodge_and_return_006,dodge_and_return,12.13333,104.798,0.0,0,0
dodge_and_return_006,dodge_and_return,12.15,104.798,0.0,0,0
dodge_and_return_006,dodge_and_return,12.16667,104.798,0.0,0,0
dodge_and_return_006,dodge_and_return,12.18333,104.798,0.0,0,0
dodge_and_return_006,dodge_and_return,12.2,104.798,0.0,1,0
dodge_and_return_006,dodge_and_return,12.21667,103.298,-90.0,1,0
dodge_and_return_006,dodge_and_return,12.23333,101.798,-90.0,1,0
dodge_and_return_006,dodge_and_return,12.25,100.298,-90.0,1,0
dodge_and_return_006,dodge_and_return,12.26667,98.798,-90.0,1,0
dodge_and_return_006,dodge_and_return,12.28333,97.298,-90.0,1,0
dodge_and_return_006,dodge_and_return,12.3,95.798,-90.0,1,0
dodge_and_return_006,dodge_and_return,12.31667,94.298,-90.0,1,0
dodge_and_return_006,dodge_and_return,12.33333,92.798,-90.0,1,0
dodge_and_return_006,dodge_and_return,12.35,91.298,-90.0,1,0
dodge_and_return_006,dodge_and_return,12.36667,89.798,-90.0,1,0
dodge_and_return_006,dodge_and_return,12.38333,88.298,-90.0,1,0
dodge_and_return_006,dodge_and_return,12.4,86.798,-90.0,1,0
dodge_and_return_006,dodge_and_return,12.41667,85.298,-90.0,1,0
dodge_and_return_006,dodge_and_return,12.43333,83.798,-90.0,1,0
dodge_and_return_006,dodge_and_return,12.45,82.298,-90.0,1,0
dodge_and_return_006,dodge_and_return,12.46667,80.798,-90.0,1,0
dodge_and_return_006,dodge_and_return,12.48333,79.298,-90.0,1,0
dodge_and_return_006,dodge_and_return,12.5,77.798,-90.0,1,0
dodge_and_return_006,dodge_and_return,12.51667,76.298,-90.0,1,0
dodge_and_return_006,dodge_and_return,12.53333,74.798,-90.0,1,0
dodge_and_return_006,dodge_and_return,12.55,73.298,-90.0,1,0
dodge_and_return_006,dodge_and_return,12.56667,71.798,-90.0,1,0
dodge_and_return_006,dodge_and_return,12.58333,70.298,-90.0,1,0
dodge_and_return_006,dodge_and_return,12.6,68.798,-90.0,1,0
dodge_and_return_006,dodge_and_return,12.61667,67.298,-90.0,1,0
dodge_and_return_006,dodge_and_return,12.63333,65.798,-90.0,1,0
dodge_and_return_006,dodge_and_return,12.65,64.298,-90.0,1,0
dodge_and_return_006,dodge_and_return,12.66667,62.798,-90.0,1,0
dodge_and_return_006,dodge_and_return,12.68333,61.298,-90.0,1,0
dodge_and_return_006,dodge_and_return,12.7,59.798,-90.0,1,0
dodge_and_return_006,dodge_and_return,12.71667,58.298,-90.0,1,0
dodge_and_return_006,dodge_and_return,12.73333,56.798,-90.0,1,0
dodge_and_return_006,dodge_and_return,12.75,55.298,-90.0,1,0
dodge_and_return_006,dodge_and_return,12.76667,53.798,-90.0,1,0
dodge_and_return_006,dodge_and_return,12.78333,52.298,-90.0,1,0
dodge_and_return_006,dodge_and_return,12.8,50.798,-90.0,1,0
dodge_and_return_006,dodge_and_return,12.81667,49.298,-90.0,1,0
dodge_and_return_006,dodge_and_return,12.83333,47.798,-90.0,1,0
dodge_and_return_006,dodge_and_return,12.85,46.298,-90.0,1,0
dodge_and_return_006,dodge_and_return,12.86667,44.798,-90.0,1,0
dodge_and_return_006,dodge_and_return,12.88333,43.298,-90.0,1,0
dodge_and_return_006,dodge_and_return,12.9,41.798,-90.0,1,0
dodge_and_return_006,dodge_and_return,12.91667,40.298,-90.0,1,0
dodge_and_return_006,dodge_and_return,12.93333,38.798,-90.0,1,0
dodge_and_return_006,dodge_and_return,12.95,37.298,-90.0,1,0
dodge_and_return_006,dodge_and_return,12.96667,35.798,-90.0,1,0
dodge_and_return_006,dodge_and_return,12.98333,34.298,-90.0,1,0
dodge_and_return_006,dodge_and_return,13.0,32.798,-90.0,1,0
dodge_and_return_006,dodge_and_return,13.01667,31.298,-90.0,1,0
dodge_and_return_006,dodge_and_return,13.03333,29.798,-90.0,1,0
dodge_and_return_006,dodge_and_return,13.05,28.298,-90.0,1,0
dodge_and_return_006,dodge_and_return,13.06667,26.798,-90.0,1,0
dodge_and_return_006,dodge_and_return,13.08333,25.298,-90.0,1,0
dodge_and_return_006,dodge_and_return,13.1,23.798,-90.0,0,1
dodge_and_return_006,dodge_and_return,13.11667,25.298,90.0,0,1
dodge_and_return_006,dodge_and_return,13.13333,26.798,90.0,0,1
dodge_and_return_006,dodge_and_return,13.15,28.298,90.0,0,1
dodge_and_return_006,dodge_and_return,13.16667,29.798,90.0,0,1
dodge_and_return_006,dodge_and_return,13.18333,31.298,90.0,0,1
dodge_and_return_006,dodge_and_return,13.2,32.798,90.0,0,1
dodge_and_return_006,dodge_and_return,13.21667,34.298,90.0,0,1
dodge_and_return_006,dodge_and_return,13.23333,35.798,90.0,0,1
dodge_and_return_006,dodge_and_return,13.25,37.298,90.0,0,1
dodge_and_return_006,dodge_and_return,13.26667,38.798,90.0,0,1
dodge_and_return_006,dodge_and_return,13.28333,40.298,90.0,0,1
dodge_and_return_006,dodge_and_return,13.3,41.798,90.0,0,1
dodge_and_return_006,dodge_and_return,13.31667,43.298,90.0,0,1
dodge_and_return_006,dodge_and_return,13.33333,44.798,90.0,0,1
dodge_and_return_006,dodge_and_return,13.35,46.298,90.0,0,1
dodge_and_return_006,dodge_and_return,13.36667,47.798,90.0,0,1
dodge_and_return_006,dodge_and_return,13.38333,49.298,90.0,0,1
dodge_and_return_006,dodge_and_return,13.4,50.798,90.0,0,1
dodge_and_return_006,dodge_and_return,13.41667,52.298,90.0,0,1
dodge_and_return_006,dodge_and_return,13.43333,53.798,90.0,0,1
dodge_and_return_006,dodge_and_return,13.45,55.298,90.0,0,1
dodge_and_return_006,dodge_and_return,13.46667,56.798,90.0,0,1
dodge_and_return_006,dodge_and_return,13.48333,58.298,90.0,0,1
dodge_and_return_006,dodge_and_return,13.5,59.798,90.0,0,1
dodge_and_return_006,dodge_and_return,13.51667,61.298,90.0,0,1
dodge_and_return_006,dodge_and_return,13.53333,62.798,90.0,0,1
dodge_and_return_006,dodge_and_return,13.55,64.298,90.0,0,1
dodge_and_return_006,dodge_and_return,13.56667,65.798,90.0,0,1
dodge_and_return_006,dodge_and_return,13.58333,67.298,90.0,0,1
dodge_and_return_006,dodge_and_return,13.6,68.798,90.0,0,1
dodge_and_return_006,dodge_and_return,13.61667,70.298,90.0,0,1
dodge_and_return_006,dodge_and_return,13.63333,71.798,90.0,0,1
dodge_and_return_006,dodge_and_return,13.65,73.298,90.0,0,1
dodge_and_return_006,dodge_and_return,13.66667,74.798,90.0,0,1
dodge_and_return_006,dodge_and_return,13.68333,76.298,90.0,0,1
dodge_and_return_006,dodge_and_return,13.7,77.798,90.0,0,1
dodge_and_return_006,dodge_and_return,13.71667,79.298,90.0,0,1
dodge_and_return_006,dodge_and_return,13.73333,80.798,90.0,0,1
dodge_and_return_006,dodge_and_return,13.75,82.298,90.0,0,1
dodge_and_return_006,dodge_and_return,13.76667,83.798,90.0,0,1
dodge_and_return_006,dodge_and_return,13.78333,85.298,90.0,0,1
dodge_and_return_006,dodge_and_return,13.8,86.798,90.0,0,1
dodge_and_return_006,dodge_and_return,13.81667,88.298,90.0,0,1
dodge_and_return_006,dodge_and_return,13.83333,89.798,90.0,0,1
dodge_and_return_006,dodge_and_return,13.85,91.298,90.0,0,1
dodge_and_return_006,dodge_and_return,13.86667,92.798,90.0,0,1
dodge_and_return_006,dodge_and_return,13.88333,94.298,90.0,0,1
dodge_and_return_006,dodge_and_return,13.9,95.798,90.0,0,1
dodge_and_return_006,dodge_and_return,13.91667,97.298,90.0,0,1
dodge_and_return_006,dodge_and_return,13.93333,98.798,90.0,0,0
dodge_and_return_006,dodge_and_return,13.95,98.798,0.0,0,0
dodge_and_return_006,dodge_and_return,13.96667,98.798,0.0,0,0
dodge_and_return_006,dodge_and_return,13.98333,98.798,0.0,0,0
dodge_and_return_006,dodge_and_return,14.0,98.798,0.0,0,0
dodge_and_return_006,dodge_and_return,14.01667,98.798,0.0,0,0
dodge_and_return_006,dodge_and_return,14.03333,98.798,0.0,0,0
dodge_and_return_006,dodge_and_return,14.05,98.798,0.0,0,0
dodge_and_return_006,dodge_and_return,14.06667,98.798,0.0,0,0
dodge_and_return_006,dodge_and_return,14.08333,98.798,0.0,0,0
dodge_and_return_006,dodge_and_return,14.1,98.798,0.0,0,0
dodge_and_return_006,dodge_and_return,14.11667,98.798,0.0,0,0
dodge_and_return_006,dodge_and_return,14.13333,98.798,0.0,0,0
dodge_and_return_006,dodge_and_return,14.15,98.798,0.0,0,0
dodge_and_return_006,dodge_and_return,14.16667,98.798,0.0,0,0
dodge_and_return_006,dodge_and_return,14.18333,98.798,0.0,0,0
dodge_and_return_006,dodge_and_return,14.2,98.798,0.0,0,0
dodge_and_return_006,dodge_and_return,14.21667,98.798,0.0,0,0
dodge_and_return_006,dodge_and_return,14.23333,98.798,0.0,0,0
dodge_and_return_006,dodge_and_return,14.25,98.798,0.0,0,0
dodge_and_return_006,dodge_and_return,14.26667,98.798,0.0,0,0
dodge_and_return_006,dodge_and_return,14.28333,98.798,0.0,0,0
dodge_and_return_006,dodge_and_return,14.3,98.798,0.0,0,0
dodge_and_return_006,dodge_and_return,14.31667,98.798,0.0,0,0
dodge_and_return_006,dodge_and_return,14.33333,98.798,0.0,0,0
dodge_and_return_006,dodge_and_return,14.35,98.798,0.0,0,0
dodge_and_return_006,dodge_and_return,14.36667,98.798,0.0,0,0
dodge_and_return_006,dodge_and_return,14.38333,98.798,0.0,0,0
dodge_and_return_006,dodge_and_return,14.4,98.798,0.0,0,0
dodge_and_return_006,dodge_and_return,14.41667,98.798,0.0,0,0
dodge_and_return_006,dodge_and_return,14.43333,98.798,0.0,0,0
dodge_and_return_006,dodge_and_return,14.45,98.798,0.0,0,0
dodge_and_return_006,dodge_and_return,14.46667,98.798,0.0,0,0
dodge_and_return_006,dodge_and_return,14.48333,98.798,0.0,0,0
dodge_and_return_006,dodge_and_return,14.5,98.798,0.0,0,0
dodge_and_return_006,dodge_and_return,14.51667,98.798,0.0,0,0
dodge_and_return_006,dodge_and_return,14.53333,98.798,0.0,0,0
dodge_and_return_006,dodge_and_return,14.55,98.798,0.0,0,0
dodge_and_return_006,dodge_and_return,14.56667,98.798,0.0,0,0
dodge_and_return_006,dodge_and_return,14.58333,98.798,0.0,0,0
dodge_and_return_006,dodge_and_return,14.6,98.798,0.0,0,0
dodge_and_return_006,dodge_and_return,14.61667,98.798,0.0,0,0
dodge_and_return_006,dodge_and_return,14.63333,98.798,0.0,0,0
dodge_and_return_006,dodge_and_return,14.65,98.798,0.0,0,0
dodge_and_return_006,dodge_and_return,14.66667,98.798,0.0,0,0
dodge_and_return_006,dodge_and_return,14.68333,98.798,0.0,0,0
dodge_and_return_006,dodge_and_return,14.7,98.798,0.0,0,0
dodge_and_return_006,dodge_and_return,14.71667,98.798,0.0,0,0
dodge_and_return_006,dodge_and_return,14.73333,98.798,0.0,0,0
dodge_and_return_006,dodge_and_return,14.75,98.798,0.0,0,0
dodge_and_return_006,dodge_and_return,14.76667,98.798,0.0,0,0
dodge_and_return_006,dodge_and_return,14.78333,98.798,0.0,0,0
dodge_and_return_006,dodge_and_return,14.8,98.798,0.0,0,0
dodge_and_return_006,dodge_and_return,14.81667,98.798,0.0,0,0
dodge_and_return_006,dodge_and_return,14.83333,98.798,0.0,0,0
dodge_and_return_006,dodge_and_return,14.85,98.798,0.0,0,0
dodge_and_return_006,dodge_and_return,14.86667,98.798,0.0,0,0
dodge_and_return_006,dodge_and_return,14.88333,98.798,0.0,0,0
dodge_and_return_006,dodge_and_return,14.9,98.798,0.0,0,0
dodge_and_return_006,dodge_and_return,14.91667,98.798,0.0,0,0
dodge_and_return_006,dodge_and_return,14.93333,98.798,0.0,0,0
dodge_and_return_006,dodge_and_return,14.95,98.798,0.0,0,0
dodge_and_return_006,dodge_and_return,14.96667,98.798,0.0,0,0
dodge_and_return_006,dodge_and_return,14.98333,98.798,0.0,0,0
dodge_and_return_006,dodge_and_return,15.0,98.798,0.0,0,0
dodge_and_return_006,dodge_and_return,15.01667,98.798,0.0,0,0
dodge_and_return_006,dodge_and_return,15.03333,98.798,0.0,0,0
dodge_and_return_006,dodge_and_return,15.05,98.798,0.0,0,0
dodge_and_return_006,dodge_and_return,15.06667,98.798,0.0,0,0
dodge_and_return_006,dodge_and_return,15.08333,98.798,0.0,0,0
dodge_and_return_006,dodge_and_return,15.1,98.798,0.0,0,0
dodge_and_return_006,dodge_and_return,15.11667,98.798,0.0,0,0
dodge_and_return_006,dodge_and_return,15.13333,98.798,0.0,0,0
dodge_and_return_006,dodge_and_return,15.15,98.798,0.0,0,0
dodge_and_return_006,dodge_and_return,15.16667,98.798,0.0,0,0
dodge_and_return_006,dodge_and_return,15.18333,98.798,0.0,0,0
dodge_and_return_006,dodge_and_return,15.2,98.798,0.0,0,0
dodge_and_return_006,dodge_and_return,15.21667,98.798,0.0,0,0
dodge_and_return_006,dodge_and_return,15.23333,98.798,0.0,0,0
dodge_and_return_006,dodge_and_return,15.25,98.798,0.0,0,0
dodge_and_return_006,dodge_and_return,15.26667,98.798,0.0,0,0
dodge_and_return_006,dodge_and_return,15.28333,98.798,0.0,0,0
dodge_and_return_006,dodge_and_return,15.3,98.798,0.0,0,0
dodge_and_return_006,dodge_and_return,15.31667,98.798,0.0,0,0
dodge_and_return_006,dodge_and_return,15.33333,98.798,0.0,0,0
dodge_and_return_006,dodge_and_return,15.35,98.798,0.0,0,0
dodge_and_return_006,dodge_and_return,15.36667,98.798,0.0,0,0
dodge_and_return_006,dodge_and_return,15.38333,98.798,0.0,0,0
dodge_and_return_006,dodge_and_return,15.4,98.798,0.0,0,0
dodge_and_return_006,dodge_and_return,15.41667,98.798,0.0,0,0
dodge_and_return_006,dodge_and_return,15.43333,98.798,0.0,0,0
dodge_and_return_006,dodge_and_return,15.45,98.798,0.0,0,0
dodge_and_return_006,dodge_and_return,15.46667,98.798,0.0,0,0
dodge_and_return_006,dodge_and_return,15.48333,98.798,0.0,0,0
dodge_and_return_006,dodge_and_return,15.5,98.798,0.0,0,0
dodge_and_return_006,dodge_and_return,15.51667,98.798,0.0,0,0
dodge_and_return_006,dodge_and_return,15.53333,98.798,0.0,0,0
dodge_and_return_006,dodge_and_return,15.55,98.798,0.0,0,0
dodge_and_return_006,dodge_and_return,15.56667,98.798,0.0,0,0
dodge_and_return_006,dodge_and_return,15.58333,98.798,0.0,0,0
dodge_and_return_006,dodge_and_return,15.6,98.798,0.0,0,0
dodge_and_return_006,dodge_and_return,15.61667,98.798,0.0,0,0
dodge_and_return_006,dodge_and_return,15.63333,98.798,0.0,0,0
dodge_and_return_006,dodge_and_return,15.65,98.798,0.0,0,0
dodge_and_return_006,dodge_and_return,15.66667,98.798,0.0,0,0
dodge_and_return_006,dodge_and_return,15.68333,98.798,0.0,0,0
dodge_and_return_006,dodge_and_return,15.7,98.798,0.0,0,0
dodge_and_return_006,dodge_and_return,15.71667,98.798,0.0,0,0
dodge_and_return_006,dodge_and_return,15.73333,98.798,0.0,0,0
dodge_and_return_006,dodge_and_return,15.75,98.798,0.0,0,0
dodge_and_return_006,dodge_and_return,15.76667,98.798,0.0,0,0
dodge_and_return_006,dodge_and_return,15.78333,98.798,0.0,0,0
dodge_and_return_006,dodge_and_return,15.8,98.798,0.0,0,0
dodge_and_return_006,dodge_and_return,15.81667,98.798,0.0,0,0
dodge_and_return_006,dodge_and_return,15.83333,98.798,0.0,0,0
dodge_and_return_006,dodge_and_return,15.85,98.798,0.0,0,0
dodge_and_return_006,dodge_and_return,15.86667,98.798,0.0,0,0
dodge_and_return_006,dodge_and_return,15.88333,98.798,0.0,0,0
dodge_and_return_006,dodge_and_return,15.9,98.798,0.0,0,0
dodge_and_return_006,dodge_and_return,15.91667,98.798,0.0,0,0
dodge_and_return_006,dodge_and_return,15.93333,98.798,0.0,0,0
dodge_and_return_006,dodge_and_return,15.95,98.798,0.0,0,0
dodge_and_return_006,dodge_and_return,15.96667,98.798,0.0,0,0
dodge_and_return_006,dodge_and_return,15.98333,98.798,0.0,0,0
dodge_and_return_006,dodge_and_return,16.0,98.798,0.0,0,0
dodge_and_return_006,dodge_and_return,16.01667,98.798,0.0,0,0
dodge_and_return_006,dodge_and_return,16.03333,98.798,0.0,0,0
dodge_and_return_006,dodge_and_return,16.05,98.798,0.0,0,0
dodge_and_return_006,dodge_and_return,16.06667,98.798,0.0,0,0
dodge_and_return_006,dodge_and_return,16.08333,98.798,0.0,0,0
dodge_and_return_006,dodge_and_return,16.1,98.798,0.0,0,0
dodge_and_return_006,dodge_and_return,16.11667,98.798,0.0,0,0
dodge_and_return_006,dodge_and_return,16.13333,98.798,0.0,1,0
dodge_and_return_006,dodge_and_return,16.15,97.298,-90.0,1,0
dodge_and_return_006,dodge_and_return,16.16667,95.798,-90.0,1,0
dodge_and_return_006,dodge_and_return,16.18333,94.298,-90.0,1,0
dodge_and_return_006,dodge_and_return,16.2,92.798,-90.0,1,0
dodge_and_return_006,dodge_and_return,16.21667,91.298,-90.0,1,0
dodge_and_return_006,dodge_and_return,16.23333,89.798,-90.0,1,0
dodge_and_return_006,dodge_and_return,16.25,88.298,-90.0,1,0
dodge_and_return_006,dodge_and_return,16.26667,86.798,-90.0,1,0
dodge_and_return_006,dodge_and_return,16.28333,85.298,-90.0,1,0
dodge_and_return_006,dodge_and_return,16.3,83.798,-90.0,1,0
dodge_and_return_006,dodge_and_return,16.31667,82.298,-90.0,1,0
dodge_and_return_006,dodge_and_return,16.33333,80.798,-90.0,1,0
dodge_and_return_006,dodge_and_return,16.35,79.298,-90.0,1,0
dodge_and_return_006,dodge_and_return,16.36667,77.798,-90.0,1,0
dodge_and_return_006,dodge_and_return,16.38333,76.298,-90.0,1,0
dodge_and_return_006,dodge_and_return,16.4,74.798,-90.0,1,0
dodge_and_return_006,dodge_and_return,16.41667,73.298,-90.0,1,0
dodge_and_return_006,dodge_and_return,16.43333,71.798,-90.0,1,0
dodge_and_return_006,dodge_and_return,16.45,70.298,-90.0,1,0
dodge_and_return_006,dodge_and_return,16.46667,68.798,-90.0,1,0
dodge_and_return_006,dodge_and_return,16.48333,67.298,-90.0,1,0
dodge_and_return_006,dodge_and_return,16.5,65.798,-90.0,1,0
dodge_and_return_006,dodge_and_return,16.51667,64.298,-90.0,1,0
dodge_and_return_006,dodge_and_return,16.53333,62.798,-90.0,1,0
dodge_and_return_006,dodge_and_return,16.55,61.298,-90.0,1,0
dodge_and_return_006,dodge_and_return,16.56667,59.798,-90.0,1,0
dodge_and_return_006,dodge_and_return,16.58333,58.298,-90.0,1,0
dodge_and_return_006,dodge_and_return,16.6,56.798,-90.0,1,0
dodge_and_return_006,dodge_and_return,16.61667,55.298,-90.0,1,0
dodge_and_return_006,dodge_and_return,16.63333,53.798,-90.0,1,0
dodge_and_return_006,dodge_and_return,16.65,52.298,-90.0,1,0
dodge_and_return_006,dodge_and_return,16.66667,50.798,-90.0,1,0
dodge_and_return_006,dodge_and_return,16.68333,49.298,-90.0,1,0
dodge_and_return_006,dodge_and_return,16.7,47.798,-90.0,0,1
dodge_and_return_006,dodge_and_return,16.71667,49.298,90.0,0,1
dodge_and_return_006,dodge_and_return,16.73333,50.798,90.0,0,1
dodge_and_return_006,dodge_and_return,16.75,52.298,90.0,0,1
dodge_and_return_006,dodge_and_return,16.76667,53.798,90.0,0,1
dodge_and_return_006,dodge_and_return,16.78333,55.298,90.0,0,1
dodge_and_return_006,dodge_and_return,16.8,56.798,90.0,0,1
dodge_and_return_006,dodge_and_return,16.81667,58.298,90.0,0,1
dodge_and_return_006,dodge_and_return,16.83333,59.798,90.0,0,1
dodge_and_return_006,dodge_and_return,16.85,61.298,90.0,0,1
dodge_and_return_006,dodge_and_return,16.86667,62.798,90.0,0,1
dodge_and_return_006,dodge_and_return,16.88333,64.298,90.0,0,1
dodge_and_return_006,dodge_and_return,16.9,65.798,90.0,0,1
dodge_and_return_006,dodge_and_return,16.91667,67.298,90.0,0,1
dodge_and_return_006,dodge_and_return,16.93333,68.798,90.0,0,1
dodge_and_return_006,dodge_and_return,16.95,70.298,90.0,0,1
dodge_and_return_006,dodge_and_return,16.96667,71.798,90.0,0,1
dodge_and_return_006,dodge_and_return,16.98333,73.298,90.0,0,1
dodge_and_return_006,dodge_and_return,17.0,74.798,90.0,0,1
dodge_and_return_006,dodge_and_return,17.01667,76.298,90.0,0,1
dodge_and_return_006,dodge_and_return,17.03333,77.798,90.0,0,1
dodge_and_return_006,dodge_and_return,17.05,79.298,90.0,0,1
dodge_and_return_006,dodge_and_return,17.06667,80.798,90.0,0,1
dodge_and_return_006,dodge_and_return,17.08333,82.298,90.0,0,1
dodge_and_return_006,dodge_and_return,17.1,83.798,90.0,0,1
dodge_and_return_006,dodge_and_return,17.11667,85.298,90.0,0,1
dodge_and_return_006,dodge_and_return,17.13333,86.798,90.0,0,1
dodge_and_return_006,dodge_and_return,17.15,88.298,90.0,0,1
dodge_and_return_006,dodge_and_return,17.16667,89.798,90.0,0,1
dodge_and_return_006,dodge_and_return,17.18333,91.298,90.0,0,1
dodge_and_return_006,dodge_and_return,17.2,92.798,90.0,0,1
dodge_and_return_006,dodge_and_return,17.21667,94.298,90.0,0,1
dodge_and_return_006,dodge_and_return,17.23333,95.798,90.0,0,1
dodge_and_return_006,dodge_and_return,17.25,97.298,90.0,0,1
dodge_and_return_006,dodge_and_return,17.26667,98.798,90.0,0,0
dodge_and_return_006,dodge_and_return,17.28333,98.798,0.0,0,0
dodge_and_return_006,dodge_and_return,17.3,98.798,0.0,0,0
dodge_and_return_006,dodge_and_return,17.31667,98.798,0.0,0,0
dodge_and_return_006,dodge_and_return,17.33333,98.798,0.0,0,0
dodge_and_return_006,dodge_and_return,17.35,98.798,0.0,0,0
dodge_and_return_006,dodge_and_return,17.36667,98.798,0.0,0,0
dodge_and_return_006,dodge_and_return,17.38333,98.798,0.0,0,0
dodge_and_return_006,dodge_and_return,17.4,98.798,0.0,0,0
dodge_and_return_006,dodge_and_return,17.41667,98.798,0.0,0,0
dodge_and_return_006,dodge_and_return,17.43333,98.798,0.0,0,0
dodge_and_return_006,dodge_and_return,17.45,98.798,0.0,0,0
dodge_and_return_006,dodge_and_return,17.46667,98.798,0.0,0,0
dodge_and_return_006,dodge_and_return,17.48333,98.798,0.0,0,0
dodge_and_return_006,dodge_and_return,17.5,98.798,0.0,0,0
dodge_and_return_006,dodge_and_return,17.51667,98.798,0.0,0,0
dodge_and_return_006,dodge_and_return,17.53333,98.798,0.0,0,0
dodge_and_return_006,dodge_and_return,17.55,98.798,0.0,0,0
dodge_and_return_006,dodge_and_return,17.56667,98.798,0.0,0,0
dodge_and_return_006,dodge_and_return,17.58333,98.798,0.0,0,0
dodge_and_return_006,dodge_and_return,17.6,98.798,0.0,0,0
dodge_and_return_006,dodge_and_return,17.61667,98.798,0.0,0,0
dodge_and_return_006,dodge_and_return,17.63333,98.798,0.0,0,0
dodge_and_return_006,dodge_and_return,17.65,98.798,0.0,0,0
dodge_and_return_006,dodge_and_return,17.66667,98.798,0.0,0,0
dodge_and_return_006,dodge_and_return,17.68333,98.798,0.0,0,0
dodge_and_return_006,dodge_and_return,17.7,98.798,0.0,0,0
dodge_and_return_006,dodge_and_return,17.71667,98.798,0.0,0,0
dodge_and_return_006,dodge_and_return,17.73333,98.798,0.0,0,0
dodge_and_return_006,dodge_and_return,17.75,98.798,0.0,0,0
dodge_and_return_006,dodge_and_return,17.76667,98.798,0.0,0,0
dodge_and_return_006,dodge_and_return,17.78333,98.798,0.0,0,0
dodge_and_return_006,dodge_and_return,17.8,98.798,0.0,0,0
dodge_and_return_006,dodge_and_return,17.81667,98.798,0.0,0,0
dodge_and_return_006,dodge_and_return,17.83333,98.798,0.0,0,0
dodge_and_return_006,dodge_and_return,17.85,98.798,0.0,0,0
dodge_and_return_006,dodge_and_return,17.86667,98.798,0.0,0,0
dodge_and_return_006,dodge_and_return,17.88333,98.798,0.0,0,0
dodge_and_return_006,dodge_and_return,17.9,98.798,0.0,0,0
dodge_and_return_006,dodge_and_return,17.91667,98.798,0.0,0,0
dodge_and_return_006,dodge_and_return,17.93333,98.798,0.0,0,0
dodge_and_return_006,dodge_and_return,17.95,98.798,0.0,0,0
dodge_and_return_006,dodge_and_return,17.96667,98.798,0.0,0,0
dodge_and_return_006,dodge_and_return,17.98333,98.798,0.0,0,0
dodge_and_return_006,dodge_and_return,18.0,98.798,0.0,0,0
dodge_and_return_006,dodge_and_return,18.01667,98.798,0.0,0,0
dodge_and_return_006,dodge_and_return,18.03333,98.798,0.0,0,0
dodge_and_return_006,dodge_and_return,18.05,98.798,0.0,0,0
dodge_and_return_006,dodge_and_return,18.06667,98.798,0.0,0,0
dodge_and_return_006,dodge_and_return,18.08333,98.798,0.0,0,0
dodge_and_return_006,dodge_and_return,18.1,98.798,0.0,0,0
dodge_and_return_006,dodge_and_return,18.11667,98.798,0.0,0,0
dodge_and_return_006,dodge_and_return,18.13333,98.798,0.0,0,0
dodge_and_return_006,dodge_and_return,18.15,98.798,0.0,0,0
dodge_and_return_006,dodge_and_return,18.16667,98.798,0.0,0,0
dodge_and_return_006,dodge_and_return,18.18333,98.798,0.0,0,0
dodge_and_return_006,dodge_and_return,18.2,98.798,0.0,0,0
dodge_and_return_006,dodge_and_return,18.21667,98.798,0.0,0,0
dodge_and_return_006,dodge_and_return,18.23333,98.798,0.0,0,0
dodge_and_return_006,dodge_and_return,18.25,98.798,0.0,0,0
dodge_and_return_006,dodge_and_return,18.26667,98.798,0.0,0,0
dodge_and_return_006,dodge_and_return,18.28333,98.798,0.0,0,0
dodge_and_return_006,dodge_and_return,18.3,98.798,0.0,0,0
dodge_and_return_006,dodge_and_return,18.31667,98.798,0.0,1,0
dodge_and_return_006,dodge_and_return,18.33333,97.298,-90.0,1,0
dodge_and_return_006,dodge_and_return,18.35,95.798,-90.0,1,0
dodge_and_return_006,dodge_and_return,18.36667,94.298,-90.0,1,0
dodge_and_return_006,dodge_and_return,18.38333,92.798,-90.0,1,0
dodge_and_return_006,dodge_and_return,18.4,91.298,-90.0,1,0
dodge_and_return_006,dodge_and_return,18.41667,89.798,-90.0,1,0
dodge_and_return_006,dodge_and_return,18.43333,88.298,-90.0,1,0
dodge_and_return_006,dodge_and_return,18.45,86.798,-90.0,1,0
dodge_and_return_006,dodge_and_return,18.46667,85.298,-90.0,1,0
dodge_and_return_006,dodge_and_return,18.48333,83.798,-90.0,1,0
dodge_and_return_006,dodge_and_return,18.5,82.298,-90.0,1,0
dodge_and_return_006,dodge_and_return,18.51667,80.798,-90.0,1,0
dodge_and_return_006,dodge_and_return,18.53333,79.298,-90.0,1,0
dodge_and_return_006,dodge_and_return,18.55,77.798,-90.0,1,0
dodge_and_return_006,dodge_and_return,18.56667,76.298,-90.0,1,0
dodge_and_return_006,dodge_and_return,18.58333,74.798,-90.0,1,0
dodge_and_return_006,dodge_and_return,18.6,73.298,-90.0,1,0
dodge_and_return_006,dodge_and_return,18.61667,71.798,-90.0,1,0
dodge_and_return_006,dodge_and_return,18.63333,70.298,-90.0,1,0
dodge_and_return_006,dodge_and_return,18.65,68.798,-90.0,1,0
dodge_and_return_006,dodge_and_return,18.66667,67.298,-90.0,1,0
dodge_and_return_006,dodge_and_return,18.68333,65.798,-90.0,1,0
dodge_and_return_006,dodge_and_return,18.7,64.298,-90.0,1,0
dodge_and_return_006,dodge_and_return,18.71667,62.798,-90.0,1,0
dodge_and_return_006,dodge_and_return,18.73333,61.298,-90.0,1,0
dodge_and_return_006,dodge_and_return,18.75,59.798,-90.0,1,0
dodge_and_return_006,dodge_and_return,18.76667,58.298,-90.0,1,0
dodge_and_return_006,dodge_and_return,18.78333,56.798,-90.0,1,0
dodge_and_return_006,dodge_and_return,18.8,55.298,-90.0,1,0
dodge_and_return_006,dodge_and_return,18.81667,53.798,-90.0,1,0
dodge_and_return_006,dodge_and_return,18.83333,52.298,-90.0,1,0
dodge_and_return_006,dodge_and_return,18.85,50.798,-90.0,1,0
dodge_and_return_006,dodge_and_return,18.86667,49.298,-90.0,1,0
dodge_and_return_006,dodge_and_return,18.88333,47.798,-90.0,0,1
dodge_and_return_006,dodge_and_return,18.9,49.298,90.0,0,1
dodge_and_return_006,dodge_and_return,18.91667,50.798,90.0,0,1
dodge_and_return_006,dodge_and_return,18.93333,52.298,90.0,0,1
dodge_and_return_006,dodge_and_return,18.95,53.798,90.0,0,1
dodge_and_return_006,dodge_and_return,18.96667,55.298,90.0,0,1
dodge_and_return_006,dodge_and_return,18.98333,56.798,90.0,0,1
dodge_and_return_006,dodge_and_return,19.0,58.298,90.0,0,1
dodge_and_return_006,dodge_and_return,19.01667,59.798,90.0,0,1
dodge_and_return_006,dodge_and_return,19.03333,61.298,90.0,0,1
dodge_and_return_006,dodge_and_return,19.05,62.798,90.0,0,1
dodge_and_return_006,dodge_and_return,19.06667,64.298,90.0,0,1
dodge_and_return_006,dodge_and_return,19.08333,65.798,90.0,0,1
dodge_and_return_006,dodge_and_return,19.1,67.298,90.0,0,1
dodge_and_return_006,dodge_and_return,19.11667,68.798,90.0,0,1
dodge_and_return_006,dodge_and_return,19.13333,70.298,90.0,0,1
dodge_and_return_006,dodge_and_return,19.15,71.798,90.0,0,1
dodge_and_return_006,dodge_and_return,19.16667,73.298,90.0,0,1
dodge_and_return_006,dodge_and_return,19.18333,74.798,90.0,0,1
dodge_and_return_006,dodge_and_return,19.2,76.298,90.0,0,1
dodge_and_return_006,dodge_and_return,19.21667,77.798,90.0,0,1
dodge_and_return_006,dodge_and_return,19.23333,79.298,90.0,0,1
dodge_and_return_006,dodge_and_return,19.25,80.798,90.0,0,1
dodge_and_return_006,dodge_and_return,19.26667,82.298,90.0,0,1
dodge_and_return_006,dodge_and_return,19.28333,83.798,90.0,0,1
dodge_and_return_006,dodge_and_return,19.3,85.298,90.0,0,1
dodge_and_return_006,dodge_and_return,19.31667,86.798,90.0,0,1
dodge_and_return_006,dodge_and_return,19.33333,88.298,90.0,0,1
dodge_and_return_006,dodge_and_return,19.35,89.798,90.0,0,1
dodge_and_return_006,dodge_and_return,19.36667,91.298,90.0,0,1
dodge_and_return_006,dodge_and_return,19.38333,92.798,90.0,0,1
dodge_and_return_006,dodge_and_return,19.4,94.298,90.0,0,1
dodge_and_return_006,dodge_and_return,19.41667,95.798,90.0,0,1
dodge_and_return_006,dodge_and_return,19.43333,97.298,90.0,0,1
dodge_and_return_006,dodge_and_return,19.45,98.798,90.0,0,0
dodge_and_return_006,dodge_and_return,19.46667,98.798,0.0,0,0
dodge_and_return_006,dodge_and_return,19.48333,98.798,0.0,0,0
dodge_and_return_006,dodge_and_return,19.5,98.798,0.0,0,0
dodge_and_return_006,dodge_and_return,19.51667,98.798,0.0,0,0
dodge_and_return_006,dodge_and_return,19.53333,98.798,0.0,0,0
dodge_and_return_006,dodge_and_return,19.55,98.798,0.0,0,0
dodge_and_return_006,dodge_and_return,19.56667,98.798,0.0,0,0
dodge_and_return_006,dodge_and_return,19.58333,98.798,0.0,0,0
dodge_and_return_006,dodge_and_return,19.6,98.798,0.0,0,0
dodge_and_return_006,dodge_and_return,19.61667,98.798,0.0,0,0
dodge_and_return_006,dodge_and_return,19.63333,98.798,0.0,0,0
dodge_and_return_006,dodge_and_return,19.65,98.798,0.0,0,0
dodge_and_return_006,dodge_and_return,19.66667,98.798,0.0,0,0
dodge_and_return_006,dodge_and_return,19.68333,98.798,0.0,0,0
dodge_and_return_006,dodge_and_return,19.7,98.798,0.0,0,0
dodge_and_return_006,dodge_and_return,19.71667,98.798,0.0,0,0
dodge_and_return_006,dodge_and_return,19.73333,98.798,0.0,0,0
dodge_and_return_006,dodge_and_return,19.75,98.798,0.0,0,0
dodge_and_return_006,dodge_and_return,19.76667,98.798,0.0,0,0
dodge_and_return_006,dodge_and_return,19.78333,98.798,0.0,0,0
dodge_and_return_006,dodge_and_return,19.8,98.798,0.0,0,0
dodge_and_return_006,dodge_and_return,19.81667,98.798,0.0,0,0
dodge_and_return_006,dodge_and_return,19.83333,98.798,0.0,0,0
dodge_and_return_006,dodge_and_return,19.85,98.798,0.0,0,0
dodge_and_return_006,dodge_and_return,19.86667,98.798,0.0,0,0
dodge_and_return_006,dodge_and_return,19.88333,98.798,0.0,0,0
dodge_and_return_006,dodge_and_return,19.9,98.798,0.0,0,0
dodge_and_return_006,dodge_and_return,19.91667,98.798,0.0,0,0
dodge_and_return_006,dodge_and_return,19.93333,98.798,0.0,0,0
dodge_and_return_006,dodge_and_return,19.95,98.798,0.0,0,0
dodge_and_return_006,dodge_and_return,19.96667,98.798,0.0,0,0
dodge_and_return_006,dodge_and_return,19.98333,98.798,0.0,0,0
dodge_and_return_006,dodge_and_return,20.0,98.798,0.0,0,0
dodge_and_return_006,dodge_and_return,20.01667,98.798,0.0,0,0
dodge_and_return_006,dodge_and_return,20.03333,98.798,0.0,0,0
dodge_and_return_006,dodge_and_return,20.05,98.798,0.0,0,0
dodge_and_return_006,dodge_and_return,20.06667,98.798,0.0,0,0
dodge_and_return_006,dodge_and_return,20.08333,98.798,0.0,0,0
dodge_and_return_006,dodge_and_return,20.1,98.798,0.0,0,0
dodge_and_return_006,dodge_and_return,20.11667,98.798,0.0,0,0
dodge_and_return_006,dodge_and_return,20.13333,98.798,0.0,0,0
dodge_and_return_006,dodge_and_return,20.15,98.798,0.0,0,0
dodge_and_return_006,dodge_and_return,20.16667,98.798,0.0,0,0
dodge_and_return_006,dodge_and_return,20.18333,98.798,0.0,0,0
dodge_and_return_006,dodge_and_return,20.2,98.798,0.0,0,0
dodge_and_return_006,dodge_and_return,20.21667,98.798,0.0,0,0
dodge_and_return_006,dodge_and_return,20.23333,98.798,0.0,0,0
dodge_and_return_006,dodge_and_return,20.25,98.798,0.0,0,0
dodge_and_return_006,dodge_and_return,20.26667,98.798,0.0,0,0
dodge_and_return_006,dodge_and_return,20.28333,98.798,0.0,0,0
dodge_and_return_006,dodge_and_return,20.3,98.798,0.0,0,0
dodge_and_return_006,dodge_and_return,20.31667,98.798,0.0,0,0
dodge_and_return_006,dodge_and_return,20.33333,98.798,0.0,0,0
dodge_and_return_006,dodge_and_return,20.35,98.798,0.0,0,0
dodge_and_return_006,dodge_and_return,20.36667,98.798,0.0,0,0
dodge_and_return_006,dodge_and_return,20.38333,98.798,0.0,0,0
dodge_and_return_006,dodge_and_return,20.4,98.798,0.0,0,0
dodge_and_return_006,dodge_and_return,20.41667,98.798,0.0,0,0
dodge_and_return_006,dodge_and_return,20.43333,98.798,0.0,0,0
dodge_and_return_006,dodge_and_return,20.45,98.798,0.0,0,0
dodge_and_return_006,dodge_and_return,20.46667,98.798,0.0,0,0
dodge_and_return_006,dodge_and_return,20.48333,98.798,0.0,0,0
dodge_and_return_006,dodge_and_return,20.5,98.798,0.0,0,0
dodge_and_return_006,dodge_and_return,20.51667,98.798,0.0,0,0
dodge_and_return_006,dodge_and_return,20.53333,98.798,0.0,0,0
dodge_and_return_006,dodge_and_return,20.55,98.798,0.0,0,0
dodge_and_return_006,dodge_and_return,20.56667,98.798,0.0,0,0
dodge_and_return_006,dodge_and_return,20.58333,98.798,0.0,0,0
dodge_and_return_006,dodge_and_return,20.6,98.798,0.0,0,0
dodge_and_return_006,dodge_and_return,20.61667,98.798,0.0,0,0
dodge_and_return_006,dodge_and_return,20.63333,98.798,0.0,0,0
dodge_and_return_006,dodge_and_return,20.65,98.798,0.0,0,0
dodge_and_return_006,dodge_and_return,20.66667,98.798,0.0,0,0
dodge_and_return_006,dodge_and_return,20.68333,98.798,0.0,0,0
dodge_and_return_006,dodge_and_return,20.7,98.798,0.0,0,0
dodge_and_return_006,dodge_and_return,20.71667,98.798,0.0,0,0
dodge_and_return_006,dodge_and_return,20.73333,98.798,0.0,0,0
dodge_and_return_006,dodge_and_return,20.75,98.798,0.0,0,0
dodge_and_return_006,dodge_and_return,20.76667,98.798,0.0,0,0
dodge_and_return_006,dodge_and_return,20.78333,98.798,0.0,0,0
dodge_and_return_006,dodge_and_return,20.8,98.798,0.0,0,0
dodge_and_return_006,dodge_and_return,20.81667,98.798,0.0,0,0
dodge_and_return_006,dodge_and_return,20.83333,98.798,0.0,0,0
dodge_and_return_006,dodge_and_return,20.85,98.798,0.0,0,0
dodge_and_return_006,dodge_and_return,20.86667,98.798,0.0,0,0
dodge_and_return_006,dodge_and_return,20.88333,98.798,0.0,0,0
dodge_and_return_006,dodge_and_return,20.9,98.798,0.0,0,0
dodge_and_return_006,dodge_and_return,20.91667,98.798,0.0,0,0
dodge_and_return_006,dodge_and_return,20.93333,98.798,0.0,0,0
dodge_and_return_006,dodge_and_return,20.95,98.798,0.0,0,0
dodge_and_return_006,dodge_and_return,20.96667,98.798,0.0,0,0
dodge_and_return_006,dodge_and_return,20.98333,98.798,0.0,0,0
dodge_and_return_006,dodge_and_return,21.0,98.798,0.0,0,0
dodge_and_return_006,dodge_and_return,21.01667,98.798,0.0,0,0
dodge_and_return_006,dodge_and_return,21.03333,98.798,0.0,0,0
dodge_and_return_006,dodge_and_return,21.05,98.798,0.0,0,0
dodge_and_return_006,dodge_and_return,21.06667,98.798,0.0,0,0
dodge_and_return_006,dodge_and_return,21.08333,98.798,0.0,0,0
dodge_and_return_006,dodge_and_return,21.1,98.798,0.0,0,0
dodge_and_return_006,dodge_and_return,21.11667,98.798,0.0,0,0
dodge_and_return_006,dodge_and_return,21.13333,98.798,0.0,0,0
dodge_and_return_006,dodge_and_return,21.15,98.798,0.0,0,0
dodge_and_return_006,dodge_and_return,21.16667,98.798,0.0,0,0
dodge_and_return_006,dodge_and_return,21.18333,98.798,0.0,0,0
dodge_and_return_006,dodge_and_return,21.2,98.798,0.0,0,0
dodge_and_return_006,dodge_and_return,21.21667,98.798,0.0,0,0
dodge_and_return_006,dodge_and_return,21.23333,98.798,0.0,0,0
dodge_and_return_006,dodge_and_return,21.25,98.798,0.0,0,0
dodge_and_return_006,dodge_and_return,21.26667,98.798,0.0,0,0
dodge_and_return_006,dodge_and_return,21.28333,98.798,0.0,0,0
dodge_and_return_006,dodge_and_return,21.3,98.798,0.0,0,0
dodge_and_return_006,dodge_and_return,21.31667,98.798,0.0,0,0
dodge_and_return_006,dodge_and_return,21.33333,98.798,0.0,0,0
dodge_and_return_006,dodge_and_return,21.35,98.798,0.0,0,0
dodge_and_return_006,dodge_and_return,21.36667,98.798,0.0,0,0
dodge_and_return_006,dodge_and_return,21.38333,98.798,0.0,0,0
dodge_and_return_006,dodge_and_return,21.4,98.798,0.0,0,0
dodge_and_return_006,dodge_and_return,21.41667,98.798,0.0,0,0
dodge_and_return_006,dodge_and_return,21.43333,98.798,0.0,0,0
dodge_and_return_006,dodge_and_return,21.45,98.798,0.0,0,0
dodge_and_return_006,dodge_and_return,21.46667,98.798,0.0,0,0
dodge_and_return_006,dodge_and_return,21.48333,98.798,0.0,0,0
dodge_and_return_006,dodge_and_return,21.5,98.798,0.0,0,0
dodge_and_return_006,dodge_and_return,21.51667,98.798,0.0,0,0
dodge_and_return_006,dodge_and_return,21.53333,98.798,0.0,0,0
dodge_and_return_006,dodge_and_return,21.55,98.798,0.0,0,0
dodge_and_return_006,dodge_and_return,21.56667,98.798,0.0,0,0
dodge_and_return_006,dodge_and_return,21.58333,98.798,0.0,0,0
dodge_and_return_006,dodge_and_return,21.6,98.798,0.0,0,0
dodge_and_return_006,dodge_and_return,21.61667,98.798,0.0,0,0
dodge_and_return_006,dodge_and_return,21.63333,98.798,0.0,0,0
dodge_and_return_006,dodge_and_return,21.65,98.798,0.0,0,0
dodge_and_return_006,dodge_and_return,21.66667,98.798,0.0,0,0
dodge_and_return_006,dodge_and_return,21.68333,98.798,0.0,0,0
dodge_and_return_006,dodge_and_return,21.7,98.798,0.0,0,0
dodge_and_return_006,dodge_and_return,21.71667,98.798,0.0,0,0
dodge_and_return_006,dodge_and_return,21.73333,98.798,0.0,0,0
dodge_and_return_006,dodge_and_return,21.75,98.798,0.0,0,0
dodge_and_return_006,dodge_and_return,21.76667,98.798,0.0,0,0
dodge_and_return_006,dodge_and_return,21.78333,98.798,0.0,0,0
dodge_and_return_006,dodge_and_return,21.8,98.798,0.0,0,0
dodge_and_return_006,dodge_and_return,21.81667,98.798,0.0,0,0
dodge_and_return_006,dodge_and_return,21.83333,98.798,0.0,0,0
dodge_and_return_006,dodge_and_return,21.85,98.798,0.0,0,0
dodge_and_return_006,dodge_and_return,21.86667,98.798,0.0,0,0
dodge_and_return_006,dodge_and_return,21.88333,98.798,0.0,0,0
dodge_and_return_006,dodge_and_return,21.9,98.798,0.0,0,0
dodge_and_return_006,dodge_and_return,21.91667,98.798,0.0,0,1
dodge_and_return_006,dodge_and_return,21.93333,100.298,90.0,0,1
dodge_and_return_006,dodge_and_return,21.95,101.798,90.0,0,1
dodge_and_return_006,dodge_and_return,21.96667,103.298,90.0,0,1
dodge_and_return_006,dodge_and_return,21.98333,104.798,90.0,0,1
dodge_and_return_006,dodge_and_return,22.0,106.298,90.0,0,1
dodge_and_return_006,dodge_and_return,22.01667,107.798,90.0,0,1
dodge_and_return_006,dodge_and_return,22.03333,109.298,90.0,0,1
dodge_and_return_006,dodge_and_return,22.05,110.798,90.0,0,1
dodge_and_return_006,dodge_and_return,22.06667,112.298,90.0,0,1
dodge_and_return_006,dodge_and_return,22.08333,113.798,90.0,0,1
dodge_and_return_006,dodge_and_return,22.1,115.298,90.0,0,1
dodge_and_return_006,dodge_and_return,22.11667,116.798,90.0,0,1
dodge_and_return_006,dodge_and_return,22.13333,118.298,90.0,0,1
dodge_and_return_006,dodge_and_return,22.15,119.798,90.0,0,1
dodge_and_return_006,dodge_and_return,22.16667,121.298,90.0,0,1
dodge_and_return_006,dodge_and_return,22.18333,122.798,90.0,0,1
dodge_and_return_006,dodge_and_return,22.2,124.298,90.0,0,1
dodge_and_return_006,dodge_and_return,22.21667,125.798,90.0,0,1
dodge_and_return_006,dodge_and_return,22.23333,127.298,90.0,0,1
dodge_and_return_006,dodge_and_return,22.25,128.798,90.0,0,1
dodge_and_return_006,dodge_and_return,22.26667,130.298,90.0,0,1
dodge_and_return_006,dodge_and_return,22.28333,131.798,90.0,0,1
dodge_and_return_006,dodge_and_return,22.3,133.298,90.0,0,1
dodge_and_return_006,dodge_and_return,22.31667,134.798,90.0,0,1
dodge_and_return_006,dodge_and_return,22.33333,136.298,90.0,0,1
dodge_and_return_006,dodge_and_return,22.35,137.798,90.0,0,1
dodge_and_return_006,dodge_and_return,22.36667,139.298,90.0,0,1
dodge_and_return_006,dodge_and_return,22.38333,140.798,90.0,0,1
dodge_and_return_006,dodge_and_return,22.4,142.298,90.0,0,1
dodge_and_return_006,dodge_and_return,22.41667,143.798,90.0,0,1
dodge_and_return_006,dodge_and_return,22.43333,145.298,90.0,0,1
dodge_and_return_006,dodge_and_return,22.45,146.798,90.0,0,1
dodge_and_return_006,dodge_and_return,22.46667,148.298,90.0,0,1
dodge_and_return_006,dodge_and_return,22.48333,149.798,90.0,0,1
dodge_and_return_006,dodge_and_return,22.5,151.298,90.0,0,1
dodge_and_return_006,dodge_and_return,22.51667,152.798,90.0,0,1
dodge_and_return_006,dodge_and_return,22.53333,154.298,90.0,0,1
dodge_and_return_006,dodge_and_return,22.55,155.798,90.0,0,1
dodge_and_return_006,dodge_and_return,22.56667,157.298,90.0,0,1
dodge_and_return_006,dodge_and_return,22.58333,158.798,90.0,0,1
dodge_and_return_006,dodge_and_return,22.6,160.298,90.0,0,1
dodge_and_return_006,dodge_and_return,22.61667,161.798,90.0,0,1
dodge_and_return_006,dodge_and_return,22.63333,163.298,90.0,0,1
dodge_and_return_006,dodge_and_return,22.65,164.798,90.0,0,1
dodge_and_return_006,dodge_and_return,22.66667,166.298,90.0,0,1
dodge_and_return_006,dodge_and_return,22.68333,167.798,90.0,0,1
dodge_and_return_006,dodge_and_return,22.7,169.298,90.0,0,1
dodge_and_return_006,dodge_and_return,22.71667,170.798,90.0,0,1
dodge_and_return_006,dodge_and_return,22.73333,172.298,90.0,0,1
dodge_and_return_006,dodge_and_return,22.75,173.798,90.0,0,1
dodge_and_return_006,dodge_and_return,22.76667,175.298,90.0,0,1
dodge_and_return_006,dodge_and_return,22.78333,176.798,90.0,0,1
dodge_and_return_006,dodge_and_return,22.8,178.298,90.0,0,1
dodge_and_return_006,dodge_and_return,22.81667,179.798,90.0,1,0
dodge_and_return_006,dodge_and_return,22.83333,178.298,-90.0,1,0
dodge_and_return_006,dodge_and_return,22.85,176.798,-90.0,1,0
dodge_and_return_006,dodge_and_return,22.86667,175.298,-90.0,1,0
dodge_and_return_006,dodge_and_return,22.88333,173.798,-90.0,1,0
dodge_and_return_006,dodge_and_return,22.9,172.298,-90.0,1,0
dodge_and_return_006,dodge_and_return,22.91667,170.798,-90.0,1,0
dodge_and_return_006,dodge_and_return,22.93333,169.298,-90.0,1,0
dodge_and_return_006,dodge_and_return,22.95,167.798,-90.0,1,0
dodge_and_return_006,dodge_and_return,22.96667,166.298,-90.0,1,0
dodge_and_return_006,dodge_and_return,22.98333,164.798,-90.0,1,0
dodge_and_return_006,dodge_and_return,23.0,163.298,-90.0,1,0
dodge_and_return_006,dodge_and_return,23.01667,161.798,-90.0,1,0
dodge_and_return_006,dodge_and_return,23.03333,160.298,-90.0,1,0
dodge_and_return_006,dodge_and_return,23.05,158.798,-90.0,1,0
dodge_and_return_006,dodge_and_return,23.06667,157.298,-90.0,1,0
dodge_and_return_006,dodge_and_return,23.08333,155.798,-90.0,1,0
dodge_and_return_006,dodge_and_return,23.1,154.298,-90.0,1,0
dodge_and_return_006,dodge_and_return,23.11667,152.798,-90.0,1,0
dodge_and_return_006,dodge_and_return,23.13333,151.298,-90.0,1,0
dodge_and_return_006,dodge_and_return,23.15,149.798,-90.0,1,0
dodge_and_return_006,dodge_and_return,23.16667,148.298,-90.0,1,0
dodge_and_return_006,dodge_and_return,23.18333,146.798,-90.0,1,0
dodge_and_return_006,dodge_and_return,23.2,145.298,-90.0,1,0
dodge_and_return_006,dodge_and_return,23.21667,143.798,-90.0,1,0
dodge_and_return_006,dodge_and_return,23.23333,142.298,-90.0,1,0
dodge_and_return_006,dodge_and_return,23.25,140.798,-90.0,1,0
dodge_and_return_006,dodge_and_return,23.26667,139.298,-90.0,1,0
dodge_and_return_006,dodge_and_return,23.28333,137.798,-90.0,1,0
dodge_and_return_006,dodge_and_return,23.3,136.298,-90.0,1,0
dodge_and_return_006,dodge_and_return,23.31667,134.798,-90.0,1,0
dodge_and_return_006,dodge_and_return,23.33333,133.298,-90.0,1,0
dodge_and_return_006,dodge_and_return,23.35,131.798,-90.0,1,0
dodge_and_return_006,dodge_and_return,23.36667,130.298,-90.0,1,0
dodge_and_return_006,dodge_and_return,23.38333,128.798,-90.0,1,0
dodge_and_return_006,dodge_and_return,23.4,127.298,-90.0,1,0
dodge_and_return_006,dodge_and_return,23.41667,125.798,-90.0,1,0
dodge_and_return_006,dodge_and_return,23.43333,124.298,-90.0,1,0
dodge_and_return_006,dodge_and_return,23.45,122.798,-90.0,1,0
dodge_and_return_006,dodge_and_return,23.46667,121.298,-90.0,1,0
dodge_and_return_006,dodge_and_return,23.48333,119.798,-90.0,1,0
dodge_and_return_006,dodge_and_return,23.5,118.298,-90.0,1,0
dodge_and_return_006,dodge_and_return,23.51667,116.798,-90.0,1,0
dodge_and_return_006,dodge_and_return,23.53333,115.298,-90.0,1,0
dodge_and_return_006,dodge_and_return,23.55,113.798,-90.0,1,0
dodge_and_return_006,dodge_and_return,23.56667,112.298,-90.0,1,0
dodge_and_return_006,dodge_and_return,23.58333,110.798,-90.0,1,0
dodge_and_return_006,dodge_and_return,23.6,109.298,-90.0,1,0
dodge_and_return_006,dodge_and_return,23.61667,107.798,-90.0,1,0
dodge_and_return_006,dodge_and_return,23.63333,106.298,-90.0,1,0
dodge_and_return_006,dodge_and_return,23.65,104.798,-90.0,0,0
dodge_and_return_006,dodge_and_return,23.66667,104.798,0.0,0,0
dodge_and_return_006,dodge_and_return,23.68333,104.798,0.0,0,0
dodge_and_return_006,dodge_and_return,23.7,104.798,0.0,0,0
dodge_and_return_006,dodge_and_return,23.71667,104.798,0.0,0,0
dodge_and_return_006,dodge_and_return,23.73333,104.798,0.0,0,0
dodge_and_return_006,dodge_and_return,23.75,104.798,0.0,0,0
dodge_and_return_006,dodge_and_return,23.76667,104.798,0.0,0,0
dodge_and_return_006,dodge_and_return,23.78333,104.798,0.0,0,0
dodge_and_return_006,dodge_and_return,23.8,104.798,0.0,0,0
dodge_and_return_006,dodge_and_return,23.81667,104.798,0.0,0,0
dodge_and_return_006,dodge_and_return,23.83333,104.798,0.0,0,0
dodge_and_return_006,dodge_and_return,23.85,104.798,0.0,0,0
dodge_and_return_006,dodge_and_return,23.86667,104.798,0.0,0,0
dodge_and_return_006,dodge_and_return,23.88333,104.798,0.0,0,0
dodge_and_return_006,dodge_and_return,23.9,104.798,0.0,0,0
dodge_and_return_006,dodge_and_return,23.91667,104.798,0.0,0,0
dodge_and_return_006,dodge_and_return,23.93333,104.798,0.0,0,0
dodge_and_return_006,dodge_and_return,23.95,104.798,0.0,0,0
dodge_and_return_006,dodge_and_return,23.96667,104.798,0.0,0,0
dodge_and_return_006,dodge_and_return,23.98333,104.798,0.0,0,0
dodge_and_return_006,dodge_and_return,24.0,104.798,0.0,0,0
dodge_and_return_006,dodge_and_return,24.01667,104.798,0.0,0,0
dodge_and_return_006,dodge_and_return,24.03333,104.798,0.0,0,0
dodge_and_return_006,dodge_and_return,24.05,104.798,0.0,0,0
dodge_and_return_006,dodge_and_return,24.06667,104.798,0.0,0,0
dodge_and_return_006,dodge_and_return,24.08333,104.798,0.0,0,0
dodge_and_return_006,dodge_and_return,24.1,104.798,0.0,0,0
dodge_and_return_006,dodge_and_return,24.11667,104.798,0.0,0,0
dodge_and_return_006,dodge_and_return,24.13333,104.798,0.0,0,0
dodge_and_return_006,dodge_and_return,24.15,104.798,0.0,0,0
dodge_and_return_006,dodge_and_return,24.16667,104.798,0.0,0,0
dodge_and_return_006,dodge_and_return,24.18333,104.798,0.0,0,0
dodge_and_return_006,dodge_and_return,24.2,104.798,0.0,0,0
dodge_and_return_006,dodge_and_return,24.21667,104.798,0.0,0,0
dodge_and_return_006,dodge_and_return,24.23333,104.798,0.0,0,0
dodge_and_return_006,dodge_and_return,24.25,104.798,0.0,0,0
dodge_and_return_006,dodge_and_return,24.26667,104.798,0.0,0,0
dodge_and_return_006,dodge_and_return,24.28333,104.798,0.0,0,0
dodge_and_return_006,dodge_and_return,24.3,104.798,0.0,0,0
dodge_and_return_006,dodge_and_return,24.31667,104.798,0.0,0,0
dodge_and_return_006,dodge_and_return,24.33333,104.798,0.0,0,0
dodge_and_return_006,dodge_and_return,24.35,104.798,0.0,0,0
dodge_and_return_006,dodge_and_return,24.36667,104.798,0.0,0,0
dodge_and_return_006,dodge_and_return,24.38333,104.798,0.0,0,0
dodge_and_return_006,dodge_and_return,24.4,104.798,0.0,0,0
dodge_and_return_006,dodge_and_return,24.41667,104.798,0.0,0,0
dodge_and_return_006,dodge_and_return,24.43333,104.798,0.0,0,0
dodge_and_return_006,dodge_and_return,24.45,104.798,0.0,0,0
dodge_and_return_006,dodge_and_return,24.46667,104.798,0.0,0,0
dodge_and_return_006,dodge_and_return,24.48333,104.798,0.0,0,0
dodge_and_return_006,dodge_and_return,24.5,104.798,0.0,0,0
dodge_and_return_006,dodge_and_return,24.51667,104.798,0.0,0,0
dodge_and_return_006,dodge_and_return,24.53333,104.798,0.0,0,0
dodge_and_return_006,dodge_and_return,24.55,104.798,0.0,0,0
dodge_and_return_006,dodge_and_return,24.56667,104.798,0.0,0,0
dodge_and_return_006,dodge_and_return,24.58333,104.798,0.0,0,0
dodge_and_return_006,dodge_and_return,24.6,104.798,0.0,0,0
dodge_and_return_006,dodge_and_return,24.61667,104.798,0.0,0,0
dodge_and_return_006,dodge_and_return,24.63333,104.798,0.0,0,0
dodge_and_return_006,dodge_and_return,24.65,104.798,0.0,0,0
dodge_and_return_006,dodge_and_return,24.66667,104.798,0.0,0,0
dodge_and_return_006,dodge_and_return,24.68333,104.798,0.0,0,0
dodge_and_return_006,dodge_and_return,24.7,104.798,0.0,0,0
dodge_and_return_006,dodge_and_return,24.71667,104.798,0.0,0,0
dodge_and_return_006,dodge_and_return,24.73333,104.798,0.0,0,0
dodge_and_return_006,dodge_and_return,24.75,104.798,0.0,0,0
dodge_and_return_006,dodge_and_return,24.76667,104.798,0.0,0,0
dodge_and_return_006,dodge_and_return,24.78333,104.798,0.0,0,0
dodge_and_return_006,dodge_and_return,24.8,104.798,0.0,0,0
dodge_and_return_006,dodge_and_return,24.81667,104.798,0.0,0,0
dodge_and_return_006,dodge_and_return,24.83333,104.798,0.0,0,0
dodge_and_return_006,dodge_and_return,24.85,104.798,0.0,0,0
dodge_and_return_006,dodge_and_return,24.86667,104.798,0.0,0,0
dodge_and_return_006,dodge_and_return,24.88333,104.798,0.0,0,0
dodge_and_return_006,dodge_and_return,24.9,104.798,0.0,0,0
dodge_and_return_006,dodge_and_return,24.91667,104.798,0.0,0,0
dodge_and_return_006,dodge_and_return,24.93333,104.798,0.0,0,0
dodge_and_return_006,dodge_and_return,24.95,104.798,0.0,0,0
dodge_and_return_006,dodge_and_return,24.96667,104.798,0.0,0,0
dodge_and_return_006,dodge_and_return,24.98333,104.798,0.0,0,0
dodge_and_return_006,dodge_and_return,25.0,104.798,0.0,0,0
dodge_and_return_006,dodge_and_return,25.01667,104.798,0.0,0,0
dodge_and_return_006,dodge_and_return,25.03333,104.798,0.0,0,0
dodge_and_return_006,dodge_and_return,25.05,104.798,0.0,0,0
dodge_and_return_006,dodge_and_return,25.06667,104.798,0.0,0,0
dodge_and_return_006,dodge_and_return,25.08333,104.798,0.0,0,0
dodge_and_return_006,dodge_and_return,25.1,104.798,0.0,0,0
dodge_and_return_006,dodge_and_return,25.11667,104.798,0.0,0,0
dodge_and_return_006,dodge_and_return,25.13333,104.798,0.0,0,0
dodge_and_return_006,dodge_and_return,25.15,104.798,0.0,0,0
dodge_and_return_006,dodge_and_return,25.16667,104.798,0.0,0,0
dodge_and_return_006,dodge_and_return,25.18333,104.798,0.0,0,0
dodge_and_return_006,dodge_and_return,25.2,104.798,0.0,0,0
dodge_and_return_006,dodge_and_return,25.21667,104.798,0.0,0,0
dodge_and_return_006,dodge_and_return,25.23333,104.798,0.0,0,0
dodge_and_return_006,dodge_and_return,25.25,104.798,0.0,0,0
dodge_and_return_006,dodge_and_return,25.26667,104.798,0.0,0,0
dodge_and_return_006,dodge_and_return,25.28333,104.798,0.0,0,0
dodge_and_return_006,dodge_and_return,25.3,104.798,0.0,0,0
dodge_and_return_006,dodge_and_return,25.31667,104.798,0.0,0,0
dodge_and_return_006,dodge_and_return,25.33333,104.798,0.0,0,0
dodge_and_return_006,dodge_and_return,25.35,104.798,0.0,0,0
dodge_and_return_006,dodge_and_return,25.36667,104.798,0.0,0,0
dodge_and_return_006,dodge_and_return,25.38333,104.798,0.0,0,0
dodge_and_return_006,dodge_and_return,25.4,104.798,0.0,0,0
dodge_and_return_006,dodge_and_return,25.41667,104.798,0.0,0,0
dodge_and_return_006,dodge_and_return,25.43333,104.798,0.0,0,0
dodge_and_return_006,dodge_and_return,25.45,104.798,0.0,0,0
dodge_and_return_006,dodge_and_return,25.46667,104.798,0.0,0,0
dodge_and_return_006,dodge_and_return,25.48333,104.798,0.0,0,0
dodge_and_return_006,dodge_and_return,25.5,104.798,0.0,0,0
dodge_and_return_006,dodge_and_return,25.51667,104.798,0.0,0,0
dodge_and_return_006,dodge_and_return,25.53333,104.798,0.0,0,0
dodge_and_return_006,dodge_and_return,25.55,104.798,0.0,0,0
dodge_and_return_006,dodge_and_return,25.56667,104.798,0.0,0,0
dodge_and_return_006,dodge_and_return,25.58333,104.798,0.0,0,0
dodge_and_return_006,dodge_and_return,25.6,104.798,0.0,0,0
dodge_and_return_006,dodge_and_return,25.61667,104.798,0.0,0,0
dodge_and_return_006,dodge_and_return,25.63333,104.798,0.0,0,0
dodge_and_return_006,dodge_and_return,25.65,104.798,0.0,0,0
dodge_and_return_006,dodge_and_return,25.66667,104.798,0.0,0,0
dodge_and_return_006,dodge_and_return,25.68333,104.798,0.0,0,0
dodge_and_return_006,dodge_and_return,25.7,104.798,0.0,0,0
dodge_and_return_006,dodge_and_return,25.71667,104.798,0.0,0,0
dodge_and_return_006,dodge_and_return,25.73333,104.798,0.0,0,0
dodge_and_return_006,dodge_and_return,25.75,104.798,0.0,0,0
dodge_and_return_006,dodge_and_return,25.76667,104.798,0.0,0,0
dodge_and_return_006,dodge_and_return,25.78333,104.798,0.0,0,0
dodge_and_return_006,dodge_and_return,25.8,104.798,0.0,0,0
dodge_and_return_006,dodge_and_return,25.81667,104.798,0.0,0,0
dodge_and_return_006,dodge_and_return,25.83333,104.798,0.0,0,0
dodge_and_return_006,dodge_and_return,25.85,104.798,0.0,0,0
dodge_and_return_006,dodge_and_return,25.86667,104.798,0.0,0,0
dodge_and_return_006,dodge_and_return,25.88333,104.798,0.0,0,0
dodge_and_return_006,dodge_and_return,25.9,104.798,0.0,0,0
dodge_and_return_006,dodge_and_return,25.91667,104.798,0.0,0,0
dodge_and_return_006,dodge_and_return,25.93333,104.798,0.0,0,0
dodge_and_return_006,dodge_and_return,25.95,104.798,0.0,0,0
dodge_and_return_006,dodge_and_return,25.96667,104.798,0.0,0,0
dodge_and_return_006,dodge_and_return,25.98333,104.798,0.0,0,0
dodge_and_return_006,dodge_and_return,26.0,104.798,0.0,0,0
dodge_and_return_006,dodge_and_return,26.01667,104.798,0.0,0,0
dodge_and_return_006,dodge_and_return,26.03333,104.798,0.0,0,0
dodge_and_return_006,dodge_and_return,26.05,104.798,0.0,0,0
dodge_and_return_006,dodge_and_return,26.06667,104.798,0.0,0,0
dodge_and_return_006,dodge_and_return,26.08333,104.798,0.0,0,0
dodge_and_return_006,dodge_and_return,26.1,104.798,0.0,0,0
dodge_and_return_006,dodge_and_return,26.11667,104.798,0.0,0,0
dodge_and_return_006,dodge_and_return,26.13333,104.798,0.0,0,0
dodge_and_return_006,dodge_and_return,26.15,104.798,0.0,0,0
dodge_and_return_006,dodge_and_return,26.16667,104.798,0.0,0,0
dodge_and_return_006,dodge_and_return,26.18333,104.798,0.0,0,0
dodge_and_return_006,dodge_and_return,26.2,104.798,0.0,0,0
dodge_and_return_006,dodge_and_return,26.21667,104.798,0.0,0,0
dodge_and_return_006,dodge_and_return,26.23333,104.798,0.0,0,0
dodge_and_return_006,dodge_and_return,26.25,104.798,0.0,0,0
dodge_and_return_006,dodge_and_return,26.26667,104.798,0.0,0,0
dodge_and_return_006,dodge_and_return,26.28333,104.798,0.0,0,0
dodge_and_return_006,dodge_and_return,26.3,104.798,0.0,0,0
dodge_and_return_006,dodge_and_return,26.31667,104.798,0.0,0,0
dodge_and_return_006,dodge_and_return,26.33333,104.798,0.0,0,0
dodge_and_return_006,dodge_and_return,26.35,104.798,0.0,0,0
dodge_and_return_006,dodge_and_return,26.36667,104.798,0.0,0,0
dodge_and_return_006,dodge_and_return,26.38333,104.798,0.0,0,0
dodge_and_return_006,dodge_and_return,26.4,104.798,0.0,0,0
dodge_and_return_006,dodge_and_return,26.41667,104.798,0.0,0,0
dodge_and_return_006,dodge_and_return,26.43333,104.798,0.0,0,0
dodge_and_return_006,dodge_and_return,26.45,104.798,0.0,0,0
dodge_and_return_006,dodge_and_return,26.46667,104.798,0.0,0,0
dodge_and_return_006,dodge_and_return,26.48333,104.798,0.0,0,0
dodge_and_return_006,dodge_and_return,26.5,104.798,0.0,0,0
dodge_and_return_006,dodge_and_return,26.51667,104.798,0.0,0,0
dodge_and_return_006,dodge_and_return,26.53333,104.798,0.0,0,0
dodge_and_return_006,dodge_and_return,26.55,104.798,0.0,0,0
dodge_and_return_006,dodge_and_return,26.56667,104.798,0.0,0,0
dodge_and_return_006,dodge_and_return,26.58333,104.798,0.0,0,1
dodge_and_return_006,dodge_and_return,26.6,106.298,90.0,0,1
dodge_and_return_006,dodge_and_return,26.61667,107.798,90.0,0,1
dodge_and_return_006,dodge_and_return,26.63333,109.298,90.0,0,1
dodge_and_return_006,dodge_and_return,26.65,110.798,90.0,0,1
dodge_and_return_006,dodge_and_return,26.66667,112.298,90.0,0,1
dodge_and_return_006,dodge_and_return,26.68333,113.798,90.0,0,1
dodge_and_return_006,dodge_and_return,26.7,115.298,90.0,0,1
dodge_and_return_006,dodge_and_return,26.71667,116.798,90.0,0,1
dodge_and_return_006,dodge_and_return,26.73333,118.298,90.0,0,1
dodge_and_return_006,dodge_and_return,26.75,119.798,90.0,0,1
dodge_and_return_006,dodge_and_return,26.76667,121.298,90.0,0,1
dodge_and_return_006,dodge_and_return,26.78333,122.798,90.0,0,1
dodge_and_return_006,dodge_and_return,26.8,124.298,90.0,0,1
dodge_and_return_006,dodge_and_return,26.81667,125.798,90.0,0,1
dodge_and_return_006,dodge_and_return,26.83333,127.298,90.0,0,1
dodge_and_return_006,dodge_and_return,26.85,128.798,90.0,0,1
dodge_and_return_006,dodge_and_return,26.86667,130.298,90.0,0,1
dodge_and_return_006,dodge_and_return,26.88333,131.798,90.0,0,1
dodge_and_return_006,dodge_and_return,26.9,133.298,90.0,0,1
dodge_and_return_006,dodge_and_return,26.91667,134.798,90.0,0,1
dodge_and_return_006,dodge_and_return,26.93333,136.298,90.0,0,1
dodge_and_return_006,dodge_and_return,26.95,137.798,90.0,0,1
dodge_and_return_006,dodge_and_return,26.96667,139.298,90.0,0,1
dodge_and_return_006,dodge_and_return,26.98333,140.798,90.0,0,1
dodge_and_return_006,dodge_and_return,27.0,142.298,90.0,0,1
dodge_and_return_006,dodge_and_return,27.01667,143.798,90.0,0,1
dodge_and_return_006,dodge_and_return,27.03333,145.298,90.0,0,1
dodge_and_return_006,dodge_and_return,27.05,146.798,90.0,0,1
dodge_and_return_006,dodge_and_return,27.06667,148.298,90.0,0,1
dodge_and_return_006,dodge_and_return,27.08333,149.798,90.0,0,1
dodge_and_return_006,dodge_and_return,27.1,151.298,90.0,0,1
dodge_and_return_006,dodge_and_return,27.11667,152.798,90.0,0,1
dodge_and_return_006,dodge_and_return,27.13333,154.298,90.0,0,1
dodge_and_return_006,dodge_and_return,27.15,155.798,90.0,0,1
dodge_and_return_006,dodge_and_return,27.16667,157.298,90.0,0,1
dodge_and_return_006,dodge_and_return,27.18333,158.798,90.0,0,1
dodge_and_return_006,dodge_and_return,27.2,160.298,90.0,0,1
dodge_and_return_006,dodge_and_return,27.21667,161.798,90.0,0,1
dodge_and_return_006,dodge_and_return,27.23333,163.298,90.0,0,1
dodge_and_return_006,dodge_and_return,27.25,164.798,90.0,0,1
dodge_and_return_006,dodge_and_return,27.26667,166.298,90.0,0,1
dodge_and_return_006,dodge_and_return,27.28333,167.798,90.0,0,1
dodge_and_return_006,dodge_and_return,27.3,169.298,90.0,0,1
dodge_and_return_006,dodge_and_return,27.31667,170.798,90.0,0,1
dodge_and_return_006,dodge_and_return,27.33333,172.298,90.0,0,1
dodge_and_return_006,dodge_and_return,27.35,173.798,90.0,0,1
dodge_and_return_006,dodge_and_return,27.36667,175.298,90.0,0,1
dodge_and_return_006,dodge_and_return,27.38333,176.798,90.0,0,1
dodge_and_return_006,dodge_and_return,27.4,178.298,90.0,0,1
dodge_and_return_006,dodge_and_return,27.41667,179.798,90.0,0,1
dodge_and_return_006,dodge_and_return,27.43333,181.298,90.0,0,1
dodge_and_return_006,dodge_and_return,27.45,182.798,90.0,0,0
dodge_and_return_006,dodge_and_return,27.46667,182.798,0.0,0,0
dodge_and_return_006,dodge_and_return,27.48333,182.798,0.0,1,0
dodge_and_return_006,dodge_and_return,27.5,181.298,-90.0,1,0
dodge_and_return_006,dodge_and_return,27.51667,179.798,-90.0,1,0
dodge_and_return_006,dodge_and_return,27.53333,178.298,-90.0,1,0
dodge_and_return_006,dodge_and_return,27.55,176.798,-90.0,1,0
dodge_and_return_006,dodge_and_return,27.56667,175.298,-90.0,1,0
dodge_and_return_006,dodge_and_return,27.58333,173.798,-90.0,1,0
dodge_and_return_006,dodge_and_return,27.6,172.298,-90.0,1,0
dodge_and_return_006,dodge_and_return,27.61667,170.798,-90.0,1,0
dodge_and_return_006,dodge_and_return,27.63333,169.298,-90.0,1,0
dodge_and_return_006,dodge_and_return,27.65,167.798,-90.0,1,0
dodge_and_return_006,dodge_and_return,27.66667,166.298,-90.0,1,0
dodge_and_return_006,dodge_and_return,27.68333,164.798,-90.0,1,0
dodge_and_return_006,dodge_and_return,27.7,163.298,-90.0,1,0
dodge_and_return_006,dodge_and_return,27.71667,161.798,-90.0,1,0
dodge_and_return_006,dodge_and_return,27.73333,160.298,-90.0,1,0
dodge_and_return_006,dodge_and_return,27.75,158.798,-90.0,1,0
dodge_and_return_006,dodge_and_return,27.76667,157.298,-90.0,1,0
dodge_and_return_006,dodge_and_return,27.78333,155.798,-90.0,1,0
dodge_and_return_006,dodge_and_return,27.8,154.298,-90.0,1,0
dodge_and_return_006,dodge_and_return,27.81667,152.798,-90.0,1,0
dodge_and_return_006,dodge_and_return,27.83333,151.298,-90.0,1,0
dodge_and_return_006,dodge_and_return,27.85,149.798,-90.0,1,0
dodge_and_return_006,dodge_and_return,27.86667,148.298,-90.0,1,0
dodge_and_return_006,dodge_and_return,27.88333,146.798,-90.0,1,0
dodge_and_return_006,dodge_and_return,27.9,145.298,-90.0,1,0
dodge_and_return_006,dodge_and_return,27.91667,143.798,-90.0,1,0
dodge_and_return_006,dodge_and_return,27.93333,142.298,-90.0,1,0
dodge_and_return_006,dodge_and_return,27.95,140.798,-90.0,1,0
dodge_and_return_006,dodge_and_return,27.96667,139.298,-90.0,1,0
dodge_and_return_006,dodge_and_return,27.98333,137.798,-90.0,1,0
dodge_and_return_006,dodge_and_return,28.0,136.298,-90.0,1,0
dodge_and_return_006,dodge_and_return,28.01667,134.798,-90.0,1,0
dodge_and_return_006,dodge_and_return,28.03333,133.298,-90.0,1,0
dodge_and_return_006,dodge_and_return,28.05,131.798,-90.0,1,0
dodge_and_return_006,dodge_and_return,28.06667,130.298,-90.0,1,0
dodge_and_return_006,dodge_and_return,28.08333,128.798,-90.0,1,0
dodge_and_return_006,dodge_and_return,28.1,127.298,-90.0,1,0
dodge_and_return_006,dodge_and_return,28.11667,125.798,-90.0,1,0
dodge_and_return_006,dodge_and_return,28.13333,124.298,-90.0,1,0
dodge_and_return_006,dodge_and_return,28.15,122.798,-90.0,1,0
dodge_and_return_006,dodge_and_return,28.16667,121.298,-90.0,1,0
dodge_and_return_006,dodge_and_return,28.18333,119.798,-90.0,1,0
dodge_and_return_006,dodge_and_return,28.2,118.298,-90.0,1,0
dodge_and_return_006,dodge_and_return,28.21667,116.798,-90.0,1,0
dodge_and_return_006,dodge_and_return,28.23333,115.298,-90.0,1,0
dodge_and_return_006,dodge_and_return,28.25,113.798,-90.0,1,0
dodge_and_return_006,dodge_and_return,28.26667,112.298,-90.0,1,0
dodge_and_return_006,dodge_and_return,28.28333,110.798,-90.0,1,0
dodge_and_return_006,dodge_and_return,28.3,109.298,-90.0,1,0
dodge_and_return_006,dodge_and_return,28.31667,107.798,-90.0,1,0
dodge_and_return_006,dodge_and_return,28.33333,106.298,-90.0,1,0
dodge_and_return_006,dodge_and_return,28.35,104.798,-90.0,0,0
dodge_and_return_006,dodge_and_return,28.36667,104.798,0.0,0,0
dodge_and_return_006,dodge_and_return,28.38333,104.798,0.0,0,0
dodge_and_return_006,dodge_and_return,28.4,104.798,0.0,0,0
dodge_and_return_006,dodge_and_return,28.41667,104.798,0.0,0,0
dodge_and_return_006,dodge_and_return,28.43333,104.798,0.0,0,0
dodge_and_return_006,dodge_and_return,28.45,104.798,0.0,0,0
dodge_and_return_006,dodge_and_return,28.46667,104.798,0.0,0,0
dodge_and_return_006,dodge_and_return,28.48333,104.798,0.0,0,0
dodge_and_return_006,dodge_and_return,28.5,104.798,0.0,0,0
dodge_and_return_006,dodge_and_return,28.51667,104.798,0.0,0,0
dodge_and_return_006,dodge_and_return,28.53333,104.798,0.0,0,0
dodge_and_return_006,dodge_and_return,28.55,104.798,0.0,0,0
dodge_and_return_006,dodge_and_return,28.56667,104.798,0.0,0,0
dodge_and_return_006,dodge_and_return,28.58333,104.798,0.0,0,0
dodge_and_return_006,dodge_and_return,28.6,104.798,0.0,0,0
dodge_and_return_006,dodge_and_return,28.61667,104.798,0.0,0,0
dodge_and_return_006,dodge_and_return,28.63333,104.798,0.0,0,0
dodge_and_return_006,dodge_and_return,28.65,104.798,0.0,0,0
dodge_and_return_006,dodge_and_return,28.66667,104.798,0.0,0,0
dodge_and_return_006,dodge_and_return,28.68333,104.798,0.0,0,0
dodge_and_return_006,dodge_and_return,28.7,104.798,0.0,0,0
dodge_and_return_006,dodge_and_return,28.71667,104.798,0.0,0,0
dodge_and_return_006,dodge_and_return,28.73333,104.798,0.0,0,0
dodge_and_return_006,dodge_and_return,28.75,104.798,0.0,0,0
dodge_and_return_006,dodge_and_return,28.76667,104.798,0.0,0,0
dodge_and_return_006,dodge_and_return,28.78333,104.798,0.0,0,0
dodge_and_return_006,dodge_and_return,28.8,104.798,0.0,0,0
dodge_and_return_006,dodge_and_return,28.81667,104.798,0.0,0,0
dodge_and_return_006,dodge_and_return,28.83333,104.798,0.0,0,0
dodge_and_return_006,dodge_and_return,28.85,104.798,0.0,0,0
dodge_and_return_006,dodge_and_return,28.86667,104.798,0.0,0,0
dodge_and_return_006,dodge_and_return,28.88333,104.798,0.0,0,0
dodge_and_return_006,dodge_and_return,28.9,104.798,0.0,0,0
dodge_and_return_006,dodge_and_return,28.91667,104.798,0.0,0,0
dodge_and_return_006,dodge_and_return,28.93333,104.798,0.0,0,0
dodge_and_return_006,dodge_and_return,28.95,104.798,0.0,0,0
dodge_and_return_006,dodge_and_return,28.96667,104.798,0.0,0,0
dodge_and_return_006,dodge_and_return,28.98333,104.798,0.0,0,0
dodge_and_return_006,dodge_and_return,29.0,104.798,0.0,0,0
dodge_and_return_006,dodge_and_return,29.01667,104.798,0.0,0,0
dodge_and_return_006,dodge_and_return,29.03333,104.798,0.0,0,0
dodge_and_return_006,dodge_and_return,29.05,104.798,0.0,0,0
dodge_and_return_006,dodge_and_return,29.06667,104.798,0.0,0,0
dodge_and_return_006,dodge_and_return,29.08333,104.798,0.0,0,0
