session_id,pattern,t,x,vx,input_left,input_right
dodge_and_return_004,dodge_and_return,0.0,47.442,0.0,0,1
dodge_and_return_004,dodge_and_return,0.01667,48.942,90.0,0,1
dodge_and_return_004,dodge_and_return,0.03333,50.442,90.0,0,1
dodge_and_return_004,dodge_and_return,0.05,51.942,90.0,0,1
dodge_and_return_004,dodge_and_return,0.06667,53.442,90.0,0,1
dodge_and_return_004,dodge_and_return,0.08333,54.942,90.0,0,1
dodge_and_return_004,dodge_and_return,0.1,56.442,90.0,0,1
dodge_and_return_004,dodge_and_return,0.11667,57.942,90.0,0,1
dodge_and_return_004,dodge_and_return,0.13333,59.442,90.0,0,1
dodge_and_return_004,dodge_and_return,0.15,60.942,90.0,0,1
dodge_and_return_004,dodge_and_return,0.16667,62.442,90.0,0,1
dodge_and_return_004,dodge_and_return,0.18333,63.942,90.0,0,1
dodge_and_return_004,dodge_and_return,0.2,65.442,90.0,0,1
dodge_and_return_004,dodge_and_return,0.21667,66.942,90.0,0,1
dodge_and_return_004,dodge_and_return,0.23333,68.442,90.0,0,1
dodge_and_return_004,dodge_and_return,0.25,69.942,90.0,0,1
dodge_and_return_004,dodge_and_return,0.26667,71.442,90.0,0,1
dodge_and_return_004,dodge_and_return,0.28333,72.942,90.0,0,1
dodge_and_return_004,dodge_and_return,0.3,74.442,90.0,0,1
dodge_and_return_004,dodge_and_return,0.31667,75.942,90.0,0,1
dodge_and_return_004,dodge_and_return,0.33333,77.442,90.0,0,1
dodge_and_return_004,dodge_and_return,0.35,78.942,90.0,0,1
dodge_and_return_004,dodge_and_return,0.36667,80.442,90.0,0,1
dodge_and_return_004,dodge_and_return,0.38333,81.942,90.0,0,1
dodge_and_return_004,dodge_and_return,0.4,83.442,90.0,0,1
dodge_and_return_004,dodge_and_return,0.41667,84.942,90.0,0,1
dodge_and_return_004,dodge_and_return,0.43333,86.442,90.0,0,1
dodge_and_return_004,dodge_and_return,0.45,87.942,90.0,0,1
dodge_and_return_004,dodge_and_return,0.46667,89.442,90.0,0,1
dodge_and_return_004,dodge_and_return,0.48333,90.942,90.0,0,1
dodge_and_return_004,dodge_and_return,0.5,92.442,90.0,0,1
dodge_and_return_004,dodge_and_return,0.51667,93.942,90.0,0,1
dodge_and_return_004,dodge_and_return,0.53333,95.442,90.0,0,1
dodge_and_return_004,dodge_and_return,0.55,96.942,90.0,0,1
dodge_and_return_004,dodge_and_return,0.56667,98.442,90.0,0,0
dodge_and_return_004,dodge_and_return,0.58333,98.442,0.0,0,0
dodge_and_return_004,dodge_and_return,0.6,98.442,0.0,0,0
dodge_and_return_004,dodge_and_return,0.61667,98.442,0.0,0,0
dodge_and_return_004,dodge_and_return,0.63333,98.442,0.0,0,0
dodge_and_return_004,dodge_and_return,0.65,98.442,0.0,0,0
dodge_and_return_004,dodge_and_return,0.66667,98.442,0.0,0,0
dodge_and_return_004,dodge_and_return,0.68333,98.442,0.0,0,0
dodge_and_return_004,dodge_and_return,0.7,98.442,0.0,0,0
dodge_and_return_004,dodge_and_return,0.71667,98.442,0.0,0,0
dodge_and_return_004,dodge_and_return,0.73333,98.442,0.0,0,0
dodge_and_return_004,dodge_and_return,0.75,98.442,0.0,0,0
dodge_and_return_004,dodge_and_return,0.76667,98.442,0.0,0,0
dodge_and_return_004,dodge_and_return,0.78333,98.442,0.0,0,0
dodge_and_return_004,dodge_and_return,0.8,98.442,0.0,0,0
dodge_and_return_004,dodge_and_return,0.81667,98.442,0.0,0,0
dodge_and_return_004,dodge_and_return,0.83333,98.442,0.0,0,0
dodge_and_return_004,dodge_and_return,0.85,98.442,0.0,0,0
dodge_and_return_004,dodge_and_return,0.86667,98.442,0.0,0,0
dodge_and_return_004,dodge_and_return,0.88333,98.442,0.0,0,0
dodge_and_return_004,dodge_and_return,0.9,98.442,0.0,0,0
dodge_and_return_004,dodge_and_return,0.91667,98.442,0.0,0,0
dodge_and_return_004,dodge_and_return,0.93333,98.442,0.0,0,0
dodge_and_return_004,dodge_and_return,0.95,98.442,0.0,0,0
dodge_and_return_004,dodge_and_return,0.96667,98.442,0.0,0,0
dodge_and_return_004,dodge_and_return,0.98333,98.442,0.0,0,0
dodge_and_return_004,dodge_and_return,1.0,98.442,0.0,0,0
dodge_and_return_004,dodge_and_return,1.01667,98.442,0.0,0,0
dodge_and_return_004,dodge_and_return,1.03333,98.442,0.0,0,0
dodge_and_return_004,dodge_and_return,1.05,98.442,0.0,0,0
dodge_and_return_004,dodge_and_return,1.06667,98.442,0.0,0,0
dodge_and_return_004,dodge_and_return,1.08333,98.442,0.0,0,0
dodge_and_return_004,dodge_and_return,1.1,98.442,0.0,0,0
dodge_and_return_004,dodge_and_return,1.11667,98.442,0.0,0,0
dodge_and_return_004,dodge_and_return,1.13333,98.442,0.0,0,0
dodge_and_return_004,dodge_and_return,1.15,98.442,0.0,0,0
dodge_and_return_004,dodge_and_return,1.16667,98.442,0.0,0,0
dodge_and_return_004,dodge_and_return,1.18333,98.442,0.0,0,0
dodge_and_return_004,dodge_and_return,1.2,98.442,0.0,0,0
dodge_and_return_004,dodge_and_return,1.21667,98.442,0.0,0,0
dodge_and_return_004,dodge_and_return,1.23333,98.442,0.0,0,0
dodge_and_return_004,dodge_and_return,1.25,98.442,0.0,0,0
dodge_and_return_004,dodge_and_return,1.26667,98.442,0.0,0,0
dodge_and_return_004,dodge_and_return,1.28333,98.442,0.0,0,0
dodge_and_return_004,dodge_and_return,1.3,98.442,0.0,0,0
dodge_and_return_004,dodge_and_return,1.31667,98.442,0.0,0,0
dodge_and_return_004,dodge_and_return,1.33333,98.442,0.0,0,0
dodge_and_return_004,dodge_and_return,1.35,98.442,0.0,0,0
dodge_and_return_004,dodge_and_return,1.36667,98.442,0.0,0,0
dodge_and_return_004,dodge_and_return,1.38333,98.442,0.0,0,0
dodge_and_return_004,dodge_and_return,1.4,98.442,0.0,0,0
dodge_and_return_004,dodge_and_return,1.41667,98.442,0.0,0,0
dodge_and_return_004,dodge_and_return,1.43333,98.442,0.0,0,0
dodge_and_return_004,dodge_and_return,1.45,98.442,0.0,0,0
dodge_and_return_004,dodge_and_return,1.46667,98.442,0.0,0,0
dodge_and_return_004,dodge_and_return,1.48333,98.442,0.0,0,0
dodge_and_return_004,dodge_and_return,1.5,98.442,0.0,0,0
dodge_and_return_004,dodge_and_return,1.51667,98.442,0.0,0,0
dodge_and_return_004,dodge_and_return,1.53333,98.442,0.0,0,0
dodge_and_return_004,dodge_and_return,1.55,98.442,0.0,0,0
dodge_and_return_004,dodge_and_return,1.56667,98.442,0.0,0,0
dodge_and_return_004,dodge_and_return,1.58333,98.442,0.0,0,0
dodge_and_return_004,dodge_and_return,1.6,98.442,0.0,0,0
dodge_and_return_004,dodge_and_return,1.61667,98.442,0.0,0,0
dodge_and_return_004,dodge_and_return,1.63333,98.442,0.0,0,0
dodge_and_return_004,dodge_and_return,1.65,98.442,0.0,0,0
dodge_and_return_004,dodge_and_return,1.66667,98.442,0.0,0,0
dodge_and_return_004,dodge_and_return,1.68333,98.442,0.0,0,0
dodge_and_return_004,dodge_and_return,1.7,98.442,0.0,0,0
dodge_and_return_004,dodge_and_return,1.71667,98.442,0.0,0,0
dodge_and_return_004,dodge_and_return,1.73333,98.442,0.0,0,0
dodge_and_return_004,dodge_and_return,1.75,98.442,0.0,0,0
dodge_and_return_004,dodge_and_return,1.76667,98.442,0.0,0,0
dodge_and_return_004,dodge_and_return,1.78333,98.442,0.0,0,0
dodge_and_return_004,dodge_and_return,1.8,98.442,0.0,0,0
dodge_and_return_004,dodge_and_return,1.81667,98.442,0.0,0,0
dodge_and_return_004,dodge_and_return,1.83333,98.442,0.0,0,0
dodge_and_return_004,dodge_and_return,1.85,98.442,0.0,0,0
dodge_and_return_004,dodge_and_return,1.86667,98.442,0.0,0,0
dodge_and_return_004,dodge_and_return,1.88333,98.442,0.0,0,0
dodge_and_return_004,dodge_and_return,1.9,98.442,0.0,0,0
dodge_and_return_004,dodge_and_return,1.91667,98.442,0.0,0,0
dodge_and_return_004,dodge_and_return,1.93333,98.442,0.0,0,0
dodge_and_return_004,dodge_and_return,1.95,98.442,0.0,0,0
dodge_and_return_004,dodge_and_return,1.96667,98.442,0.0,0,0
dodge_and_return_004,dodge_and_return,1.98333,98.442,0.0,0,0
dodge_and_return_004,dodge_and_return,2.0,98.442,0.0,0,0
dodge_and_return_004,dodge_and_return,2.01667,98.442,0.0,0,0
dodge_and_return_004,dodge_and_return,2.03333,98.442,0.0,0,0
dodge_and_return_004,dodge_and_return,2.05,98.442,0.0,0,0
dodge_and_return_004,dodge_and_return,2.06667,98.442,0.0,0,0
dodge_and_return_004,dodge_and_return,2.08333,98.442,0.0,0,0
dodge_and_return_004,dodge_and_return,2.1,98.442,0.0,0,0
dodge_and_return_004,dodge_and_return,2.11667,98.442,0.0,1,0
dodge_and_return_004,dodge_and_return,2.13333,96.942,-90.0,1,0
dodge_and_return_004,dodge_and_return,2.15,95.442,-90.0,1,0
dodge_and_return_004,dodge_and_return,2.16667,93.942,-90.0,1,0
dodge_and_return_004,dodge_and_return,2.18333,92.442,-90.0,1,0
dodge_and_return_004,dodge_and_return,2.2,90.942,-90.0,1,0
dodge_and_return_004,dodge_and_return,2.21667,89.442,-90.0,1,0
dodge_and_return_004,dodge_and_return,2.23333,87.942,-90.0,1,0
dodge_and_return_004,dodge_and_return,2.25,86.442,-90.0,1,0
dodge_and_return_004,dodge_and_return,2.26667,84.942,-90.0,1,0
dodge_and_return_004,dodge_and_return,2.28333,83.442,-90.0,1,0
dodge_and_return_004,dodge_and_return,2.3,81.942,-90.0,1,0
dodge_and_return_004,dodge_and_return,2.31667,80.442,-90.0,1,0
dodge_and_return_004,dodge_and_return,2.33333,78.942,-90.0,1,0
dodge_and_return_004,dodge_and_return,2.35,77.442,-90.0,1,0
dodge_and_return_004,dodge_and_return,2.36667,75.942,-90.0,1,0
dodge_and_return_004,dodge_and_return,2.38333,74.442,-90.0,1,0
dodge_and_return_004,dodge_and_return,2.4,72.942,-90.0,1,0
dodge_and_return_004,dodge_and_return,2.41667,71.442,-90.0,1,0
dodge_and_return_004,dodge_and_return,2.43333,69.942,-90.0,1,0
dodge_and_return_004,dodge_and_return,2.45,68.442,-90.0,1,0
dodge_and_return_004,dodge_and_return,2.46667,66.942,-90.0,1,0
dodge_and_return_004,dodge_and_return,2.48333,65.442,-90.0,1,0
dodge_and_return_004,dodge_and_return,2.5,63.942,-90.0,1,0
dodge_and_return_004,dodge_and_return,2.51667,62.442,-90.0,1,0
dodge_and_return_004,dodge_and_return,2.53333,60.942,-90.0,0,1
dodge_and_return_004,dodge_and_return,2.55,62.442,90.0,0,1
dodge_and_return_004,dodge_and_return,2.56667,63.942,90.0,0,1
dodge_and_return_004,dodge_and_return,2.58333,65.442,90.0,0,1
dodge_and_return_004,dodge_and_return,2.6,66.942,90.0,0,1
dodge_and_return_004,dodge_and_return,2.61667,68.442,90.0,0,1
dodge_and_return_004,dodge_and_return,2.63333,69.942,90.0,0,1
dodge_and_return_004,dodge_and_return,2.65,71.442,90.0,0,1
dodge_and_return_004,dodge_and_return,2.66667,72.942,90.0,0,1
dodge_and_return_004,dodge_and_return,2.68333,74.442,90.0,0,1
dodge_and_return_004,dodge_and_return,2.7,75.942,90.0,0,1
dodge_and_return_004,dodge_and_return,2.71667,77.442,90.0,0,1
dodge_and_return_004,dodge_and_return,2.73333,78.942,90.0,0,1
dodge_and_return_004,dodge_and_return,2.75,80.442,90.0,0,1
dodge_and_return_004,dodge_and_return,2.76667,81.942,90.0,0,1
dodge_and_return_004,dodge_and_return,2.78333,83.442,90.0,0,1
dodge_and_return_004,dodge_and_return,2.8,84.942,90.0,0,1
dodge_and_return_004,dodge_and_return,2.81667,86.442,90.0,0,1
dodge_and_return_004,dodge_and_return,2.83333,87.942,90.0,0,1
dodge_and_return_004,dodge_and_return,2.85,89.442,90.0,0,1
dodge_and_return_004,dodge_and_return,2.86667,90.942,90.0,0,1
dodge_and_return_004,dodge_and_return,2.88333,92.442,90.0,0,1
dodge_and_return_004,dodge_and_return,2.9,93.942,90.0,0,1
dodge_and_return_004,dodge_and_return,2.91667,95.442,90.0,0,1
dodge_and_return_004,dodge_and_return,2.93333,96.942,90.0,0,1
dodge_and_return_004,dodge_and_return,2.95,98.442,90.0,0,0
dodge_and_return_004,dodge_and_return,2.96667,98.442,0.0,0,0
dodge_and_return_004,dodge_and_return,2.98333,98.442,0.0,0,0
dodge_and_return_004,dodge_and_return,3.0,98.442,0.0,0,0
dodge_and_return_004,dodge_and_return,3.01667,98.442,0.0,0,0
dodge_and_return_004,dodge_and_return,3.03333,98.442,0.0,0,0
dodge_and_return_004,dodge_and_return,3.05,98.442,0.0,0,0
dodge_and_return_004,dodge_and_return,3.06667,98.442,0.0,0,0
dodge_and_return_004,dodge_and_return,3.08333,98.442,0.0,0,0
dodge_and_return_004,dodge_and_return,3.1,98.442,0.0,0,0
dodge_and_return_004,dodge_and_return,3.11667,98.442,0.0,0,0
dodge_and_return_004,dodge_and_return,3.13333,98.442,0.0,0,0
dodge_and_return_004,dodge_and_return,3.15,98.442,0.0,0,0
dodge_and_return_004,dodge_and_return,3.16667,98.442,0.0,0,0
dodge_and_return_004,dodge_and_return,3.18333,98.442,0.0,0,0
dodge_and_return_004,dodge_and_return,3.2,98.442,0.0,0,0
dodge_and_return_004,dodge_and_return,3.21667,98.442,0.0,0,0
dodge_and_return_004,dodge_and_return,3.23333,98.442,0.0,0,0
dodge_and_return_004,dodge_and_return,3.25,98.442,0.0,0,0
dodge_and_return_004,dodge_and_return,3.26667,98.442,0.0,0,0
dodge_and_return_004,dodge_and_return,3.28333,98.442,0.0,0,0
dodge_and_return_004,dodge_and_return,3.3,98.442,0.0,0,0
dodge_and_return_004,dodge_and_return,3.31667,98.442,0.0,0,0
dodge_and_return_004,dodge_and_return,3.33333,98.442,0.0,0,0
dodge_and_return_004,dodge_and_return,3.35,98.442,0.0,0,0
dodge_and_return_004,dodge_and_return,3.36667,98.442,0.0,0,0
dodge_and_return_004,dodge_and_return,3.38333,98.442,0.0,0,0
dodge_and_return_004,dodge_and_return,3.4,98.442,0.0,0,0
dodge_and_return_004,dodge_and_return,3.41667,98.442,0.0,0,0
dodge_and_return_004,dodge_and_return,3.43333,98.442,0.0,0,0
dodge_and_return_004,dodge_and_return,3.45,98.442,0.0,0,0
dodge_and_return_004,dodge_and_return,3.46667,98.442,0.0,0,0
dodge_and_return_004,dodge_and_return,3.48333,98.442,0.0,0,0
dodge_and_return_004,dodge_and_return,3.5,98.442,0.0,0,0
dodge_and_return_004,dodge_and_return,3.51667,98.442,0.0,0,0
dodge_and_return_004,dodge_and_return,3.53333,98.442,0.0,0,0
dodge_and_return_004,dodge_and_return,3.55,98.442,0.0,0,0
dodge_and_return_004,dodge_and_return,3.56667,98.442,0.0,0,0
dodge_and_return_004,dodge_and_return,3.58333,98.442,0.0,0,0
dodge_and_return_004,dodge_and_return,3.6,98.442,0.0,0,0
dodge_and_return_004,dodge_and_return,3.61667,98.442,0.0,0,0
dodge_and_return_004,dodge_and_return,3.63333,98.442,0.0,0,0
dodge_and_return_004,dodge_and_return,3.65,98.442,0.0,0,0
dodge_and_return_004,dodge_and_return,3.66667,98.442,0.0,0,0
dodge_and_return_004,dodge_and_return,3.68333,98.442,0.0,0,0
dodge_and_return_004,dodge_and_return,3.7,98.442,0.0,0,0
dodge_and_return_004,dodge_and_return,3.71667,98.442,0.0,0,0
dodge_and_return_004,dodge_and_return,3.73333,98.442,0.0,0,0
dodge_and_return_004,dodge_and_return,3.75,98.442,0.0,0,0
dodge_and_return_004,dodge_and_return,3.76667,98.442,0.0,0,0
dodge_and_return_004,dodge_and_return,3.78333,98.442,0.0,0,0
dodge_and_return_004,dodge_and_return,3.8,98.442,0.0,0,0
dodge_and_return_004,dodge_and_return,3.81667,98.442,0.0,0,0
dodge_and_return_004,dodge_and_return,3.83333,98.442,0.0,0,0
dodge_and_return_004,dodge_and_return,3.85,98.442,0.0,0,0
dodge_and_return_004,dodge_and_return,3.86667,98.442,0.0,0,0
dodge_and_return_004,dodge_and_return,3.88333,98.442,0.0,0,0
dodge_and_return_004,dodge_and_return,3.9,98.442,0.0,0,0
dodge_and_return_004,dodge_and_return,3.91667,98.442,0.0,0,0
dodge_and_return_004,dodge_and_return,3.93333,98.442,0.0,0,0
dodge_and_return_004,dodge_and_return,3.95,98.442,0.0,0,0
dodge_and_return_004,dodge_and_return,3.96667,98.442,0.0,0,0
dodge_and_return_004,dodge_and_return,3.98333,98.442,0.0,0,0
dodge_and_return_004,dodge_and_return,4.0,98.442,0.0,0,0
dodge_and_return_004,dodge_and_return,4.01667,98.442,0.0,0,0
dodge_and_return_004,dodge_and_return,4.03333,98.442,0.0,0,0
dodge_and_return_004,dodge_and_return,4.05,98.442,0.0,0,0
dodge_and_return_004,dodge_and_return,4.06667,98.442,0.0,0,0
dodge_and_return_004,dodge_and_return,4.08333,98.442,0.0,0,0
dodge_and_return_004,dodge_and_return,4.1,98.442,0.0,0,0
dodge_and_return_004,dodge_and_return,4.11667,98.442,0.0,0,0
dodge_and_return_004,dodge_and_return,4.13333,98.442,0.0,0,0
dodge_and_return_004,dodge_and_return,4.15,98.442,0.0,0,0
dodge_and_return_004,dodge_and_return,4.16667,98.442,0.0,0,0
dodge_and_return_004,dodge_and_return,4.18333,98.442,0.0,0,0
dodge_and_return_004,dodge_and_return,4.2,98.442,0.0,0,0
dodge_and_return_004,dodge_and_return,4.21667,98.442,0.0,0,0
dodge_and_return_004,dodge_and_return,4.23333,98.442,0.0,0,0
dodge_and_return_004,dodge_and_return,4.25,98.442,0.0,0,0
dodge_and_return_004,dodge_and_return,4.26667,98.442,0.0,0,0
dodge_and_return_004,dodge_and_return,4.28333,98.442,0.0,0,0
dodge_and_return_004,dodge_and_return,4.3,98.442,0.0,0,0
dodge_and_return_004,dodge_and_return,4.31667,98.442,0.0,0,0
dodge_and_return_004,dodge_and_return,4.33333,98.442,0.0,0,0
dodge_and_return_004,dodge_and_return,4.35,98.442,0.0,0,0
dodge_and_return_004,dodge_and_return,4.36667,98.442,0.0,0,0
dodge_and_return_004,dodge_and_return,4.38333,98.442,0.0,0,0
dodge_and_return_004,dodge_and_return,4.4,98.442,0.0,0,0
dodge_and_return_004,dodge_and_return,4.41667,98.442,0.0,0,0
dodge_and_return_004,dodge_and_return,4.43333,98.442,0.0,0,0
dodge_and_return_004,dodge_and_return,4.45,98.442,0.0,0,0
dodge_and_return_004,dodge_and_return,4.46667,98.442,0.0,0,0
dodge_and_return_004,dodge_and_return,4.48333,98.442,0.0,0,0
dodge_and_return_004,dodge_and_return,4.5,98.442,0.0,0,0
dodge_and_return_004,dodge_and_return,4.51667,98.442,0.0,0,0
dodge_and_return_004,dodge_and_return,4.53333,98.442,0.0,0,0
dodge_and_return_004,dodge_and_return,4.55,98.442,0.0,0,0
dodge_and_return_004,dodge_and_return,4.56667,98.442,0.0,0,0
dodge_and_return_004,dodge_and_return,4.58333,98.442,0.0,0,0
dodge_and_return_004,dodge_and_return,4.6,98.442,0.0,0,0
dodge_and_return_004,dodge_and_return,4.61667,98.442,0.0,0,0
dodge_and_return_004,dodge_and_return,4.63333,98.442,0.0,0,0
dodge_and_return_004,dodge_and_return,4.65,98.442,0.0,0,0
dodge_and_return_004,dodge_and_return,4.66667,98.442,0.0,0,0
dodge_and_return_004,dodge_and_return,4.68333,98.442,0.0,0,0
dodge_and_return_004,dodge_and_return,4.7,98.442,0.0,0,0
dodge_and_return_004,dodge_and_return,4.71667,98.442,0.0,0,0
dodge_and_return_004,dodge_and_return,4.73333,98.442,0.0,0,0
dodge_and_return_004,dodge_and_return,4.75,98.442,0.0,0,0
dodge_and_return_004,dodge_and_return,4.76667,98.442,0.0,0,0
dodge_and_return_004,dodge_and_return,4.78333,98.442,0.0,0,0
dodge_and_return_004,dodge_and_return,4.8,98.442,0.0,0,0
dodge_and_return_004,dodge_and_return,4.81667,98.442,0.0,0,0
dodge_and_return_004,dodge_and_return,4.83333,98.442,0.0,0,0
dodge_and_return_004,dodge_and_return,4.85,98.442,0.0,0,0
dodge_and_return_004,dodge_and_return,4.86667,98.442,0.0,0,0
dodge_and_return_004,dodge_and_return,4.88333,98.442,0.0,0,0
dodge_and_return_004,dodge_and_return,4.9,98.442,0.0,0,0
dodge_and_return_004,dodge_and_return,4.91667,98.442,0.0,0,0
dodge_and_return_004,dodge_and_return,4.93333,98.442,0.0,0,0
dodge_and_return_004,dodge_and_return,4.95,98.442,0.0,0,0
dodge_and_return_004,dodge_and_return,4.96667,98.442,0.0,0,0
dodge_and_return_004,dodge_and_return,4.98333,98.442,0.0,0,0
dodge_and_return_004,dodge_and_return,5.0,98.442,0.0,0,0
dodge_and_return_004,dodge_and_return,5.01667,98.442,0.0,0,0
dodge_and_return_004,dodge_and_return,5.03333,98.442,0.0,0,0
dodge_and_return_004,dodge_and_return,5.05,98.442,0.0,0,0
dodge_and_return_004,dodge_and_return,5.06667,98.442,0.0,0,0
dodge_and_return_004,dodge_and_return,5.08333,98.442,0.0,0,0
dodge_and_return_004,dodge_and_return,5.1,98.442,0.0,0,0
dodge_and_return_004,dodge_and_return,5.11667,98.442,0.0,0,0
dodge_and_return_004,dodge_and_return,5.13333,98.442,0.0,0,0
dodge_and_return_004,dodge_and_return,5.15,98.442,0.0,0,0
dodge_and_return_004,dodge_and_return,5.16667,98.442,0.0,0,0
dodge_and_return_004,dodge_and_return,5.18333,98.442,0.0,0,0
dodge_and_return_004,dodge_and_return,5.2,98.442,0.0,0,0
dodge_and_return_004,dodge_and_return,5.21667,98.442,0.0,0,0
dodge_and_return_004,dodge_and_return,5.23333,98.442,0.0,0,0
dodge_and_return_004,dodge_and_return,5.25,98.442,0.0,0,0
dodge_and_return_004,dodge_and_return,5.26667,98.442,0.0,0,0
dodge_and_return_004,dodge_and_return,5.28333,98.442,0.0,0,0
dodge_and_return_004,dodge_and_return,5.3,98.442,0.0,0,0
dodge_and_return_004,dodge_and_return,5.31667,98.442,0.0,0,0
dodge_and_return_004,dodge_and_return,5.33333,98.442,0.0,0,0
dodge_and_return_004,dodge_and_return,5.35,98.442,0.0,0,0
dodge_and_return_004,dodge_and_return,5.36667,98.442,0.0,0,0
dodge_and_return_004,dodge_and_return,5.38333,98.442,0.0,0,0
dodge_and_return_004,dodge_and_return,5.4,98.442,0.0,0,0
dodge_and_return_004,dodge_and_return,5.41667,98.442,0.0,0,0
dodge_and_return_004,dodge_and_return,5.43333,98.442,0.0,0,0
dodge_and_return_004,dodge_and_return,5.45,98.442,0.0,0,0
dodge_and_return_004,dodge_and_return,5.46667,98.442,0.0,0,0
dodge_and_return_004,dodge_and_return,5.48333,98.442,0.0,0,0
dodge_and_return_004,dodge_and_return,5.5,98.442,0.0,0,0
dodge_and_return_004,dodge_and_return,5.51667,98.442,0.0,0,0
dodge_and_return_004,dodge_and_return,5.53333,98.442,0.0,0,0
dodge_and_return_004,dodge_and_return,5.55,98.442,0.0,0,0
dodge_and_return_004,dodge_and_return,5.56667,98.442,0.0,0,0
dodge_and_return_004,dodge_and_return,5.58333,98.442,0.0,0,0
dodge_and_return_004,dodge_and_return,5.6,98.442,0.0,0,0
dodge_and_return_004,dodge_and_return,5.61667,98.442,0.0,1,0
dodge_and_return_004,dodge_and_return,5.63333,96.942,-90.0,1,0
dodge_and_return_004,dodge_and_return,5.65,95.442,-90.0,1,0
dodge_and_return_004,dodge_and_return,5.66667,93.942,-90.0,1,0
dodge_and_return_004,dodge_and_return,5.68333,92.442,-90.0,1,0
dodge_and_return_004,dodge_and_return,5.7,90.942,-90.0,1,0
dodge_and_return_004,dodge_and_return,5.71667,89.442,-90.0,1,0
dodge_and_return_004,dodge_and_return,5.73333,87.942,-90.0,1,0
dodge_and_return_004,dodge_and_return,5.75,86.442,-90.0,1,0
dodge_and_return_004,dodge_and_return,5.76667,84.942,-90.0,1,0
dodge_and_return_004,dodge_and_return,5.78333,83.442,-90.0,1,0
dodge_and_return_004,dodge_and_return,5.8,81.942,-90.0,1,0
dodge_and_return_004,dodge_and_return,5.81667,80.442,-90.0,1,0
dodge_and_return_004,dodge_and_return,5.83333,78.942,-90.0,1,0
dodge_and_return_004,dodge_and_return,5.85,77.442,-90.0,1,0
dodge_and_return_004,dodge_and_return,5.86667,75.942,-90.0,1,0
dodge_and_return_004,dodge_and_return,5.88333,74.442,-90.0,1,0
dodge_and_return_004,dodge_and_return,5.9,72.942,-90.0,1,0
dodge_and_return_004,dodge_and_return,5.91667,71.442,-90.0,1,0
dodge_and_return_004,dodge_and_return,5.93333,69.942,-90.0,1,0
dodge_and_return_004,dodge_and_return,5.95,68.442,-90.0,1,0
dodge_and_return_004,dodge_and_return,5.96667,66.942,-90.0,1,0
dodge_and_return_004,dodge_and_return,5.98333,65.442,-90.0,1,0
dodge_and_return_004,dodge_and_return,6.0,63.942,-90.0,1,0
dodge_and_return_004,dodge_and_return,6.01667,62.442,-90.0,1,0
dodge_and_return_004,dodge_and_return,6.03333,60.942,-90.0,1,0
dodge_and_return_004,dodge_and_return,6.05,59.442,-90.0,1,0
dodge_and_return_004,dodge_and_return,6.06667,57.942,-90.0,1,0
dodge_and_return_004,dodge_and_return,6.08333,56.442,-90.0,1,0
dodge_and_return_004,dodge_and_return,6.1,54.942,-90.0,1,0
dodge_and_return_004,dodge_and_return,6.11667,53.442,-90.0,0,1
dodge_and_return_004,dodge_and_return,6.13333,54.942,90.0,0,1
dodge_and_return_004,dodge_and_return,6.15,56.442,90.0,0,1
dodge_and_return_004,dodge_and_return,6.16667,57.942,90.0,0,1
dodge_and_return_004,dodge_and_return,6.18333,59.442,90.0,0,1
dodge_and_return_004,dodge_and_return,6.2,60.942,90.0,0,1
dodge_and_return_004,dodge_and_return,6.21667,62.442,90.0,0,1
dodge_and_return_004,dodge_and_return,6.23333,63.942,90.0,0,1
dodge_and_return_004,dodge_and_return,6.25,65.442,90.0,0,1
dodge_and_return_004,dodge_and_return,6.26667,66.942,90.0,0,1
dodge_and_return_004,dodge_and_return,6.28333,68.442,90.0,0,1
dodge_and_return_004,dodge_and_return,6.3,69.942,90.0,0,1
dodge_and_return_004,dodge_and_return,6.31667,71.442,90.0,0,1
dodge_and_return_004,dodge_and_return,6.33333,72.942,90.0,0,1
dodge_and_return_004,dodge_and_return,6.35,74.442,90.0,0,1
dodge_and_return_004,dodge_and_return,6.36667,75.942,90.0,0,1
dodge_and_return_004,dodge_and_return,6.38333,77.442,90.0,0,1
dodge_and_return_004,dodge_and_return,6.4,78.942,90.0,0,1
dodge_and_return_004,dodge_and_return,6.41667,80.442,90.0,0,1
dodge_and_return_004,dodge_and_return,6.43333,81.942,90.0,0,1
dodge_and_return_004,dodge_and_return,6.45,83.442,90.0,0,1
dodge_and_return_004,dodge_and_return,6.46667,84.942,90.0,0,1
dodge_and_return_004,dodge_and_return,6.48333,86.442,90.0,0,1
dodge_and_return_004,dodge_and_return,6.5,87.942,90.0,0,1
dodge_and_return_004,dodge_and_return,6.51667,89.442,90.0,0,1
dodge_and_return_004,dodge_and_return,6.53333,90.942,90.0,0,1
dodge_and_return_004,dodge_and_return,6.55,92.442,90.0,0,1
dodge_and_return_004,dodge_and_return,6.56667,93.942,90.0,0,1
dodge_and_return_004,dodge_and_return,6.58333,95.442,90.0,0,1
dodge_and_return_004,dodge_and_return,6.6,96.942,90.0,0,1
dodge_and_return_004,dodge_and_return,6.61667,98.442,90.0,0,0
dodge_and_return_004,dodge_and_return,6.63333,98.442,0.0,0,0
dodge_and_return_004,dodge_and_return,6.65,98.442,0.0,0,0
dodge_and_return_004,dodge_and_return,6.66667,98.442,0.0,0,0
dodge_and_return_004,dodge_and_return,6.68333,98.442,0.0,0,0
dodge_and_return_004,dodge_and_return,6.7,98.442,0.0,0,0
dodge_and_return_004,dodge_and_return,6.71667,98.442,0.0,0,0
dodge_and_return_004,dodge_and_return,6.73333,98.442,0.0,0,0
dodge_and_return_004,dodge_and_return,6.75,98.442,0.0,0,0
dodge_and_return_004,dodge_and_return,6.76667,98.442,0.0,0,0
dodge_and_return_004,dodge_and_return,6.78333,98.442,0.0,0,0
dodge_and_return_004,dodge_and_return,6.8,98.442,0.0,0,0
dodge_and_return_004,dodge_and_return,6.81667,98.442,0.0,0,0
dodge_and_return_004,dodge_and_return,6.83333,98.442,0.0,0,0
dodge_and_return_004,dodge_and_return,6.85,98.442,0.0,0,0
dodge_and_return_004,dodge_and_return,6.86667,98.442,0.0,0,0
dodge_and_return_004,dodge_and_return,6.88333,98.442,0.0,0,0
dodge_and_return_004,dodge_and_return,6.9,98.442,0.0,0,0
dodge_and_return_004,dodge_and_return,6.91667,98.442,0.0,0,0
dodge_and_return_004,dodge_and_return,6.93333,98.442,0.0,0,0
dodge_and_return_004,dodge_and_return,6.95,98.442,0.0,0,0
dodge_and_return_004,dodge_and_return,6.96667,98.442,0.0,0,0
dodge_and_return_004,dodge_and_return,6.98333,98.442,0.0,0,0
dodge_and_return_004,dodge_and_return,7.0,98.442,0.0,0,0
dodge_and_return_004,dodge_and_return,7.01667,98.442,0.0,0,0
dodge_and_return_004,dodge_and_return,7.03333,98.442,0.0,0,0
dodge_and_return_004,dodge_and_return,7.05,98.442,0.0,0,0
dodge_and_return_004,dodge_and_return,7.06667,98.442,0.0,0,0
dodge_and_return_004,dodge_and_return,7.08333,98.442,0.0,0,0
dodge_and_return_004,dodge_and_return,7.1,98.442,0.0,0,0
dodge_and_return_004,dodge_and_return,7.11667,98.442,0.0,0,0
dodge_and_return_004,dodge_and_return,7.13333,98.442,0.0,0,0
dodge_and_return_004,dodge_and_return,7.15,98.442,0.0,0,0
dodge_and_return_004,dodge_and_return,7.16667,98.442,0.0,0,0
dodge_and_return_004,dodge_and_return,7.18333,98.442,0.0,0,0
dodge_and_return_004,dodge_and_return,7.2,98.442,0.0,0,0
dodge_and_return_004,dodge_and_return,7.21667,98.442,0.0,0,0
dodge_and_return_004,dodge_and_return,7.23333,98.442,0.0,0,0
dodge_and_return_004,dodge_and_return,7.25,98.442,0.0,0,0
dodge_and_return_004,dodge_and_return,7.26667,98.442,0.0,0,0
dodge_and_return_004,dodge_and_return,7.28333,98.442,0.0,0,0
dodge_and_return_004,dodge_and_return,7.3,98.442,0.0,0,0
dodge_and_return_004,dodge_and_return,7.31667,98.442,0.0,0,0
dodge_and_return_004,dodge_and_return,7.33333,98.442,0.0,0,0
dodge_and_return_004,dodge_and_return,7.35,98.442,0.0,0,0
dodge_and_return_004,dodge_and_return,7.36667,98.442,0.0,0,0
dodge_and_return_004,dodge_and_return,7.38333,98.442,0.0,0,0
dodge_and_return_004,dodge_and_return,7.4,98.442,0.0,0,0
dodge_and_return_004,dodge_and_return,7.41667,98.442,0.0,0,0
dodge_and_return_004,dodge_and_return,7.43333,98.442,0.0,0,0
dodge_and_return_004,dodge_and_return,7.45,98.442,0.0,0,0
dodge_and_return_004,dodge_and_return,7.46667,98.442,0.0,0,0
dodge_and_return_004,dodge_and_return,7.48333,98.442,0.0,0,0
dodge_and_return_004,dodge_and_return,7.5,98.442,0.0,0,0
dodge_and_return_004,dodge_and_return,7.51667,98.442,0.0,0,0
dodge_and_return_004,dodge_and_return,7.53333,98.442,0.0,0,0
dodge_and_return_004,dodge_and_return,7.55,98.442,0.0,0,0
dodge_and_return_004,dodge_and_return,7.56667,98.442,0.0,0,0
dodge_and_return_004,dodge_and_return,7.58333,98.442,0.0,0,0
dodge_and_return_004,dodge_and_return,7.6,98.442,0.0,0,0
dodge_and_return_004,dodge_and_return,7.61667,98.442,0.0,0,0
dodge_and_return_004,dodge_and_return,7.63333,98.442,0.0,0,0
dodge_and_return_004,dodge_and_return,7.65,98.442,0.0,0,0
dodge_and_return_004,dodge_and_return,7.66667,98.442,0.0,0,0
dodge_and_return_004,dodge_and_return,7.68333,98.442,0.0,0,0
dodge_and_return_004,dodge_and_return,7.7,98.442,0.0,0,0
dodge_and_return_004,dodge_and_return,7.71667,98.442,0.0,0,0
dodge_and_return_004,dodge_and_return,7.73333,98.442,0.0,0,0
dodge_and_return_004,dodge_and_return,7.75,98.442,0.0,0,0
dodge_and_return_004,dodge_and_return,7.76667,98.442,0.0,0,0
dodge_and_return_004,dodge_and_return,7.78333,98.442,0.0,0,0
dodge_and_return_004,dodge_and_return,7.8,98.442,0.0,0,0
dodge_and_return_004,dodge_and_return,7.81667,98.442,0.0,0,0
dodge_and_return_004,dodge_and_return,7.83333,98.442,0.0,0,0
dodge_and_return_004,dodge_and_return,7.85,98.442,0.0,0,0
dodge_and_return_004,dodge_and_return,7.86667,98.442,0.0,0,0
dodge_and_return_004,dodge_and_return,7.88333,98.442,0.0,0,0
dodge_and_return_004,dodge_and_return,7.9,98.442,0.0,0,0
dodge_and_return_004,dodge_and_return,7.91667,98.442,0.0,0,0
dodge_and_return_004,dodge_and_return,7.93333,98.442,0.0,0,0
dodge_and_return_004,dodge_and_return,7.95,98.442,0.0,0,0
dodge_and_return_004,dodge_and_return,7.96667,98.442,0.0,0,0
dodge_and_return_004,dodge_and_return,7.98333,98.442,0.0,0,0
dodge_and_return_004,dodge_and_return,8.0,98.442,0.0,0,0
dodge_and_return_004,dodge_and_return,8.01667,98.442,0.0,0,0
dodge_and_return_004,dodge_and_return,8.03333,98.442,0.0,0,0
dodge_and_return_004,dodge_and_return,8.05,98.442,0.0,0,0
dodge_and_return_004,dodge_and_return,8.06667,98.442,0.0,0,0
dodge_and_return_004,dodge_and_return,8.08333,98.442,0.0,0,0
dodge_and_return_004,dodge_and_return,8.1,98.442,0.0,0,0
dodge_and_return_004,dodge_and_return,8.11667,98.442,0.0,0,0
dodge_and_return_004,dodge_and_return,8.13333,98.442,0.0,0,0
dodge_and_return_004,dodge_and_return,8.15,98.442,0.0,0,0
dodge_and_return_004,dodge_and_return,8.16667,98.442,0.0,0,0
dodge_and_return_004,dodge_and_return,8.18333,98.442,0.0,0,0
dodge_and_return_004,dodge_and_return,8.2,98.442,0.0,0,0
dodge_and_return_004,dodge_and_return,8.21667,98.442,0.0,0,0
dodge_and_return_004,dodge_and_return,8.23333,98.442,0.0,0,0
dodge_and_return_004,dodge_and_return,8.25,98.442,0.0,0,0
dodge_and_return_004,dodge_and_return,8.26667,98.442,0.0,0,0
dodge_and_return_004,dodge_and_return,8.28333,98.442,0.0,0,0
dodge_and_return_004,dodge_and_return,8.3,98.442,0.0,0,0
dodge_and_return_004,dodge_and_return,8.31667,98.442,0.0,0,0
dodge_and_return_004,dodge_and_return,8.33333,98.442,0.0,0,0
dodge_and_return_004,dodge_and_return,8.35,98.442,0.0,0,0
dodge_and_return_004,dodge_and_return,8.36667,98.442,0.0,0,0
dodge_and_return_004,dodge_and_return,8.38333,98.442,0.0,0,0
dodge_and_return_004,dodge_and_return,8.4,98.442,0.0,0,0
dodge_and_return_004,dodge_and_return,8.41667,98.442,0.0,0,0
dodge_and_return_004,dodge_and_return,8.43333,98.442,0.0,0,0
dodge_and_return_004,dodge_and_return,8.45,98.442,0.0,0,0
dodge_and_return_004,dodge_and_return,8.46667,98.442,0.0,0,0
dodge_and_return_004,dodge_and_return,8.48333,98.442,0.0,0,0
dodge_and_return_004,dodge_and_return,8.5,98.442,0.0,0,0
dodge_and_return_004,dodge_and_return,8.51667,98.442,0.0,0,0
dodge_and_return_004,dodge_and_return,8.53333,98.442,0.0,0,0
dodge_and_return_004,dodge_and_return,8.55,98.442,0.0,0,0
dodge_and_return_004,dodge_and_return,8.56667,98.442,0.0,0,0
dodge_and_return_004,dodge_and_return,8.58333,98.442,0.0,0,0
dodge_and_return_004,dodge_and_return,8.6,98.442,0.0,0,0
dodge_and_return_004,dodge_and_return,8.61667,98.442,0.0,0,0
dodge_and_return_004,dodge_and_return,8.63333,98.442,0.0,0,0
dodge_and_return_004,dodge_and_return,8.65,98.442,0.0,0,0
dodge_and_return_004,dodge_and_return,8.66667,98.442,0.0,0,0
dodge_and_return_004,dodge_and_return,8.68333,98.442,0.0,0,0
dodge_and_return_004,dodge_and_return,8.7,98.442,0.0,0,0
dodge_and_return_004,dodge_and_return,8.71667,98.442,0.0,0,0
dodge_and_return_004,dodge_and_return,8.73333,98.442,0.0,0,0
dodge_and_return_004,dodge_and_return,8.75,98.442,0.0,0,0
dodge_and_return_004,dodge_and_return,8.76667,98.442,0.0,0,0
dodge_and_return_004,dodge_and_return,8.78333,98.442,0.0,0,0
dodge_and_return_004,dodge_and_return,8.8,98.442,0.0,0,0
dodge_and_return_004,dodge_and_return,8.81667,98.442,0.0,0,0
dodge_and_return_004,dodge_and_return,8.83333,98.442,0.0,0,0
dodge_and_return_004,dodge_and_return,8.85,98.442,0.0,0,0
dodge_and_return_004,dodge_and_return,8.86667,98.442,0.0,0,0
dodge_and_return_004,dodge_and_return,8.88333,98.442,0.0,0,0
dodge_and_return_004,dodge_and_return,8.9,98.442,0.0,0,0
dodge_and_return_004,dodge_and_return,8.91667,98.442,0.0,0,0
dodge_and_return_004,dodge_and_return,8.93333,98.442,0.0,0,0
dodge_and_return_004,dodge_and_return,8.95,98.442,0.0,0,0
dodge_and_return_004,dodge_and_return,8.96667,98.442,0.0,0,0
dodge_and_return_004,dodge_and_return,8.98333,98.442,0.0,0,0
dodge_and_return_004,dodge_and_return,9.0,98.442,0.0,0,0
dodge_and_return_004,dodge_and_return,9.01667,98.442,0.0,0,0
dodge_and_return_004,dodge_and_return,9.03333,98.442,0.0,0,0
dodge_and_return_004,dodge_and_return,9.05,98.442,0.0,0,0
dodge_and_return_004,dodge_and_return,9.06667,98.442,0.0,0,0
dodge_and_return_004,dodge_and_return,9.08333,98.442,0.0,0,0
dodge_and_return_004,dodge_and_return,9.1,98.442,0.0,0,0
dodge_and_return_004,dodge_and_return,9.11667,98.442,0.0,0,0
dodge_and_return_004,dodge_and_return,9.13333,98.442,0.0,0,0
dodge_and_return_004,dodge_and_return,9.15,98.442,0.0,0,0
dodge_and_return_004,dodge_and_return,9.16667,98.442,0.0,0,0
dodge_and_return_004,dodge_and_return,9.18333,98.442,0.0,0,0
dodge_and_return_004,dodge_and_return,9.2,98.442,0.0,0,0
dodge_and_return_004,dodge_and_return,9.21667,98.442,0.0,0,0
dodge_and_return_004,dodge_and_return,9.23333,98.442,0.0,0,0
dodge_and_return_004,dodge_and_return,9.25,98.442,0.0,0,0
dodge_and_return_004,dodge_and_return,9.26667,98.442,0.0,0,0
dodge_and_return_004,dodge_and_return,9.28333,98.442,0.0,0,0
dodge_and_return_004,dodge_and_return,9.3,98.442,0.0,0,0
dodge_and_return_004,dodge_and_return,9.31667,98.442,0.0,0,0
dodge_and_return_004,dodge_and_return,9.33333,98.442,0.0,0,0
dodge_and_return_004,dodge_and_return,9.35,98.442,0.0,0,0
dodge_and_return_004,dodge_and_return,9.36667,98.442,0.0,0,0
dodge_and_return_004,dodge_and_return,9.38333,98.442,0.0,0,0
dodge_and_return_004,dodge_and_return,9.4,98.442,0.0,0,0
dodge_and_return_004,dodge_and_return,9.41667,98.442,0.0,0,0
dodge_and_return_004,dodge_and_return,9.43333,98.442,0.0,0,0
dodge_and_return_004,dodge_and_return,9.45,98.442,0.0,0,0
dodge_and_return_004,dodge_and_return,9.46667,98.442,0.0,0,0
dodge_and_return_004,dodge_and_return,9.48333,98.442,0.0,0,0
dodge_and_return_004,dodge_and_return,9.5,98.442,0.0,0,0
dodge_and_return_004,dodge_and_return,9.51667,98.442,0.0,0,0
dodge_and_return_004,dodge_and_return,9.53333,98.442,0.0,0,0
dodge_and_return_004,dodge_and_return,9.55,98.442,0.0,0,0
dodge_and_return_004,dodge_and_return,9.56667,98.442,0.0,0,0
dodge_and_return_004,dodge_and_return,9.58333,98.442,0.0,0,0
dodge_and_return_004,dodge_and_return,9.6,98.442,0.0,0,0
dodge_and_return_004,dodge_and_return,9.61667,98.442,0.0,0,0
dodge_and_return_004,dodge_and_return,9.63333,98.442,0.0,0,0
dodge_and_return_004,dodge_and_return,9.65,98.442,0.0,0,0
dodge_and_return_004,dodge_and_return,9.66667,98.442,0.0,0,0
dodge_and_return_004,dodge_and_return,9.68333,98.442,0.0,0,0
dodge_and_return_004,dodge_and_return,9.7,98.442,0.0,0,0
dodge_and_return_004,dodge_and_return,9.71667,98.442,0.0,0,0
dodge_and_return_004,dodge_and_return,9.73333,98.442,0.0,0,0
dodge_and_return_004,dodge_and_return,9.75,98.442,0.0,0,0
dodge_and_return_004,dodge_and_return,9.76667,98.442,0.0,0,0
dodge_and_return_004,dodge_and_return,9.78333,98.442,0.0,0,0
dodge_and_return_004,dodge_and_return,9.8,98.442,0.0,0,0
dodge_and_return_004,dodge_and_return,9.81667,98.442,0.0,0,0
dodge_and_return_004,dodge_and_return,9.83333,98.442,0.0,0,0
dodge_and_return_004,dodge_and_return,9.85,98.442,0.0,0,0
dodge_and_return_004,dodge_and_return,9.86667,98.442,0.0,0,0
dodge_and_return_004,dodge_and_return,9.88333,98.442,0.0,0,0
dodge_and_return_004,dodge_and_return,9.9,98.442,0.0,0,0
dodge_and_return_004,dodge_and_return,9.91667,98.442,0.0,0,0
dodge_and_return_004,dodge_and_return,9.93333,98.442,0.0,0,0
dodge_and_return_004,dodge_and_return,9.95,98.442,0.0,0,0
dodge_and_return_004,dodge_and_return,9.96667,98.442,0.0,0,0
dodge_and_return_004,dodge_and_return,9.98333,98.442,0.0,0,0
dodge_and_return_004,dodge_and_return,10.0,98.442,0.0,0,1
dodge_and_return_004,dodge_and_return,10.01667,99.942,90.0,0,1
dodge_and_return_004,dodge_and_return,10.03333,101.442,90.0,0,1
dodge_and_return_004,dodge_and_return,10.05,102.942,90.0,0,1
dodge_and_return_004,dodge_and_return,10.06667,104.442,90.0,0,1
dodge_and_return_004,dodge_and_return,10.08333,105.942,90.0,0,1
dodge_and_return_004,dodge_and_return,10.1,107.442,90.0,0,1
dodge_and_return_004,dodge_and_return,10.11667,108.942,90.0,0,1
dodge_and_return_004,dodge_and_return,10.13333,110.442,90.0,0,1
dodge_and_return_004,dodge_and_return,10.15,111.942,90.0,0,1
dodge_and_return_004,dodge_and_return,10.16667,113.442,90.0,0,1
dodge_and_return_004,dodge_and_return,10.18333,114.942,90.0,0,1
dodge_and_return_004,dodge_and_return,10.2,116.442,90.0,0,1
dodge_and_return_004,dodge_and_return,10.21667,117.942,90.0,0,1
dodge_and_return_004,dodge_and_return,10.23333,119.442,90.0,0,1
dodge_and_return_004,dodge_and_return,10.25,120.942,90.0,0,1
dodge_and_return_004,dodge_and_return,10.26667,122.442,90.0,0,1
dodge_and_return_004,dodge_and_return,10.28333,123.942,90.0,0,1
dodge_and_return_004,dodge_and_return,10.3,125.442,90.0,0,1
dodge_and_return_004,dodge_and_return,10.31667,126.942,90.0,0,1
dodge_and_return_004,dodge_and_return,10.33333,128.442,90.0,0,1
dodge_and_return_004,dodge_and_return,10.35,129.942,90.0,0,1
dodge_and_return_004,dodge_and_return,10.36667,131.442,90.0,0,1
dodge_and_return_004,dodge_and_return,10.38333,132.942,90.0,0,1
dodge_and_return_004,dodge_and_return,10.4,134.442,90.0,0,1
dodge_and_return_004,dodge_and_return,10.41667,135.942,90.0,0,1
dodge_and_return_004,dodge_and_return,10.43333,137.442,90.0,0,1
dodge_and_return_004,dodge_and_return,10.45,138.942,90.0,0,1
dodge_and_return_004,dodge_and_return,10.46667,140.442,90.0,0,1
dodge_and_return_004,dodge_and_return,10.48333,141.942,90.0,0,1
dodge_and_return_004,dodge_and_return,10.5,143.442,90.0,0,1
dodge_and_return_004,dodge_and_return,10.51667,144.942,90.0,0,1
dodge_and_return_004,dodge_and_return,10.53333,146.442,90.0,0,1
dodge_and_return_004,dodge_and_return,10.55,147.942,90.0,0,1
dodge_and_return_004,dodge_and_return,10.56667,149.442,90.0,0,1
dodge_and_return_004,dodge_and_return,10.58333,150.942,90.0,0,1
dodge_and_return_004,dodge_and_return,10.6,152.442,90.0,0,1
dodge_and_return_004,dodge_and_return,10.61667,153.942,90.0,0,1
dodge_and_return_004,dodge_and_return,10.63333,155.442,90.0,0,1
dodge_and_return_004,dodge_and_return,10.65,156.942,90.0,0,1
dodge_and_return_004,dodge_and_return,10.66667,158.442,90.0,0,1
dodge_and_return_004,dodge_and_return,10.68333,159.942,90.0,0,1
dodge_and_return_004,dodge_and_return,10.7,161.442,90.0,0,1
dodge_and_return_004,dodge_and_return,10.71667,162.942,90.0,0,1
dodge_and_return_004,dodge_and_return,10.73333,164.442,90.0,1,0
dodge_and_return_004,dodge_and_return,10.75,162.942,-90.0,1,0
dodge_and_return_004,dodge_and_return,10.76667,161.442,-90.0,1,0
dodge_and_return_004,dodge_and_return,10.78333,159.942,-90.0,1,0
dodge_and_return_004,dodge_and_return,10.8,158.442,-90.0,1,0
dodge_and_return_004,dodge_and_return,10.81667,156.942,-90.0,1,0
dodge_and_return_004,dodge_and_return,10.83333,155.442,-90.0,1,0
dodge_and_return_004,dodge_and_return,10.85,153.942,-90.0,1,0
dodge_and_return_004,dodge_and_return,10.86667,152.442,-90.0,1,0
dodge_and_return_004,dodge_and_return,10.88333,150.942,-90.0,1,0
dodge_and_return_004,dodge_and_return,10.9,149.442,-90.0,1,0
dodge_and_return_004,dodge_and_return,10.91667,147.942,-90.0,1,0
dodge_and_return_004,dodge_and_return,10.93333,146.442,-90.0,1,0
dodge_and_return_004,dodge_and_return,10.95,144.942,-90.0,1,0
dodge_and_return_004,dodge_and_return,10.96667,143.442,-90.0,1,0
dodge_and_return_004,dodge_and_return,10.98333,141.942,-90.0,1,0
dodge_and_return_004,dodge_and_return,11.0,140.442,-90.0,1,0
dodge_and_return_004,dodge_and_return,11.01667,138.942,-90.0,1,0
dodge_and_return_004,dodge_and_return,11.03333,137.442,-90.0,1,0
dodge_and_return_004,dodge_and_return,11.05,135.942,-90.0,1,0
dodge_and_return_004,dodge_and_return,11.06667,134.442,-90.0,1,0
dodge_and_return_004,dodge_and_return,11.08333,132.942,-90.0,1,0
dodge_and_return_004,dodge_and_return,11.1,131.442,-90.0,1,0
dodge_and_return_004,dodge_and_return,11.11667,129.942,-90.0,1,0
dodge_and_return_004,dodge_and_return,11.13333,128.442,-90.0,1,0
dodge_and_return_004,dodge_and_return,11.15,126.942,-90.0,1,0
dodge_and_return_004,dodge_and_return,11.16667,125.442,-90.0,1,0
dodge_and_return_004,dodge_and_return,11.18333,123.942,-90.0,1,0
dodge_and_return_004,dodge_and_return,11.2,122.442,-90.0,1,0
dodge_and_return_004,dodge_and_return,11.21667,120.942,-90.0,1,0
dodge_and_return_004,dodge_and_return,11.23333,119.442,-90.0,1,0
dodge_and_return_004,dodge_and_return,11.25,117.942,-90.0,1,0
dodge_and_return_004,dodge_and_return,11.26667,116.442,-90.0,1,0
dodge_and_return_004,dodge_and_return,11.28333,114.942,-90.0,1,0
dodge_and_return_004,dodge_and_return,11.3,113.442,-90.0,1,0
dodge_and_return_004,dodge_and_return,11.31667,111.942,-90.0,1,0
dodge_and_return_004,dodge_and_return,11.33333,110.442,-90.0,1,0
dodge_and_return_004,dodge_and_return,11.35,108.942,-90.0,1,0
dodge_and_return_004,dodge_and_return,11.36667,107.442,-90.0,1,0
dodge_and_return_004,dodge_and_return,11.38333,105.942,-90.0,0,0
dodge_and_return_004,dodge_and_return,11.4,105.942,0.0,0,0
dodge_and_return_004,dodge_and_return,11.41667,105.942,0.0,0,0
dodge_and_return_004,dodge_and_return,11.43333,105.942,0.0,0,0
dodge_and_return_004,dodge_and_return,11.45,105.942,0.0,0,0
dodge_and_return_004,dodge_and_return,11.46667,105.942,0.0,0,0
dodge_and_return_004,dodge_and_return,11.48333,105.942,0.0,0,0
dodge_and_return_004,dodge_and_return,11.5,105.942,0.0,0,0
dodge_and_return_004,dodge_and_return,11.51667,105.942,0.0,0,0
dodge_and_return_004,dodge_and_return,11.53333,105.942,0.0,0,0
dodge_and_return_004,dodge_and_return,11.55,105.942,0.0,0,0
dodge_and_return_004,dodge_and_return,11.56667,105.942,0.0,0,0
dodge_and_return_004,dodge_and_return,11.58333,105.942,0.0,0,0
dodge_and_return_004,dodge_and_return,11.6,105.942,0.0,0,0
dodge_and_return_004,dodge_and_return,11.61667,105.942,0.0,0,0
dodge_and_return_004,dodge_and_return,11.63333,105.942,0.0,0,0
dodge_and_return_004,dodge_and_return,11.65,105.942,0.0,0,0
dodge_and_return_004,dodge_and_return,11.66667,105.942,0.0,0,0
dodge_and_return_004,dodge_and_return,11.68333,105.942,0.0,0,0
dodge_and_return_004,dodge_and_return,11.7,105.942,0.0,0,0
dodge_and_return_004,dodge_and_return,11.71667,105.942,0.0,0,0
dodge_and_return_004,dodge_and_return,11.73333,105.942,0.0,0,0
dodge_and_return_004,dodge_and_return,11.75,105.942,0.0,0,0
dodge_and_return_004,dodge_and_return,11.76667,105.942,0.0,0,0
dodge_and_return_004,dodge_and_return,11.78333,105.942,0.0,0,0
dodge_and_return_004,dodge_and_return,11.8,105.942,0.0,0,0
dodge_and_return_004,dodge_and_return,11.81667,105.942,0.0,0,0
dodge_and_return_004,dodge_and_return,11.83333,105.942,0.0,0,0
dodge_and_return_004,dodge_and_return,11.85,105.942,0.0,0,0
dodge_and_return_004,dodge_and_return,11.86667,105.942,0.0,0,0
dodge_and_return_004,dodge_and_return,11.88333,105.942,0.0,0,0
dodge_and_return_004,dodge_and_return,11.9,105.942,0.0,0,0
dodge_and_return_004,dodge_and_return,11.91667,105.942,0.0,0,0
dodge_and_return_004,dodge_and_return,11.93333,105.942,0.0,0,0
dodge_and_return_004,dodge_and_return,11.95,105.942,0.0,0,0
dodge_and_return_004,dodge_and_return,11.96667,105.942,0.0,0,0
dodge_and_return_004,dodge_and_return,11.98333,105.942,0.0,0,0
dodge_and_return_004,dodge_and_return,12.0,105.942,0.0,0,0
dodge_and_return_004,dodge_and_return,12.01667,105.942,0.0,0,0
dodge_and_return_004,dodge_and_return,12.03333,105.942,0.0,0,0
dodge_and_return_004,dodge_and_return,12.05,105.942,0.0,0,0
dodge_and_return_004,dodge_and_return,12.06667,105.942,0.0,0,0
dodge_and_return_004,dodge_and_return,12.08333,105.942,0.0,0,0
dodge_and_return_004,dodge_and_return,12.1,105.942,0.0,0,0
dodge_and_return_004,dodge_and_return,12.11667,105.942,0.0,0,0
dodge_and_return_004,dodge_and_return,12.13333,105.942,0.0,0,0
dodge_and_return_004,dodge_and_return,12.15,105.942,0.0,0,0
dodge_and_return_004,dodge_and_return,12.16667,105.942,0.0,0,0
dodge_and_return_004,dodge_and_return,12.18333,105.942,0.0,0,0
dodge_and_return_004,dodge_and_return,12.2,105.942,0.0,0,0
dodge_and_return_004,dodge_and_return,12.21667,105.942,0.0,0,0
dodge_and_return_004,dodge_and_return,12.23333,105.942,0.0,0,0
dodge_and_return_004,dodge_and_return,12.25,105.942,0.0,0,0
dodge_and_return_004,dodge_and_return,12.26667,105.942,0.0,0,0
dodge_and_return_004,dodge_and_return,12.28333,105.942,0.0,0,0
dodge_and_return_004,dodge_and_return,12.3,105.942,0.0,0,0
dodge_and_return_004,dodge_and_return,12.31667,105.942,0.0,0,0
dodge_and_return_004,dodge_and_return,12.33333,105.942,0.0,0,0
dodge_and_return_004,dodge_and_return,12.35,105.942,0.0,0,0
dodge_and_return_004,dodge_and_return,12.36667,105.942,0.0,0,0
dodge_and_return_004,dodge_and_return,12.38333,105.942,0.0,0,0
dodge_and_return_004,dodge_and_return,12.4,105.942,0.0,0,0
dodge_and_return_004,dodge_and_return,12.41667,105.942,0.0,0,0
dodge_and_return_004,dodge_and_return,12.43333,105.942,0.0,0,0
dodge_and_return_004,dodge_and_return,12.45,105.942,0.0,0,0
dodge_and_return_004,dodge_and_return,12.46667,105.942,0.0,0,0
dodge_and_return_004,dodge_and_return,12.48333,105.942,0.0,0,0
dodge_and_return_004,dodge_and_return,12.5,105.942,0.0,0,0
dodge_and_return_004,dodge_and_return,12.51667,105.942,0.0,0,0
dodge_and_return_004,dodge_and_return,12.53333,105.942,0.0,0,0
dodge_and_return_004,dodge_and_return,12.55,105.942,0.0,0,0
dodge_and_return_004,dodge_and_return,12.56667,105.942,0.0,0,0
dodge_and_return_004,dodge_and_return,12.58333,105.942,0.0,0,0
dodge_and_return_004,dodge_and_return,12.6,105.942,0.0,0,0
dodge_and_return_004,dodge_and_return,12.61667,105.942,0.0,0,0
dodge_and_return_004,dodge_and_return,12.63333,105.942,0.0,0,0
dodge_and_return_004,dodge_and_return,12.65,105.942,0.0,0,0
dodge_and_return_004,dodge_and_return,12.66667,105.942,0.0,0,0
dodge_and_return_004,dodge_and_return,12.68333,105.942,0.0,0,0
dodge_and_return_004,dodge_and_return,12.7,105.942,0.0,0,0
dodge_and_return_004,dodge_and_return,12.71667,105.942,0.0,0,1
dodge_and_return_004,dodge_and_return,12.73333,107.442,90.0,0,1
dodge_and_return_004,dodge_and_return,12.75,108.942,90.0,0,1
dodge_and_return_004,dodge_and_return,12.76667,110.442,90.0,0,1
dodge_and_return_004,dodge_and_return,12.78333,111.942,90.0,0,1
dodge_and_return_004,dodge_and_return,12.8,113.442,90.0,0,1
dodge_and_return_004,dodge_and_return,12.81667,114.942,90.0,0,1
dodge_and_return_004,dodge_and_return,12.83333,116.442,90.0,0,1
dodge_and_return_004,dodge_and_return,12.85,117.942,90.0,0,1
dodge_and_return_004,dodge_and_return,12.86667,119.442,90.0,0,1
dodge_and_return_004,dodge_and_return,12.88333,120.942,90.0,0,1
dodge_and_return_004,dodge_and_return,12.9,122.442,90.0,0,1
dodge_and_return_004,dodge_and_return,12.91667,123.942,90.0,0,1
dodge_and_return_004,dodge_and_return,12.93333,125.442,90.0,0,1
dodge_and_return_004,dodge_and_return,12.95,126.942,90.0,0,1
dodge_and_return_004,dodge_and_return,12.96667,128.442,90.0,0,1
dodge_and_return_004,dodge_and_return,12.98333,129.942,90.0,0,1
dodge_and_return_004,dodge_and_return,13.0,131.442,90.0,0,1
dodge_and_return_004,dodge_and_return,13.01667,132.942,90.0,0,1
dodge_and_return_004,dodge_and_return,13.03333,134.442,90.0,0,1
dodge_and_return_004,dodge_and_return,13.05,135.942,90.0,0,1
dodge_and_return_004,dodge_and_return,13.06667,137.442,90.0,0,1
dodge_and_return_004,dodge_and_return,13.08333,138.942,90.0,0,1
dodge_and_return_004,dodge_and_return,13.1,140.442,90.0,0,1
dodge_and_return_004,dodge_and_return,13.11667,141.942,90.0,0,1
dodge_and_return_004,dodge_and_return,13.13333,143.442,90.0,0,1
dodge_and_return_004,dodge_and_return,13.15,144.942,90.0,0,1
dodge_and_return_004,dodge_and_return,13.16667,146.442,90.0,0,1
dodge_and_return_004,dodge_and_return,13.18333,147.942,90.0,0,1
dodge_and_return_004,dodge_and_return,13.2,149.442,90.0,0,1
dodge_and_return_004,dodge_and_return,13.21667,150.942,90.0,0,1
dodge_and_return_004,dodge_and_return,13.23333,152.442,90.0,0,1
dodge_and_return_004,dodge_and_return,13.25,153.942,90.0,0,1
dodge_and_return_004,dodge_and_return,13.26667,155.442,90.0,0,1
dodge_and_return_004,dodge_and_return,13.28333,156.942,90.0,0,1
dodge_and_return_004,dodge_and_return,13.3,158.442,90.0,1,0
dodge_and_return_004,dodge_and_return,13.31667,156.942,-90.0,1,0
dodge_and_return_004,dodge_and_return,13.33333,155.442,-90.0,1,0
dodge_and_return_004,dodge_and_return,13.35,153.942,-90.0,1,0
dodge_and_return_004,dodge_and_return,13.36667,152.442,-90.0,1,0
dodge_and_return_004,dodge_and_return,13.38333,150.942,-90.0,1,0
dodge_and_return_004,dodge_and_return,13.4,149.442,-90.0,1,0
dodge_and_return_004,dodge_and_return,13.41667,147.942,-90.0,1,0
dodge_and_return_004,dodge_and_return,13.43333,146.442,-90.0,1,0
dodge_and_return_004,dodge_and_return,13.45,144.942,-90.0,1,0
dodge_and_return_004,dodge_and_return,13.46667,143.442,-90.0,1,0
dodge_and_return_004,dodge_and_return,13.48333,141.942,-90.0,1,0
dodge_and_return_004,dodge_and_return,13.5,140.442,-90.0,1,0
dodge_and_return_004,dodge_and_return,13.51667,138.942,-90.0,1,0
dodge_and_return_004,dodge_and_return,13.53333,137.442,-90.0,1,0
dodge_and_return_004,dodge_and_return,13.55,135.942,-90.0,1,0
dodge_and_return_004,dodge_and_return,13.56667,134.442,-90.0,1,0
dodge_and_return_004,dodge_and_return,13.58333,132.942,-90.0,1,0
dodge_and_return_004,dodge_and_return,13.6,131.442,-90.0,1,0
dodge_and_return_004,dodge_and_return,13.61667,129.942,-90.0,1,0
dodge_and_return_004,dodge_and_return,13.63333,128.442,-90.0,1,0
dodge_and_return_004,dodge_and_return,13.65,126.942,-90.0,1,0
dodge_and_return_004,dodge_and_return,13.66667,125.442,-90.0,1,0
dodge_and_return_004,dodge_and_return,13.68333,123.942,-90.0,1,0
dodge_and_return_004,dodge_and_return,13.7,122.442,-90.0,1,0
dodge_and_return_004,dodge_and_return,13.71667,120.942,-90.0,1,0
dodge_and_return_004,dodge_and_return,13.73333,119.442,-90.0,1,0
dodge_and_return_004,dodge_and_return,13.75,117.942,-90.0,1,0
dodge_and_return_004,dodge_and_return,13.76667,116.442,-90.0,1,0
dodge_and_return_004,dodge_and_return,13.78333,114.942,-90.0,1,0
dodge_and_return_004,dodge_and_return,13.8,113.442,-90.0,1,0
dodge_and_return_004,dodge_and_return,13.81667,111.942,-90.0,1,0
dodge_and_return_004,dodge_and_return,13.83333,110.442,-90.0,1,0
dodge_and_return_004,dodge_and_return,13.85,108.942,-90.0,1,0
dodge_and_return_004,dodge_and_return,13.86667,107.442,-90.0,1,0
dodge_and_return_004,dodge_and_return,13.88333,105.942,-90.0,0,0
dodge_and_return_004,dodge_and_return,13.9,105.942,0.0,0,0
dodge_and_return_004,dodge_and_return,13.91667,105.942,0.0,0,0
dodge_and_return_004,dodge_and_return,13.93333,105.942,0.0,0,0
dodge_and_return_004,dodge_and_return,13.95,105.942,0.0,0,0
dodge_and_return_004,dodge_and_return,13.96667,105.942,0.0,0,0
dodge_and_return_004,dodge_and_return,13.98333,105.942,0.0,0,0
dodge_and_return_004,dodge_and_return,14.0,105.942,0.0,0,0
dodge_and_return_004,dodge_and_return,14.01667,105.942,0.0,0,0
dodge_and_return_004,dodge_and_return,14.03333,105.942,0.0,0,0
dodge_and_return_004,dodge_and_return,14.05,105.942,0.0,0,0
dodge_and_return_004,dodge_and_return,14.06667,105.942,0.0,0,0
dodge_and_return_004,dodge_and_return,14.08333,105.942,0.0,0,0
dodge_and_return_004,dodge_and_return,14.1,105.942,0.0,0,0
dodge_and_return_004,dodge_and_return,14.11667,105.942,0.0,0,0
dodge_and_return_004,dodge_and_return,14.13333,105.942,0.0,0,0
dodge_and_return_004,dodge_and_return,14.15,105.942,0.0,0,0
dodge_and_return_004,dodge_and_return,14.16667,105.942,0.0,0,0
dodge_and_return_004,dodge_and_return,14.18333,105.942,0.0,0,0
dodge_and_return_004,dodge_and_return,14.2,105.942,0.0,0,0
dodge_and_return_004,dodge_and_return,14.21667,105.942,0.0,0,0
dodge_and_return_004,dodge_and_return,14.23333,105.942,0.0,0,0
dodge_and_return_004,dodge_and_return,14.25,105.942,0.0,0,0
dodge_and_return_004,dodge_and_return,14.26667,105.942,0.0,0,0
dodge_and_return_004,dodge_and_return,14.28333,105.942,0.0,0,0
dodge_and_return_004,dodge_and_return,14.3,105.942,0.0,0,0
dodge_and_return_004,dodge_and_return,14.31667,105.942,0.0,0,0
dodge_and_return_004,dodge_and_return,14.33333,105.942,0.0,0,0
dodge_and_return_004,dodge_and_return,14.35,105.942,0.0,0,0
dodge_and_return_004,dodge_and_return,14.36667,105.942,0.0,0,0
dodge_and_return_004,dodge_and_return,14.38333,105.942,0.0,0,0
dodge_and_return_004,dodge_and_return,14.4,105.942,0.0,0,0
dodge_and_return_004,dodge_and_return,14.41667,105.942,0.0,0,0
dodge_and_return_004,dodge_and_return,14.43333,105.942,0.0,0,0
dodge_and_return_004,dodge_and_return,14.45,105.942,0.0,0,0
dodge_and_return_004,dodge_and_return,14.46667,105.942,0.0,0,0
dodge_and_return_004,dodge_and_return,14.48333,105.942,0.0,0,0
dodge_and_return_004,dodge_and_return,14.5,105.942,0.0,0,0
dodge_and_return_004,dodge_and_return,14.51667,105.942,0.0,0,0
dodge_and_return_004,dodge_and_return,14.53333,105.942,0.0,0,0
dodge_and_return_004,dodge_and_return,14.55,105.942,0.0,0,0
dodge_and_return_004,dodge_and_return,14.56667,105.942,0.0,0,0
dodge_and_return_004,dodge_and_return,14.58333,105.942,0.0,0,0
dodge_and_return_004,dodge_and_return,14.6,105.942,0.0,0,0
dodge_and_return_004,dodge_and_return,14.61667,105.942,0.0,0,0
dodge_and_return_004,dodge_and_return,14.63333,105.942,0.0,0,0
dodge_and_return_004,dodge_and_return,14.65,105.942,0.0,0,0
dodge_and_return_004,dodge_and_return,14.66667,105.942,0.0,0,0
dodge_and_return_004,dodge_and_return,14.68333,105.942,0.0,0,0
dodge_and_return_004,dodge_and_return,14.7,105.942,0.0,0,0
dodge_and_return_004,dodge_and_return,14.71667,105.942,0.0,0,0
dodge_and_return_004,dodge_and_return,14.73333,105.942,0.0,0,0
dodge_and_return_004,dodge_and_return,14.75,105.942,0.0,0,0
dodge_and_return_004,dodge_and_return,14.76667,105.942,0.0,0,0
dodge_and_return_004,dodge_and_return,14.78333,105.942,0.0,0,0
dodge_and_return_004,dodge_and_return,14.8,105.942,0.0,0,0
dodge_and_return_004,dodge_and_return,14.81667,105.942,0.0,0,0
dodge_and_return_004,dodge_and_return,14.83333,105.942,0.0,0,0
dodge_and_return_004,dodge_and_return,14.85,105.942,0.0,0,0
dodge_and_return_004,dodge_and_return,14.86667,105.942,0.0,0,0
dodge_and_return_004,dodge_and_return,14.88333,105.942,0.0,0,0
dodge_and_return_004,dodge_and_return,14.9,105.942,0.0,0,0
dodge_and_return_004,dodge_and_return,14.91667,105.942,0.0,0,0
dodge_and_return_004,dodge_and_return,14.93333,105.942,0.0,0,0
dodge_and_return_004,dodge_and_return,14.95,105.942,0.0,0,0
dodge_and_return_004,dodge_and_return,14.96667,105.942,0.0,0,0
dodge_and_return_004,dodge_and_return,14.98333,105.942,0.0,0,0
dodge_and_return_004,dodge_and_return,15.0,105.942,0.0,0,0
dodge_and_return_004,dodge_and_return,15.01667,105.942,0.0,0,0
dodge_and_return_004,dodge_and_return,15.03333,105.942,0.0,0,0
dodge_and_return_004,dodge_and_return,15.05,105.942,0.0,0,0
dodge_and_return_004,dodge_and_return,15.06667,105.942,0.0,0,0
dodge_and_return_004,dodge_and_return,15.08333,105.942,0.0,0,0
dodge_and_return_004,dodge_and_return,15.1,105.942,0.0,0,0
dodge_and_return_004,dodge_and_return,15.11667,105.942,0.0,0,0
dodge_and_return_004,dodge_and_return,15.13333,105.942,0.0,0,0
dodge_and_return_004,dodge_and_return,15.15,105.942,0.0,0,0
dodge_and_return_004,dodge_and_return,15.16667,105.942,0.0,0,0
dodge_and_return_004,dodge_and_return,15.18333,105.942,0.0,0,0
dodge_and_return_004,dodge_and_return,15.2,105.942,0.0,0,0
dodge_and_return_004,dodge_and_return,15.21667,105.942,0.0,0,0
dodge_and_return_004,dodge_and_return,15.23333,105.942,0.0,0,0
dodge_and_return_004,dodge_and_return,15.25,105.942,0.0,0,0
dodge_and_return_004,dodge_and_return,15.26667,105.942,0.0,0,0
dodge_and_return_004,dodge_and_return,15.28333,105.942,0.0,0,0
dodge_and_return_004,dodge_and_return,15.3,105.942,0.0,0,0
dodge_and_return_004,dodge_and_return,15.31667,105.942,0.0,0,0
dodge_and_return_004,dodge_and_return,15.33333,105.942,0.0,0,0
dodge_and_return_004,dodge_and_return,15.35,105.942,0.0,0,0
dodge_and_return_004,dodge_and_return,15.36667,105.942,0.0,0,0
dodge_and_return_004,dodge_and_return,15.38333,105.942,0.0,0,0
dodge_and_return_004,dodge_and_return,15.4,105.942,0.0,0,0
dodge_and_return_004,dodge_and_return,15.41667,105.942,0.0,0,0
dodge_and_return_004,dodge_and_return,15.43333,105.942,0.0,0,0
dodge_and_return_004,dodge_and_return,15.45,105.942,0.0,0,0
dodge_and_return_004,dodge_and_return,15.46667,105.942,0.0,0,0
dodge_and_return_004,dodge_and_return,15.48333,105.942,0.0,0,0
dodge_and_return_004,dodge_and_return,15.5,105.942,0.0,0,0
dodge_and_return_004,dodge_and_return,15.51667,105.942,0.0,0,0
dodge_and_return_004,dodge_and_return,15.53333,105.942,0.0,0,0
dodge_and_return_004,dodge_and_return,15.55,105.942,0.0,0,0
dodge_and_return_004,dodge_and_return,15.56667,105.942,0.0,0,0
dodge_and_return_004,dodge_and_return,15.58333,105.942,0.0,0,0
dodge_and_return_004,dodge_and_return,15.6,105.942,0.0,0,0
dodge_and_return_004,dodge_and_return,15.61667,105.942,0.0,0,0
dodge_and_return_004,dodge_and_return,15.63333,105.942,0.0,0,0
dodge_and_return_004,dodge_and_return,15.65,105.942,0.0,0,0
dodge_and_return_004,dodge_and_return,15.66667,105.942,0.0,0,0
dodge_and_return_004,dodge_and_return,15.68333,105.942,0.0,0,0
dodge_and_return_004,dodge_and_return,15.7,105.942,0.0,0,0
dodge_and_return_004,dodge_and_return,15.71667,105.942,0.0,0,0
dodge_and_return_004,dodge_and_return,15.73333,105.942,0.0,0,0
dodge_and_return_004,dodge_and_return,15.75,105.942,0.0,0,0
dodge_and_return_004,dodge_and_return,15.76667,105.942,0.0,0,0
dodge_and_return_004,dodge_and_return,15.78333,105.942,0.0,0,0
dodge_and_return_004,dodge_and_return,15.8,105.942,0.0,0,0
dodge_and_return_004,dodge_and_return,15.81667,105.942,0.0,0,0
dodge_and_return_004,dodge_and_return,15.83333,105.942,0.0,0,0
dodge_and_return_004,dodge_and_return,15.85,105.942,0.0,0,0
dodge_and_return_004,dodge_and_return,15.86667,105.942,0.0,0,0
dodge_and_return_004,dodge_and_return,15.88333,105.942,0.0,0,0
dodge_and_return_004,dodge_and_return,15.9,105.942,0.0,0,0
dodge_and_return_004,dodge_and_return,15.91667,105.942,0.0,0,0
dodge_and_return_004,dodge_and_return,15.93333,105.942,0.0,0,0
dodge_and_return_004,dodge_and_return,15.95,105.942,0.0,0,0
dodge_and_return_004,dodge_and_return,15.96667,105.942,0.0,0,0
dodge_and_return_004,dodge_and_return,15.98333,105.942,0.0,0,0
dodge_and_return_004,dodge_and_return,16.0,105.942,0.0,0,0
dodge_and_return_004,dodge_and_return,16.01667,105.942,0.0,0,0
dodge_and_return_004,dodge_and_return,16.03333,105.942,0.0,0,0
dodge_and_return_004,dodge_and_return,16.05,105.942,0.0,0,0
dodge_and_return_004,dodge_and_return,16.06667,105.942,0.0,0,0
dodge_and_return_004,dodge_and_return,16.08333,105.942,0.0,0,0
dodge_and_return_004,dodge_and_return,16.1,105.942,0.0,0,0
dodge_and_return_004,dodge_and_return,16.11667,105.942,0.0,0,0
dodge_and_return_004,dodge_and_return,16.13333,105.942,0.0,0,0
dodge_and_return_004,dodge_and_return,16.15,105.942,0.0,0,0
dodge_and_return_004,dodge_and_return,16.16667,105.942,0.0,0,0
dodge_and_return_004,dodge_and_return,16.18333,105.942,0.0,0,0
dodge_and_return_004,dodge_and_return,16.2,105.942,0.0,0,0
dodge_and_return_004,dodge_and_return,16.21667,105.942,0.0,0,0
dodge_and_return_004,dodge_and_return,16.23333,105.942,0.0,0,0
dodge_and_return_004,dodge_and_return,16.25,105.942,0.0,0,0
dodge_and_return_004,dodge_and_return,16.26667,105.942,0.0,0,0
dodge_and_return_004,dodge_and_return,16.28333,105.942,0.0,0,0
dodge_and_return_004,dodge_and_return,16.3,105.942,0.0,0,0
dodge_and_return_004,dodge_and_return,16.31667,105.942,0.0,0,0
dodge_and_return_004,dodge_and_return,16.33333,105.942,0.0,0,0
dodge_and_return_004,dodge_and_return,16.35,105.942,0.0,0,0
dodge_and_return_004,dodge_and_return,16.36667,105.942,0.0,0,0
dodge_and_return_004,dodge_and_return,16.38333,105.942,0.0,0,0
dodge_and_return_004,dodge_and_return,16.4,105.942,0.0,0,0
dodge_and_return_004,dodge_and_return,16.41667,105.942,0.0,0,0
dodge_and_return_004,dodge_and_return,16.43333,105.942,0.0,0,0
dodge_and_return_004,dodge_and_return,16.45,105.942,0.0,0,0
dodge_and_return_004,dodge_and_return,16.46667,105.942,0.0,0,0
dodge_and_return_004,dodge_and_return,16.48333,105.942,0.0,0,0
dodge_and_return_004,dodge_and_return,16.5,105.942,0.0,0,0
dodge_and_return_004,dodge_and_return,16.51667,105.942,0.0,1,0
dodge_and_return_004,dodge_and_return,16.53333,104.442,-90.0,1,0
dodge_and_return_004,dodge_and_return,16.55,102.942,-90.0,1,0
dodge_and_return_004,dodge_and_return,16.56667,101.442,-90.0,1,0
dodge_and_return_004,dodge_and_return,16.58333,99.942,-90.0,1,0
dodge_and_return_004,dodge_and_return,16.6,98.442,-90.0,1,0
dodge_and_return_004,dodge_and_return,16.61667,96.942,-90.0,1,0
dodge_and_return_004,dodge_and_return,16.63333,95.442,-90.0,1,0
dodge_and_return_004,dodge_and_return,16.65,93.942,-90.0,1,0
dodge_and_return_004,dodge_and_return,16.66667,92.442,-90.0,1,0
dodge_and_return_004,dodge_and_return,16.68333,90.942,-90.0,1,0
dodge_and_return_004,dodge_and_return,16.7,89.442,-90.0,1,0
dodge_and_return_004,dodge_and_return,16.71667,87.942,-90.0,1,0
dodge_and_return_004,dodge_and_return,16.73333,86.442,-90.0,1,0
dodge_and_return_004,dodge_and_return,16.75,84.942,-90.0,1,0
dodge_and_return_004,dodge_and_return,16.76667,83.442,-90.0,1,0
dodge_and_return_004,dodge_and_return,16.78333,81.942,-90.0,1,0
dodge_and_return_004,dodge_and_return,16.8,80.442,-90.0,1,0
dodge_and_return_004,dodge_and_return,16.81667,78.942,-90.0,1,0
dodge_and_return_004,dodge_and_return,16.83333,77.442,-90.0,1,0
dodge_and_return_004,dodge_and_return,16.85,75.942,-90.0,1,0
dodge_and_return_004,dodge_and_return,16.86667,74.442,-90.0,1,0
dodge_and_return_004,dodge_and_return,16.88333,72.942,-90.0,1,0
dodge_and_return_004,dodge_and_return,16.9,71.442,-90.0,1,0
dodge_and_return_004,dodge_and_return,16.91667,69.942,-90.0,1,0
dodge_and_return_004,dodge_and_return,16.93333,68.442,-90.0,1,0
dodge_and_return_004,dodge_and_return,16.95,66.942,-90.0,1,0
dodge_and_return_004,dodge_and_return,16.96667,65.442,-90.0,1,0
dodge_and_return_004,dodge_and_return,16.98333,63.942,-90.0,1,0
dodge_and_return_004,dodge_and_return,17.0,62.442,-90.0,1,0
dodge_and_return_004,dodge_and_return,17.01667,60.942,-90.0,1,0
dodge_and_return_004,dodge_and_return,17.03333,59.442,-90.0,1,0
dodge_and_return_004,dodge_and_return,17.05,57.942,-90.0,1,0
dodge_and_return_004,dodge_and_return,17.06667,56.442,-90.0,1,0
dodge_and_return_004,dodge_and_return,17.08333,54.942,-90.0,1,0
dodge_and_return_004,dodge_and_return,17.1,53.442,-90.0,1,0
dodge_and_return_004,dodge_and_return,17.11667,51.942,-90.0,1,0
dodge_and_return_004,dodge_and_return,17.13333,50.442,-90.0,1,0
dodge_and_return_004,dodge_and_return,17.15,48.942,-90.0,1,0
dodge_and_return_004,dodge_and_return,17.16667,47.442,-90.0,1,0
dodge_and_return_004,dodge_and_return,17.18333,45.942,-90.0,1,0
dodge_and_return_004,dodge_and_return,17.2,44.442,-90.0,1,0
dodge_and_return_004,dodge_and_return,17.21667,42.942,-90.0,1,0
dodge_and_return_004,dodge_and_return,17.23333,41.442,-90.0,1,0
dodge_and_return_004,dodge_and_return,17.25,39.942,-90.0,1,0
dodge_and_return_004,dodge_and_return,17.26667,38.442,-90.0,1,0
dodge_and_return_004,dodge_and_return,17.28333,36.942,-90.0,1,0
dodge_and_return_004,dodge_and_return,17.3,35.442,-90.0,1,0
dodge_and_return_004,dodge_and_return,17.31667,33.942,-90.0,1,0
dodge_and_return_004,dodge_and_return,17.33333,32.442,-90.0,1,0
dodge_and_return_004,dodge_and_return,17.35,30.942,-90.0,1,0
dodge_and_return_004,dodge_and_return,17.36667,29.442,-90.0,1,0
dodge_and_return_004,dodge_and_return,17.38333,27.942,-90.0,0,1
dodge_and_return_004,dodge_and_return,17.4,29.442,90.0,0,1
dodge_and_return_004,dodge_and_return,17.41667,30.942,90.0,0,1
dodge_and_return_004,dodge_and_return,17.43333,32.442,90.0,0,1
dodge_and_return_004,dodge_and_return,17.45,33.942,90.0,0,1
dodge_and_return_004,dodge_and_return,17.46667,35.442,90.0,0,1
dodge_and_return_004,dodge_and_return,17.48333,36.942,90.0,0,1
dodge_and_return_004,dodge_and_return,17.5,38.442,90.0,0,1
dodge_and_return_004,dodge_and_return,17.51667,39.942,90.0,0,1
dodge_and_return_004,dodge_and_return,17.53333,41.442,90.0,0,1
dodge_and_return_004,dodge_and_return,17.55,42.942,90.0,0,1
dodge_and_return_004,dodge_and_return,17.56667,44.442,90.0,0,1
dodge_and_return_004,dodge_and_return,17.58333,45.942,90.0,0,1
dodge_and_return_004,dodge_and_return,17.6,47.442,90.0,0,1
dodge_and_return_004,dodge_and_return,17.61667,48.942,90.0,0,1
dodge_and_return_004,dodge_and_return,17.63333,50.442,90.0,0,1
dodge_and_return_004,dodge_and_return,17.65,51.942,90.0,0,1
dodge_and_return_004,dodge_and_return,17.66667,53.442,90.0,0,1
dodge_and_return_004,dodge_and_return,17.68333,54.942,90.0,0,1
dodge_and_return_004,dodge_and_return,17.7,56.442,90.0,0,1
dodge_and_return_004,dodge_and_return,17.71667,57.942,90.0,0,1
dodge_and_return_004,dodge_and_return,17.73333,59.442,90.0,0,1
dodge_and_return_004,dodge_and_return,17.75,60.942,90.0,0,1
dodge_and_return_004,dodge_and_return,17.76667,62.442,90.0,0,1
dodge_and_return_004,dodge_and_return,17.78333,63.942,90.0,0,1
dodge_and_return_004,dodge_and_return,17.8,65.442,90.0,0,1
dodge_and_return_004,dodge_and_return,17.81667,66.942,90.0,0,1
dodge_and_return_004,dodge_and_return,17.83333,68.442,90.0,0,1
dodge_and_return_004,dodge_and_return,17.85,69.942,90.0,0,1
dodge_and_return_004,dodge_and_return,17.86667,71.442,90.0,0,1
dodge_and_return_004,dodge_and_return,17.88333,72.942,90.0,0,1
dodge_and_return_004,dodge_and_return,17.9,74.442,90.0,0,1
dodge_and_return_004,dodge_and_return,17.91667,75.942,90.0,0,1
dodge_and_return_004,dodge_and_return,17.93333,77.442,90.0,0,1
dodge_and_return_004,dodge_and_return,17.95,78.942,90.0,0,1
dodge_and_return_004,dodge_and_return,17.96667,80.442,90.0,0,1
dodge_and_return_004,dodge_and_return,17.98333,81.942,90.0,0,1
dodge_and_return_004,dodge_and_return,18.0,83.442,90.0,0,1
dodge_and_return_004,dodge_and_return,18.01667,84.942,90.0,0,1
dodge_and_return_004,dodge_and_return,18.03333,86.442,90.0,0,1
dodge_and_return_004,dodge_and_return,18.05,87.942,90.0,0,1
dodge_and_return_004,dodge_and_return,18.06667,89.442,90.0,0,1
dodge_and_return_004,dodge_and_return,18.08333,90.942,90.0,0,1
dodge_and_return_004,dodge_and_return,18.1,92.442,90.0,0,1
dodge_and_return_004,dodge_and_return,18.11667,93.942,90.0,0,1
dodge_and_return_004,dodge_and_return,18.13333,95.442,90.0,0,1
dodge_and_return_004,dodge_and_return,18.15,96.942,90.0,0,1
dodge_and_return_004,dodge_and_return,18.16667,98.442,90.0,0,0
dodge_and_return_004,dodge_and_return,18.18333,98.442,0.0,0,0
dodge_and_return_004,dodge_and_return,18.2,98.442,0.0,0,0
dodge_and_return_004,dodge_and_return,18.21667,98.442,0.0,0,0
dodge_and_return_004,dodge_and_return,18.23333,98.442,0.0,0,0
dodge_and_return_004,dodge_and_return,18.25,98.442,0.0,0,0
dodge_and_return_004,dodge_and_return,18.26667,98.442,0.0,0,0
dodge_and_return_004,dodge_and_return,18.28333,98.442,0.0,0,0
dodge_and_return_004,dodge_and_return,18.3,98.442,0.0,0,0
dodge_and_return_004,dodge_and_return,18.31667,98.442,0.0,0,0
dodge_and_return_004,dodge_and_return,18.33333,98.442,0.0,0,0
dodge_and_return_004,dodge_and_return,18.35,98.442,0.0,0,0
dodge_and_return_004,dodge_and_return,18.36667,98.442,0.0,0,0
dodge_and_return_004,dodge_and_return,18.38333,98.442,0.0,0,0
dodge_and_return_004,dodge_and_return,18.4,98.442,0.0,0,0
dodge_and_return_004,dodge_and_return,18.41667,98.442,0.0,0,0
dodge_and_return_004,dodge_and_return,18.43333,98.442,0.0,0,0
dodge_and_return_004,dodge_and_return,18.45,98.442,0.0,0,0
dodge_and_return_004,dodge_and_return,18.46667,98.442,0.0,0,0
dodge_and_return_004,dodge_and_return,18.48333,98.442,0.0,0,0
dodge_and_return_004,dodge_and_return,18.5,98.442,0.0,0,0
dodge_and_return_004,dodge_and_return,18.51667,98.442,0.0,0,0
dodge_and_return_004,dodge_and_return,18.53333,98.442,0.0,0,0
dodge_and_return_004,dodge_and_return,18.55,98.442,0.0,0,0
dodge_and_return_004,dodge_and_return,18.56667,98.442,0.0,0,0
dodge_and_return_004,dodge_and_return,18.58333,98.442,0.0,0,0
dodge_and_return_004,dodge_and_return,18.6,98.442,0.0,0,0
dodge_and_return_004,dodge_and_return,18.61667,98.442,0.0,0,0
dodge_and_return_004,dodge_and_return,18.63333,98.442,0.0,0,0
dodge_and_return_004,dodge_and_return,18.65,98.442,0.0,0,0
dodge_and_return_004,dodge_and_return,18.66667,98.442,0.0,0,0
dodge_and_return_004,dodge_and_return,18.68333,98.442,0.0,0,0
dodge_and_return_004,dodge_and_return,18.7,98.442,0.0,0,0
dodge_and_return_004,dodge_and_return,18.71667,98.442,0.0,0,0
dodge_and_return_004,dodge_and_return,18.73333,98.442,0.0,0,0
dodge_and_return_004,dodge_and_return,18.75,98.442,0.0,0,0
dodge_and_return_004,dodge_and_return,18.76667,98.442,0.0,0,0
dodge_and_return_004,dodge_and_return,18.78333,98.442,0.0,0,0
dodge_and_return_004,dodge_and_return,18.8,98.442,0.0,0,0
dodge_and_return_004,dodge_and_return,18.81667,98.442,0.0,0,0
dodge_and_return_004,dodge_and_return,18.83333,98.442,0.0,0,0
dodge_and_return_004,dodge_and_return,18.85,98.442,0.0,0,0
dodge_and_return_004,dodge_and_return,18.86667,98.442,0.0,0,0
dodge_and_return_004,dodge_and_return,18.88333,98.442,0.0,0,0
dodge_and_return_004,dodge_and_return,18.9,98.442,0.0,0,0
dodge_and_return_004,dodge_and_return,18.91667,98.442,0.0,0,0
dodge_and_return_004,dodge_and_return,18.93333,98.442,0.0,0,0
dodge_and_return_004,dodge_and_return,18.95,98.442,0.0,0,0
dodge_and_return_004,dodge_and_return,18.96667,98.442,0.0,0,0
dodge_and_return_004,dodge_and_return,18.98333,98.442,0.0,0,0
dodge_and_return_004,dodge_and_return,19.0,98.442,0.0,0,0
dodge_and_return_004,dodge_and_return,19.01667,98.442,0.0,0,0
dodge_and_return_004,dodge_and_return,19.03333,98.442,0.0,0,0
dodge_and_return_004,dodge_and_return,19.05,98.442,0.0,0,0
dodge_and_return_004,dodge_and_return,19.06667,98.442,0.0,0,0
dodge_and_return_004,dodge_and_return,19.08333,98.442,0.0,0,0
dodge_and_return_004,dodge_and_return,19.1,98.442,0.0,0,0
dodge_and_return_004,dodge_and_return,19.11667,98.442,0.0,0,0
dodge_and_return_004,dodge_and_return,19.13333,98.442,0.0,0,0
dodge_and_return_004,dodge_and_return,19.15,98.442,0.0,0,0
dodge_and_return_004,dodge_and_return,19.16667,98.442,0.0,0,0
dodge_and_return_004,dodge_and_return,19.18333,98.442,0.0,0,0
dodge_and_return_004,dodge_and_return,19.2,98.442,0.0,0,0
dodge_and_return_004,dodge_and_return,19.21667,98.442,0.0,0,0
dodge_and_return_004,dodge_and_return,19.23333,98.442,0.0,0,0
dodge_and_return_004,dodge_and_return,19.25,98.442,0.0,0,0
dodge_and_return_004,dodge_and_return,19.26667,98.442,0.0,0,0
dodge_and_return_004,dodge_and_return,19.28333,98.442,0.0,0,0
dodge_and_return_004,dodge_and_return,19.3,98.442,0.0,0,0
dodge_and_return_004,dodge_and_return,19.31667,98.442,0.0,0,0
dodge_and_return_004,dodge_and_return,19.33333,98.442,0.0,0,0
dodge_and_return_004,dodge_and_return,19.35,98.442,0.0,0,0
dodge_and_return_004,dodge_and_return,19.36667,98.442,0.0,0,0
dodge_and_return_004,dodge_and_return,19.38333,98.442,0.0,0,0
dodge_and_return_004,dodge_and_return,19.4,98.442,0.0,0,0
dodge_and_return_004,dodge_and_return,19.41667,98.442,0.0,0,0
dodge_and_return_004,dodge_and_return,19.43333,98.442,0.0,0,0
dodge_and_return_004,dodge_and_return,19.45,98.442,0.0,0,0
dodge_and_return_004,dodge_and_return,19.46667,98.442,0.0,0,0
dodge_and_return_004,dodge_and_return,19.48333,98.442,0.0,0,0
dodge_and_return_004,dodge_and_return,19.5,98.442,0.0,0,0
dodge_and_return_004,dodge_and_return,19.51667,98.442,0.0,0,0
dodge_and_return_004,dodge_and_return,19.53333,98.442,0.0,0,0
dodge_and_return_004,dodge_and_return,19.55,98.442,0.0,0,0
dodge_and_return_004,dodge_and_return,19.56667,98.442,0.0,0,0
dodge_and_return_004,dodge_and_return,19.58333,98.442,0.0,0,0
dodge_and_return_004,dodge_and_return,19.6,98.442,0.0,0,0
dodge_and_return_004,dodge_and_return,19.61667,98.442,0.0,0,0
dodge_and_return_004,dodge_and_return,19.63333,98.442,0.0,0,0
dodge_and_return_004,dodge_and_return,19.65,98.442,0.0,0,0
dodge_and_return_004,dodge_and_return,19.66667,98.442,0.0,0,0
dodge_and_return_004,dodge_and_return,19.68333,98.442,0.0,0,0
dodge_and_return_004,dodge_and_return,19.7,98.442,0.0,0,0
dodge_and_return_004,dodge_and_return,19.71667,98.442,0.0,0,0
dodge_and_return_004,dodge_and_return,19.73333,98.442,0.0,0,0
dodge_and_return_004,dodge_and_return,19.75,98.442,0.0,0,1
dodge_and_return_004,dodge_and_return,19.76667,99.942,90.0,0,1
dodge_and_return_004,dodge_and_return,19.78333,101.442,90.0,0,1
dodge_and_return_004,dodge_and_return,19.8,102.942,90.0,0,1
dodge_and_return_004,dodge_and_return,19.81667,104.442,90.0,0,1
dodge_and_return_004,dodge_and_return,19.83333,105.942,90.0,0,1
dodge_and_return_004,dodge_and_return,19.85,107.442,90.0,0,1
dodge_and_return_004,dodge_and_return,19.86667,108.942,90.0,0,1
dodge_and_return_004,dodge_and_return,19.88333,110.442,90.0,0,1
dodge_and_return_004,dodge_and_return,19.9,111.942,90.0,0,1
dodge_and_return_004,dodge_and_return,19.91667,113.442,90.0,0,1
dodge_and_return_004,dodge_and_return,19.93333,114.942,90.0,0,1
dodge_and_return_004,dodge_and_return,19.95,116.442,90.0,0,1
dodge_and_return_004,dodge_and_return,19.96667,117.942,90.0,0,1
dodge_and_return_004,dodge_and_return,19.98333,119.442,90.0,0,1
dodge_and_return_004,dodge_and_return,20.0,120.942,90.0,0,1
dodge_and_return_004,dodge_and_return,20.01667,122.442,90.0,0,1
dodge_and_return_004,dodge_and_return,20.03333,123.942,90.0,0,1
dodge_and_return_004,dodge_and_return,20.05,125.442,90.0,0,1
dodge_and_return_004,dodge_and_return,20.06667,126.942,90.0,0,1
dodge_and_return_004,dodge_and_return,20.08333,128.442,90.0,0,1
dodge_and_return_004,dodge_and_return,20.1,129.942,90.0,0,1
dodge_and_return_004,dodge_and_return,20.11667,131.442,90.0,0,1
dodge_and_return_004,dodge_and_return,20.13333,132.942,90.0,0,1
dodge_and_return_004,dodge_and_return,20.15,134.442,90.0,0,1
dodge_and_return_004,dodge_and_return,20.16667,135.942,90.0,0,1
dodge_and_return_004,dodge_and_return,20.18333,137.442,90.0,0,1
dodge_and_return_004,dodge_and_return,20.2,138.942,90.0,0,1
dodge_and_return_004,dodge_and_return,20.21667,140.442,90.0,0,1
dodge_and_return_004,dodge_and_return,20.23333,141.942,90.0,0,1
dodge_and_return_004,dodge_and_return,20.25,143.442,90.0,0,1
dodge_and_return_004,dodge_and_return,20.26667,144.942,90.0,0,1
dodge_and_return_004,dodge_and_return,20.28333,146.442,90.0,0,1
dodge_and_return_004,dodge_and_return,20.3,147.942,90.0,0,1
dodge_and_return_004,dodge_and_return,20.31667,149.442,90.0,0,1
dodge_and_return_004,dodge_and_return,20.33333,150.942,90.0,0,1
dodge_and_return_004,dodge_and_return,20.35,152.442,90.0,0,1
dodge_and_return_004,dodge_and_return,20.36667,153.942,90.0,0,1
dodge_and_return_004,dodge_and_return,20.38333,155.442,90.0,0,1
dodge_and_return_004,dodge_and_return,20.4,156.942,90.0,0,1
dodge_and_return_004,dodge_and_return,20.41667,158.442,90.0,0,1
dodge_and_return_004,dodge_and_return,20.43333,159.942,90.0,0,1
dodge_and_return_004,dodge_and_return,20.45,161.442,90.0,0,1
dodge_and_return_004,dodge_and_return,20.46667,162.942,90.0,0,1
dodge_and_return_004,dodge_and_return,20.48333,164.442,90.0,0,1
dodge_and_return_004,dodge_and_return,20.5,165.942,90.0,0,1
dodge_and_return_004,dodge_and_return,20.51667,167.442,90.0,0,1
dodge_and_return_004,dodge_and_return,20.53333,168.942,90.0,0,1
dodge_and_return_004,dodge_and_return,20.55,170.442,90.0,0,1
dodge_and_return_004,dodge_and_return,20.56667,171.942,90.0,1,0
dodge_and_return_004,dodge_and_return,20.58333,170.442,-90.0,1,0
dodge_and_return_004,dodge_and_return,20.6,168.942,-90.0,1,0
dodge_and_return_004,dodge_and_return,20.61667,167.442,-90.0,1,0
dodge_and_return_004,dodge_and_return,20.63333,165.942,-90.0,1,0
dodge_and_return_004,dodge_and_return,20.65,164.442,-90.0,1,0
dodge_and_return_004,dodge_and_return,20.66667,162.942,-90.0,1,0
dodge_and_return_004,dodge_and_return,20.68333,161.442,-90.0,1,0
dodge_and_return_004,dodge_and_return,20.7,159.942,-90.0,1,0
dodge_and_return_004,dodge_and_return,20.71667,158.442,-90.0,1,0
dodge_and_return_004,dodge_and_return,20.73333,156.942,-90.0,1,0
dodge_and_return_004,dodge_and_return,20.75,155.442,-90.0,1,0
dodge_and_return_004,dodge_and_return,20.76667,153.942,-90.0,1,0
dodge_and_return_004,dodge_and_return,20.78333,152.442,-90.0,1,0
dodge_and_return_004,dodge_and_return,20.8,150.942,-90.0,1,0
dodge_and_return_004,dodge_and_return,20.81667,149.442,-90.0,1,0
dodge_and_return_004,dodge_and_return,20.83333,147.942,-90.0,1,0
dodge_and_return_004,dodge_and_return,20.85,146.442,-90.0,1,0
dodge_and_return_004,dodge_and_return,20.86667,144.942,-90.0,1,0
dodge_and_return_004,dodge_and_return,20.88333,143.442,-90.0,1,0
dodge_and_return_004,dodge_and_return,20.9,141.942,-90.0,1,0
dodge_and_return_004,dodge_and_return,20.91667,140.442,-90.0,1,0
dodge_and_return_004,dodge_and_return,20.93333,138.942,-90.0,1,0
dodge_and_return_004,dodge_and_return,20.95,137.442,-90.0,1,0
dodge_and_return_004,dodge_and_return,20.96667,135.942,-90.0,1,0
dodge_and_return_004,dodge_and_return,20.98333,134.442,-90.0,1,0
dodge_and_return_004,dodge_and_return,21.0,132.942,-90.0,1,0
dodge_and_return_004,dodge_and_return,21.01667,131.442,-90.0,1,0
dodge_and_return_004,dodge_and_return,21.03333,129.942,-90.0,1,0
dodge_and_return_004,dodge_and_return,21.05,128.442,-90.0,1,0
dodge_and_return_004,dodge_and_return,21.06667,126.942,-90.0,1,0
dodge_and_return_004,dodge_and_return,21.08333,125.442,-90.0,1,0
dodge_and_return_004,dodge_and_return,21.1,123.942,-90.0,1,0
dodge_and_return_004,dodge_and_return,21.11667,122.442,-90.0,1,0
dodge_and_return_004,dodge_and_return,21.13333,120.942,-90.0,1,0
dodge_and_return_004,dodge_and_return,21.15,119.442,-90.0,1,0
dodge_and_return_004,dodge_and_return,21.16667,117.942,-90.0,1,0
dodge_and_return_004,dodge_and_return,21.18333,116.442,-90.0,1,0
dodge_and_return_004,dodge_and_return,21.2,114.942,-90.0,1,0
dodge_and_return_004,dodge_and_return,21.21667,113.442,-90.0,1,0
dodge_and_return_004,dodge_and_return,21.23333,111.942,-90.0,1,0
dodge_and_return_004,dodge_and_return,21.25,110.442,-90.0,1,0
dodge_and_return_004,dodge_and_return,21.26667,108.942,-90.0,1,0
dodge_and_return_004,dodge_and_return,21.28333,107.442,-90.0,1,0
dodge_and_return_004,dodge_and_return,21.3,105.942,-90.0,0,0
dodge_and_return_004,dodge_and_return,21.31667,105.942,0.0,0,0
dodge_and_return_004,dodge_and_return,21.33333,105.942,0.0,0,0
dodge_and_return_004,dodge_and_return,21.35,105.942,0.0,0,0
dodge_and_return_004,dodge_and_return,21.36667,105.942,0.0,0,0
dodge_and_return_004,dodge_and_return,21.38333,105.942,0.0,0,0
dodge_and_return_004,dodge_and_return,21.4,105.942,0.0,0,0
dodge_and_return_004,dodge_and_return,21.41667,105.942,0.0,0,0
dodge_and_return_004,dodge_and_return,21.43333,105.942,0.0,0,0
dodge_and_return_004,dodge_and_return,21.45,105.942,0.0,0,0
dodge_and_return_004,dodge_and_return,21.46667,105.942,0.0,0,0
dodge_and_return_004,dodge_and_return,21.48333,105.942,0.0,0,0
dodge_and_return_004,dodge_and_return,21.5,105.942,0.0,0,0
dodge_and_return_004,dodge_and_return,21.51667,105.942,0.0,0,0
dodge_and_return_004,dodge_and_return,21.53333,105.942,0.0,0,0
dodge_and_return_004,dodge_and_return,21.55,105.942,0.0,0,0
dodge_and_return_004,dodge_and_return,21.56667,105.942,0.0,0,0
dodge_and_return_004,dodge_and_return,21.58333,105.942,0.0,0,0
dodge_and_return_004,dodge_and_return,21.6,105.942,0.0,0,0
dodge_and_return_004,dodge_and_return,21.61667,105.942,0.0,0,0
dodge_and_return_004,dodge_and_return,21.63333,105.942,0.0,0,0
dodge_and_return_004,dodge_and_return,21.65,105.942,0.0,0,0
dodge_and_return_004,dodge_and_return,21.66667,105.942,0.0,0,0
dodge_and_return_004,dodge_and_return,21.68333,105.942,0.0,0,0
dodge_and_return_004,dodge_and_return,21.7,105.942,0.0,0,0
dodge_and_return_004,dodge_and_return,21.71667,105.942,0.0,0,0
dodge_and_return_004,dodge_and_return,21.73333,105.942,0.0,0,0
dodge_and_return_004,dodge_and_return,21.75,105.942,0.0,0,0
dodge_and_return_004,dodge_and_return,21.76667,105.942,0.0,0,0
dodge_and_return_004,dodge_and_return,21.78333,105.942,0.0,0,0
dodge_and_return_004,dodge_and_return,21.8,105.942,0.0,0,0
dodge_and_return_004,dodge_and_return,21.81667,105.942,0.0,0,0
dodge_and_return_004,dodge_and_return,21.83333,105.942,0.0,0,0
dodge_and_return_004,dodge_and_return,21.85,105.942,0.0,0,0
dodge_and_return_004,dodge_and_return,21.86667,105.942,0.0,0,0
dodge_and_return_004,dodge_and_return,21.88333,105.942,0.0,0,0
dodge_and_return_004,dodge_and_return,21.9,105.942,0.0,0,0
dodge_and_return_004,dodge_and_return,21.91667,105.942,0.0,0,0
dodge_and_return_004,dodge_and_return,21.93333,105.942,0.0,0,0
dodge_and_return_004,dodge_and_return,21.95,105.942,0.0,0,0
dodge_and_return_004,dodge_and_return,21.96667,105.942,0.0,0,0
dodge_and_return_004,dodge_and_return,21.98333,105.942,0.0,0,0
dodge_and_return_004,dodge_and_return,22.0,105.942,0.0,0,0
dodge_and_return_004,dodge_and_return,22.01667,105.942,0.0,0,0
dodge_and_return_004,dodge_and_return,22.03333,105.942,0.0,0,0
dodge_and_return_004,dodge_and_return,22.05,105.942,0.0,0,0
dodge_and_return_004,dodge_and_return,22.06667,105.942,0.0,0,0
dodge_and_return_004,dodge_and_return,22.08333,105.942,0.0,0,0
dodge_and_return_004,dodge_and_return,22.1,105.942,0.0,0,0
dodge_and_return_004,dodge_and_return,22.11667,105.942,0.0,0,0
dodge_and_return_004,dodge_and_return,22.13333,105.942,0.0,0,0
dodge_and_return_004,dodge_and_return,22.15,105.942,0.0,0,0
dodge_and_return_004,dodge_and_return,22.16667,105.942,0.0,0,0
dodge_and_return_004,dodge_and_return,22.18333,105.942,0.0,0,0
dodge_and_return_004,dodge_and_return,22.2,105.942,0.0,0,0
dodge_and_return_004,dodge_and_return,22.21667,105.942,0.0,0,0
dodge_and_return_004,dodge_and_return,22.23333,105.942,0.0,0,0
dodge_and_return_004,dodge_and_return,22.25,105.942,0.0,0,0
dodge_and_return_004,dodge_and_return,22.26667,105.942,0.0,0,0
dodge_and_return_004,dodge_and_return,22.28333,105.942,0.0,0,0
dodge_and_return_004,dodge_and_return,22.3,105.942,0.0,0,0
dodge_and_return_004,dodge_and_return,22.31667,105.942,0.0,0,0
dodge_and_return_004,dodge_and_return,22.33333,105.942,0.0,0,0
dodge_and_return_004,dodge_and_return,22.35,105.942,0.0,0,0
dodge_and_return_004,dodge_and_return,22.36667,105.942,0.0,0,0
dodge_and_return_004,dodge_and_return,22.38333,105.942,0.0,0,0
dodge_and_return_004,dodge_and_return,22.4,105.942,0.0,0,0
dodge_and_return_004,dodge_and_return,22.41667,105.942,0.0,0,0
dodge_and_return_004,dodge_and_return,22.43333,105.942,0.0,0,0
dodge_and_return_004,dodge_and_return,22.45,105.942,0.0,0,0
dodge_and_return_004,dodge_and_return,22.46667,105.942,0.0,0,0
dodge_and_return_004,dodge_and_return,22.48333,105.942,0.0,0,0
dodge_and_return_004,dodge_and_return,22.5,105.942,0.0,0,0
dodge_and_return_004,dodge_and_return,22.51667,105.942,0.0,0,0
dodge_and_return_004,dodge_and_return,22.53333,105.942,0.0,0,0
dodge_and_return_004,dodge_and_return,22.55,105.942,0.0,0,0
dodge_and_return_004,dodge_and_return,22.56667,105.942,0.0,0,0
dodge_and_return_004,dodge_and_return,22.58333,105.942,0.0,0,0
dodge_and_return_004,dodge_and_return,22.6,105.942,0.0,0,0
dodge_and_return_004,dodge_and_return,22.61667,105.942,0.0,0,0
dodge_and_return_004,dodge_and_return,22.63333,105.942,0.0,0,0
dodge_and_return_004,dodge_and_return,22.65,105.942,0.0,0,0
dodge_and_return_004,dodge_and_return,22.66667,105.942,0.0,0,0
dodge_and_return_004,dodge_and_return,22.68333,105.942,0.0,0,0
dodge_and_return_004,dodge_and_return,22.7,105.942,0.0,0,0
dodge_and_return_004,dodge_and_return,22.71667,105.942,0.0,0,0
dodge_and_return_004,dodge_and_return,22.73333,105.942,0.0,0,0
dodge_and_return_004,dodge_and_return,22.75,105.942,0.0,0,0
dodge_and_return_004,dodge_and_return,22.76667,105.942,0.0,0,0
dodge_and_return_004,dodge_and_return,22.78333,105.942,0.0,0,0
dodge_and_return_004,dodge_and_return,22.8,105.942,0.0,0,0
dodge_and_return_004,dodge_and_return,22.81667,105.942,0.0,0,0
dodge_and_return_004,dodge_and_return,22.83333,105.942,0.0,0,0
dodge_and_return_004,dodge_and_return,22.85,105.942,0.0,0,0
dodge_and_return_004,dodge_and_return,22.86667,105.942,0.0,0,0
dodge_and_return_004,dodge_and_return,22.88333,105.942,0.0,0,0
dodge_and_return_004,dodge_and_return,22.9,105.942,0.0,0,0
dodge_and_return_004,dodge_and_return,22.91667,105.942,0.0,0,0
dodge_and_return_004,dodge_and_return,22.93333,105.942,0.0,0,0
dodge_and_return_004,dodge_and_return,22.95,105.942,0.0,0,0
dodge_and_return_004,dodge_and_return,22.96667,105.942,0.0,0,0
dodge_and_return_004,dodge_and_return,22.98333,105.942,0.0,0,0
dodge_and_return_004,dodge_and_return,23.0,105.942,0.0,0,0
dodge_and_return_004,dodge_and_return,23.01667,105.942,0.0,0,0
dodge_and_return_004,dodge_and_return,23.03333,105.942,0.0,0,0
dodge_and_return_004,dodge_and_return,23.05,105.942,0.0,0,0
dodge_and_return_004,dodge_and_return,23.06667,105.942,0.0,0,0
dodge_and_return_004,dodge_and_return,23.08333,105.942,0.0,0,0
dodge_and_return_004,dodge_and_return,23.1,105.942,0.0,0,0
dodge_and_return_004,dodge_and_return,23.11667,105.942,0.0,0,0
dodge_and_return_004,dodge_and_return,23.13333,105.942,0.0,0,0
dodge_and_return_004,dodge_and_return,23.15,105.942,0.0,0,0
dodge_and_return_004,dodge_and_return,23.16667,105.942,0.0,0,0
dodge_and_return_004,dodge_and_return,23.18333,105.942,0.0,0,0
dodge_and_return_004,dodge_and_return,23.2,105.942,0.0,0,0
dodge_and_return_004,dodge_and_return,23.21667,105.942,0.0,0,0
dodge_and_return_004,dodge_and_return,23.23333,105.942,0.0,0,0
dodge_and_return_004,dodge_and_return,23.25,105.942,0.0,0,0
dodge_and_return_004,dodge_and_return,23.26667,105.942,0.0,0,0
dodge_and_return_004,dodge_and_return,23.28333,105.942,0.0,0,0
dodge_and_return_004,dodge_and_return,23.3,105.942,0.0,0,0
dodge_and_return_004,dodge_and_return,23.31667,105.942,0.0,0,0
dodge_and_return_004,dodge_and_return,23.33333,105.942,0.0,0,0
dodge_and_return_004,dodge_and_return,23.35,105.942,0.0,0,0
dodge_and_return_004,dodge_and_return,23.36667,105.942,0.0,0,0
dodge_and_return_004,dodge_and_return,23.38333,105.942,0.0,0,0
dodge_and_return_004,dodge_and_return,23.4,105.942,0.0,0,0
dodge_and_return_004,dodge_and_return,23.41667,105.942,0.0,0,0
dodge_and_return_004,dodge_and_return,23.43333,105.942,0.0,0,0
dodge_and_return_004,dodge_and_return,23.45,105.942,0.0,0,0
dodge_and_return_004,dodge_and_return,23.46667,105.942,0.0,0,0
dodge_and_return_004,dodge_and_return,23.48333,105.942,0.0,0,0
dodge_and_return_004,dodge_and_return,23.5,105.942,0.0,0,0
dodge_and_return_004,dodge_and_return,23.51667,105.942,0.0,0,0
dodge_and_return_004,dodge_and_return,23.53333,105.942,0.0,0,0
dodge_and_return_004,dodge_and_return,23.55,105.942,0.0,0,0
dodge_and_return_004,dodge_and_return,23.56667,105.942,0.0,0,0
dodge_and_return_004,dodge_and_return,23.58333,105.942,0.0,0,0
dodge_and_return_004,dodge_and_return,23.6,105.942,0.0,0,0
dodge_and_return_004,dodge_and_return,23.61667,105.942,0.0,0,0
dodge_and_return_004,dodge_and_return,23.63333,105.942,0.0,0,1
dodge_and_return_004,dodge_and_return,23.65,107.442,90.0,0,1
dodge_and_return_004,dodge_and_return,23.66667,108.942,90.0,0,1
dodge_and_return_004,dodge_and_return,23.68333,110.442,90.0,0,1
dodge_and_return_004,dodge_and_return,23.7,111.942,90.0,0,1
dodge_and_return_004,dodge_and_return,23.71667,113.442,90.0,0,1
dodge_and_return_004,dodge_and_return,23.73333,114.942,90.0,0,1
dodge_and_return_004,dodge_and_return,23.75,116.442,90.0,0,1
dodge_and_return_004,dodge_and_return,23.76667,117.942,90.0,0,1
dodge_and_return_004,dodge_and_return,23.78333,119.442,90.0,0,1
dodge_and_return_004,dodge_and_return,23.8,120.942,90.0,0,1
dodge_and_return_004,dodge_and_return,23.81667,122.442,90.0,0,1
dodge_and_return_004,dodge_and_return,23.83333,123.942,90.0,0,1
dodge_and_return_004,dodge_and_return,23.85,125.442,90.0,0,1
dodge_and_return_004,dodge_and_return,23.86667,126.942,90.0,0,1
dodge_and_return_004,dodge_and_return,23.88333,128.442,90.0,0,1
dodge_and_return_004,dodge_and_return,23.9,129.942,90.0,0,1
dodge_and_return_004,dodge_and_return,23.91667,131.442,90.0,0,1
dodge_and_return_004,dodge_and_return,23.93333,132.942,90.0,0,1
dodge_and_return_004,dodge_and_return,23.95,134.442,90.0,0,1
dodge_and_return_004,dodge_and_return,23.96667,135.942,90.0,0,1
dodge_and_return_004,dodge_and_return,23.98333,137.442,90.0,0,1
dodge_and_return_004,dodge_and_return,24.0,138.942,90.0,0,1
dodge_and_return_004,dodge_and_return,24.01667,140.442,90.0,0,1
dodge_and_return_004,dodge_and_return,24.03333,141.942,90.0,0,1
dodge_and_return_004,dodge_and_return,24.05,143.442,90.0,0,1
dodge_and_return_004,dodge_and_return,24.06667,144.942,90.0,0,1
dodge_and_return_004,dodge_and_return,24.08333,146.442,90.0,0,1
dodge_and_return_004,dodge_and_return,24.1,147.942,90.0,0,1
dodge_and_return_004,dodge_and_return,24.11667,149.442,90.0,0,1
dodge_and_return_004,dodge_and_return,24.13333,150.942,90.0,0,1
dodge_and_return_004,dodge_and_return,24.15,152.442,90.0,0,1
dodge_and_return_004,dodge_and_return,24.16667,153.942,90.0,0,1
dodge_and_return_004,dodge_and_return,24.18333,155.442,90.0,0,1
dodge_and_return_004,dodge_and_return,24.2,156.942,90.0,0,1
dodge_and_return_004,dodge_and_return,24.21667,158.442,90.0,0,1
dodge_and_return_004,dodge_and_return,24.23333,159.942,90.0,0,1
dodge_and_return_004,dodge_and_return,24.25,161.442,90.0,0,1
dodge_and_return_004,dodge_and_return,24.26667,162.942,90.0,0,1
dodge_and_return_004,dodge_and_return,24.28333,164.442,90.0,0,1
dodge_and_return_004,dodge_and_return,24.3,165.942,90.0,0,1
dodge_and_return_004,dodge_and_return,24.31667,167.442,90.0,0,1
dodge_and_return_004,dodge_and_return,24.33333,168.942,90.0,0,1
dodge_and_return_004,dodge_and_return,24.35,170.442,90.0,0,1
dodge_and_return_004,dodge_and_return,24.36667,171.942,90.0,0,1
dodge_and_return_004,dodge_and_return,24.38333,173.442,90.0,0,1
dodge_and_return_004,dodge_and_return,24.4,174.942,90.0,0,1
dodge_and_return_004,dodge_and_return,24.41667,176.442,90.0,0,1
dodge_and_return_004,dodge_and_return,24.43333,177.942,90.0,0,1
dodge_and_return_004,dodge_and_return,24.45,179.442,90.0,0,1
dodge_and_return_004,dodge_and_return,24.46667,180.942,90.0,0,1
dodge_and_return_004,dodge_and_return,24.48333,182.442,90.0,0,1
dodge_and_return_004,dodge_and_return,24.5,183.942,90.0,0,1
dodge_and_return_004,dodge_and_return,24.51667,185.442,90.0,0,1
dodge_and_return_004,dodge_and_return,24.53333,186.942,90.0,0,1
dodge_and_return_004,dodge_and_return,24.55,188.442,90.0,1,0
dodge_and_return_004,dodge_and_return,24.56667,186.942,-90.0,1,0
dodge_and_return_004,dodge_and_return,24.58333,185.442,-90.0,1,0
dodge_and_return_004,dodge_and_return,24.6,183.942,-90.0,1,0
dodge_and_return_004,dodge_and_return,24.61667,182.442,-90.0,1,0
dodge_and_return_004,dodge_and_return,24.63333,180.942,-90.0,1,0
dodge_and_return_004,dodge_and_return,24.65,179.442,-90.0,1,0
dodge_and_return_004,dodge_and_return,24.66667,177.942,-90.0,1,0
dodge_and_return_004,dodge_and_return,24.68333,176.442,-90.0,1,0
dodge_and_return_004,dodge_and_return,24.7,174.942,-90.0,1,0
dodge_and_return_004,dodge_and_return,24.71667,173.442,-90.0,1,0
dodge_and_return_004,dodge_and_return,24.73333,171.942,-90.0,1,0
dodge_and_return_004,dodge_and_return,24.75,170.442,-90.0,1,0
dodge_and_return_004,dodge_and_return,24.76667,168.942,-90.0,1,0
dodge_and_return_004,dodge_and_return,24.78333,167.442,-90.0,1,0
dodge_and_return_004,dodge_and_return,24.8,165.942,-90.0,1,0
dodge_and_return_004,dodge_and_return,24.81667,164.442,-90.0,1,0
dodge_and_return_004,dodge_and_return,24.83333,162.942,-90.0,1,0
dodge_and_return_004,dodge_and_return,24.85,161.442,-90.0,1,0
dodge_and_return_004,dodge_and_return,24.86667,159.942,-90.0,1,0
dodge_and_return_004,dodge_and_return,24.88333,158.442,-90.0,1,0
dodge_and_return_004,dodge_and_return,24.9,156.942,-90.0,1,0
dodge_and_return_004,dodge_and_return,24.91667,155.442,-90.0,1,0
dodge_and_return_004,dodge_and_return,24.93333,153.942,-90.0,1,0
dodge_and_return_004,dodge_and_return,24.95,152.442,-90.0,1,0
dodge_and_return_004,dodge_and_return,24.96667,150.942,-90.0,1,0
dodge_and_return_004,dodge_and_return,24.98333,149.442,-90.0,1,0
dodge_and_return_004,dodge_and_return,25.0,147.942,-90.0,1,0
dodge_and_return_004,dodge_and_return,25.01667,146.442,-90.0,1,0
dodge_and_return_004,dodge_and_return,25.03333,144.942,-90.0,1,0
dodge_and_return_004,dodge_and_return,25.05,143.442,-90.0,1,0
dodge_and_return_004,dodge_and_return,25.06667,141.942,-90.0,1,0
dodge_and_return_004,dodge_and_return,25.08333,140.442,-90.0,1,0
dodge_and_return_004,dodge_and_return,25.1,138.942,-90.0,1,0
dodge_and_return_004,dodge_and_return,25.11667,137.442,-90.0,1,0
dodge_and_return_004,dodge_and_return,25.13333,135.942,-90.0,1,0
dodge_and_return_004,dodge_and_return,25.15,134.442,-90.0,1,0
dodge_and_return_004,dodge_and_return,25.16667,132.942,-90.0,1,0
dodge_and_return_004,dodge_and_return,25.18333,131.442,-90.0,1,0
dodge_and_return_004,dodge_and_return,25.2,129.942,-90.0,1,0
dodge_and_return_004,dodge_and_return,25.21667,128.442,-90.0,1,0
dodge_and_return_004,dodge_and_return,25.23333,126.942,-90.0,1,0
dodge_and_return_004,dodge_and_return,25.25,125.442,-90.0,1,0
dodge_and_return_004,dodge_and_return,25.26667,123.942,-90.0,1,0
dodge_and_return_004,dodge_and_return,25.28333,122.442,-90.0,1,0
dodge_and_return_004,dodge_and_return,25.3,120.942,-90.0,1,0
dodge_and_return_004,dodge_and_return,25.31667,119.442,-90.0,1,0
dodge_and_return_004,dodge_and_return,25.33333,117.942,-90.0,1,0
dodge_and_return_004,dodge_and_return,25.35,116.442,-90.0,1,0
dodge_and_return_004,dodge_and_return,25.36667,114.942,-90.0,1,0
dodge_and_return_004,dodge_and_return,25.38333,113.442,-90.0,1,0
dodge_and_return_004,dodge_and_return,25.4,111.942,-90.0,1,0
dodge_and_return_004,dodge_and_return,25.41667,110.442,-90.0,1,0
dodge_and_return_004,dodge_and_return,25.43333,108.942,-90.0,1,0
dodge_and_return_004,dodge_and_return,25.45,107.442,-90.0,1,0
dodge_and_return_004,dodge_and_return,25.46667,105.942,-90.0,0,0
dodge_and_return_004,dodge_and_return,25.48333,105.942,0.0,0,0
dodge_and_return_004,dodge_and_return,25.5,105.942,0.0,0,0
dodge_and_return_004,dodge_and_return,25.51667,105.942,0.0,0,0
dodge_and_return_004,dodge_and_return,25.53333,105.942,0.0,0,0
dodge_and_return_004,dodge_and_return,25.55,105.942,0.0,0,0
dodge_and_return_004,dodge_and_return,25.56667,105.942,0.0,0,0
dodge_and_return_004,dodge_and_return,25.58333,105.942,0.0,0,0
dodge_and_return_004,dodge_and_return,25.6,105.942,0.0,0,0
dodge_and_return_004,dodge_and_return,25.61667,105.942,0.0,0,0
dodge_and_return_004,dodge_and_return,25.63333,105.942,0.0,0,0
dodge_and_return_004,dodge_and_return,25.65,105.942,0.0,0,0
dodge_and_return_004,dodge_and_return,25.66667,105.942,0.0,0,0
dodge_and_return_004,dodge_and_return,25.68333,105.942,0.0,0,0
dodge_and_return_004,dodge_and_return,25.7,105.942,0.0,0,0
dodge_and_return_004,dodge_and_return,25.71667,105.942,0.0,0,0
dodge_and_return_004,dodge_and_return,25.73333,105.942,0.0,0,0
dodge_and_return_004,dodge_and_return,25.75,105.942,0.0,0,0
dodge_and_return_004,dodge_and_return,25.76667,105.942,0.0,0,0
dodge_and_return_004,dodge_and_return,25.78333,105.942,0.0,0,0
dodge_and_return_004,dodge_and_return,25.8,105.942,0.0,0,0
dodge_and_return_004,dodge_and_return,25.81667,105.942,0.0,0,0
dodge_and_return_004,dodge_and_return,25.83333,105.942,0.0,0,0
dodge_and_return_004,dodge_and_return,25.85,105.942,0.0,0,0
dodge_and_return_004,dodge_and_return,25.86667,105.942,0.0,0,0
dodge_and_return_004,dodge_and_return,25.88333,105.942,0.0,0,0
dodge_and_return_004,dodge_and_return,25.9,105.942,0.0,0,0
dodge_and_return_004,dodge_and_return,25.91667,105.942,0.0,0,0
dodge_and_return_004,dodge_and_return,25.93333,105.942,0.0,0,0
dodge_and_return_004,dodge_and_return,25.95,105.942,0.0,0,0
dodge_and_return_004,dodge_and_return,25.96667,105.942,0.0,0,0
dodge_and_return_004,dodge_and_return,25.98333,105.942,0.0,0,0
dodge_and_return_004,dodge_and_return,26.0,105.942,0.0,0,0
dodge_and_return_004,dodge_and_return,26.01667,105.942,0.0,0,0
dodge_and_return_004,dodge_and_return,26.03333,105.942,0.0,0,0
dodge_and_return_004,dodge_and_return,26.05,105.942,0.0,0,0
dodge_and_return_004,dodge_and_return,26.06667,105.942,0.0,0,0
dodge_and_return_004,dodge_and_return,26.08333,105.942,0.0,0,0
dodge_and_return_004,dodge_and_return,26.1,105.942,0.0,0,0
dodge_and_return_004,dodge_and_return,26.11667,105.942,0.0,0,0
dodge_and_return_004,dodge_and_return,26.13333,105.942,0.0,0,0
dodge_and_return_004,dodge_and_return,26.15,105.942,0.0,0,0
dodge_and_return_004,dodge_and_return,26.16667,105.942,0.0,0,0
dodge_and_return_004,dodge_and_return,26.18333,105.942,0.0,0,0
dodge_and_return_004,dodge_and_return,26.2,105.942,0.0,0,0
dodge_and_return_004,dodge_and_return,26.21667,105.942,0.0,0,0
dodge_and_return_004,dodge_and_return,26.23333,105.942,0.0,0,0
dodge_and_return_004,dodge_and_return,26.25,105.942,0.0,0,0
dodge_and_return_004,dodge_and_return,26.26667,105.942,0.0,0,0
dodge_and_return_004,dodge_and_return,26.28333,105.942,0.0,0,0
dodge_and_return_004,dodge_and_return,26.3,105.942,0.0,0,0
dodge_and_return_004,dodge_and_return,26.31667,105.942,0.0,0,0
dodge_and_return_004,dodge_and_return,26.33333,105.942,0.0,0,0
dodge_and_return_004,dodge_and_return,26.35,105.942,0.0,0,0
dodge_and_return_004,dodge_and_return,26.36667,105.942,0.0,0,0
dodge_and_return_004,dodge_and_return,26.38333,105.942,0.0,0,0
dodge_and_return_004,dodge_and_return,26.4,105.942,0.0,0,0
dodge_and_return_004,dodge_and_return,26.41667,105.942,0.0,0,0
dodge_and_return_004,dodge_and_return,26.43333,105.942,0.0,0,0
dodge_and_return_004,dodge_and_return,26.45,105.942,0.0,0,0
dodge_and_return_004,dodge_and_return,26.46667,105.942,0.0,0,0
dodge_and_return_004,dodge_and_return,26.48333,105.942,0.0,0,0
dodge_and_return_004,dodge_and_return,26.5,105.942,0.0,0,0
dodge_and_return_004,dodge_and_return,26.51667,105.942,0.0,0,0
dodge_and_return_004,dodge_and_return,26.53333,105.942,0.0,0,0
dodge_and_return_004,dodge_and_return,26.55,105.942,0.0,0,0
dodge_and_return_004,dodge_and_return,26.56667,105.942,0.0,0,0
dodge_and_return_004,dodge_and_return,26.58333,105.942,0.0,0,0
dodge_and_return_004,dodge_and_return,26.6,105.942,0.0,0,0
dodge_and_return_004,dodge_and_return,26.61667,105.942,0.0,0,0
dodge_and_return_004,dodge_and_return,26.63333,105.942,0.0,0,0
dodge_and_return_004,dodge_and_return,26.65,105.942,0.0,0,0
dodge_and_return_004,dodge_and_return,26.66667,105.942,0.0,0,0
dodge_and_return_004,dodge_and_return,26.68333,105.942,0.0,0,0
dodge_and_return_004,dodge_and_return,26.7,105.942,0.0,0,0
dodge_and_return_004,dodge_and_return,26.71667,105.942,0.0,0,0
dodge_and_return_004,dodge_and_return,26.73333,105.942,0.0,0,0
dodge_and_return_004,dodge_and_return,26.75,105.942,0.0,0,0
dodge_and_return_004,dodge_and_return,26.76667,105.942,0.0,0,0
dodge_and_return_004,dodge_and_return,26.78333,105.942,0.0,0,0
dodge_and_return_004,dodge_and_return,26.8,105.942,0.0,0,0
dodge_and_return_004,dodge_and_return,26.81667,105.942,0.0,0,0
dodge_and_return_004,dodge_and_return,26.83333,105.942,0.0,0,0
dodge_and_return_004,dodge_and_return,26.85,105.942,0.0,0,0
dodge_and_return_004,dodge_and_return,26.86667,105.942,0.0,0,0
dodge_and_return_004,dodge_and_return,26.88333,105.942,0.0,0,0
dodge_and_return_004,dodge_and_return,26.9,105.942,0.0,0,0
dodge_and_return_004,dodge_and_return,26.91667,105.942,0.0,0,0
dodge_and_return_004,dodge_and_return,26.93333,105.942,0.0,0,0
dodge_and_return_004,dodge_and_return,26.95,105.942,0.0,0,0
dodge_and_return_004,dodge_and_return,26.96667,105.942,0.0,0,0
dodge_and_return_004,dodge_and_return,26.98333,105.942,0.0,0,0
dodge_and_return_004,dodge_and_return,27.0,105.942,0.0,0,0
dodge_and_return_004,dodge_and_return,27.01667,105.942,0.0,0,0
dodge_and_return_004,dodge_and_return,27.03333,105.942,0.0,0,0
dodge_and_return_004,dodge_and_return,27.05,105.942,0.0,0,0
dodge_and_return_004,dodge_and_return,27.06667,105.942,0.0,0,0
dodge_and_return_004,dodge_and_return,27.08333,105.942,0.0,0,0
dodge_and_return_004,dodge_and_return,27.1,105.942,0.0,0,0
dodge_and_return_004,dodge_and_return,27.11667,105.942,0.0,0,0
dodge_and_return_004,dodge_and_return,27.13333,105.942,0.0,0,0
dodge_and_return_004,dodge_and_return,27.15,105.942,0.0,0,0
dodge_and_return_004,dodge_and_return,27.16667,105.942,0.0,0,0
dodge_and_return_004,dodge_and_return,27.18333,105.942,0.0,0,0
dodge_and_return_004,dodge_and_return,27.2,105.942,0.0,0,0
dodge_and_return_004,dodge_and_return,27.21667,105.942,0.0,0,0
dodge_and_return_004,dodge_and_return,27.23333,105.942,0.0,0,0
dodge_and_return_004,dodge_and_return,27.25,105.942,0.0,0,0
dodge_and_return_004,dodge_and_return,27.26667,105.942,0.0,0,0
dodge_and_return_004,dodge_and_return,27.28333,105.942,0.0,0,0
dodge_and_return_004,dodge_and_return,27.3,105.942,0.0,0,0
dodge_and_return_004,dodge_and_return,27.31667,105.942,0.0,0,0
dodge_and_return_004,dodge_and_return,27.33333,105.942,0.0,0,0
dodge_and_return_004,dodge_and_return,27.35,105.942,0.0,0,0
dodge_and_return_004,dodge_and_return,27.36667,105.942,0.0,0,0
dodge_and_return_004,dodge_and_return,27.38333,105.942,0.0,0,0
dodge_and_return_004,dodge_and_return,27.4,105.942,0.0,0,0
dodge_and_return_004,dodge_and_return,27.41667,105.942,0.0,0,0
dodge_and_return_004,dodge_and_return,27.43333,105.942,0.0,0,0
dodge_and_return_004,dodge_and_return,27.45,105.942,0.0,0,0
dodge_and_return_004,dodge_and_return,27.46667,105.942,0.0,0,0
dodge_and_return_004,dodge_and_return,27.48333,105.942,0.0,0,0
dodge_and_return_004,dodge_and_return,27.5,105.942,0.0,0,0
dodge_and_return_004,dodge_and_return,27.51667,105.942,0.0,0,0
dodge_and_return_004,dodge_and_return,27.53333,105.942,0.0,0,0
dodge_and_return_004,dodge_and_return,27.55,105.942,0.0,0,0
dodge_and_return_004,dodge_and_return,27.56667,105.942,0.0,0,0
dodge_and_return_004,dodge_and_return,27.58333,105.942,0.0,0,0
dodge_and_return_004,dodge_and_return,27.6,105.942,0.0,0,0
dodge_and_return_004,dodge_and_return,27.61667,105.942,0.0,0,0
dodge_and_return_004,dodge_and_return,27.63333,105.942,0.0,0,0
dodge_and_return_004,dodge_and_return,27.65,105.942,0.0,0,0
dodge_and_return_004,dodge_and_return,27.66667,105.942,0.0,0,0
dodge_and_return_004,dodge_and_return,27.68333,105.942,0.0,0,0
dodge_and_return_004,dodge_and_return,27.7,105.942,0.0,0,0
dodge_and_return_004,dodge_and_return,27.71667,105.942,0.0,0,0
dodge_and_return_004,dodge_and_return,27.73333,105.942,0.0,0,0
dodge_and_return_004,dodge_and_return,27.75,105.942,0.0,0,0
dodge_and_return_004,dodge_and_return,27.76667,105.942,0.0,0,0
dodge_and_return_004,dodge_and_return,27.78333,105.942,0.0,0,0
dodge_and_return_004,dodge_and_return,27.8,105.942,0.0,0,0
dodge_and_return_004,dodge_and_return,27.81667,105.942,0.0,0,0
dodge_and_return_004,dodge_and_return,27.83333,105.942,0.0,0,0
dodge_and_return_004,dodge_and_return,27.85,105.942,0.0,0,0
dodge_and_return_004,dodge_and_return,27.86667,105.942,0.0,0,0
dodge_and_return_004,dodge_and_return,27.88333,105.942,0.0,0,0
dodge_and_return_004,dodge_and_return,27.9,105.942,0.0,0,0
dodge_and_return_004,dodge_and_return,27.91667,105.942,0.0,0,0
dodge_and_return_004,dodge_and_return,27.93333,105.942,0.0,0,0
dodge_and_return_004,dodge_and_return,27.95,105.942,0.0,0,0
dodge_and_return_004,dodge_and_return,27.96667,105.942,0.0,0,0
dodge_and_return_004,dodge_and_return,27.98333,105.942,0.0,0,0
dodge_and_return_004,dodge_and_return,28.0,105.942,0.0,0,0
dodge_and_return_004,dodge_and_return,28.01667,105.942,0.0,0,0
dodge_and_return_004,dodge_and_return,28.03333,105.942,0.0,0,0
dodge_and_return_004,dodge_and_return,28.05,105.942,0.0,0,0
dodge_and_return_004,dodge_and_return,28.06667,105.942,0.0,0,0
dodge_and_return_004,dodge_and_return,28.08333,105.942,0.0,0,0
dodge_and_return_004,dodge_and_return,28.1,105.942,0.0,0,0
dodge_and_return_004,dodge_and_return,28.11667,105.942,0.0,0,0
dodge_and_return_004,dodge_and_return,28.13333,105.942,0.0,0,0
dodge_and_return_004,dodge_and_return,28.15,105.942,0.0,0,0
dodge_and_return_004,dodge_and_return,28.16667,105.942,0.0,0,0
dodge_and_return_004,dodge_and_return,28.18333,105.942,0.0,0,0
dodge_and_return_004,dodge_and_return,28.2,105.942,0.0,0,0
dodge_and_return_004,dodge_and_return,28.21667,105.942,0.0,0,0
dodge_and_return_004,dodge_and_return,28.23333,105.942,0.0,0,0
dodge_and_return_004,dodge_and_return,28.25,105.942,0.0,0,0
dodge_and_return_004,dodge_and_return,28.26667,105.942,0.0,0,0
dodge_and_return_004,dodge_and_return,28.28333,105.942,0.0,0,0
dodge_and_return_004,dodge_and_return,28.3,105.942,0.0,0,0
dodge_and_return_004,dodge_and_return,28.31667,105.942,0.0,0,0
dodge_and_return_004,dodge_and_return,28.33333,105.942,0.0,0,0
dodge_and_return_004,dodge_and_return,28.35,105.942,0.0,0,0
dodge_and_return_004,dodge_and_return,28.36667,105.942,0.0,0,0
dodge_and_return_004,dodge_and_return,28.38333,105.942,0.0,0,0
dodge_and_return_004,dodge_and_return,28.4,105.942,0.0,0,0
dodge_and_return_004,dodge_and_return,28.41667,105.942,0.0,0,0
dodge_and_return_004,dodge_and_return,28.43333,105.942,0.0,0,0
dodge_and_return_004,dodge_and_return,28.45,105.942,0.0,0,0
dodge_and_return_004,dodge_and_return,28.46667,105.942,0.0,0,0
dodge_and_return_004,dodge_and_return,28.48333,105.942,0.0,0,0
dodge_and_return_004,dodge_and_return,28.5,105.942,0.0,0,0
dodge_and_return_004,dodge_and_return,28.51667,105.942,0.0,1,0
dodge_and_return_004,dodge_and_return,28.53333,104.442,-90.0,1,0
dodge_and_return_004,dodge_and_return,28.55,102.942,-90.0,1,0
dodge_and_return_004,dodge_and_return,28.56667,101.442,-90.0,1,0
dodge_and_return_004,dodge_and_return,28.58333,99.942,-90.0,1,0
dodge_and_return_004,dodge_and_return,28.6,98.442,-90.0,1,0
dodge_and_return_004,dodge_and_return,28.61667,96.942,-90.0,1,0
dodge_and_return_004,dodge_and_return,28.63333,95.442,-90.0,1,0
dodge_and_return_004,dodge_and_return,28.65,93.942,-90.0,1,0
dodge_and_return_004,dodge_and_return,28.66667,92.442,-90.0,1,0
dodge_and_return_004,dodge_and_return,28.68333,90.942,-90.0,1,0
dodge_and_return_004,dodge_and_return,28.7,89.442,-90.0,1,0
dodge_and_return_004,dodge_and_return,28.71667,87.942,-90.0,1,0
dodge_and_return_004,dodge_and_return,28.73333,86.442,-90.0,1,0
dodge_and_return_004,dodge_and_return,28.75,84.942,-90.0,1,0
dodge_and_return_004,dodge_and_return,28.76667,83.442,-90.0,1,0
dodge_and_return_004,dodge_and_return,28.78333,81.942,-90.0,1,0
dodge_and_return_004,dodge_and_return,28.8,80.442,-90.0,1,0
dodge_and_return_004,dodge_and_return,28.81667,78.942,-90.0,1,0
dodge_and_return_004,dodge_and_return,28.83333,77.442,-90.0,1,0
dodge_and_return_004,dodge_and_return,28.85,75.942,-90.0,1,0
dodge_and_return_004,dodge_and_return,28.86667,74.442,-90.0,1,0
dodge_and_return_004,dodge_and_return,28.88333,72.942,-90.0,1,0
dodge_and_return_004,dodge_and_return,28.9,71.442,-90.0,1,0
dodge_and_return_004,dodge_and_return,28.91667,69.942,-90.0,1,0
dodge_and_return_004,dodge_and_return,28.93333,68.442,-90.0,1,0
dodge_and_return_004,dodge_and_return,28.95,66.942,-90.0,1,0
dodge_and_return_004,dodge_and_return,28.96667,65.442,-90.0,1,0
dodge_and_return_004,dodge_and_return,28.98333,63.942,-90.0,1,0
dodge_and_return_004,dodge_and_return,29.0,62.442,-90.0,1,0
dodge_and_return_004,dodge_and_return,29.01667,60.942,-90.0,1,0
dodge_and_return_004,dodge_and_return,29.03333,59.442,-90.0,1,0
dodge_and_return_004,dodge_and_return,29.05,57.942,-90.0,1,0
dodge_and_return_004,dodge_and_return,29.06667,56.442,-90.0,1,0
dodge_and_return_004,dodge_and_return,29.08333,54.942,-90.0,1,0
dodge_and_return_004,dodge_and_return,29.1,53.442,-90.0,1,0
dodge_and_return_004,dodge_and_return,29.11667,51.942,-90.0,1,0
dodge_and_return_004,dodge_and_return,29.13333,50.442,-90.0,1,0
dodge_and_return_004,dodge_and_return,29.15,48.942,-90.0,1,0
dodge_and_return_004,dodge_and_return,29.16667,47.442,-90.0,1,0
dodge_and_return_004,dodge_and_return,29.18333,45.942,-90.0,1,0
dodge_and_return_004,dodge_and_return,29.2,44.442,-90.0,1,0
dodge_and_return_004,dodge_and_return,29.21667,42.942,-90.0,1,0
dodge_and_return_004,dodge_and_return,29.23333,41.442,-90.0,1,0
dodge_and_return_004,dodge_and_return,29.25,39.942,-90.0,1,0
dodge_and_return_004,dodge_and_return,29.26667,38.442,-90.0,1,0
dodge_and_return_004,dodge_and_return,29.28333,36.942,-90.0,1,0
dodge_and_return_004,dodge_and_return,29.3,35.442,-90.0,1,0
dodge_and_return_004,dodge_and_return,29.31667,33.942,-90.0,1,0
dodge_and_return_004,dodge_and_return,29.33333,32.442,-90.0,0,1
dodge_and_return_004,dodge_and_return,29.35,33.942,90.0,0,1
dodge_and_return_004,dodge_and_return,29.36667,35.442,90.0,0,1
dodge_and_return_004,dodge_and_return,29.38333,36.942,90.0,0,1
dodge_and_return_004,dodge_and_return,29.4,38.442,90.0,0,1
dodge_and_return_004,dodge_and_return,29.41667,39.942,90.0,0,1
dodge_and_return_004,dodge_and_return,29.43333,41.442,90.0,0,1
dodge_and_return_004,dodge_and_return,29.45,42.942,90.0,0,1
dodge_and_return_004,dodge_and_return,29.46667,44.442,90.0,0,1
dodge_and_return_004,dodge_and_return,29.48333,45.942,90.0,0,1
dodge_and_return_004,dodge_and_return,29.5,47.442,90.0,0,1
dodge_and_return_004,dodge_and_return,29.51667,48.942,90.0,0,1
dodge_and_return_004,dodge_and_return,29.53333,50.442,90.0,0,1
dodge_and_return_004,dodge_and_return,29.55,51.942,90.0,0,1
dodge_and_return_004,dodge_and_return,29.56667,53.442,90.0,0,1
dodge_and_return_004,dodge_and_return,29.58333,54.942,90.0,0,1
dodge_and_return_004,dodge_and_return,29.6,56.442,90.0,0,1
dodge_and_return_004,dodge_and_return,29.61667,57.942,90.0,0,1
dodge_and_return_004,dodge_and_return,29.63333,59.442,90.0,0,1
dodge_and_return_004,dodge_and_return,29.65,60.942,90.0,0,1
dodge_and_return_004,dodge_and_return,29.66667,62.442,90.0,0,1
dodge_and_return_004,dodge_and_return,29.68333,63.942,90.0,0,1
dodge_and_return_004,dodge_and_return,29.7,65.442,90.0,0,1
dodge_and_return_004,dodge_and_return,29.71667,66.942,90.0,0,1
dodge_and_return_004,dodge_and_return,29.73333,68.442,90.0,0,1
dodge_and_return_004,dodge_and_return,29.75,69.942,90.0,0,1
dodge_and_return_004,dodge_and_return,29.76667,71.442,90.0,0,1
dodge_and_return_004,dodge_and_return,29.78333,72.942,90.0,0,1
dodge_and_return_004,dodge_and_return,29.8,74.442,90.0,0,1
dodge_and_return_004,dodge_and_return,29.81667,75.942,90.0,0,1
dodge_and_return_004,dodge_and_return,29.83333,77.442,90.0,0,1
dodge_and_return_004,dodge_and_return,29.85,78.942,90.0,0,1
dodge_and_return_004,dodge_and_return,29.86667,80.442,90.0,0,1
dodge_and_return_004,dodge_and_return,29.88333,81.942,90.0,0,1
dodge_and_return_004,dodge_and_return,29.9,83.442,90.0,0,1
dodge_and_return_004,dodge_and_return,29.91667,84.942,90.0,0,1
dodge_and_return_004,dodge_and_return,29.93333,86.442,90.0,0,1
dodge_and_return_004,dodge_and_return,29.95,87.942,90.0,0,1
dodge_and_return_004,dodge_and_return,29.96667,89.442,90.0,0,1
dodge_and_return_004,dodge_and_return,29.98333,90.942,90.0,0,1
dodge_and_return_004,dodge_and_return,30.0,92.442,90.0,0,1
dodge_and_return_004,dodge_and_return,30.01667,93.942,90.0,0,1
dodge_and_return_004,dodge_and_return,30.03333,95.442,90.0,0,1
dodge_and_return_004,dodge_and_return,30.05,96.942,90.0,0,1
dodge_and_return_004,dodge_and_return,30.06667,98.442,90.0,0,0
dodge_and_return_004,dodge_and_return,30.08333,98.442,0.0,0,0
dodge_and_return_004,dodge_and_return,30.1,98.442,0.0,0,0
dodge_and_return_004,dodge_and_return,30.11667,98.442,0.0,0,0
dodge_and_return_004,dodge_and_return,30.13333,98.442,0.0,0,0
dodge_and_return_004,dodge_and_return,30.15,98.442,0.0,0,0
dodge_and_return_004,dodge_and_return,30.16667,98.442,0.0,0,0
dodge_and_return_004,dodge_and_return,30.18333,98.442,0.0,0,0
dodge_and_return_004,dodge_and_return,30.2,98.442,0.0,0,0
dodge_and_return_004,dodge_and_return,30.21667,98.442,0.0,0,0
dodge_and_return_004,dodge_and_return,30.23333,98.442,0.0,0,0
dodge_and_return_004,dodge_and_return,30.25,98.442,0.0,0,0
dodge_and_return_004,dodge_and_return,30.26667,98.442,0.0,0,0
dodge_and_return_004,dodge_and_return,30.28333,98.442,0.0,0,0
dodge_and_return_004,dodge_and_return,30.3,98.442,0.0,0,0
dodge_and_return_004,dodge_and_return,30.31667,98.442,0.0,0,0
dodge_and_return_004,dodge_and_return,30.33333,98.442,0.0,0,0
dodge_and_return_004,dodge_and_return,30.35,98.442,0.0,0,0
dodge_and_return_004,dodge_and_return,30.36667,98.442,0.0,0,0
dodge_and_return_004,dodge_and_return,30.38333,98.442,0.0,0,0
dodge_and_return_004,dodge_and_return,30.4,98.442,0.0,0,0
dodge_and_return_004,dodge_and_return,30.41667,98.442,0.0,0,0
dodge_and_return_004,dodge_and_return,30.43333,98.442,0.0,0,0
dodge_and_return_004,dodge_and_return,30.45,98.442,0.0,0,0
dodge_and_return_004,dodge_and_return,30.46667,98.442,0.0,0,0
dodge_and_return_004,dodge_and_return,30.48333,98.442,0.0,0,0
dodge_and_return_004,dodge_and_return,30.5,98.442,0.0,0,0
dodge_and_return_004,dodge_and_return,30.51667,98.442,0.0,0,0
dodge_and_return_004,dodge_and_return,30.53333,98.442,0.0,0,0
dodge_and_return_004,dodge_and_return,30.55,98.442,0.0,0,0
dodge_and_return_004,dodge_and_return,30.56667,98.442,0.0,0,0
dodge_and_return_004,dodge_and_return,30.58333,98.442,0.0,0,0
dodge_and_return_004,dodge_and_return,30.6,98.442,0.0,0,0
dodge_and_return_004,dodge_and_return,30.61667,98.442,0.0,0,0
dodge_and_return_004,dodge_and_return,30.63333,98.442,0.0,0,0
dodge_and_return_004,dodge_and_return,30.65,98.442,0.0,0,0
dodge_and_return_004,dodge_and_return,30.66667,98.442,0.0,0,0
dodge_and_return_004,dodge_and_return,30.68333,98.442,0.0,0,0
dodge_and_return_004,dodge_and_return,30.7,98.442,0.0,0,0
dodge_and_return_004,dodge_and_return,30.71667,98.442,0.0,0,0
dodge_and_return_004,dodge_and_return,30.73333,98.442,0.0,0,0
dodge_and_return_004,dodge_and_return,30.75,98.442,0.0,0,0
dodge_and_return_004,dodge_and_return,30.76667,98.442,0.0,0,0
dodge_and_return_004,dodge_and_return,30.78333,98.442,0.0,0,0
dodge_and_return_004,dodge_and_return,30.8,98.442,0.0,0,0
dodge_and_return_004,dodge_and_return,30.81667,98.442,0.0,0,0
dodge_and_return_004,dodge_and_return,30.83333,98.442,0.0,0,0
dodge_and_return_004,dodge_and_return,30.85,98.442,0.0,0,0
dodge_and_return_004,dodge_and_return,30.86667,98.442,0.0,0,0
dodge_and_return_004,dodge_and_return,30.88333,98.442,0.0,0,0
dodge_and_return_004,dodge_and_return,30.9,98.442,0.0,0,0
dodge_and_return_004,dodge_and_return,30.91667,98.442,0.0,0,0
dodge_and_return_004,dodge_and_return,30.93333,98.442,0.0,0,0
dodge_and_return_004,dodge_and_return,30.95,98.442,0.0,0,0
dodge_and_return_004,dodge_and_return,30.96667,98.442,0.0,0,0
dodge_and_return_004,dodge_and_return,30.98333,98.442,0.0,0,0
dodge_and_return_004,dodge_and_return,31.0,98.442,0.0,0,0
dodge_and_return_004,dodge_and_return,31.01667,98.442,0.0,0,0
dodge_and_return_004,dodge_and_return,31.03333,98.442,0.0,0,0
dodge_and_return_004,dodge_and_return,31.05,98.442,0.0,0,0
dodge_and_return_004,dodge_and_return,31.06667,98.442,0.0,0,0
dodge_and_return_004,dodge_and_return,31.08333,98.442,0.0,0,0
dodge_and_return_004,dodge_and_return,31.1,98.442,0.0,0,0
dodge_and_return_004,dodge_and_return,31.11667,98.442,0.0,0,0
dodge_and_return_004,dodge_and_return,31.13333,98.442,0.0,0,0
dodge_and_return_004,dodge_and_return,31.15,98.442,0.0,0,0
dodge_and_return_004,dodge_and_return,31.16667,98.442,0.0,0,0
dodge_and_return_004,dodge_and_return,31.18333,98.442,0.0,0,0
dodge_and_return_004,dodge_and_return,31.2,98.442,0.0,0,0
dodge_and_return_004,dodge_and_return,31.21667,98.442,0.0,0,0
dodge_and_return_004,dodge_and_return,31.23333,98.442,0.0,0,1
dodge_and_return_004,dodge_and_return,31.25,99.942,90.0,0,1
dodge_and_return_004,dodge_and_return,31.26667,101.442,90.0,0,1
dodge_and_return_004,dodge_and_return,31.28333,102.942,90.0,0,1
dodge_and_return_004,dodge_and_return,31.3,104.442,90.0,0,1
dodge_and_return_004,dodge_and_return,31.31667,105.942,90.0,0,1
dodge_and_return_004,dodge_and_return,31.33333,107.442,90.0,0,1
dodge_and_return_004,dodge_and_return,31.35,108.942,90.0,0,1
dodge_and_return_004,dodge_and_return,31.36667,110.442,90.0,0,1
dodge_and_return_004,dodge_and_return,31.38333,111.942,90.0,0,1
dodge_and_return_004,dodge_and_return,31.4,113.442,90.0,0,1
dodge_and_return_004,dodge_and_return,31.41667,114.942,90.0,0,1
dodge_and_return_004,dodge_and_return,31.43333,116.442,90.0,0,1
dodge_and_return_004,dodge_and_return,31.45,117.942,90.0,0,1
dodge_and_return_004,dodge_and_return,31.46667,119.442,90.0,0,1
dodge_and_return_004,dodge_and_return,31.48333,120.942,90.0,0,1
dodge_and_return_004,dodge_and_return,31.5,122.442,90.0,0,1
dodge_and_return_004,dodge_and_return,31.51667,123.942,90.0,0,1
dodge_and_return_004,dodge_and_return,31.53333,125.442,90.0,0,1
