session_id,pattern,t,x,vx,input_left,input_right
dodge_and_return_002,dodge_and_return,0.0,29.57,0.0,0,1
dodge_and_return_002,dodge_and_return,0.01667,31.07,90.0,0,1
dodge_and_return_002,dodge_and_return,0.03333,32.57,90.0,0,1
dodge_and_return_002,dodge_and_return,0.05,34.07,90.0,0,1
dodge_and_return_002,dodge_and_return,0.06667,35.57,90.0,0,1
dodge_and_return_002,dodge_and_return,0.08333,37.07,90.0,0,1
dodge_and_return_002,dodge_and_return,0.1,38.57,90.0,0,1
dodge_and_return_002,dodge_and_return,0.11667,40.07,90.0,0,1
dodge_and_return_002,dodge_and_return,0.13333,41.57,90.0,0,1
dodge_and_return_002,dodge_and_return,0.15,43.07,90.0,0,1
dodge_and_return_002,dodge_and_return,0.16667,44.57,90.0,0,1
dodge_and_return_002,dodge_and_return,0.18333,46.07,90.0,0,1
dodge_and_return_002,dodge_and_return,0.2,47.57,90.0,0,1
dodge_and_return_002,dodge_and_return,0.21667,49.07,90.0,0,1
dodge_and_return_002,dodge_and_return,0.23333,50.57,90.0,0,1
dodge_and_return_002,dodge_and_return,0.25,52.07,90.0,0,1
dodge_and_return_002,dodge_and_return,0.26667,53.57,90.0,0,1
dodge_and_return_002,dodge_and_return,0.28333,55.07,90.0,0,1
dodge_and_return_002,dodge_and_return,0.3,56.57,90.0,0,1
dodge_and_return_002,dodge_and_return,0.31667,58.07,90.0,0,1
dodge_and_return_002,dodge_and_return,0.33333,59.57,90.0,0,1
dodge_and_return_002,dodge_and_return,0.35,61.07,90.0,0,1
dodge_and_return_002,dodge_and_return,0.36667,62.57,90.0,0,1
dodge_and_return_002,dodge_and_return,0.38333,64.07,90.0,0,1
dodge_and_return_002,dodge_and_return,0.4,65.57,90.0,0,1
dodge_and_return_002,dodge_and_return,0.41667,67.07,90.0,0,1
dodge_and_return_002,dodge_and_return,0.43333,68.57,90.0,0,1
dodge_and_return_002,dodge_and_return,0.45,70.07,90.0,0,1
dodge_and_return_002,dodge_and_return,0.46667,71.57,90.0,0,1
dodge_and_return_002,dodge_and_return,0.48333,73.07,90.0,0,1
dodge_and_return_002,dodge_and_return,0.5,74.57,90.0,0,1
dodge_and_return_002,dodge_and_return,0.51667,76.07,90.0,0,1
dodge_and_return_002,dodge_and_return,0.53333,77.57,90.0,0,1
dodge_and_return_002,dodge_and_return,0.55,79.07,90.0,0,1
dodge_and_return_002,dodge_and_return,0.56667,80.57,90.0,0,1
dodge_and_return_002,dodge_and_return,0.58333,82.07,90.0,0,1
dodge_and_return_002,dodge_and_return,0.6,83.57,90.0,0,1
dodge_and_return_002,dodge_and_return,0.61667,85.07,90.0,0,1
dodge_and_return_002,dodge_and_return,0.63333,86.57,90.0,0,1
dodge_and_return_002,dodge_and_return,0.65,88.07,90.0,0,1
dodge_and_return_002,dodge_and_return,0.66667,89.57,90.0,0,1
dodge_and_return_002,dodge_and_return,0.68333,91.07,90.0,0,1
dodge_and_return_002,dodge_and_return,0.7,92.57,90.0,0,1
dodge_and_return_002,dodge_and_return,0.71667,94.07,90.0,0,1
dodge_and_return_002,dodge_and_return,0.73333,95.57,90.0,0,1
dodge_and_return_002,dodge_and_return,0.75,97.07,90.0,0,1
dodge_and_return_002,dodge_and_return,0.76667,98.57,90.0,0,0
dodge_and_return_002,dodge_and_return,0.78333,98.57,0.0,0,0
dodge_and_return_002,dodge_and_return,0.8,98.57,0.0,0,0
dodge_and_return_002,dodge_and_return,0.81667,98.57,0.0,0,0
dodge_and_return_002,dodge_and_return,0.83333,98.57,0.0,0,0
dodge_and_return_002,dodge_and_return,0.85,98.57,0.0,0,0
dodge_and_return_002,dodge_and_return,0.86667,98.57,0.0,0,0
dodge_and_return_002,dodge_and_return,0.88333,98.57,0.0,0,0
dodge_and_return_002,dodge_and_return,0.9,98.57,0.0,0,0
dodge_and_return_002,dodge_and_return,0.91667,98.57,0.0,0,0
dodge_and_return_002,dodge_and_return,0.93333,98.57,0.0,0,0
dodge_and_return_002,dodge_and_return,0.95,98.57,0.0,0,0
dodge_and_return_002,dodge_and_return,0.96667,98.57,0.0,0,0
dodge_and_return_002,dodge_and_return,0.98333,98.57,0.0,0,0
dodge_and_return_002,dodge_and_return,1.0,98.57,0.0,0,0
dodge_and_return_002,dodge_and_return,1.01667,98.57,0.0,0,0
dodge_and_return_002,dodge_and_return,1.03333,98.57,0.0,0,0
dodge_and_return_002,dodge_and_return,1.05,98.57,0.0,0,0
dodge_and_return_002,dodge_and_return,1.06667,98.57,0.0,0,0
dodge_and_return_002,dodge_and_return,1.08333,98.57,0.0,0,0
dodge_and_return_002,dodge_and_return,1.1,98.57,0.0,0,0
dodge_and_return_002,dodge_and_return,1.11667,98.57,0.0,0,0
dodge_and_return_002,dodge_and_return,1.13333,98.57,0.0,0,0
dodge_and_return_002,dodge_and_return,1.15,98.57,0.0,0,0
dodge_and_return_002,dodge_and_return,1.16667,98.57,0.0,0,0
dodge_and_return_002,dodge_and_return,1.18333,98.57,0.0,0,0
dodge_and_return_002,dodge_and_return,1.2,98.57,0.0,0,0
dodge_and_return_002,dodge_and_return,1.21667,98.57,0.0,0,0
dodge_and_return_002,dodge_and_return,1.23333,98.57,0.0,0,0
dodge_and_return_002,dodge_and_return,1.25,98.57,0.0,0,0
dodge_and_return_002,dodge_and_return,1.26667,98.57,0.0,0,0
dodge_and_return_002,dodge_and_return,1.28333,98.57,0.0,0,0
dodge_and_return_002,dodge_and_return,1.3,98.57,0.0,0,0
dodge_and_return_002,dodge_and_return,1.31667,98.57,0.0,0,0
dodge_and_return_002,dodge_and_return,1.33333,98.57,0.0,0,0
dodge_and_return_002,dodge_and_return,1.35,98.57,0.0,0,0
dodge_and_return_002,dodge_and_return,1.36667,98.57,0.0,0,0
dodge_and_return_002,dodge_and_return,1.38333,98.57,0.0,0,0
dodge_and_return_002,dodge_and_return,1.4,98.57,0.0,0,0
dodge_and_return_002,dodge_and_return,1.41667,98.57,0.0,0,0
dodge_and_return_002,dodge_and_return,1.43333,98.57,0.0,0,0
dodge_and_return_002,dodge_and_return,1.45,98.57,0.0,0,0
dodge_and_return_002,dodge_and_return,1.46667,98.57,0.0,0,0
dodge_and_return_002,dodge_and_return,1.48333,98.57,0.0,0,0
dodge_and_return_002,dodge_and_return,1.5,98.57,0.0,0,0
dodge_and_return_002,dodge_and_return,1.51667,98.57,0.0,0,0
dodge_and_return_002,dodge_and_return,1.53333,98.57,0.0,0,1
dodge_and_return_002,dodge_and_return,1.55,100.07,90.0,0,1
dodge_and_return_002,dodge_and_return,1.56667,101.57,90.0,0,1
dodge_and_return_002,dodge_and_return,1.58333,103.07,90.0,0,1
dodge_and_return_002,dodge_and_return,1.6,104.57,90.0,0,1
dodge_and_return_002,dodge_and_return,1.61667,106.07,90.0,0,1
dodge_and_return_002,dodge_and_return,1.63333,107.57,90.0,0,1
dodge_and_return_002,dodge_and_return,1.65,109.07,90.0,0,1
dodge_and_return_002,dodge_and_return,1.66667,110.57,90.0,0,1
dodge_and_return_002,dodge_and_return,1.68333,112.07,90.0,0,1
dodge_and_return_002,dodge_and_return,1.7,113.57,90.0,0,1
dodge_and_return_002,dodge_and_return,1.71667,115.07,90.0,0,1
dodge_and_return_002,dodge_and_return,1.73333,116.57,90.0,0,1
dodge_and_return_002,dodge_and_return,1.75,118.07,90.0,0,1
dodge_and_return_002,dodge_and_return,1.76667,119.57,90.0,0,1
dodge_and_return_002,dodge_and_return,1.78333,121.07,90.0,0,1
dodge_and_return_002,dodge_and_return,1.8,122.57,90.0,0,1
dodge_and_return_002,dodge_and_return,1.81667,124.07,90.0,0,1
dodge_and_return_002,dodge_and_return,1.83333,125.57,90.0,0,1
dodge_and_return_002,dodge_and_return,1.85,127.07,90.0,0,1
dodge_and_return_002,dodge_and_return,1.86667,128.57,90.0,0,1
dodge_and_return_002,dodge_and_return,1.88333,130.07,90.0,0,1
dodge_and_return_002,dodge_and_return,1.9,131.57,90.0,0,1
dodge_and_return_002,dodge_and_return,1.91667,133.07,90.0,0,1
dodge_and_return_002,dodge_and_return,1.93333,134.57,90.0,0,1
dodge_and_return_002,dodge_and_return,1.95,136.07,90.0,0,1
dodge_and_return_002,dodge_and_return,1.96667,137.57,90.0,0,1
dodge_and_return_002,dodge_and_return,1.98333,139.07,90.0,0,1
dodge_and_return_002,dodge_and_return,2.0,140.57,90.0,0,1
dodge_and_return_002,dodge_and_return,2.01667,142.07,90.0,0,1
dodge_and_return_002,dodge_and_return,2.03333,143.57,90.0,0,1
dodge_and_return_002,dodge_and_return,2.05,145.07,90.0,0,1
dodge_and_return_002,dodge_and_return,2.06667,146.57,90.0,0,1
dodge_and_return_002,dodge_and_return,2.08333,148.07,90.0,0,1
dodge_and_return_002,dodge_and_return,2.1,149.57,90.0,0,1
dodge_and_return_002,dodge_and_return,2.11667,151.07,90.0,0,1
dodge_and_return_002,dodge_and_return,2.13333,152.57,90.0,0,1
dodge_and_return_002,dodge_and_return,2.15,154.07,90.0,0,1
dodge_and_return_002,dodge_and_return,2.16667,155.57,90.0,0,1
dodge_and_return_002,dodge_and_return,2.18333,157.07,90.0,0,1
dodge_and_return_002,dodge_and_return,2.2,158.57,90.0,0,1
dodge_and_return_002,dodge_and_return,2.21667,160.07,90.0,0,1
dodge_and_return_002,dodge_and_return,2.23333,161.57,90.0,0,1
dodge_and_return_002,dodge_and_return,2.25,163.07,90.0,0,1
dodge_and_return_002,dodge_and_return,2.26667,164.57,90.0,0,1
dodge_and_return_002,dodge_and_return,2.28333,166.07,90.0,0,1
dodge_and_return_002,dodge_and_return,2.3,167.57,90.0,0,1
dodge_and_return_002,dodge_and_return,2.31667,169.07,90.0,1,0
dodge_and_return_002,dodge_and_return,2.33333,167.57,-90.0,1,0
dodge_and_return_002,dodge_and_return,2.35,166.07,-90.0,1,0
dodge_and_return_002,dodge_and_return,2.36667,164.57,-90.0,1,0
dodge_and_return_002,dodge_and_return,2.38333,163.07,-90.0,1,0
dodge_and_return_002,dodge_and_return,2.4,161.57,-90.0,1,0
dodge_and_return_002,dodge_and_return,2.41667,160.07,-90.0,1,0
dodge_and_return_002,dodge_and_return,2.43333,158.57,-90.0,1,0
dodge_and_return_002,dodge_and_return,2.45,157.07,-90.0,1,0
dodge_and_return_002,dodge_and_return,2.46667,155.57,-90.0,1,0
dodge_and_return_002,dodge_and_return,2.48333,154.07,-90.0,1,0
dodge_and_return_002,dodge_and_return,2.5,152.57,-90.0,1,0
dodge_and_return_002,dodge_and_return,2.51667,151.07,-90.0,1,0
dodge_and_return_002,dodge_and_return,2.53333,149.57,-90.0,1,0
dodge_and_return_002,dodge_and_return,2.55,148.07,-90.0,1,0
dodge_and_return_002,dodge_and_return,2.56667,146.57,-90.0,1,0
dodge_and_return_002,dodge_and_return,2.58333,145.07,-90.0,1,0
dodge_and_return_002,dodge_and_return,2.6,143.57,-90.0,1,0
dodge_and_return_002,dodge_and_return,2.61667,142.07,-90.0,1,0
dodge_and_return_002,dodge_and_return,2.63333,140.57,-90.0,1,0
dodge_and_return_002,dodge_and_return,2.65,139.07,-90.0,1,0
dodge_and_return_002,dodge_and_return,2.66667,137.57,-90.0,1,0
dodge_and_return_002,dodge_and_return,2.68333,136.07,-90.0,1,0
dodge_and_return_002,dodge_and_return,2.7,134.57,-90.0,1,0
dodge_and_return_002,dodge_and_return,2.71667,133.07,-90.0,1,0
dodge_and_return_002,dodge_and_return,2.73333,131.57,-90.0,1,0
dodge_and_return_002,dodge_and_return,2.75,130.07,-90.0,1,0
dodge_and_return_002,dodge_and_return,2.76667,128.57,-90.0,1,0
dodge_and_return_002,dodge_and_return,2.78333,127.07,-90.0,1,0
dodge_and_return_002,dodge_and_return,2.8,125.57,-90.0,1,0
dodge_and_return_002,dodge_and_return,2.81667,124.07,-90.0,1,0
dodge_and_return_002,dodge_and_return,2.83333,122.57,-90.0,1,0
dodge_and_return_002,dodge_and_return,2.85,121.07,-90.0,1,0
dodge_and_return_002,dodge_and_return,2.86667,119.57,-90.0,1,0
dodge_and_return_002,dodge_and_return,2.88333,118.07,-90.0,1,0
dodge_and_return_002,dodge_and_return,2.9,116.57,-90.0,1,0
dodge_and_return_002,dodge_and_return,2.91667,115.07,-90.0,1,0
dodge_and_return_002,dodge_and_return,2.93333,113.57,-90.0,1,0
dodge_and_return_002,dodge_and_return,2.95,112.07,-90.0,1,0
dodge_and_return_002,dodge_and_return,2.96667,110.57,-90.0,1,0
dodge_and_return_002,dodge_and_return,2.98333,109.07,-90.0,1,0
dodge_and_return_002,dodge_and_return,3.0,107.57,-90.0,1,0
dodge_and_return_002,dodge_and_return,3.01667,106.07,-90.0,1,0
dodge_and_return_002,dodge_and_return,3.03333,104.57,-90.0,0,0
dodge_and_return_002,dodge_and_return,3.05,104.57,0.0,0,0
dodge_and_return_002,dodge_and_return,3.06667,104.57,0.0,0,0
dodge_and_return_002,dodge_and_return,3.08333,104.57,0.0,0,0
dodge_and_return_002,dodge_and_return,3.1,104.57,0.0,0,0
dodge_and_return_002,dodge_and_return,3.11667,104.57,0.0,0,0
dodge_and_return_002,dodge_and_return,3.13333,104.57,0.0,0,0
dodge_and_return_002,dodge_and_return,3.15,104.57,0.0,0,0
dodge_and_return_002,dodge_and_return,3.16667,104.57,0.0,0,0
dodge_and_return_002,dodge_and_return,3.18333,104.57,0.0,0,0
dodge_and_return_002,dodge_and_return,3.2,104.57,0.0,0,0
dodge_and_return_002,dodge_and_return,3.21667,104.57,0.0,0,0
dodge_and_return_002,dodge_and_return,3.23333,104.57,0.0,0,0
dodge_and_return_002,dodge_and_return,3.25,104.57,0.0,0,0
dodge_and_return_002,dodge_and_return,3.26667,104.57,0.0,0,0
dodge_and_return_002,dodge_and_return,3.28333,104.57,0.0,0,0
dodge_and_return_002,dodge_and_return,3.3,104.57,0.0,0,0
dodge_and_return_002,dodge_and_return,3.31667,104.57,0.0,0,0
dodge_and_return_002,dodge_and_return,3.33333,104.57,0.0,0,0
dodge_and_return_002,dodge_and_return,3.35,104.57,0.0,0,0
dodge_and_return_002,dodge_and_return,3.36667,104.57,0.0,0,0
dodge_and_return_002,dodge_and_return,3.38333,104.57,0.0,0,0
dodge_and_return_002,dodge_and_return,3.4,104.57,0.0,0,0
dodge_and_return_002,dodge_and_return,3.41667,104.57,0.0,0,0
dodge_and_return_002,dodge_and_return,3.43333,104.57,0.0,0,0
dodge_and_return_002,dodge_and_return,3.45,104.57,0.0,0,0
dodge_and_return_002,dodge_and_return,3.46667,104.57,0.0,0,0
dodge_and_return_002,dodge_and_return,3.48333,104.57,0.0,0,0
dodge_and_return_002,dodge_and_return,3.5,104.57,0.0,0,0
dodge_and_return_002,dodge_and_return,3.51667,104.57,0.0,0,0
dodge_and_return_002,dodge_and_return,3.53333,104.57,0.0,0,0
dodge_and_return_002,dodge_and_return,3.55,104.57,0.0,0,0
dodge_and_return_002,dodge_and_return,3.56667,104.57,0.0,0,0
dodge_and_return_002,dodge_and_return,3.58333,104.57,0.0,0,0
dodge_and_return_002,dodge_and_return,3.6,104.57,0.0,0,0
dodge_and_return_002,dodge_and_return,3.61667,104.57,0.0,0,0
dodge_and_return_002,dodge_and_return,3.63333,104.57,0.0,0,0
dodge_and_return_002,dodge_and_return,3.65,104.57,0.0,0,0
dodge_and_return_002,dodge_and_return,3.66667,104.57,0.0,0,0
dodge_and_return_002,dodge_and_return,3.68333,104.57,0.0,0,0
dodge_and_return_002,dodge_and_return,3.7,104.57,0.0,0,0
dodge_and_return_002,dodge_and_return,3.71667,104.57,0.0,0,0
dodge_and_return_002,dodge_and_return,3.73333,104.57,0.0,0,0
dodge_and_return_002,dodge_and_return,3.75,104.57,0.0,0,0
dodge_and_return_002,dodge_and_return,3.76667,104.57,0.0,0,0
dodge_and_return_002,dodge_and_return,3.78333,104.57,0.0,0,0
dodge_and_return_002,dodge_and_return,3.8,104.57,0.0,0,0
dodge_and_return_002,dodge_and_return,3.81667,104.57,0.0,0,0
dodge_and_return_002,dodge_and_return,3.83333,104.57,0.0,0,0
dodge_and_return_002,dodge_and_return,3.85,104.57,0.0,0,0
dodge_and_return_002,dodge_and_return,3.86667,104.57,0.0,0,0
dodge_and_return_002,dodge_and_return,3.88333,104.57,0.0,0,0
dodge_and_return_002,dodge_and_return,3.9,104.57,0.0,0,0
dodge_and_return_002,dodge_and_return,3.91667,104.57,0.0,0,0
dodge_and_return_002,dodge_and_return,3.93333,104.57,0.0,0,0
dodge_and_return_002,dodge_and_return,3.95,104.57,0.0,0,0
dodge_and_return_002,dodge_and_return,3.96667,104.57,0.0,0,0
dodge_and_return_002,dodge_and_return,3.98333,104.57,0.0,0,0
dodge_and_return_002,dodge_and_return,4.0,104.57,0.0,0,0
dodge_and_return_002,dodge_and_return,4.01667,104.57,0.0,0,0
dodge_and_return_002,dodge_and_return,4.03333,104.57,0.0,0,0
dodge_and_return_002,dodge_and_return,4.05,104.57,0.0,0,0
dodge_and_return_002,dodge_and_return,4.06667,104.57,0.0,0,0
dodge_and_return_002,dodge_and_return,4.08333,104.57,0.0,0,0
dodge_and_return_002,dodge_and_return,4.1,104.57,0.0,0,0
dodge_and_return_002,dodge_and_return,4.11667,104.57,0.0,0,0
dodge_and_return_002,dodge_and_return,4.13333,104.57,0.0,0,0
dodge_and_return_002,dodge_and_return,4.15,104.57,0.0,0,0
dodge_and_return_002,dodge_and_return,4.16667,104.57,0.0,0,0
dodge_and_return_002,dodge_and_return,4.18333,104.57,0.0,0,0
dodge_and_return_002,dodge_and_return,4.2,104.57,0.0,0,0
dodge_and_return_002,dodge_and_return,4.21667,104.57,0.0,0,0
dodge_and_return_002,dodge_and_return,4.23333,104.57,0.0,0,0
dodge_and_return_002,dodge_and_return,4.25,104.57,0.0,0,0
dodge_and_return_002,dodge_and_return,4.26667,104.57,0.0,0,0
dodge_and_return_002,dodge_and_return,4.28333,104.57,0.0,0,0
dodge_and_return_002,dodge_and_return,4.3,104.57,0.0,0,0
dodge_and_return_002,dodge_and_return,4.31667,104.57,0.0,0,0
dodge_and_return_002,dodge_and_return,4.33333,104.57,0.0,0,0
dodge_and_return_002,dodge_and_return,4.35,104.57,0.0,0,0
dodge_and_return_002,dodge_and_return,4.36667,104.57,0.0,0,0
dodge_and_return_002,dodge_and_return,4.38333,104.57,0.0,0,0
dodge_and_return_002,dodge_and_return,4.4,104.57,0.0,0,0
dodge_and_return_002,dodge_and_return,4.41667,104.57,0.0,0,0
dodge_and_return_002,dodge_and_return,4.43333,104.57,0.0,0,0
dodge_and_return_002,dodge_and_return,4.45,104.57,0.0,0,0
dodge_and_return_002,dodge_and_return,4.46667,104.57,0.0,0,0
dodge_and_return_002,dodge_and_return,4.48333,104.57,0.0,0,0
dodge_and_return_002,dodge_and_return,4.5,104.57,0.0,0,0
dodge_and_return_002,dodge_and_return,4.51667,104.57,0.0,0,0
dodge_and_return_002,dodge_and_return,4.53333,104.57,0.0,0,0
dodge_and_return_002,dodge_and_return,4.55,104.57,0.0,0,0
dodge_and_return_002,dodge_and_return,4.56667,104.57,0.0,0,0
dodge_and_return_002,dodge_and_return,4.58333,104.57,0.0,0,0
dodge_and_return_002,dodge_and_return,4.6,104.57,0.0,0,0
dodge_and_return_002,dodge_and_return,4.61667,104.57,0.0,0,0
dodge_and_return_002,dodge_and_return,4.63333,104.57,0.0,0,0
dodge_and_return_002,dodge_and_return,4.65,104.57,0.0,0,0
dodge_and_return_002,dodge_and_return,4.66667,104.57,0.0,0,0
dodge_and_return_002,dodge_and_return,4.68333,104.57,0.0,0,0
dodge_and_return_002,dodge_and_return,4.7,104.57,0.0,0,0
dodge_and_return_002,dodge_and_return,4.71667,104.57,0.0,0,0
dodge_and_return_002,dodge_and_return,4.73333,104.57,0.0,0,0
dodge_and_return_002,dodge_and_return,4.75,104.57,0.0,0,0
dodge_and_return_002,dodge_and_return,4.76667,104.57,0.0,0,0
dodge_and_return_002,dodge_and_return,4.78333,104.57,0.0,0,0
dodge_and_return_002,dodge_and_return,4.8,104.57,0.0,0,0
dodge_and_return_002,dodge_and_return,4.81667,104.57,0.0,0,0
dodge_and_return_002,dodge_and_return,4.83333,104.57,0.0,0,0
dodge_and_return_002,dodge_and_return,4.85,104.57,0.0,0,0
dodge_and_return_002,dodge_and_return,4.86667,104.57,0.0,0,0
dodge_and_return_002,dodge_and_return,4.88333,104.57,0.0,0,0
dodge_and_return_002,dodge_and_return,4.9,104.57,0.0,0,0
dodge_and_return_002,dodge_and_return,4.91667,104.57,0.0,0,0
dodge_and_return_002,dodge_and_return,4.93333,104.57,0.0,0,0
dodge_and_return_002,dodge_and_return,4.95,104.57,0.0,0,0
dodge_and_return_002,dodge_and_return,4.96667,104.57,0.0,0,0
dodge_and_return_002,dodge_and_return,4.98333,104.57,0.0,0,0
dodge_and_return_002,dodge_and_return,5.0,104.57,0.0,0,0
dodge_and_return_002,dodge_and_return,5.01667,104.57,0.0,0,0
dodge_and_return_002,dodge_and_return,5.03333,104.57,0.0,0,0
dodge_and_return_002,dodge_and_return,5.05,104.57,0.0,0,0
dodge_and_return_002,dodge_and_return,5.06667,104.57,0.0,0,0
dodge_and_return_002,dodge_and_return,5.08333,104.57,0.0,0,0
dodge_and_return_002,dodge_and_return,5.1,104.57,0.0,0,0
dodge_and_return_002,dodge_and_return,5.11667,104.57,0.0,0,0
dodge_and_return_002,dodge_and_return,5.13333,104.57,0.0,0,0
dodge_and_return_002,dodge_and_return,5.15,104.57,0.0,1,0
dodge_and_return_002,dodge_and_return,5.16667,103.07,-90.0,1,0
dodge_and_return_002,dodge_and_return,5.18333,101.57,-90.0,1,0
dodge_and_return_002,dodge_and_return,5.2,100.07,-90.0,1,0
dodge_and_return_002,dodge_and_return,5.21667,98.57,-90.0,1,0
dodge_and_return_002,dodge_and_return,5.23333,97.07,-90.0,1,0
dodge_and_return_002,dodge_and_return,5.25,95.57,-90.0,1,0
dodge_and_return_002,dodge_and_return,5.26667,94.07,-90.0,1,0
dodge_and_return_002,dodge_and_return,5.28333,92.57,-90.0,1,0
dodge_and_return_002,dodge_and_return,5.3,91.07,-90.0,1,0
dodge_and_return_002,dodge_and_return,5.31667,89.57,-90.0,1,0
dodge_and_return_002,dodge_and_return,5.33333,88.07,-90.0,1,0
dodge_and_return_002,dodge_and_return,5.35,86.57,-90.0,1,0
dodge_and_return_002,dodge_and_return,5.36667,85.07,-90.0,1,0
dodge_and_return_002,dodge_and_return,5.38333,83.57,-90.0,1,0
dodge_and_return_002,dodge_and_return,5.4,82.07,-90.0,1,0
dodge_and_return_002,dodge_and_return,5.41667,80.57,-90.0,1,0
dodge_and_return_002,dodge_and_return,5.43333,79.07,-90.0,1,0
dodge_and_return_002,dodge_and_return,5.45,77.57,-90.0,1,0
dodge_and_return_002,dodge_and_return,5.46667,76.07,-90.0,1,0
dodge_and_return_002,dodge_and_return,5.48333,74.57,-90.0,1,0
dodge_and_return_002,dodge_and_return,5.5,73.07,-90.0,1,0
dodge_and_return_002,dodge_and_return,5.51667,71.57,-90.0,1,0
dodge_and_return_002,dodge_and_return,5.53333,70.07,-90.0,1,0
dodge_and_return_002,dodge_and_return,5.55,68.57,-90.0,1,0
dodge_and_return_002,dodge_and_return,5.56667,67.07,-90.0,1,0
dodge_and_return_002,dodge_and_return,5.58333,65.57,-90.0,1,0
dodge_and_return_002,dodge_and_return,5.6,64.07,-90.0,1,0
dodge_and_return_002,dodge_and_return,5.61667,62.57,-90.0,1,0
dodge_and_return_002,dodge_and_return,5.63333,61.07,-90.0,1,0
dodge_and_return_002,dodge_and_return,5.65,59.57,-90.0,1,0
dodge_and_return_002,dodge_and_return,5.66667,58.07,-90.0,1,0
dodge_and_return_002,dodge_and_return,5.68333,56.57,-90.0,1,0
dodge_and_return_002,dodge_and_return,5.7,55.07,-90.0,1,0
dodge_and_return_002,dodge_and_return,5.71667,53.57,-90.0,1,0
dodge_and_return_002,dodge_and_return,5.73333,52.07,-90.0,1,0
dodge_and_return_002,dodge_and_return,5.75,50.57,-90.0,1,0
dodge_and_return_002,dodge_and_return,5.76667,49.07,-90.0,1,0
dodge_and_return_002,dodge_and_return,5.78333,47.57,-90.0,1,0
dodge_and_return_002,dodge_and_return,5.8,46.07,-90.0,1,0
dodge_and_return_002,dodge_and_return,5.81667,44.57,-90.0,1,0
dodge_and_return_002,dodge_and_return,5.83333,43.07,-90.0,1,0
dodge_and_return_002,dodge_and_return,5.85,41.57,-90.0,1,0
dodge_and_return_002,dodge_and_return,5.86667,40.07,-90.0,1,0
dodge_and_return_002,dodge_and_return,5.88333,38.57,-90.0,1,0
dodge_and_return_002,dodge_and_return,5.9,37.07,-90.0,1,0
dodge_and_return_002,dodge_and_return,5.91667,35.57,-90.0,1,0
dodge_and_return_002,dodge_and_return,5.93333,34.07,-90.0,1,0
dodge_and_return_002,dodge_and_return,5.95,32.57,-90.0,1,0
dodge_and_return_002,dodge_and_return,5.96667,31.07,-90.0,1,0
dodge_and_return_002,dodge_and_return,5.98333,29.57,-90.0,1,0
dodge_and_return_002,dodge_and_return,6.0,28.07,-90.0,1,0
dodge_and_return_002,dodge_and_return,6.01667,26.57,-90.0,1,0
dodge_and_return_002,dodge_and_return,6.03333,25.07,-90.0,1,0
dodge_and_return_002,dodge_and_return,6.05,23.57,-90.0,1,0
dodge_and_return_002,dodge_and_return,6.06667,22.07,-90.0,0,1
dodge_and_return_002,dodge_and_return,6.08333,23.57,90.0,0,1
dodge_and_return_002,dodge_and_return,6.1,25.07,90.0,0,1
dodge_and_return_002,dodge_and_return,6.11667,26.57,90.0,0,1
dodge_and_return_002,dodge_and_return,6.13333,28.07,90.0,0,1
dodge_and_return_002,dodge_and_return,6.15,29.57,90.0,0,1
dodge_and_return_002,dodge_and_return,6.16667,31.07,90.0,0,1
dodge_and_return_002,dodge_and_return,6.18333,32.57,90.0,0,1
dodge_and_return_002,dodge_and_return,6.2,34.07,90.0,0,1
dodge_and_return_002,dodge_and_return,6.21667,35.57,90.0,0,1
dodge_and_return_002,dodge_and_return,6.23333,37.07,90.0,0,1
dodge_and_return_002,dodge_and_return,6.25,38.57,90.0,0,1
dodge_and_return_002,dodge_and_return,6.26667,40.07,90.0,0,1
dodge_and_return_002,dodge_and_return,6.28333,41.57,90.0,0,1
dodge_and_return_002,dodge_and_return,6.3,43.07,90.0,0,1
dodge_and_return_002,dodge_and_return,6.31667,44.57,90.0,0,1
dodge_and_return_002,dodge_and_return,6.33333,46.07,90.0,0,1
dodge_and_return_002,dodge_and_return,6.35,47.57,90.0,0,1
dodge_and_return_002,dodge_and_return,6.36667,49.07,90.0,0,1
dodge_and_return_002,dodge_and_return,6.38333,50.57,90.0,0,1
dodge_and_return_002,dodge_and_return,6.4,52.07,90.0,0,1
dodge_and_return_002,dodge_and_return,6.41667,53.57,90.0,0,1
dodge_and_return_002,dodge_and_return,6.43333,55.07,90.0,0,1
dodge_and_return_002,dodge_and_return,6.45,56.57,90.0,0,1
dodge_and_return_002,dodge_and_return,6.46667,58.07,90.0,0,1
dodge_and_return_002,dodge_and_return,6.48333,59.57,90.0,0,1
dodge_and_return_002,dodge_and_return,6.5,61.07,90.0,0,1
dodge_and_return_002,dodge_and_return,6.51667,62.57,90.0,0,1
dodge_and_return_002,dodge_and_return,6.53333,64.07,90.0,0,1
dodge_and_return_002,dodge_and_return,6.55,65.57,90.0,0,1
dodge_and_return_002,dodge_and_return,6.56667,67.07,90.0,0,1
dodge_and_return_002,dodge_and_return,6.58333,68.57,90.0,0,1
dodge_and_return_002,dodge_and_return,6.6,70.07,90.0,0,1
dodge_and_return_002,dodge_and_return,6.61667,71.57,90.0,0,1
dodge_and_return_002,dodge_and_return,6.63333,73.07,90.0,0,1
dodge_and_return_002,dodge_and_return,6.65,74.57,90.0,0,1
dodge_and_return_002,dodge_and_return,6.66667,76.07,90.0,0,1
dodge_and_return_002,dodge_and_return,6.68333,77.57,90.0,0,1
dodge_and_return_002,dodge_and_return,6.7,79.07,90.0,0,1
dodge_and_return_002,dodge_and_return,6.71667,80.57,90.0,0,1
dodge_and_return_002,dodge_and_return,6.73333,82.07,90.0,0,1
dodge_and_return_002,dodge_and_return,6.75,83.57,90.0,0,1
dodge_and_return_002,dodge_and_return,6.76667,85.07,90.0,0,1
dodge_and_return_002,dodge_and_return,6.78333,86.57,90.0,0,1
dodge_and_return_002,dodge_and_return,6.8,88.07,90.0,0,1
dodge_and_return_002,dodge_and_return,6.81667,89.57,90.0,0,1
dodge_and_return_002,dodge_and_return,6.83333,91.07,90.0,0,1
dodge_and_return_002,dodge_and_return,6.85,92.57,90.0,0,1
dodge_and_return_002,dodge_and_return,6.86667,94.07,90.0,0,1
dodge_and_return_002,dodge_and_return,6.88333,95.57,90.0,0,1
dodge_and_return_002,dodge_and_return,6.9,97.07,90.0,0,1
dodge_and_return_002,dodge_and_return,6.91667,98.57,90.0,0,0
dodge_and_return_002,dodge_and_return,6.93333,98.57,0.0,0,0
dodge_and_return_002,dodge_and_return,6.95,98.57,0.0,0,0
dodge_and_return_002,dodge_and_return,6.96667,98.57,0.0,0,0
dodge_and_return_002,dodge_and_return,6.98333,98.57,0.0,0,0
dodge_and_return_002,dodge_and_return,7.0,98.57,0.0,0,0
dodge_and_return_002,dodge_and_return,7.01667,98.57,0.0,0,0
dodge_and_return_002,dodge_and_return,7.03333,98.57,0.0,0,0
dodge_and_return_002,dodge_and_return,7.05,98.57,0.0,0,0
dodge_and_return_002,dodge_and_return,7.06667,98.57,0.0,0,0
dodge_and_return_002,dodge_and_return,7.08333,98.57,0.0,0,0
dodge_and_return_002,dodge_and_return,7.1,98.57,0.0,0,0
dodge_and_return_002,dodge_and_return,7.11667,98.57,0.0,0,0
dodge_and_return_002,dodge_and_return,7.13333,98.57,0.0,0,0
dodge_and_return_002,dodge_and_return,7.15,98.57,0.0,0,0
dodge_and_return_002,dodge_and_return,7.16667,98.57,0.0,0,0
dodge_and_return_002,dodge_and_return,7.18333,98.57,0.0,0,0
dodge_and_return_002,dodge_and_return,7.2,98.57,0.0,0,0
dodge_and_return_002,dodge_and_return,7.21667,98.57,0.0,0,0
dodge_and_return_002,dodge_and_return,7.23333,98.57,0.0,0,0
dodge_and_return_002,dodge_and_return,7.25,98.57,0.0,0,0
dodge_and_return_002,dodge_and_return,7.26667,98.57,0.0,0,0
dodge_and_return_002,dodge_and_return,7.28333,98.57,0.0,0,0
dodge_and_return_002,dodge_and_return,7.3,98.57,0.0,0,0
dodge_and_return_002,dodge_and_return,7.31667,98.57,0.0,0,0
dodge_and_return_002,dodge_and_return,7.33333,98.57,0.0,0,0
dodge_and_return_002,dodge_and_return,7.35,98.57,0.0,0,0
dodge_and_return_002,dodge_and_return,7.36667,98.57,0.0,0,0
dodge_and_return_002,dodge_and_return,7.38333,98.57,0.0,0,0
dodge_and_return_002,dodge_and_return,7.4,98.57,0.0,0,0
dodge_and_return_002,dodge_and_return,7.41667,98.57,0.0,0,0
dodge_and_return_002,dodge_and_return,7.43333,98.57,0.0,0,0
dodge_and_return_002,dodge_and_return,7.45,98.57,0.0,0,0
dodge_and_return_002,dodge_and_return,7.46667,98.57,0.0,0,0
dodge_and_return_002,dodge_and_return,7.48333,98.57,0.0,0,0
dodge_and_return_002,dodge_and_return,7.5,98.57,0.0,0,0
dodge_and_return_002,dodge_and_return,7.51667,98.57,0.0,0,0
dodge_and_return_002,dodge_and_return,7.53333,98.57,0.0,0,0
dodge_and_return_002,dodge_and_return,7.55,98.57,0.0,0,0
dodge_and_return_002,dodge_and_return,7.56667,98.57,0.0,0,0
dodge_and_return_002,dodge_and_return,7.58333,98.57,0.0,0,0
dodge_and_return_002,dodge_and_return,7.6,98.57,0.0,0,0
dodge_and_return_002,dodge_and_return,7.61667,98.57,0.0,0,0
dodge_and_return_002,dodge_and_return,7.63333,98.57,0.0,0,0
dodge_and_return_002,dodge_and_return,7.65,98.57,0.0,0,0
dodge_and_return_002,dodge_and_return,7.66667,98.57,0.0,0,0
dodge_and_return_002,dodge_and_return,7.68333,98.57,0.0,0,0
dodge_and_return_002,dodge_and_return,7.7,98.57,0.0,0,0
dodge_and_return_002,dodge_and_return,7.71667,98.57,0.0,0,0
dodge_and_return_002,dodge_and_return,7.73333,98.57,0.0,1,0
dodge_and_return_002,dodge_and_return,7.75,97.07,-90.0,1,0
dodge_and_return_002,dodge_and_return,7.76667,95.57,-90.0,1,0
dodge_and_return_002,dodge_and_return,7.78333,94.07,-90.0,1,0
dodge_and_return_002,dodge_and_return,7.8,92.57,-90.0,1,0
dodge_and_return_002,dodge_and_return,7.81667,91.07,-90.0,1,0
dodge_and_return_002,dodge_and_return,7.83333,89.57,-90.0,1,0
dodge_and_return_002,dodge_and_return,7.85,88.07,-90.0,1,0
dodge_and_return_002,dodge_and_return,7.86667,86.57,-90.0,1,0
dodge_and_return_002,dodge_and_return,7.88333,85.07,-90.0,1,0
dodge_and_return_002,dodge_and_return,7.9,83.57,-90.0,1,0
dodge_and_return_002,dodge_and_return,7.91667,82.07,-90.0,1,0
dodge_and_return_002,dodge_and_return,7.93333,80.57,-90.0,1,0
dodge_and_return_002,dodge_and_return,7.95,79.07,-90.0,1,0
dodge_and_return_002,dodge_and_return,7.96667,77.57,-90.0,1,0
dodge_and_return_002,dodge_and_return,7.98333,76.07,-90.0,1,0
dodge_and_return_002,dodge_and_return,8.0,74.57,-90.0,1,0
dodge_and_return_002,dodge_and_return,8.01667,73.07,-90.0,1,0
dodge_and_return_002,dodge_and_return,8.03333,71.57,-90.0,1,0
dodge_and_return_002,dodge_and_return,8.05,70.07,-90.0,1,0
dodge_and_return_002,dodge_and_return,8.06667,68.57,-90.0,1,0
dodge_and_return_002,dodge_and_return,8.08333,67.07,-90.0,1,0
dodge_and_return_002,dodge_and_return,8.1,65.57,-90.0,1,0
dodge_and_return_002,dodge_and_return,8.11667,64.07,-90.0,1,0
dodge_and_return_002,dodge_and_return,8.13333,62.57,-90.0,1,0
dodge_and_return_002,dodge_and_return,8.15,61.07,-90.0,1,0
dodge_and_return_002,dodge_and_return,8.16667,59.57,-90.0,1,0
dodge_and_return_002,dodge_and_return,8.18333,58.07,-90.0,1,0
dodge_and_return_002,dodge_and_return,8.2,56.57,-90.0,1,0
dodge_and_return_002,dodge_and_return,8.21667,55.07,-90.0,1,0
dodge_and_return_002,dodge_and_return,8.23333,53.57,-90.0,1,0
dodge_and_return_002,dodge_and_return,8.25,52.07,-90.0,1,0
dodge_and_return_002,dodge_and_return,8.26667,50.57,-90.0,1,0
dodge_and_return_002,dodge_and_return,8.28333,49.07,-90.0,1,0
dodge_and_return_002,dodge_and_return,8.3,47.57,-90.0,1,0
dodge_and_return_002,dodge_and_return,8.31667,46.07,-90.0,1,0
dodge_and_return_002,dodge_and_return,8.33333,44.57,-90.0,1,0
dodge_and_return_002,dodge_and_return,8.35,43.07,-90.0,1,0
dodge_and_return_002,dodge_and_return,8.36667,41.57,-90.0,1,0
dodge_and_return_002,dodge_and_return,8.38333,40.07,-90.0,1,0
dodge_and_return_002,dodge_and_return,8.4,38.57,-90.0,1,0
dodge_and_return_002,dodge_and_return,8.41667,37.07,-90.0,1,0
dodge_and_return_002,dodge_and_return,8.43333,35.57,-90.0,1,0
dodge_and_return_002,dodge_and_return,8.45,34.07,-90.0,1,0
dodge_and_return_002,dodge_and_return,8.46667,32.57,-90.0,1,0
dodge_and_return_002,dodge_and_return,8.48333,31.07,-90.0,1,0
dodge_and_return_002,dodge_and_return,8.5,29.57,-90.0,1,0
dodge_and_return_002,dodge_and_return,8.51667,28.07,-90.0,1,0
dodge_and_return_002,dodge_and_return,8.53333,26.57,-90.0,1,0
dodge_and_return_002,dodge_and_return,8.55,25.07,-90.0,0,1
dodge_and_return_002,dodge_and_return,8.56667,26.57,90.0,0,1
dodge_and_return_002,dodge_and_return,8.58333,28.07,90.0,0,1
dodge_and_return_002,dodge_and_return,8.6,29.57,90.0,0,1
dodge_and_return_002,dodge_and_return,8.61667,31.07,90.0,0,1
dodge_and_return_002,dodge_and_return,8.63333,32.57,90.0,0,1
dodge_and_return_002,dodge_and_return,8.65,34.07,90.0,0,1
dodge_and_return_002,dodge_and_return,8.66667,35.57,90.0,0,1
dodge_and_return_002,dodge_and_return,8.68333,37.07,90.0,0,1
dodge_and_return_002,dodge_and_return,8.7,38.57,90.0,0,1
dodge_and_return_002,dodge_and_return,8.71667,40.07,90.0,0,1
dodge_and_return_002,dodge_and_return,8.73333,41.57,90.0,0,1
dodge_and_return_002,dodge_and_return,8.75,43.07,90.0,0,1
dodge_and_return_002,dodge_and_return,8.76667,44.57,90.0,0,1
dodge_and_return_002,dodge_and_return,8.78333,46.07,90.0,0,1
dodge_and_return_002,dodge_and_return,8.8,47.57,90.0,0,1
dodge_and_return_002,dodge_and_return,8.81667,49.07,90.0,0,1
dodge_and_return_002,dodge_and_return,8.83333,50.57,90.0,0,1
dodge_and_return_002,dodge_and_return,8.85,52.07,90.0,0,1
dodge_and_return_002,dodge_and_return,8.86667,53.57,90.0,0,1
dodge_and_return_002,dodge_and_return,8.88333,55.07,90.0,0,1
dodge_and_return_002,dodge_and_return,8.9,56.57,90.0,0,1
dodge_and_return_002,dodge_and_return,8.91667,58.07,90.0,0,1
dodge_and_return_002,dodge_and_return,8.93333,59.57,90.0,0,1
dodge_and_return_002,dodge_and_return,8.95,61.07,90.0,0,1
dodge_and_return_002,dodge_and_return,8.96667,62.57,90.0,0,1
dodge_and_return_002,dodge_and_return,8.98333,64.07,90.0,0,1
dodge_and_return_002,dodge_and_return,9.0,65.57,90.0,0,1
dodge_and_return_002,dodge_and_return,9.01667,67.07,90.0,0,1
dodge_and_return_002,dodge_and_return,9.03333,68.57,90.0,0,1
dodge_and_return_002,dodge_and_return,9.05,70.07,90.0,0,1
dodge_and_return_002,dodge_and_return,9.06667,71.57,90.0,0,1
dodge_and_return_002,dodge_and_return,9.08333,73.07,90.0,0,1
dodge_and_return_002,dodge_and_return,9.1,74.57,90.0,0,1
dodge_and_return_002,dodge_and_return,9.11667,76.07,90.0,0,1
dodge_and_return_002,dodge_and_return,9.13333,77.57,90.0,0,1
dodge_and_return_002,dodge_and_return,9.15,79.07,90.0,0,1
dodge_and_return_002,dodge_and_return,9.16667,80.57,90.0,0,1
dodge_and_return_002,dodge_and_return,9.18333,82.07,90.0,0,1
dodge_and_return_002,dodge_and_return,9.2,83.57,90.0,0,1
dodge_and_return_002,dodge_and_return,9.21667,85.07,90.0,0,1
dodge_and_return_002,dodge_and_return,9.23333,86.57,90.0,0,1
dodge_and_return_002,dodge_and_return,9.25,88.07,90.0,0,1
dodge_and_return_002,dodge_and_return,9.26667,89.57,90.0,0,1
dodge_and_return_002,dodge_and_return,9.28333,91.07,90.0,0,1
dodge_and_return_002,dodge_and_return,9.3,92.57,90.0,0,1
dodge_and_return_002,dodge_and_return,9.31667,94.07,90.0,0,1
dodge_and_return_002,dodge_and_return,9.33333,95.57,90.0,0,1
dodge_and_return_002,dodge_and_return,9.35,97.07,90.0,0,1
dodge_and_return_002,dodge_and_return,9.36667,98.57,90.0,0,0
dodge_and_return_002,dodge_and_return,9.38333,98.57,0.0,0,0
dodge_and_return_002,dodge_and_return,9.4,98.57,0.0,0,0
dodge_and_return_002,dodge_and_return,9.41667,98.57,0.0,0,0
dodge_and_return_002,dodge_and_return,9.43333,98.57,0.0,0,0
dodge_and_return_002,dodge_and_return,9.45,98.57,0.0,0,0
dodge_and_return_002,dodge_and_return,9.46667,98.57,0.0,0,0
dodge_and_return_002,dodge_and_return,9.48333,98.57,0.0,0,0
dodge_and_return_002,dodge_and_return,9.5,98.57,0.0,0,0
dodge_and_return_002,dodge_and_return,9.51667,98.57,0.0,0,0
dodge_and_return_002,dodge_and_return,9.53333,98.57,0.0,0,0
dodge_and_return_002,dodge_and_return,9.55,98.57,0.0,0,0
dodge_and_return_002,dodge_and_return,9.56667,98.57,0.0,0,0
dodge_and_return_002,dodge_and_return,9.58333,98.57,0.0,0,0
dodge_and_return_002,dodge_and_return,9.6,98.57,0.0,0,0
dodge_and_return_002,dodge_and_return,9.61667,98.57,0.0,0,0
dodge_and_return_002,dodge_and_return,9.63333,98.57,0.0,0,0
dodge_and_return_002,dodge_and_return,9.65,98.57,0.0,0,0
dodge_and_return_002,dodge_and_return,9.66667,98.57,0.0,0,0
dodge_and_return_002,dodge_and_return,9.68333,98.57,0.0,0,0
dodge_and_return_002,dodge_and_return,9.7,98.57,0.0,0,0
dodge_and_return_002,dodge_and_return,9.71667,98.57,0.0,0,0
dodge_and_return_002,dodge_and_return,9.73333,98.57,0.0,0,0
dodge_and_return_002,dodge_and_return,9.75,98.57,0.0,0,0
dodge_and_return_002,dodge_and_return,9.76667,98.57,0.0,0,0
dodge_and_return_002,dodge_and_return,9.78333,98.57,0.0,0,0
dodge_and_return_002,dodge_and_return,9.8,98.57,0.0,0,0
dodge_and_return_002,dodge_and_return,9.81667,98.57,0.0,0,0
dodge_and_return_002,dodge_and_return,9.83333,98.57,0.0,0,0
dodge_and_return_002,dodge_and_return,9.85,98.57,0.0,0,0
dodge_and_return_002,dodge_and_return,9.86667,98.57,0.0,0,0
dodge_and_return_002,dodge_and_return,9.88333,98.57,0.0,0,0
dodge_and_return_002,dodge_and_return,9.9,98.57,0.0,0,0
dodge_and_return_002,dodge_and_return,9.91667,98.57,0.0,0,0
dodge_and_return_002,dodge_and_return,9.93333,98.57,0.0,0,0
dodge_and_return_002,dodge_and_return,9.95,98.57,0.0,0,0
dodge_and_return_002,dodge_and_return,9.96667,98.57,0.0,0,0
dodge_and_return_002,dodge_and_return,9.98333,98.57,0.0,0,0
dodge_and_return_002,dodge_and_return,10.0,98.57,0.0,0,0
dodge_and_return_002,dodge_and_return,10.01667,98.57,0.0,0,0
dodge_and_return_002,dodge_and_return,10.03333,98.57,0.0,0,0
dodge_and_return_002,dodge_and_return,10.05,98.57,0.0,0,0
dodge_and_return_002,dodge_and_return,10.06667,98.57,0.0,0,0
dodge_and_return_002,dodge_and_return,10.08333,98.57,0.0,0,0
dodge_and_return_002,dodge_and_return,10.1,98.57,0.0,0,0
dodge_and_return_002,dodge_and_return,10.11667,98.57,0.0,0,0
dodge_and_return_002,dodge_and_return,10.13333,98.57,0.0,0,0
dodge_and_return_002,dodge_and_return,10.15,98.57,0.0,0,0
dodge_and_return_002,dodge_and_return,10.16667,98.57,0.0,0,0
dodge_and_return_002,dodge_and_return,10.18333,98.57,0.0,0,0
dodge_and_return_002,dodge_and_return,10.2,98.57,0.0,0,0
dodge_and_return_002,dodge_and_return,10.21667,98.57,0.0,0,0
dodge_and_return_002,dodge_and_return,10.23333,98.57,0.0,0,0
dodge_and_return_002,dodge_and_return,10.25,98.57,0.0,0,0
dodge_and_return_002,dodge_and_return,10.26667,98.57,0.0,0,0
dodge_and_return_002,dodge_and_return,10.28333,98.57,0.0,0,0
dodge_and_return_002,dodge_and_return,10.3,98.57,0.0,0,0
dodge_and_return_002,dodge_and_return,10.31667,98.57,0.0,0,0
dodge_and_return_002,dodge_and_return,10.33333,98.57,0.0,0,0
dodge_and_return_002,dodge_and_return,10.35,98.57,0.0,0,0
dodge_and_return_002,dodge_and_return,10.36667,98.57,0.0,0,0
dodge_and_return_002,dodge_and_return,10.38333,98.57,0.0,0,0
dodge_and_return_002,dodge_and_return,10.4,98.57,0.0,0,0
dodge_and_return_002,dodge_and_return,10.41667,98.57,0.0,0,0
dodge_and_return_002,dodge_and_return,10.43333,98.57,0.0,0,0
dodge_and_return_002,dodge_and_return,10.45,98.57,0.0,0,0
dodge_and_return_002,dodge_and_return,10.46667,98.57,0.0,0,0
dodge_and_return_002,dodge_and_return,10.48333,98.57,0.0,0,0
dodge_and_return_002,dodge_and_return,10.5,98.57,0.0,0,0
dodge_and_return_002,dodge_and_return,10.51667,98.57,0.0,0,0
dodge_and_return_002,dodge_and_return,10.53333,98.57,0.0,0,0
dodge_and_return_002,dodge_and_return,10.55,98.57,0.0,0,0
dodge_and_return_002,dodge_and_return,10.56667,98.57,0.0,0,0
dodge_and_return_002,dodge_and_return,10.58333,98.57,0.0,0,0
dodge_and_return_002,dodge_and_return,10.6,98.57,0.0,0,0
dodge_and_return_002,dodge_and_return,10.61667,98.57,0.0,0,0
dodge_and_return_002,dodge_and_return,10.63333,98.57,0.0,0,0
dodge_and_return_002,dodge_and_return,10.65,98.57,0.0,0,0
dodge_and_return_002,dodge_and_return,10.66667,98.57,0.0,0,0
dodge_and_return_002,dodge_and_return,10.68333,98.57,0.0,0,0
dodge_and_return_002,dodge_and_return,10.7,98.57,0.0,0,0
dodge_and_return_002,dodge_and_return,10.71667,98.57,0.0,0,0
dodge_and_return_002,dodge_and_return,10.73333,98.57,0.0,0,0
dodge_and_return_002,dodge_and_return,10.75,98.57,0.0,0,0
dodge_and_return_002,dodge_and_return,10.76667,98.57,0.0,0,0
dodge_and_return_002,dodge_and_return,10.78333,98.57,0.0,0,0
dodge_and_return_002,dodge_and_return,10.8,98.57,0.0,0,0
dodge_and_return_002,dodge_and_return,10.81667,98.57,0.0,0,0
dodge_and_return_002,dodge_and_return,10.83333,98.57,0.0,0,0
dodge_and_return_002,dodge_and_return,10.85,98.57,0.0,0,0
dodge_and_return_002,dodge_and_return,10.86667,98.57,0.0,0,0
dodge_and_return_002,dodge_and_return,10.88333,98.57,0.0,0,0
dodge_and_return_002,dodge_and_return,10.9,98.57,0.0,0,0
dodge_and_return_002,dodge_and_return,10.91667,98.57,0.0,0,0
dodge_and_return_002,dodge_and_return,10.93333,98.57,0.0,0,0
dodge_and_return_002,dodge_and_return,10.95,98.57,0.0,0,0
dodge_and_return_002,dodge_and_return,10.96667,98.57,0.0,0,0
dodge_and_return_002,dodge_and_return,10.98333,98.57,0.0,0,0
dodge_and_return_002,dodge_and_return,11.0,98.57,0.0,0,0
dodge_and_return_002,dodge_and_return,11.01667,98.57,0.0,0,0
dodge_and_return_002,dodge_and_return,11.03333,98.57,0.0,0,0
dodge_and_return_002,dodge_and_return,11.05,98.57,0.0,0,0
dodge_and_return_002,dodge_and_return,11.06667,98.57,0.0,0,0
dodge_and_return_002,dodge_and_return,11.08333,98.57,0.0,0,0
dodge_and_return_002,dodge_and_return,11.1,98.57,0.0,0,0
dodge_and_return_002,dodge_and_return,11.11667,98.57,0.0,0,0
dodge_and_return_002,dodge_and_return,11.13333,98.57,0.0,0,0
dodge_and_return_002,dodge_and_return,11.15,98.57,0.0,0,0
dodge_and_return_002,dodge_and_return,11.16667,98.57,0.0,0,0
dodge_and_return_002,dodge_and_return,11.18333,98.57,0.0,0,0
dodge_and_return_002,dodge_and_return,11.2,98.57,0.0,0,0
dodge_and_return_002,dodge_and_return,11.21667,98.57,0.0,0,0
dodge_and_return_002,dodge_and_return,11.23333,98.57,0.0,0,0
dodge_and_return_002,dodge_and_return,11.25,98.57,0.0,0,0
dodge_and_return_002,dodge_and_return,11.26667,98.57,0.0,0,0
dodge_and_return_002,dodge_and_return,11.28333,98.57,0.0,0,0
dodge_and_return_002,dodge_and_return,11.3,98.57,0.0,0,0
dodge_and_return_002,dodge_and_return,11.31667,98.57,0.0,0,0
dodge_and_return_002,dodge_and_return,11.33333,98.57,0.0,0,0
dodge_and_return_002,dodge_and_return,11.35,98.57,0.0,0,0
dodge_and_return_002,dodge_and_return,11.36667,98.57,0.0,0,0
dodge_and_return_002,dodge_and_return,11.38333,98.57,0.0,0,0
dodge_and_return_002,dodge_and_return,11.4,98.57,0.0,0,0
dodge_and_return_002,dodge_and_return,11.41667,98.57,0.0,0,0
dodge_and_return_002,dodge_and_return,11.43333,98.57,0.0,0,0
dodge_and_return_002,dodge_and_return,11.45,98.57,0.0,0,0
dodge_and_return_002,dodge_and_return,11.46667,98.57,0.0,0,0
dodge_and_return_002,dodge_and_return,11.48333,98.57,0.0,0,0
dodge_and_return_002,dodge_and_return,11.5,98.57,0.0,0,0
dodge_and_return_002,dodge_and_return,11.51667,98.57,0.0,0,0
dodge_and_return_002,dodge_and_return,11.53333,98.57,0.0,0,0
dodge_and_return_002,dodge_and_return,11.55,98.57,0.0,0,0
dodge_and_return_002,dodge_and_return,11.56667,98.57,0.0,0,0
dodge_and_return_002,dodge_and_return,11.58333,98.57,0.0,0,0
dodge_and_return_002,dodge_and_return,11.6,98.57,0.0,0,0
dodge_and_return_002,dodge_and_return,11.61667,98.57,0.0,0,0
dodge_and_return_002,dodge_and_return,11.63333,98.57,0.0,0,0
dodge_and_return_002,dodge_and_return,11.65,98.57,0.0,0,0
dodge_and_return_002,dodge_and_return,11.66667,98.57,0.0,0,0
dodge_and_return_002,dodge_and_return,11.68333,98.57,0.0,1,0
dodge_and_return_002,dodge_and_return,11.7,97.07,-90.0,1,0
dodge_and_return_002,dodge_and_return,11.71667,95.57,-90.0,1,0
dodge_and_return_002,dodge_and_return,11.73333,94.07,-90.0,1,0
dodge_and_return_002,dodge_and_return,11.75,92.57,-90.0,1,0
dodge_and_return_002,dodge_and_return,11.76667,91.07,-90.0,1,0
dodge_and_return_002,dodge_and_return,11.78333,89.57,-90.0,1,0
dodge_and_return_002,dodge_and_return,11.8,88.07,-90.0,1,0
dodge_and_return_002,dodge_and_return,11.81667,86.57,-90.0,1,0
dodge_and_return_002,dodge_and_return,11.83333,85.07,-90.0,1,0
dodge_and_return_002,dodge_and_return,11.85,83.57,-90.0,1,0
dodge_and_return_002,dodge_and_return,11.86667,82.07,-90.0,1,0
dodge_and_return_002,dodge_and_return,11.88333,80.57,-90.0,1,0
dodge_and_return_002,dodge_and_return,11.9,79.07,-90.0,1,0
dodge_and_return_002,dodge_and_return,11.91667,77.57,-90.0,1,0
dodge_and_return_002,dodge_and_return,11.93333,76.07,-90.0,1,0
dodge_and_return_002,dodge_and_return,11.95,74.57,-90.0,1,0
dodge_and_return_002,dodge_and_return,11.96667,73.07,-90.0,1,0
dodge_and_return_002,dodge_and_return,11.98333,71.57,-90.0,1,0
dodge_and_return_002,dodge_and_return,12.0,70.07,-90.0,1,0
dodge_and_return_002,dodge_and_return,12.01667,68.57,-90.0,1,0
dodge_and_return_002,dodge_and_return,12.03333,67.07,-90.0,1,0
dodge_and_return_002,dodge_and_return,12.05,65.57,-90.0,1,0
dodge_and_return_002,dodge_and_return,12.06667,64.07,-90.0,1,0
dodge_and_return_002,dodge_and_return,12.08333,62.57,-90.0,1,0
dodge_and_return_002,dodge_and_return,12.1,61.07,-90.0,1,0
dodge_and_return_002,dodge_and_return,12.11667,59.57,-90.0,1,0
dodge_and_return_002,dodge_and_return,12.13333,58.07,-90.0,1,0
dodge_and_return_002,dodge_and_return,12.15,56.57,-90.0,1,0
dodge_and_return_002,dodge_and_return,12.16667,55.07,-90.0,1,0
dodge_and_return_002,dodge_and_return,12.18333,53.57,-90.0,1,0
dodge_and_return_002,dodge_and_return,12.2,52.07,-90.0,1,0
dodge_and_return_002,dodge_and_return,12.21667,50.57,-90.0,1,0
dodge_and_return_002,dodge_and_return,12.23333,49.07,-90.0,1,0
dodge_and_return_002,dodge_and_return,12.25,47.57,-90.0,0,1
dodge_and_return_002,dodge_and_return,12.26667,49.07,90.0,0,1
dodge_and_return_002,dodge_and_return,12.28333,50.57,90.0,0,1
dodge_and_return_002,dodge_and_return,12.3,52.07,90.0,0,1
dodge_and_return_002,dodge_and_return,12.31667,53.57,90.0,0,1
dodge_and_return_002,dodge_and_return,12.33333,55.07,90.0,0,1
dodge_and_return_002,dodge_and_return,12.35,56.57,90.0,0,1
dodge_and_return_002,dodge_and_return,12.36667,58.07,90.0,0,1
dodge_and_return_002,dodge_and_return,12.38333,59.57,90.0,0,1
dodge_and_return_002,dodge_and_return,12.4,61.07,90.0,0,1
dodge_and_return_002,dodge_and_return,12.41667,62.57,90.0,0,1
dodge_and_return_002,dodge_and_return,12.43333,64.07,90.0,0,1
dodge_and_return_002,dodge_and_return,12.45,65.57,90.0,0,1
dodge_and_return_002,dodge_and_return,12.46667,67.07,90.0,0,1
dodge_and_return_002,dodge_and_return,12.48333,68.57,90.0,0,1
dodge_and_return_002,dodge_and_return,12.5,70.07,90.0,0,1
dodge_and_return_002,dodge_and_return,12.51667,71.57,90.0,0,1
dodge_and_return_002,dodge_and_return,12.53333,73.07,90.0,0,1
dodge_and_return_002,dodge_and_return,12.55,74.57,90.0,0,1
dodge_and_return_002,dodge_and_return,12.56667,76.07,90.0,0,1
dodge_and_return_002,dodge_and_return,12.58333,77.57,90.0,0,1
dodge_and_return_002,dodge_and_return,12.6,79.07,90.0,0,1
dodge_and_return_002,dodge_and_return,12.61667,80.57,90.0,0,1
dodge_and_return_002,dodge_and_return,12.63333,82.07,90.0,0,1
dodge_and_return_002,dodge_and_return,12.65,83.57,90.0,0,1
dodge_and_return_002,dodge_and_return,12.66667,85.07,90.0,0,1
dodge_and_return_002,dodge_and_return,12.68333,86.57,90.0,0,1
dodge_and_return_002,dodge_and_return,12.7,88.07,90.0,0,1
dodge_and_return_002,dodge_and_return,12.71667,89.57,90.0,0,1
dodge_and_return_002,dodge_and_return,12.73333,91.07,90.0,0,1
dodge_and_return_002,dodge_and_return,12.75,92.57,90.0,0,1
dodge_and_return_002,dodge_and_return,12.76667,94.07,90.0,0,1
dodge_and_return_002,dodge_and_return,12.78333,95.57,90.0,0,1
dodge_and_return_002,dodge_and_return,12.8,97.07,90.0,0,1
dodge_and_return_002,dodge_and_return,12.81667,98.57,90.0,0,0
dodge_and_return_002,dodge_and_return,12.83333,98.57,0.0,0,0
dodge_and_return_002,dodge_and_return,12.85,98.57,0.0,0,0
dodge_and_return_002,dodge_and_return,12.86667,98.57,0.0,0,0
dodge_and_return_002,dodge_and_return,12.88333,98.57,0.0,0,0
dodge_and_return_002,dodge_and_return,12.9,98.57,0.0,0,0
dodge_and_return_002,dodge_and_return,12.91667,98.57,0.0,0,0
dodge_and_return_002,dodge_and_return,12.93333,98.57,0.0,0,0
dodge_and_return_002,dodge_and_return,12.95,98.57,0.0,0,0
dodge_and_return_002,dodge_and_return,12.96667,98.57,0.0,0,0
dodge_and_return_002,dodge_and_return,12.98333,98.57,0.0,0,0
dodge_and_return_002,dodge_and_return,13.0,98.57,0.0,0,0
dodge_and_return_002,dodge_and_return,13.01667,98.57,0.0,0,0
dodge_and_return_002,dodge_and_return,13.03333,98.57,0.0,0,0
dodge_and_return_002,dodge_and_return,13.05,98.57,0.0,0,0
dodge_and_return_002,dodge_and_return,13.06667,98.57,0.0,0,0
dodge_and_return_002,dodge_and_return,13.08333,98.57,0.0,0,0
dodge_and_return_002,dodge_and_return,13.1,98.57,0.0,0,0
dodge_and_return_002,dodge_and_return,13.11667,98.57,0.0,0,0
dodge_and_return_002,dodge_and_return,13.13333,98.57,0.0,0,0
dodge_and_return_002,dodge_and_return,13.15,98.57,0.0,0,0
dodge_and_return_002,dodge_and_return,13.16667,98.57,0.0,0,0
dodge_and_return_002,dodge_and_return,13.18333,98.57,0.0,0,0
dodge_and_return_002,dodge_and_return,13.2,98.57,0.0,0,0
dodge_and_return_002,dodge_and_return,13.21667,98.57,0.0,0,0
dodge_and_return_002,dodge_and_return,13.23333,98.57,0.0,0,0
dodge_and_return_002,dodge_and_return,13.25,98.57,0.0,0,0
dodge_and_return_002,dodge_and_return,13.26667,98.57,0.0,0,0
dodge_and_return_002,dodge_and_return,13.28333,98.57,0.0,0,0
dodge_and_return_002,dodge_and_return,13.3,98.57,0.0,0,0
dodge_and_return_002,dodge_and_return,13.31667,98.57,0.0,0,0
dodge_and_return_002,dodge_and_return,13.33333,98.57,0.0,0,0
dodge_and_return_002,dodge_and_return,13.35,98.57,0.0,0,0
dodge_and_return_002,dodge_and_return,13.36667,98.57,0.0,0,0
dodge_and_return_002,dodge_and_return,13.38333,98.57,0.0,0,0
dodge_and_return_002,dodge_and_return,13.4,98.57,0.0,0,0
dodge_and_return_002,dodge_and_return,13.41667,98.57,0.0,0,0
dodge_and_return_002,dodge_and_return,13.43333,98.57,0.0,0,0
dodge_and_return_002,dodge_and_return,13.45,98.57,0.0,0,0
dodge_and_return_002,dodge_and_return,13.46667,98.57,0.0,0,0
dodge_and_return_002,dodge_and_return,13.48333,98.57,0.0,0,0
dodge_and_return_002,dodge_and_return,13.5,98.57,0.0,0,0
dodge_and_return_002,dodge_and_return,13.51667,98.57,0.0,0,0
dodge_and_return_002,dodge_and_return,13.53333,98.57,0.0,0,0
dodge_and_return_002,dodge_and_return,13.55,98.57,0.0,0,0
dodge_and_return_002,dodge_and_return,13.56667,98.57,0.0,0,0
dodge_and_return_002,dodge_and_return,13.58333,98.57,0.0,0,0
dodge_and_return_002,dodge_and_return,13.6,98.57,0.0,0,0
dodge_and_return_002,dodge_and_return,13.61667,98.57,0.0,0,0
dodge_and_return_002,dodge_and_return,13.63333,98.57,0.0,0,0
dodge_and_return_002,dodge_and_return,13.65,98.57,0.0,0,0
dodge_and_return_002,dodge_and_return,13.66667,98.57,0.0,0,0
dodge_and_return_002,dodge_and_return,13.68333,98.57,0.0,0,0
dodge_and_return_002,dodge_and_return,13.7,98.57,0.0,0,0
dodge_and_return_002,dodge_and_return,13.71667,98.57,0.0,0,0
dodge_and_return_002,dodge_and_return,13.73333,98.57,0.0,0,0
dodge_and_return_002,dodge_and_return,13.75,98.57,0.0,0,0
dodge_and_return_002,dodge_and_return,13.76667,98.57,0.0,0,0
dodge_and_return_002,dodge_and_return,13.78333,98.57,0.0,0,0
dodge_and_return_002,dodge_and_return,13.8,98.57,0.0,0,0
dodge_and_return_002,dodge_and_return,13.81667,98.57,0.0,0,0
dodge_and_return_002,dodge_and_return,13.83333,98.57,0.0,0,0
dodge_and_return_002,dodge_and_return,13.85,98.57,0.0,0,0
dodge_and_return_002,dodge_and_return,13.86667,98.57,0.0,0,0
dodge_and_return_002,dodge_and_return,13.88333,98.57,0.0,0,0
dodge_and_return_002,dodge_and_return,13.9,98.57,0.0,0,0
dodge_and_return_002,dodge_and_return,13.91667,98.57,0.0,0,0
dodge_and_return_002,dodge_and_return,13.93333,98.57,0.0,0,0
dodge_and_return_002,dodge_and_return,13.95,98.57,0.0,0,0
dodge_and_return_002,dodge_and_return,13.96667,98.57,0.0,0,0
dodge_and_return_002,dodge_and_return,13.98333,98.57,0.0,0,0
dodge_and_return_002,dodge_and_return,14.0,98.57,0.0,0,0
dodge_and_return_002,dodge_and_return,14.01667,98.57,0.0,0,0
dodge_and_return_002,dodge_and_return,14.03333,98.57,0.0,0,0
dodge_and_return_002,dodge_and_return,14.05,98.57,0.0,0,0
dodge_and_return_002,dodge_and_return,14.06667,98.57,0.0,0,0
dodge_and_return_002,dodge_and_return,14.08333,98.57,0.0,0,0
dodge_and_return_002,dodge_and_return,14.1,98.57,0.0,0,0
dodge_and_return_002,dodge_and_return,14.11667,98.57,0.0,0,0
dodge_and_return_002,dodge_and_return,14.13333,98.57,0.0,0,0
dodge_and_return_002,dodge_and_return,14.15,98.57,0.0,0,0
dodge_and_return_002,dodge_and_return,14.16667,98.57,0.0,0,0
dodge_and_return_002,dodge_and_return,14.18333,98.57,0.0,0,0
dodge_and_return_002,dodge_and_return,14.2,98.57,0.0,0,0
dodge_and_return_002,dodge_and_return,14.21667,98.57,0.0,0,0
dodge_and_return_002,dodge_and_return,14.23333,98.57,0.0,0,0
dodge_and_return_002,dodge_and_return,14.25,98.57,0.0,0,0
dodge_and_return_002,dodge_and_return,14.26667,98.57,0.0,0,0
dodge_and_return_002,dodge_and_return,14.28333,98.57,0.0,0,0
dodge_and_return_002,dodge_and_return,14.3,98.57,0.0,0,0
dodge_and_return_002,dodge_and_return,14.31667,98.57,0.0,0,0
dodge_and_return_002,dodge_and_return,14.33333,98.57,0.0,0,0
dodge_and_return_002,dodge_and_return,14.35,98.57,0.0,0,0
dodge_and_return_002,dodge_and_return,14.36667,98.57,0.0,0,0
dodge_and_return_002,dodge_and_return,14.38333,98.57,0.0,0,0
dodge_and_return_002,dodge_and_return,14.4,98.57,0.0,0,0
dodge_and_return_002,dodge_and_return,14.41667,98.57,0.0,0,0
dodge_and_return_002,dodge_and_return,14.43333,98.57,0.0,0,0
dodge_and_return_002,dodge_and_return,14.45,98.57,0.0,0,0
dodge_and_return_002,dodge_and_return,14.46667,98.57,0.0,0,0
dodge_and_return_002,dodge_and_return,14.48333,98.57,0.0,0,0
dodge_and_return_002,dodge_and_return,14.5,98.57,0.0,0,0
dodge_and_return_002,dodge_and_return,14.51667,98.57,0.0,0,0
dodge_and_return_002,dodge_and_return,14.53333,98.57,0.0,0,0
dodge_and_return_002,dodge_and_return,14.55,98.57,0.0,0,0
dodge_and_return_002,dodge_and_return,14.56667,98.57,0.0,0,0
dodge_and_return_002,dodge_and_return,14.58333,98.57,0.0,0,0
dodge_and_return_002,dodge_and_return,14.6,98.57,0.0,0,0
dodge_and_return_002,dodge_and_return,14.61667,98.57,0.0,0,0
dodge_and_return_002,dodge_and_return,14.63333,98.57,0.0,0,0
dodge_and_return_002,dodge_and_return,14.65,98.57,0.0,0,0
dodge_and_return_002,dodge_and_return,14.66667,98.57,0.0,0,0
dodge_and_return_002,dodge_and_return,14.68333,98.57,0.0,0,0
dodge_and_return_002,dodge_and_return,14.7,98.57,0.0,0,0
dodge_and_return_002,dodge_and_return,14.71667,98.57,0.0,0,0
dodge_and_return_002,dodge_and_return,14.73333,98.57,0.0,0,0
dodge_and_return_002,dodge_and_return,14.75,98.57,0.0,0,0
dodge_and_return_002,dodge_and_return,14.76667,98.57,0.0,0,0
dodge_and_return_002,dodge_and_return,14.78333,98.57,0.0,0,0
dodge_and_return_002,dodge_and_return,14.8,98.57,0.0,0,0
dodge_and_return_002,dodge_and_return,14.81667,98.57,0.0,0,0
dodge_and_return_002,dodge_and_return,14.83333,98.57,0.0,0,0
dodge_and_return_002,dodge_and_return,14.85,98.57,0.0,0,0
dodge_and_return_002,dodge_and_return,14.86667,98.57,0.0,0,0
dodge_and_return_002,dodge_and_return,14.88333,98.57,0.0,0,0
dodge_and_return_002,dodge_and_return,14.9,98.57,0.0,0,0
dodge_and_return_002,dodge_and_return,14.91667,98.57,0.0,0,0
dodge_and_return_002,dodge_and_return,14.93333,98.57,0.0,0,0
dodge_and_return_002,dodge_and_return,14.95,98.57,0.0,0,0
dodge_and_return_002,dodge_and_return,14.96667,98.57,0.0,0,0
dodge_and_return_002,dodge_and_return,14.98333,98.57,0.0,0,0
dodge_and_return_002,dodge_and_return,15.0,98.57,0.0,0,0
dodge_and_return_002,dodge_and_return,15.01667,98.57,0.0,0,0
dodge_and_return_002,dodge_and_return,15.03333,98.57,0.0,0,0
dodge_and_return_002,dodge_and_return,15.05,98.57,0.0,0,0
dodge_and_return_002,dodge_and_return,15.06667,98.57,0.0,0,0
dodge_and_return_002,dodge_and_return,15.08333,98.57,0.0,0,0
dodge_and_return_002,dodge_and_return,15.1,98.57,0.0,0,0
dodge_and_return_002,dodge_and_return,15.11667,98.57,0.0,0,0
dodge_and_return_002,dodge_and_return,15.13333,98.57,0.0,0,0
dodge_and_return_002,dodge_and_return,15.15,98.57,0.0,0,0
dodge_and_return_002,dodge_and_return,15.16667,98.57,0.0,0,0
dodge_and_return_002,dodge_and_return,15.18333,98.57,0.0,0,0
dodge_and_return_002,dodge_and_return,15.2,98.57,0.0,0,0
dodge_and_return_002,dodge_and_return,15.21667,98.57,0.0,0,0
dodge_and_return_002,dodge_and_return,15.23333,98.57,0.0,0,0
dodge_and_return_002,dodge_and_return,15.25,98.57,0.0,0,0
dodge_and_return_002,dodge_and_return,15.26667,98.57,0.0,0,0
dodge_and_return_002,dodge_and_return,15.28333,98.57,0.0,0,1
dodge_and_return_002,dodge_and_return,15.3,100.07,90.0,0,1
dodge_and_return_002,dodge_and_return,15.31667,101.57,90.0,0,1
dodge_and_return_002,dodge_and_return,15.33333,103.07,90.0,0,1
dodge_and_return_002,dodge_and_return,15.35,104.57,90.0,0,1
dodge_and_return_002,dodge_and_return,15.36667,106.07,90.0,0,1
dodge_and_return_002,dodge_and_return,15.38333,107.57,90.0,0,1
dodge_and_return_002,dodge_and_return,15.4,109.07,90.0,0,1
dodge_and_return_002,dodge_and_return,15.41667,110.57,90.0,0,1
dodge_and_return_002,dodge_and_return,15.43333,112.07,90.0,0,1
dodge_and_return_002,dodge_and_return,15.45,113.57,90.0,0,1
dodge_and_return_002,dodge_and_return,15.46667,115.07,90.0,0,1
dodge_and_return_002,dodge_and_return,15.48333,116.57,90.0,0,1
dodge_and_return_002,dodge_and_return,15.5,118.07,90.0,0,1
dodge_and_return_002,dodge_and_return,15.51667,119.57,90.0,0,1
dodge_and_return_002,dodge_and_return,15.53333,121.07,90.0,0,1
dodge_and_return_002,dodge_and_return,15.55,122.57,90.0,0,1
dodge_and_return_002,dodge_and_return,15.56667,124.07,90.0,0,1
dodge_and_return_002,dodge_and_return,15.58333,125.57,90.0,0,1
dodge_and_return_002,dodge_and_return,15.6,127.07,90.0,0,1
dodge_and_return_002,dodge_and_return,15.61667,128.57,90.0,0,1
dodge_and_return_002,dodge_and_return,15.63333,130.07,90.0,0,1
dodge_and_return_002,dodge_and_return,15.65,131.57,90.0,0,1
dodge_and_return_002,dodge_and_return,15.66667,133.07,90.0,0,1
dodge_and_return_002,dodge_and_return,15.68333,134.57,90.0,0,1
dodge_and_return_002,dodge_and_return,15.7,136.07,90.0,0,1
dodge_and_return_002,dodge_and_return,15.71667,137.57,90.0,0,1
dodge_and_return_002,dodge_and_return,15.73333,139.07,90.0,0,1
dodge_and_return_002,dodge_and_return,15.75,140.57,90.0,0,1
dodge_and_return_002,dodge_and_return,15.76667,142.07,90.0,0,1
dodge_and_return_002,dodge_and_return,15.78333,143.57,90.0,1,0
dodge_and_return_002,dodge_and_return,15.8,142.07,-90.0,1,0
dodge_and_return_002,dodge_and_return,15.81667,140.57,-90.0,1,0
dodge_and_return_002,dodge_and_return,15.83333,139.07,-90.0,1,0
dodge_and_return_002,dodge_and_return,15.85,137.57,-90.0,1,0
dodge_and_return_002,dodge_and_return,15.86667,136.07,-90.0,1,0
dodge_and_return_002,dodge_and_return,15.88333,134.57,-90.0,1,0
dodge_and_return_002,dodge_and_return,15.9,133.07,-90.0,1,0
dodge_and_return_002,dodge_and_return,15.91667,131.57,-90.0,1,0
dodge_and_return_002,dodge_and_return,15.93333,130.07,-90.0,1,0
dodge_and_return_002,dodge_and_return,15.95,128.57,-90.0,1,0
dodge_and_return_002,dodge_and_return,15.96667,127.07,-90.0,1,0
dodge_and_return_002,dodge_and_return,15.98333,125.57,-90.0,1,0
dodge_and_return_002,dodge_and_return,16.0,124.07,-90.0,1,0
dodge_and_return_002,dodge_and_return,16.01667,122.57,-90.0,1,0
dodge_and_return_002,dodge_and_return,16.03333,121.07,-90.0,1,0
dodge_and_return_002,dodge_and_return,16.05,119.57,-90.0,1,0
dodge_and_return_002,dodge_and_return,16.06667,118.07,-90.0,1,0
dodge_and_return_002,dodge_and_return,16.08333,116.57,-90.0,1,0
dodge_and_return_002,dodge_and_return,16.1,115.07,-90.0,1,0
dodge_and_return_002,dodge_and_return,16.11667,113.57,-90.0,1,0
dodge_and_return_002,dodge_and_return,16.13333,112.07,-90.0,1,0
dodge_and_return_002,dodge_and_return,16.15,110.57,-90.0,1,0
dodge_and_return_002,dodge_and_return,16.16667,109.07,-90.0,1,0
dodge_and_return_002,dodge_and_return,16.18333,107.57,-90.0,1,0
dodge_and_return_002,dodge_and_return,16.2,106.07,-90.0,1,0
dodge_and_return_002,dodge_and_return,16.21667,104.57,-90.0,0,0
dodge_and_return_002,dodge_and_return,16.23333,104.57,0.0,0,0
dodge_and_return_002,dodge_and_return,16.25,104.57,0.0,0,0
dodge_and_return_002,dodge_and_return,16.26667,104.57,0.0,0,0
dodge_and_return_002,dodge_and_return,16.28333,104.57,0.0,0,0
dodge_and_return_002,dodge_and_return,16.3,104.57,0.0,0,0
dodge_and_return_002,dodge_and_return,16.31667,104.57,0.0,0,0
dodge_and_return_002,dodge_and_return,16.33333,104.57,0.0,0,0
dodge_and_return_002,dodge_and_return,16.35,104.57,0.0,0,0
dodge_and_return_002,dodge_and_return,16.36667,104.57,0.0,0,0
dodge_and_return_002,dodge_and_return,16.38333,104.57,0.0,0,0
dodge_and_return_002,dodge_and_return,16.4,104.57,0.0,0,0
dodge_and_return_002,dodge_and_return,16.41667,104.57,0.0,0,0
dodge_and_return_002,dodge_and_return,16.43333,104.57,0.0,0,0
dodge_and_return_002,dodge_and_return,16.45,104.57,0.0,0,0
dodge_and_return_002,dodge_and_return,16.46667,104.57,0.0,0,0
dodge_and_return_002,dodge_and_return,16.48333,104.57,0.0,0,0
dodge_and_return_002,dodge_and_return,16.5,104.57,0.0,0,0
dodge_and_return_002,dodge_and_return,16.51667,104.57,0.0,0,0
dodge_and_return_002,dodge_and_return,16.53333,104.57,0.0,0,0
dodge_and_return_002,dodge_and_return,16.55,104.57,0.0,0,0
dodge_and_return_002,dodge_and_return,16.56667,104.57,0.0,0,0
dodge_and_return_002,dodge_and_return,16.58333,104.57,0.0,0,0
dodge_and_return_002,dodge_and_return,16.6,104.57,0.0,0,0
dodge_and_return_002,dodge_and_return,16.61667,104.57,0.0,0,0
dodge_and_return_002,dodge_and_return,16.63333,104.57,0.0,0,0
dodge_and_return_002,dodge_and_return,16.65,104.57,0.0,0,0
dodge_and_return_002,dodge_and_return,16.66667,104.57,0.0,0,0
dodge_and_return_002,dodge_and_return,16.68333,104.57,0.0,0,0
dodge_and_return_002,dodge_and_return,16.7,104.57,0.0,0,0
dodge_and_return_002,dodge_and_return,16.71667,104.57,0.0,0,0
dodge_and_return_002,dodge_and_return,16.73333,104.57,0.0,0,0
dodge_and_return_002,dodge_and_return,16.75,104.57,0.0,0,0
dodge_and_return_002,dodge_and_return,16.76667,104.57,0.0,0,0
dodge_and_return_002,dodge_and_return,16.78333,104.57,0.0,0,0
dodge_and_return_002,dodge_and_return,16.8,104.57,0.0,0,0
dodge_and_return_002,dodge_and_return,16.81667,104.57,0.0,0,0
dodge_and_return_002,dodge_and_return,16.83333,104.57,0.0,0,0
dodge_and_return_002,dodge_and_return,16.85,104.57,0.0,0,0
dodge_and_return_002,dodge_and_return,16.86667,104.57,0.0,0,0
dodge_and_return_002,dodge_and_return,16.88333,104.57,0.0,0,0
dodge_and_return_002,dodge_and_return,16.9,104.57,0.0,0,0
dodge_and_return_002,dodge_and_return,16.91667,104.57,0.0,0,0
dodge_and_return_002,dodge_and_return,16.93333,104.57,0.0,0,0
dodge_and_return_002,dodge_and_return,16.95,104.57,0.0,0,0
dodge_and_return_002,dodge_and_return,16.96667,104.57,0.0,0,0
dodge_and_return_002,dodge_and_return,16.98333,104.57,0.0,0,0
dodge_and_return_002,dodge_and_return,17.0,104.57,0.0,0,0
dodge_and_return_002,dodge_and_return,17.01667,104.57,0.0,0,0
dodge_and_return_002,dodge_and_return,17.03333,104.57,0.0,0,0
dodge_and_return_002,dodge_and_return,17.05,104.57,0.0,0,0
dodge_and_return_002,dodge_and_return,17.06667,104.57,0.0,0,0
dodge_and_return_002,dodge_and_return,17.08333,104.57,0.0,0,0
dodge_and_return_002,dodge_and_return,17.1,104.57,0.0,0,0
dodge_and_return_002,dodge_and_return,17.11667,104.57,0.0,0,0
dodge_and_return_002,dodge_and_return,17.13333,104.57,0.0,0,0
dodge_and_return_002,dodge_and_return,17.15,104.57,0.0,0,0
dodge_and_return_002,dodge_and_return,17.16667,104.57,0.0,0,0
dodge_and_return_002,dodge_and_return,17.18333,104.57,0.0,0,0
dodge_and_return_002,dodge_and_return,17.2,104.57,0.0,0,0
dodge_and_return_002,dodge_and_return,17.21667,104.57,0.0,0,0
dodge_and_return_002,dodge_and_return,17.23333,104.57,0.0,0,0
dodge_and_return_002,dodge_and_return,17.25,104.57,0.0,0,0
dodge_and_return_002,dodge_and_return,17.26667,104.57,0.0,0,0
dodge_and_return_002,dodge_and_return,17.28333,104.57,0.0,0,0
dodge_and_return_002,dodge_and_return,17.3,104.57,0.0,0,0
dodge_and_return_002,dodge_and_return,17.31667,104.57,0.0,0,0
dodge_and_return_002,dodge_and_return,17.33333,104.57,0.0,0,0
dodge_and_return_002,dodge_and_return,17.35,104.57,0.0,0,0
dodge_and_return_002,dodge_and_return,17.36667,104.57,0.0,0,0
dodge_and_return_002,dodge_and_return,17.38333,104.57,0.0,0,0
dodge_and_return_002,dodge_and_return,17.4,104.57,0.0,0,0
dodge_and_return_002,dodge_and_return,17.41667,104.57,0.0,0,0
dodge_and_return_002,dodge_and_return,17.43333,104.57,0.0,1,0
dodge_and_return_002,dodge_and_return,17.45,103.07,-90.0,1,0
dodge_and_return_002,dodge_and_return,17.46667,101.57,-90.0,1,0
dodge_and_return_002,dodge_and_return,17.48333,100.07,-90.0,1,0
dodge_and_return_002,dodge_and_return,17.5,98.57,-90.0,1,0
dodge_and_return_002,dodge_and_return,17.51667,97.07,-90.0,1,0
dodge_and_return_002,dodge_and_return,17.53333,95.57,-90.0,1,0
dodge_and_return_002,dodge_and_return,17.55,94.07,-90.0,1,0
dodge_and_return_002,dodge_and_return,17.56667,92.57,-90.0,1,0
dodge_and_return_002,dodge_and_return,17.58333,91.07,-90.0,1,0
dodge_and_return_002,dodge_and_return,17.6,89.57,-90.0,1,0
dodge_and_return_002,dodge_and_return,17.61667,88.07,-90.0,1,0
dodge_and_return_002,dodge_and_return,17.63333,86.57,-90.0,1,0
dodge_and_return_002,dodge_and_return,17.65,85.07,-90.0,1,0
dodge_and_return_002,dodge_and_return,17.66667,83.57,-90.0,1,0
dodge_and_return_002,dodge_and_return,17.68333,82.07,-90.0,1,0
dodge_and_return_002,dodge_and_return,17.7,80.57,-90.0,1,0
dodge_and_return_002,dodge_and_return,17.71667,79.07,-90.0,1,0
dodge_and_return_002,dodge_and_return,17.73333,77.57,-90.0,1,0
dodge_and_return_002,dodge_and_return,17.75,76.07,-90.0,1,0
dodge_and_return_002,dodge_and_return,17.76667,74.57,-90.0,1,0
dodge_and_return_002,dodge_and_return,17.78333,73.07,-90.0,1,0
dodge_and_return_002,dodge_and_return,17.8,71.57,-90.0,1,0
dodge_and_return_002,dodge_and_return,17.81667,70.07,-90.0,1,0
dodge_and_return_002,dodge_and_return,17.83333,68.57,-90.0,1,0
dodge_and_return_002,dodge_and_return,17.85,67.07,-90.0,1,0
dodge_and_return_002,dodge_and_return,17.86667,65.57,-90.0,1,0
dodge_and_return_002,dodge_and_return,17.88333,64.07,-90.0,1,0
dodge_and_return_002,dodge_and_return,17.9,62.57,-90.0,1,0
dodge_and_return_002,dodge_and_return,17.91667,61.07,-90.0,1,0
dodge_and_return_002,dodge_and_return,17.93333,59.57,-90.0,1,0
dodge_and_return_002,dodge_and_return,17.95,58.07,-90.0,1,0
dodge_and_return_002,dodge_and_return,17.96667,56.57,-90.0,1,0
dodge_and_return_002,dodge_and_return,17.98333,55.07,-90.0,1,0
dodge_and_return_002,dodge_and_return,18.0,53.57,-90.0,1,0
dodge_and_return_002,dodge_and_return,18.01667,52.07,-90.0,1,0
dodge_and_return_002,dodge_and_return,18.03333,50.57,-90.0,1,0
dodge_and_return_002,dodge_and_return,18.05,49.07,-90.0,1,0
dodge_and_return_002,dodge_and_return,18.06667,47.57,-90.0,1,0
dodge_and_return_002,dodge_and_return,18.08333,46.07,-90.0,1,0
dodge_and_return_002,dodge_and_return,18.1,44.57,-90.0,1,0
dodge_and_return_002,dodge_and_return,18.11667,43.07,-90.0,1,0
dodge_and_return_002,dodge_and_return,18.13333,41.57,-90.0,1,0
dodge_and_return_002,dodge_and_return,18.15,40.07,-90.0,1,0
dodge_and_return_002,dodge_and_return,18.16667,38.57,-90.0,1,0
dodge_and_return_002,dodge_and_return,18.18333,37.07,-90.0,1,0
dodge_and_return_002,dodge_and_return,18.2,35.57,-90.0,1,0
dodge_and_return_002,dodge_and_return,18.21667,34.07,-90.0,1,0
dodge_and_return_002,dodge_and_return,18.23333,32.57,-90.0,1,0
dodge_and_return_002,dodge_and_return,18.25,31.07,-90.0,1,0
dodge_and_return_002,dodge_and_return,18.26667,29.57,-90.0,1,0
dodge_and_return_002,dodge_and_return,18.28333,28.07,-90.0,1,0
dodge_and_return_002,dodge_and_return,18.3,26.57,-90.0,1,0
dodge_and_return_002,dodge_and_return,18.31667,25.07,-90.0,1,0
dodge_and_return_002,dodge_and_return,18.33333,23.57,-90.0,1,0
dodge_and_return_002,dodge_and_return,18.35,22.07,-90.0,1,0
dodge_and_return_002,dodge_and_return,18.36667,20.57,-90.0,0,1
dodge_and_return_002,dodge_and_return,18.38333,22.07,90.0,0,1
dodge_and_return_002,dodge_and_return,18.4,23.57,90.0,0,1
dodge_and_return_002,dodge_and_return,18.41667,25.07,90.0,0,1
dodge_and_return_002,dodge_and_return,18.43333,26.57,90.0,0,1
dodge_and_return_002,dodge_and_return,18.45,28.07,90.0,0,1
dodge_and_return_002,dodge_and_return,18.46667,29.57,90.0,0,1
dodge_and_return_002,dodge_and_return,18.48333,31.07,90.0,0,1
dodge_and_return_002,dodge_and_return,18.5,32.57,90.0,0,1
dodge_and_return_002,dodge_and_return,18.51667,34.07,90.0,0,1
dodge_and_return_002,dodge_and_return,18.53333,35.57,90.0,0,1
dodge_and_return_002,dodge_and_return,18.55,37.07,90.0,0,1
dodge_and_return_002,dodge_and_return,18.56667,38.57,90.0,0,1
dodge_and_return_002,dodge_and_return,18.58333,40.07,90.0,0,1
dodge_and_return_002,dodge_and_return,18.6,41.57,90.0,0,1
dodge_and_return_002,dodge_and_return,18.61667,43.07,90.0,0,1
dodge_and_return_002,dodge_and_return,18.63333,44.57,90.0,0,1
dodge_and_return_002,dodge_and_return,18.65,46.07,90.0,0,1
dodge_and_return_002,dodge_and_return,18.66667,47.57,90.0,0,1
dodge_and_return_002,dodge_and_return,18.68333,49.07,90.0,0,1
dodge_and_return_002,dodge_and_return,18.7,50.57,90.0,0,1
dodge_and_return_002,dodge_and_return,18.71667,52.07,90.0,0,1
dodge_and_return_002,dodge_and_return,18.73333,53.57,90.0,0,1
dodge_and_return_002,dodge_and_return,18.75,55.07,90.0,0,1
dodge_and_return_002,dodge_and_return,18.76667,56.57,90.0,0,1
dodge_and_return_002,dodge_and_return,18.78333,58.07,90.0,0,1
dodge_and_return_002,dodge_and_return,18.8,59.57,90.0,0,1
dodge_and_return_002,dodge_and_return,18.81667,61.07,90.0,0,1
dodge_and_return_002,dodge_and_return,18.83333,62.57,90.0,0,1
dodge_and_return_002,dodge_and_return,18.85,64.07,90.0,0,1
dodge_and_return_002,dodge_and_return,18.86667,65.57,90.0,0,1
dodge_and_return_002,dodge_and_return,18.88333,67.07,90.0,0,1
dodge_and_return_002,dodge_and_return,18.9,68.57,90.0,0,1
dodge_and_return_002,dodge_and_return,18.91667,70.07,90.0,0,1
dodge_and_return_002,dodge_and_return,18.93333,71.57,90.0,0,1
dodge_and_return_002,dodge_and_return,18.95,73.07,90.0,0,1
dodge_and_return_002,dodge_and_return,18.96667,74.57,90.0,0,1
dodge_and_return_002,dodge_and_return,18.98333,76.07,90.0,0,1
dodge_and_return_002,dodge_and_return,19.0,77.57,90.0,0,1
dodge_and_return_002,dodge_and_return,19.01667,79.07,90.0,0,1
dodge_and_return_002,dodge_and_return,19.03333,80.57,90.0,0,1
dodge_and_return_002,dodge_and_return,19.05,82.07,90.0,0,1
dodge_and_return_002,dodge_and_return,19.06667,83.57,90.0,0,1
dodge_and_return_002,dodge_and_return,19.08333,85.07,90.0,0,1
dodge_and_return_002,dodge_and_return,19.1,86.57,90.0,0,1
dodge_and_return_002,dodge_and_return,19.11667,88.07,90.0,0,1
dodge_and_return_002,dodge_and_return,19.13333,89.57,90.0,0,1
dodge_and_return_002,dodge_and_return,19.15,91.07,90.0,0,1
dodge_and_return_002,dodge_and_return,19.16667,92.57,90.0,0,1
dodge_and_return_002,dodge_and_return,19.18333,94.07,90.0,0,1
dodge_and_return_002,dodge_and_return,19.2,95.57,90.0,0,1
dodge_and_return_002,dodge_and_return,19.21667,97.07,90.0,0,1
dodge_and_return_002,dodge_and_return,19.23333,98.57,90.0,0,0
dodge_and_return_002,dodge_and_return,19.25,98.57,0.0,0,0
dodge_and_return_002,dodge_and_return,19.26667,98.57,0.0,0,0
dodge_and_return_002,dodge_and_return,19.28333,98.57,0.0,0,0
dodge_and_return_002,dodge_and_return,19.3,98.57,0.0,0,0
dodge_and_return_002,dodge_and_return,19.31667,98.57,0.0,0,0
dodge_and_return_002,dodge_and_return,19.33333,98.57,0.0,0,0
dodge_and_return_002,dodge_and_return,19.35,98.57,0.0,0,0
dodge_and_return_002,dodge_and_return,19.36667,98.57,0.0,0,0
dodge_and_return_002,dodge_and_return,19.38333,98.57,0.0,0,0
dodge_and_return_002,dodge_and_return,19.4,98.57,0.0,0,0
dodge_and_return_002,dodge_and_return,19.41667,98.57,0.0,0,0
dodge_and_return_002,dodge_and_return,19.43333,98.57,0.0,0,0
dodge_and_return_002,dodge_and_return,19.45,98.57,0.0,0,0
dodge_and_return_002,dodge_and_return,19.46667,98.57,0.0,0,0
dodge_and_return_002,dodge_and_return,19.48333,98.57,0.0,0,0
dodge_and_return_002,dodge_and_return,19.5,98.57,0.0,0,0
dodge_and_return_002,dodge_and_return,19.51667,98.57,0.0,0,0
dodge_and_return_002,dodge_and_return,19.53333,98.57,0.0,0,0
dodge_and_return_002,dodge_and_return,19.55,98.57,0.0,0,0
dodge_and_return_002,dodge_and_return,19.56667,98.57,0.0,0,0
dodge_and_return_002,dodge_and_return,19.58333,98.57,0.0,0,0
dodge_and_return_002,dodge_and_return,19.6,98.57,0.0,0,0
dodge_and_return_002,dodge_and_return,19.61667,98.57,0.0,0,0
dodge_and_return_002,dodge_and_return,19.63333,98.57,0.0,0,0
dodge_and_return_002,dodge_and_return,19.65,98.57,0.0,0,0
dodge_and_return_002,dodge_and_return,19.66667,98.57,0.0,0,0
dodge_and_return_002,dodge_and_return,19.68333,98.57,0.0,0,0
dodge_and_return_002,dodge_and_return,19.7,98.57,0.0,0,0
dodge_and_return_002,dodge_and_return,19.71667,98.57,0.0,0,0
dodge_and_return_002,dodge_and_return,19.73333,98.57,0.0,0,0
dodge_and_return_002,dodge_and_return,19.75,98.57,0.0,0,0
dodge_and_return_002,dodge_and_return,19.76667,98.57,0.0,0,0
dodge_and_return_002,dodge_and_return,19.78333,98.57,0.0,0,0
dodge_and_return_002,dodge_and_return,19.8,98.57,0.0,0,0
dodge_and_return_002,dodge_and_return,19.81667,98.57,0.0,0,0
dodge_and_return_002,dodge_and_return,19.83333,98.57,0.0,0,0
dodge_and_return_002,dodge_and_return,19.85,98.57,0.0,0,0
dodge_and_return_002,dodge_and_return,19.86667,98.57,0.0,0,0
dodge_and_return_002,dodge_and_return,19.88333,98.57,0.0,0,0
dodge_and_return_002,dodge_and_return,19.9,98.57,0.0,0,0
dodge_and_return_002,dodge_and_return,19.91667,98.57,0.0,0,0
dodge_and_return_002,dodge_and_return,19.93333,98.57,0.0,0,0
dodge_and_return_002,dodge_and_return,19.95,98.57,0.0,0,0
dodge_and_return_002,dodge_and_return,19.96667,98.57,0.0,0,0
dodge_and_return_002,dodge_and_return,19.98333,98.57,0.0,0,0
dodge_and_return_002,dodge_and_return,20.0,98.57,0.0,0,0
dodge_and_return_002,dodge_and_return,20.01667,98.57,0.0,0,0
dodge_and_return_002,dodge_and_return,20.03333,98.57,0.0,0,0
dodge_and_return_002,dodge_and_return,20.05,98.57,0.0,0,0
dodge_and_return_002,dodge_and_return,20.06667,98.57,0.0,0,0
dodge_and_return_002,dodge_and_return,20.08333,98.57,0.0,0,0
dodge_and_return_002,dodge_and_return,20.1,98.57,0.0,0,0
dodge_and_return_002,dodge_and_return,20.11667,98.57,0.0,0,0
dodge_and_return_002,dodge_and_return,20.13333,98.57,0.0,0,0
dodge_and_return_002,dodge_and_return,20.15,98.57,0.0,0,0
dodge_and_return_002,dodge_and_return,20.16667,98.57,0.0,0,0
dodge_and_return_002,dodge_and_return,20.18333,98.57,0.0,0,0
dodge_and_return_002,dodge_and_return,20.2,98.57,0.0,0,0
dodge_and_return_002,dodge_and_return,20.21667,98.57,0.0,0,0
dodge_and_return_002,dodge_and_return,20.23333,98.57,0.0,0,0
dodge_and_return_002,dodge_and_return,20.25,98.57,0.0,0,0
dodge_and_return_002,dodge_and_return,20.26667,98.57,0.0,0,0
dodge_and_return_002,dodge_and_return,20.28333,98.57,0.0,0,0
dodge_and_return_002,dodge_and_return,20.3,98.57,0.0,0,0
dodge_and_return_002,dodge_and_return,20.31667,98.57,0.0,0,0
dodge_and_return_002,dodge_and_return,20.33333,98.57,0.0,0,0
dodge_and_return_002,dodge_and_return,20.35,98.57,0.0,0,0
dodge_and_return_002,dodge_and_return,20.36667,98.57,0.0,0,0
dodge_and_return_002,dodge_and_return,20.38333,98.57,0.0,0,0
dodge_and_return_002,dodge_and_return,20.4,98.57,0.0,0,0
dodge_and_return_002,dodge_and_return,20.41667,98.57,0.0,0,0
dodge_and_return_002,dodge_and_return,20.43333,98.57,0.0,0,0
dodge_and_return_002,dodge_and_return,20.45,98.57,0.0,0,0
dodge_and_return_002,dodge_and_return,20.46667,98.57,0.0,0,0
dodge_and_return_002,dodge_and_return,20.48333,98.57,0.0,0,0
dodge_and_return_002,dodge_and_return,20.5,98.57,0.0,0,0
dodge_and_return_002,dodge_and_return,20.51667,98.57,0.0,0,0
dodge_and_return_002,dodge_and_return,20.53333,98.57,0.0,0,0
dodge_and_return_002,dodge_and_return,20.55,98.57,0.0,0,0
dodge_and_return_002,dodge_and_return,20.56667,98.57,0.0,0,0
dodge_and_return_002,dodge_and_return,20.58333,98.57,0.0,0,0
dodge_and_return_002,dodge_and_return,20.6,98.57,0.0,0,0
dodge_and_return_002,dodge_and_return,20.61667,98.57,0.0,0,0
dodge_and_return_002,dodge_and_return,20.63333,98.57,0.0,0,0
dodge_and_return_002,dodge_and_return,20.65,98.57,0.0,0,0
dodge_and_return_002,dodge_and_return,20.66667,98.57,0.0,0,0
dodge_and_return_002,dodge_and_return,20.68333,98.57,0.0,0,0
dodge_and_return_002,dodge_and_return,20.7,98.57,0.0,0,0
dodge_and_return_002,dodge_and_return,20.71667,98.57,0.0,0,0
dodge_and_return_002,dodge_and_return,20.73333,98.57,0.0,0,0
dodge_and_return_002,dodge_and_return,20.75,98.57,0.0,0,0
dodge_and_return_002,dodge_and_return,20.76667,98.57,0.0,0,0
dodge_and_return_002,dodge_and_return,20.78333,98.57,0.0,0,0
dodge_and_return_002,dodge_and_return,20.8,98.57,0.0,0,0
dodge_and_return_002,dodge_and_return,20.81667,98.57,0.0,0,0
dodge_and_return_002,dodge_and_return,20.83333,98.57,0.0,0,0
dodge_and_return_002,dodge_and_return,20.85,98.57,0.0,0,0
dodge_and_return_002,dodge_and_return,20.86667,98.57,0.0,0,0
dodge_and_return_002,dodge_and_return,20.88333,98.57,0.0,0,0
dodge_and_return_002,dodge_and_return,20.9,98.57,0.0,0,0
dodge_and_return_002,dodge_and_return,20.91667,98.57,0.0,0,0
dodge_and_return_002,dodge_and_return,20.93333,98.57,0.0,0,0
dodge_and_return_002,dodge_and_return,20.95,98.57,0.0,0,0
dodge_and_return_002,dodge_and_return,20.96667,98.57,0.0,0,0
dodge_and_return_002,dodge_and_return,20.98333,98.57,0.0,0,0
dodge_and_return_002,dodge_and_return,21.0,98.57,0.0,0,0
dodge_and_return_002,dodge_and_return,21.01667,98.57,0.0,0,0
dodge_and_return_002,dodge_and_return,21.03333,98.57,0.0,0,0
dodge_and_return_002,dodge_and_return,21.05,98.57,0.0,0,0
dodge_and_return_002,dodge_and_return,21.06667,98.57,0.0,0,0
dodge_and_return_002,dodge_and_return,21.08333,98.57,0.0,0,0
dodge_and_return_002,dodge_and_return,21.1,98.57,0.0,0,0
dodge_and_return_002,dodge_and_return,21.11667,98.57,0.0,0,0
dodge_and_return_002,dodge_and_return,21.13333,98.57,0.0,0,0
dodge_and_return_002,dodge_and_return,21.15,98.57,0.0,0,0
dodge_and_return_002,dodge_and_return,21.16667,98.57,0.0,0,0
dodge_and_return_002,dodge_and_return,21.18333,98.57,0.0,0,0
dodge_and_return_002,dodge_and_return,21.2,98.57,0.0,0,0
dodge_and_return_002,dodge_and_return,21.21667,98.57,0.0,0,0
dodge_and_return_002,dodge_and_return,21.23333,98.57,0.0,0,0
dodge_and_return_002,dodge_and_return,21.25,98.57,0.0,0,0
dodge_and_return_002,dodge_and_return,21.26667,98.57,0.0,0,0
dodge_and_return_002,dodge_and_return,21.28333,98.57,0.0,0,0
dodge_and_return_002,dodge_and_return,21.3,98.57,0.0,0,0
dodge_and_return_002,dodge_and_return,21.31667,98.57,0.0,0,0
dodge_and_return_002,dodge_and_return,21.33333,98.57,0.0,0,0
dodge_and_return_002,dodge_and_return,21.35,98.57,0.0,0,0
dodge_and_return_002,dodge_and_return,21.36667,98.57,0.0,0,0
dodge_and_return_002,dodge_and_return,21.38333,98.57,0.0,0,0
dodge_and_return_002,dodge_and_return,21.4,98.57,0.0,0,0
dodge_and_return_002,dodge_and_return,21.41667,98.57,0.0,0,0
dodge_and_return_002,dodge_and_return,21.43333,98.57,0.0,0,0
dodge_and_return_002,dodge_and_return,21.45,98.57,0.0,0,0
dodge_and_return_002,dodge_and_return,21.46667,98.57,0.0,0,0
dodge_and_return_002,dodge_and_return,21.48333,98.57,0.0,0,0
dodge_and_return_002,dodge_and_return,21.5,98.57,0.0,0,0
dodge_and_return_002,dodge_and_return,21.51667,98.57,0.0,0,0
dodge_and_return_002,dodge_and_return,21.53333,98.57,0.0,0,0
dodge_and_return_002,dodge_and_return,21.55,98.57,0.0,0,0
dodge_and_return_002,dodge_and_return,21.56667,98.57,0.0,0,0
dodge_and_return_002,dodge_and_return,21.58333,98.57,0.0,0,0
dodge_and_return_002,dodge_and_return,21.6,98.57,0.0,0,0
dodge_and_return_002,dodge_and_return,21.61667,98.57,0.0,0,0
dodge_and_return_002,dodge_and_return,21.63333,98.57,0.0,0,0
dodge_and_return_002,dodge_and_return,21.65,98.57,0.0,0,0
dodge_and_return_002,dodge_and_return,21.66667,98.57,0.0,0,0
dodge_and_return_002,dodge_and_return,21.68333,98.57,0.0,0,0
dodge_and_return_002,dodge_and_return,21.7,98.57,0.0,0,0
dodge_and_return_002,dodge_and_return,21.71667,98.57,0.0,0,0
dodge_and_return_002,dodge_and_return,21.73333,98.57,0.0,0,0
dodge_and_return_002,dodge_and_return,21.75,98.57,0.0,0,0
dodge_and_return_002,dodge_and_return,21.76667,98.57,0.0,0,0
dodge_and_return_002,dodge_and_return,21.78333,98.57,0.0,0,0
dodge_and_return_002,dodge_and_return,21.8,98.57,0.0,0,0
dodge_and_return_002,dodge_and_return,21.81667,98.57,0.0,0,0
dodge_and_return_002,dodge_and_return,21.83333,98.57,0.0,0,0
dodge_and_return_002,dodge_and_return,21.85,98.57,0.0,0,0
dodge_and_return_002,dodge_and_return,21.86667,98.57,0.0,0,0
dodge_and_return_002,dodge_and_return,21.88333,98.57,0.0,0,0
dodge_and_return_002,dodge_and_return,21.9,98.57,0.0,0,0
dodge_and_return_002,dodge_and_return,21.91667,98.57,0.0,0,0
dodge_and_return_002,dodge_and_return,21.93333,98.57,0.0,0,0
dodge_and_return_002,dodge_and_return,21.95,98.57,0.0,0,0
dodge_and_return_002,dodge_and_return,21.96667,98.57,0.0,0,0
dodge_and_return_002,dodge_and_return,21.98333,98.57,0.0,0,0
dodge_and_return_002,dodge_and_return,22.0,98.57,0.0,0,0
dodge_and_return_002,dodge_and_return,22.01667,98.57,0.0,0,0
dodge_and_return_002,dodge_and_return,22.03333,98.57,0.0,0,0
dodge_and_return_002,dodge_and_return,22.05,98.57,0.0,0,0
dodge_and_return_002,dodge_and_return,22.06667,98.57,0.0,0,0
dodge_and_return_002,dodge_and_return,22.08333,98.57,0.0,0,0
dodge_and_return_002,dodge_and_return,22.1,98.57,0.0,0,0
dodge_and_return_002,dodge_and_return,22.11667,98.57,0.0,0,0
dodge_and_return_002,dodge_and_return,22.13333,98.57,0.0,0,0
dodge_and_return_002,dodge_and_return,22.15,98.57,0.0,0,0
dodge_and_return_002,dodge_and_return,22.16667,98.57,0.0,0,0
dodge_and_return_002,dodge_and_return,22.18333,98.57,0.0,0,1
dodge_and_return_002,dodge_and_return,22.2,100.07,90.0,0,1
dodge_and_return_002,dodge_and_return,22.21667,101.57,90.0,0,1
dodge_and_return_002,dodge_and_return,22.23333,103.07,90.0,0,1
dodge_and_return_002,dodge_and_return,22.25,104.57,90.0,0,1
dodge_and_return_002,dodge_and_return,22.26667,106.07,90.0,0,1
dodge_and_return_002,dodge_and_return,22.28333,107.57,90.0,0,1
dodge_and_return_002,dodge_and_return,22.3,109.07,90.0,0,1
dodge_and_return_002,dodge_and_return,22.31667,110.57,90.0,0,1
dodge_and_return_002,dodge_and_return,22.33333,112.07,90.0,0,1
dodge_and_return_002,dodge_and_return,22.35,113.57,90.0,0,1
dodge_and_return_002,dodge_and_return,22.36667,115.07,90.0,0,1
dodge_and_return_002,dodge_and_return,22.38333,116.57,90.0,0,1
dodge_and_return_002,dodge_and_return,22.4,118.07,90.0,0,1
dodge_and_return_002,dodge_and_return,22.41667,119.57,90.0,0,1
dodge_and_return_002,dodge_and_return,22.43333,121.07,90.0,0,1
dodge_and_return_002,dodge_and_return,22.45,122.57,90.0,0,1
dodge_and_return_002,dodge_and_return,22.46667,124.07,90.0,0,1
dodge_and_return_002,dodge_and_return,22.48333,125.57,90.0,0,1
dodge_and_return_002,dodge_and_return,22.5,127.07,90.0,0,1
dodge_and_return_002,dodge_and_return,22.51667,128.57,90.0,0,1
dodge_and_return_002,dodge_and_return,22.53333,130.07,90.0,0,1
dodge_and_return_002,dodge_and_return,22.55,131.57,90.0,0,1
dodge_and_return_002,dodge_and_return,22.56667,133.07,90.0,0,1
dodge_and_return_002,dodge_and_return,22.58333,134.57,90.0,0,1
dodge_and_return_002,dodge_and_return,22.6,136.07,90.0,0,1
dodge_and_return_002,dodge_and_return,22.61667,137.57,90.0,0,1
dodge_and_return_002,dodge_and_return,22.63333,139.07,90.0,0,1
dodge_and_return_002,dodge_and_return,22.65,140.57,90.0,0,1
dodge_and_return_002,dodge_and_return,22.66667,142.07,90.0,0,1
dodge_and_return_002,dodge_and_return,22.68333,143.57,90.0,0,1
dodge_and_return_002,dodge_and_return,22.7,145.07,90.0,0,1
dodge_and_return_002,dodge_and_return,22.71667,146.57,90.0,0,1
dodge_and_return_002,dodge_and_return,22.73333,148.07,90.0,0,1
dodge_and_return_002,dodge_and_return,22.75,149.57,90.0,0,1
dodge_and_return_002,dodge_and_return,22.76667,151.07,90.0,0,1
dodge_and_return_002,dodge_and_return,22.78333,152.57,90.0,0,1
dodge_and_return_002,dodge_and_return,22.8,154.07,90.0,0,1
dodge_and_return_002,dodge_and_return,22.81667,155.57,90.0,0,1
dodge_and_return_002,dodge_and_return,22.83333,157.07,90.0,0,1
dodge_and_return_002,dodge_and_return,22.85,158.57,90.0,0,1
dodge_and_return_002,dodge_and_return,22.86667,160.07,90.0,0,1
dodge_and_return_002,dodge_and_return,22.88333,161.57,90.0,0,1
dodge_and_return_002,dodge_and_return,22.9,163.07,90.0,0,1
dodge_and_return_002,dodge_and_return,22.91667,164.57,90.0,0,1
dodge_and_return_002,dodge_and_return,22.93333,166.07,90.0,0,1
dodge_and_return_002,dodge_and_return,22.95,167.57,90.0,0,1
dodge_and_return_002,dodge_and_return,22.96667,169.07,90.0,0,1
dodge_and_return_002,dodge_and_return,22.98333,170.57,90.0,1,0
dodge_and_return_002,dodge_and_return,23.0,169.07,-90.0,1,0
dodge_and_return_002,dodge_and_return,23.01667,167.57,-90.0,1,0
dodge_and_return_002,dodge_and_return,23.03333,166.07,-90.0,1,0
dodge_and_return_002,dodge_and_return,23.05,164.57,-90.0,1,0
dodge_and_return_002,dodge_and_return,23.06667,163.07,-90.0,1,0
dodge_and_return_002,dodge_and_return,23.08333,161.57,-90.0,1,0
dodge_and_return_002,dodge_and_return,23.1,160.07,-90.0,1,0
dodge_and_return_002,dodge_and_return,23.11667,158.57,-90.0,1,0
dodge_and_return_002,dodge_and_return,23.13333,157.07,-90.0,1,0
dodge_and_return_002,dodge_and_return,23.15,155.57,-90.0,1,0
dodge_and_return_002,dodge_and_return,23.16667,154.07,-90.0,1,0
dodge_and_return_002,dodge_and_return,23.18333,152.57,-90.0,1,0
dodge_and_return_002,dodge_and_return,23.2,151.07,-90.0,1,0
dodge_and_return_002,dodge_and_return,23.21667,149.57,-90.0,1,0
dodge_and_return_002,dodge_and_return,23.23333,148.07,-90.0,1,0
dodge_and_return_002,dodge_and_return,23.25,146.57,-90.0,1,0
dodge_and_return_002,dodge_and_return,23.26667,145.07,-90.0,1,0
dodge_and_return_002,dodge_and_return,23.28333,143.57,-90.0,1,0
dodge_and_return_002,dodge_and_return,23.3,142.07,-90.0,1,0
dodge_and_return_002,dodge_and_return,23.31667,140.57,-90.0,1,0
dodge_and_return_002,dodge_and_return,23.33333,139.07,-90.0,1,0
dodge_and_return_002,dodge_and_return,23.35,137.57,-90.0,1,0
dodge_and_return_002,dodge_and_return,23.36667,136.07,-90.0,1,0
dodge_and_return_002,dodge_and_return,23.38333,134.57,-90.0,1,0
dodge_and_return_002,dodge_and_return,23.4,133.07,-90.0,1,0
dodge_and_return_002,dodge_and_return,23.41667,131.57,-90.0,1,0
dodge_and_return_002,dodge_and_return,23.43333,130.07,-90.0,1,0
dodge_and_return_002,dodge_and_return,23.45,128.57,-90.0,1,0
dodge_and_return_002,dodge_and_return,23.46667,127.07,-90.0,1,0
dodge_and_return_002,dodge_and_return,23.48333,125.57,-90.0,1,0
dodge_and_return_002,dodge_and_return,23.5,124.07,-90.0,1,0
dodge_and_return_002,dodge_and_return,23.51667,122.57,-90.0,1,0
dodge_and_return_002,dodge_and_return,23.53333,121.07,-90.0,1,0
dodge_and_return_002,dodge_and_return,23.55,119.57,-90.0,1,0
dodge_and_return_002,dodge_and_return,23.56667,118.07,-90.0,1,0
dodge_and_return_002,dodge_and_return,23.58333,116.57,-90.0,1,0
dodge_and_return_002,dodge_and_return,23.6,115.07,-90.0,1,0
dodge_and_return_002,dodge_and_return,23.61667,113.57,-90.0,1,0
dodge_and_return_002,dodge_and_return,23.63333,112.07,-90.0,1,0
dodge_and_return_002,dodge_and_return,23.65,110.57,-90.0,1,0
dodge_and_return_002,dodge_and_return,23.66667,109.07,-90.0,1,0
dodge_and_return_002,dodge_and_return,23.68333,107.57,-90.0,1,0
dodge_and_return_002,dodge_and_return,23.7,106.07,-90.0,1,0
dodge_and_return_002,dodge_and_return,23.71667,104.57,-90.0,0,0
dodge_and_return_002,dodge_and_return,23.73333,104.57,0.0,0,0
dodge_and_return_002,dodge_and_return,23.75,104.57,0.0,0,0
dodge_and_return_002,dodge_and_return,23.76667,104.57,0.0,0,0
dodge_and_return_002,dodge_and_return,23.78333,104.57,0.0,0,0
dodge_and_return_002,dodge_and_return,23.8,104.57,0.0,0,0
dodge_and_return_002,dodge_and_return,23.81667,104.57,0.0,0,0
dodge_and_return_002,dodge_and_return,23.83333,104.57,0.0,0,0
dodge_and_return_002,dodge_and_return,23.85,104.57,0.0,0,0
dodge_and_return_002,dodge_and_return,23.86667,104.57,0.0,0,0
dodge_and_return_002,dodge_and_return,23.88333,104.57,0.0,0,0
dodge_and_return_002,dodge_and_return,23.9,104.57,0.0,0,0
dodge_and_return_002,dodge_and_return,23.91667,104.57,0.0,0,0
dodge_and_return_002,dodge_and_return,23.93333,104.57,0.0,0,0
dodge_and_return_002,dodge_and_return,23.95,104.57,0.0,0,0
dodge_and_return_002,dodge_and_return,23.96667,104.57,0.0,0,0
dodge_and_return_002,dodge_and_return,23.98333,104.57,0.0,0,0
dodge_and_return_002,dodge_and_return,24.0,104.57,0.0,0,0
dodge_and_return_002,dodge_and_return,24.01667,104.57,0.0,0,0
dodge_and_return_002,dodge_and_return,24.03333,104.57,0.0,0,0
dodge_and_return_002,dodge_and_return,24.05,104.57,0.0,0,0
dodge_and_return_002,dodge_and_return,24.06667,104.57,0.0,0,0
dodge_and_return_002,dodge_and_return,24.08333,104.57,0.0,0,0
dodge_and_return_002,dodge_and_return,24.1,104.57,0.0,0,0
dodge_and_return_002,dodge_and_return,24.11667,104.57,0.0,0,0
dodge_and_return_002,dodge_and_return,24.13333,104.57,0.0,0,0
dodge_and_return_002,dodge_and_return,24.15,104.57,0.0,0,0
dodge_and_return_002,dodge_and_return,24.16667,104.57,0.0,0,0
dodge_and_return_002,dodge_and_return,24.18333,104.57,0.0,0,0
dodge_and_return_002,dodge_and_return,24.2,104.57,0.0,0,0
dodge_and_return_002,dodge_and_return,24.21667,104.57,0.0,0,0
dodge_and_return_002,dodge_and_return,24.23333,104.57,0.0,0,0
dodge_and_return_002,dodge_and_return,24.25,104.57,0.0,0,0
dodge_and_return_002,dodge_and_return,24.26667,104.57,0.0,0,0
dodge_and_return_002,dodge_and_return,24.28333,104.57,0.0,0,0
dodge_and_return_002,dodge_and_return,24.3,104.57,0.0,0,0
dodge_and_return_002,dodge_and_return,24.31667,104.57,0.0,0,0
dodge_and_return_002,dodge_and_return,24.33333,104.57,0.0,0,0
dodge_and_return_002,dodge_and_return,24.35,104.57,0.0,0,0
dodge_and_return_002,dodge_and_return,24.36667,104.57,0.0,0,0
dodge_and_return_002,dodge_and_return,24.38333,104.57,0.0,0,0
dodge_and_return_002,dodge_and_return,24.4,104.57,0.0,0,0
dodge_and_return_002,dodge_and_return,24.41667,104.57,0.0,0,0
dodge_and_return_002,dodge_and_return,24.43333,104.57,0.0,0,0
dodge_and_return_002,dodge_and_return,24.45,104.57,0.0,0,0
dodge_and_return_002,dodge_and_return,24.46667,104.57,0.0,0,0
dodge_and_return_002,dodge_and_return,24.48333,104.57,0.0,0,0
dodge_and_return_002,dodge_and_return,24.5,104.57,0.0,0,0
dodge_and_return_002,dodge_and_return,24.51667,104.57,0.0,0,0
dodge_and_return_002,dodge_and_return,24.53333,104.57,0.0,0,0
dodge_and_return_002,dodge_and_return,24.55,104.57,0.0,0,0
dodge_and_return_002,dodge_and_return,24.56667,104.57,0.0,0,0
dodge_and_return_002,dodge_and_return,24.58333,104.57,0.0,0,0
dodge_and_return_002,dodge_and_return,24.6,104.57,0.0,0,0
dodge_and_return_002,dodge_and_return,24.61667,104.57,0.0,0,0
dodge_and_return_002,dodge_and_return,24.63333,104.57,0.0,0,0
dodge_and_return_002,dodge_and_return,24.65,104.57,0.0,0,0
dodge_and_return_002,dodge_and_return,24.66667,104.57,0.0,0,0
dodge_and_return_002,dodge_and_return,24.68333,104.57,0.0,1,0
dodge_and_return_002,dodge_and_return,24.7,103.07,-90.0,1,0
dodge_and_return_002,dodge_and_return,24.71667,101.57,-90.0,1,0
dodge_and_return_002,dodge_and_return,24.73333,100.07,-90.0,1,0
dodge_and_return_002,dodge_and_return,24.75,98.57,-90.0,1,0
dodge_and_return_002,dodge_and_return,24.76667,97.07,-90.0,1,0
dodge_and_return_002,dodge_and_return,24.78333,95.57,-90.0,1,0
dodge_and_return_002,dodge_and_return,24.8,94.07,-90.0,1,0
dodge_and_return_002,dodge_and_return,24.81667,92.57,-90.0,1,0
dodge_and_return_002,dodge_and_return,24.83333,91.07,-90.0,1,0
dodge_and_return_002,dodge_and_return,24.85,89.57,-90.0,1,0
dodge_and_return_002,dodge_and_return,24.86667,88.07,-90.0,1,0
dodge_and_return_002,dodge_and_return,24.88333,86.57,-90.0,1,0
dodge_and_return_002,dodge_and_return,24.9,85.07,-90.0,1,0
dodge_and_return_002,dodge_and_return,24.91667,83.57,-90.0,1,0
dodge_and_return_002,dodge_and_return,24.93333,82.07,-90.0,1,0
dodge_and_return_002,dodge_and_return,24.95,80.57,-90.0,1,0
dodge_and_return_002,dodge_and_return,24.96667,79.07,-90.0,1,0
dodge_and_return_002,dodge_and_return,24.98333,77.57,-90.0,1,0
dodge_and_return_002,dodge_and_return,25.0,76.07,-90.0,1,0
dodge_and_return_002,dodge_and_return,25.01667,74.57,-90.0,1,0
dodge_and_return_002,dodge_and_return,25.03333,73.07,-90.0,1,0
dodge_and_return_002,dodge_and_return,25.05,71.57,-90.0,1,0
dodge_and_return_002,dodge_and_return,25.06667,70.07,-90.0,1,0
dodge_and_return_002,dodge_and_return,25.08333,68.57,-90.0,1,0
dodge_and_return_002,dodge_and_return,25.1,67.07,-90.0,1,0
dodge_and_return_002,dodge_and_return,25.11667,65.57,-90.0,1,0
dodge_and_return_002,dodge_and_return,25.13333,64.07,-90.0,1,0
dodge_and_return_002,dodge_and_return,25.15,62.57,-90.0,1,0
dodge_and_return_002,dodge_and_return,25.16667,61.07,-90.0,1,0
dodge_and_return_002,dodge_and_return,25.18333,59.57,-90.0,1,0
dodge_and_return_002,dodge_and_return,25.2,58.07,-90.0,1,0
dodge_and_return_002,dodge_and_return,25.21667,56.57,-90.0,1,0
dodge_and_return_002,dodge_and_return,25.23333,55.07,-90.0,1,0
dodge_and_return_002,dodge_and_return,25.25,53.57,-90.0,1,0
dodge_and_return_002,dodge_and_return,25.26667,52.07,-90.0,1,0
dodge_and_return_002,dodge_and_return,25.28333,50.57,-90.0,1,0
dodge_and_return_002,dodge_and_return,25.3,49.07,-90.0,1,0
dodge_and_return_002,dodge_and_return,25.31667,47.57,-90.0,1,0
dodge_and_return_002,dodge_and_return,25.33333,46.07,-90.0,1,0
dodge_and_return_002,dodge_and_return,25.35,44.57,-90.0,1,0
dodge_and_return_002,dodge_and_return,25.36667,43.07,-90.0,1,0
dodge_and_return_002,dodge_and_return,25.38333,41.57,-90.0,1,0
dodge_and_return_002,dodge_and_return,25.4,40.07,-90.0,1,0
dodge_and_return_002,dodge_and_return,25.41667,38.57,-90.0,0,1
dodge_and_return_002,dodge_and_return,25.43333,40.07,90.0,0,1
dodge_and_return_002,dodge_and_return,25.45,41.57,90.0,0,1
dodge_and_return_002,dodge_and_return,25.46667,43.07,90.0,0,1
dodge_and_return_002,dodge_and_return,25.48333,44.57,90.0,0,1
dodge_and_return_002,dodge_and_return,25.5,46.07,90.0,0,1
dodge_and_return_002,dodge_and_return,25.51667,47.57,90.0,0,1
dodge_and_return_002,dodge_and_return,25.53333,49.07,90.0,0,1
dodge_and_return_002,dodge_and_return,25.55,50.57,90.0,0,1
dodge_and_return_002,dodge_and_return,25.56667,52.07,90.0,0,1
dodge_and_return_002,dodge_and_return,25.58333,53.57,90.0,0,1
dodge_and_return_002,dodge_and_return,25.6,55.07,90.0,0,1
dodge_and_return_002,dodge_and_return,25.61667,56.57,90.0,0,1
dodge_and_return_002,dodge_and_return,25.63333,58.07,90.0,0,1
dodge_and_return_002,dodge_and_return,25.65,59.57,90.0,0,1
dodge_and_return_002,dodge_and_return,25.66667,61.07,90.0,0,1
dodge_and_return_002,dodge_and_return,25.68333,62.57,90.0,0,1
dodge_and_return_002,dodge_and_return,25.7,64.07,90.0,0,1
dodge_and_return_002,dodge_and_return,25.71667,65.57,90.0,0,1
dodge_and_return_002,dodge_and_return,25.73333,67.07,90.0,0,1
dodge_and_return_002,dodge_and_return,25.75,68.57,90.0,0,1
dodge_and_return_002,dodge_and_return,25.76667,70.07,90.0,0,1
dodge_and_return_002,dodge_and_return,25.78333,71.57,90.0,0,1
dodge_and_return_002,dodge_and_return,25.8,73.07,90.0,0,1
dodge_and_return_002,dodge_and_return,25.81667,74.57,90.0,0,1
dodge_and_return_002,dodge_and_return,25.83333,76.07,90.0,0,1
dodge_and_return_002,dodge_and_return,25.85,77.57,90.0,0,1
dodge_and_return_002,dodge_and_return,25.86667,79.07,90.0,0,1
dodge_and_return_002,dodge_and_return,25.88333,80.57,90.0,0,1
dodge_and_return_002,dodge_and_return,25.9,82.07,90.0,0,1
dodge_and_return_002,dodge_and_return,25.91667,83.57,90.0,0,1
dodge_and_return_002,dodge_and_return,25.93333,85.07,90.0,0,1
dodge_and_return_002,dodge_and_return,25.95,86.57,90.0,0,1
dodge_and_return_002,dodge_and_return,25.96667,88.07,90.0,0,1
dodge_and_return_002,dodge_and_return,25.98333,89.57,90.0,0,1
dodge_and_return_002,dodge_and_return,26.0,91.07,90.0,0,1
dodge_and_return_002,dodge_and_return,26.01667,92.57,90.0,0,1
dodge_and_return_002,dodge_and_return,26.03333,94.07,90.0,0,1
dodge_and_return_002,dodge_and_return,26.05,95.57,90.0,0,1
dodge_and_return_002,dodge_and_return,26.06667,97.07,90.0,0,1
dodge_and_return_002,dodge_and_return,26.08333,98.57,90.0,0,0
dodge_and_return_002,dodge_and_return,26.1,98.57,0.0,0,0
dodge_and_return_002,dodge_and_return,26.11667,98.57,0.0,0,0
dodge_and_return_002,dodge_and_return,26.13333,98.57,0.0,0,0
dodge_and_return_002,dodge_and_return,26.15,98.57,0.0,0,0
dodge_and_return_002,dodge_and_return,26.16667,98.57,0.0,0,0
dodge_and_return_002,dodge_and_return,26.18333,98.57,0.0,0,0
dodge_and_return_002,dodge_and_return,26.2,98.57,0.0,0,0
dodge_and_return_002,dodge_and_return,26.21667,98.57,0.0,0,0
dodge_and_return_002,dodge_and_return,26.23333,98.57,0.0,0,0
dodge_and_return_002,dodge_and_return,26.25,98.57,0.0,0,0
dodge_and_return_002,dodge_and_return,26.26667,98.57,0.0,0,0
dodge_and_return_002,dodge_and_return,26.28333,98.57,0.0,0,0
dodge_and_return_002,dodge_and_return,26.3,98.57,0.0,0,0
dodge_and_return_002,dodge_and_return,26.31667,98.57,0.0,0,0
dodge_and_return_002,dodge_and_return,26.33333,98.57,0.0,0,0
dodge_and_return_002,dodge_and_return,26.35,98.57,0.0,0,0
dodge_and_return_002,dodge_and_return,26.36667,98.57,0.0,0,0
dodge_and_return_002,dodge_and_return,26.38333,98.57,0.0,0,0
dodge_and_return_002,dodge_and_return,26.4,98.57,0.0,0,0
dodge_and_return_002,dodge_and_return,26.41667,98.57,0.0,0,0
dodge_and_return_002,dodge_and_return,26.43333,98.57,0.0,0,0
dodge_and_return_002,dodge_and_return,26.45,98.57,0.0,0,0
dodge_and_return_002,dodge_and_return,26.46667,98.57,0.0,0,0
dodge_and_return_002,dodge_and_return,26.48333,98.57,0.0,0,0
dodge_and_return_002,dodge_and_return,26.5,98.57,0.0,0,0
dodge_and_return_002,dodge_and_return,26.51667,98.57,0.0,0,0
dodge_and_return_002,dodge_and_return,26.53333,98.57,0.0,0,0
dodge_and_return_002,dodge_and_return,26.55,98.57,0.0,0,0
dodge_and_return_002,dodge_and_return,26.56667,98.57,0.0,0,0
dodge_and_return_002,dodge_and_return,26.58333,98.57,0.0,0,0
dodge_and_return_002,dodge_and_return,26.6,98.57,0.0,0,0
dodge_and_return_002,dodge_and_return,26.61667,98.57,0.0,0,0
dodge_and_return_002,dodge_and_return,26.63333,98.57,0.0,0,0
dodge_and_return_002,dodge_and_return,26.65,98.57,0.0,0,0
dodge_and_return_002,dodge_and_return,26.66667,98.57,0.0,0,0
dodge_and_return_002,dodge_and_return,26.68333,98.57,0.0,0,0
dodge_and_return_002,dodge_and_return,26.7,98.57,0.0,0,0
dodge_and_return_002,dodge_and_return,26.71667,98.57,0.0,0,0
dodge_and_return_002,dodge_and_return,26.73333,98.57,0.0,0,0
dodge_and_return_002,dodge_and_return,26.75,98.57,0.0,0,0
dodge_and_return_002,dodge_and_return,26.76667,98.57,0.0,0,0
dodge_and_return_002,dodge_and_return,26.78333,98.57,0.0,0,0
dodge_and_return_002,dodge_and_return,26.8,98.57,0.0,0,0
dodge_and_return_002,dodge_and_return,26.81667,98.57,0.0,0,0
dodge_and_return_002,dodge_and_return,26.83333,98.57,0.0,0,0
dodge_and_return_002,dodge_and_return,26.85,98.57,0.0,0,0
dodge_and_return_002,dodge_and_return,26.86667,98.57,0.0,0,0
dodge_and_return_002,dodge_and_return,26.88333,98.57,0.0,0,0
dodge_and_return_002,dodge_and_return,26.9,98.57,0.0,0,0
dodge_and_return_002,dodge_and_return,26.91667,98.57,0.0,0,0
dodge_and_return_002,dodge_and_return,26.93333,98.57,0.0,0,0
dodge_and_return_002,dodge_and_return,26.95,98.57,0.0,0,0
dodge_and_return_002,dodge_and_return,26.96667,98.57,0.0,0,0
dodge_and_return_002,dodge_and_return,26.98333,98.57,0.0,0,0
dodge_and_return_002,dodge_and_return,27.0,98.57,0.0,0,0
dodge_and_return_002,dodge_and_return,27.01667,98.57,0.0,0,0
dodge_and_return_002,dodge_and_return,27.03333,98.57,0.0,0,0
dodge_and_return_002,dodge_and_return,27.05,98.57,0.0,0,0
dodge_and_return_002,dodge_and_return,27.06667,98.57,0.0,0,0
dodge_and_return_002,dodge_and_return,27.08333,98.57,0.0,0,0
dodge_and_return_002,dodge_and_return,27.1,98.57,0.0,0,0
dodge_and_return_002,dodge_and_return,27.11667,98.57,0.0,0,0
dodge_and_return_002,dodge_and_return,27.13333,98.57,0.0,0,0
dodge_and_return_002,dodge_and_return,27.15,98.57,0.0,0,0
dodge_and_return_002,dodge_and_return,27.16667,98.57,0.0,0,0
dodge_and_return_002,dodge_and_return,27.18333,98.57,0.0,0,0
dodge_and_return_002,dodge_and_return,27.2,98.57,0.0,0,0
dodge_and_return_002,dodge_and_return,27.21667,98.57,0.0,0,0
dodge_and_return_002,dodge_and_return,27.23333,98.57,0.0,0,0
dodge_and_return_002,dodge_and_return,27.25,98.57,0.0,0,0
dodge_and_return_002,dodge_and_return,27.26667,98.57,0.0,0,0
dodge_and_return_002,dodge_and_return,27.28333,98.57,0.0,0,0
dodge_and_return_002,dodge_and_return,27.3,98.57,0.0,0,0
dodge_and_return_002,dodge_and_return,27.31667,98.57,0.0,0,0
dodge_and_return_002,dodge_and_return,27.33333,98.57,0.0,0,0
dodge_and_return_002,dodge_and_return,27.35,98.57,0.0,0,0
dodge_and_return_002,dodge_and_return,27.36667,98.57,0.0,0,0
dodge_and_return_002,dodge_and_return,27.38333,98.57,0.0,0,0
dodge_and_return_002,dodge_and_return,27.4,98.57,0.0,0,0
dodge_and_return_002,dodge_and_return,27.41667,98.57,0.0,0,0
dodge_and_return_002,dodge_and_return,27.43333,98.57,0.0,0,0
dodge_and_return_002,dodge_and_return,27.45,98.57,0.0,0,0
dodge_and_return_002,dodge_and_return,27.46667,98.57,0.0,0,0
dodge_and_return_002,dodge_and_return,27.48333,98.57,0.0,0,0
dodge_and_return_002,dodge_and_return,27.5,98.57,0.0,0,0
dodge_and_return_002,dodge_and_return,27.51667,98.57,0.0,0,0
dodge_and_return_002,dodge_and_return,27.53333,98.57,0.0,0,0
dodge_and_return_002,dodge_and_return,27.55,98.57,0.0,0,0
dodge_and_return_002,dodge_and_return,27.56667,98.57,0.0,0,0
dodge_and_return_002,dodge_and_return,27.58333,98.57,0.0,0,0
dodge_and_return_002,dodge_and_return,27.6,98.57,0.0,0,0
dodge_and_return_002,dodge_and_return,27.61667,98.57,0.0,0,0
dodge_and_return_002,dodge_and_return,27.63333,98.57,0.0,0,0
dodge_and_return_002,dodge_and_return,27.65,98.57,0.0,0,0
dodge_and_return_002,dodge_and_return,27.66667,98.57,0.0,0,0
dodge_and_return_002,dodge_and_return,27.68333,98.57,0.0,0,0
dodge_and_return_002,dodge_and_return,27.7,98.57,0.0,0,0
dodge_and_return_002,dodge_and_return,27.71667,98.57,0.0,0,0
dodge_and_return_002,dodge_and_return,27.73333,98.57,0.0,0,0
dodge_and_return_002,dodge_and_return,27.75,98.57,0.0,0,0
dodge_and_return_002,dodge_and_return,27.76667,98.57,0.0,0,0
dodge_and_return_002,dodge_and_return,27.78333,98.57,0.0,0,0
dodge_and_return_002,dodge_and_return,27.8,98.57,0.0,0,0
dodge_and_return_002,dodge_and_return,27.81667,98.57,0.0,0,0
dodge_and_return_002,dodge_and_return,27.83333,98.57,0.0,0,0
dodge_and_return_002,dodge_and_return,27.85,98.57,0.0,0,0
dodge_and_return_002,dodge_and_return,27.86667,98.57,0.0,0,0
dodge_and_return_002,dodge_and_return,27.88333,98.57,0.0,0,0
dodge_and_return_002,dodge_and_return,27.9,98.57,0.0,0,0
dodge_and_return_002,dodge_and_return,27.91667,98.57,0.0,0,0
dodge_and_return_002,dodge_and_return,27.93333,98.57,0.0,0,0
dodge_and_return_002,dodge_and_return,27.95,98.57,0.0,0,0
dodge_and_return_002,dodge_and_return,27.96667,98.57,0.0,0,0
dodge_and_return_002,dodge_and_return,27.98333,98.57,0.0,0,0
dodge_and_return_002,dodge_and_return,28.0,98.57,0.0,0,0
dodge_and_return_002,dodge_and_return,28.01667,98.57,0.0,0,0
dodge_and_return_002,dodge_and_return,28.03333,98.57,0.0,0,0
dodge_and_return_002,dodge_and_return,28.05,98.57,0.0,0,0
dodge_and_return_002,dodge_and_return,28.06667,98.57,0.0,0,0
dodge_and_return_002,dodge_and_return,28.08333,98.57,0.0,0,0
dodge_and_return_002,dodge_and_return,28.1,98.57,0.0,0,0
dodge_and_return_002,dodge_and_return,28.11667,98.57,0.0,0,0
dodge_and_return_002,dodge_and_return,28.13333,98.57,0.0,0,0
dodge_and_return_002,dodge_and_return,28.15,98.57,0.0,0,0
dodge_and_return_002,dodge_and_return,28.16667,98.57,0.0,0,0
dodge_and_return_002,dodge_and_return,28.18333,98.57,0.0,0,0
dodge_and_return_002,dodge_and_return,28.2,98.57,0.0,0,0
dodge_and_return_002,dodge_and_return,28.21667,98.57,0.0,0,0
dodge_and_return_002,dodge_and_return,28.23333,98.57,0.0,0,0
dodge_and_return_002,dodge_and_return,28.25,98.57,0.0,0,0
dodge_and_return_002,dodge_and_return,28.26667,98.57,0.0,0,0
dodge_and_return_002,dodge_and_return,28.28333,98.57,0.0,0,0
dodge_and_return_002,dodge_and_return,28.3,98.57,0.0,0,0
dodge_and_return_002,dodge_and_return,28.31667,98.57,0.0,0,0
dodge_and_return_002,dodge_and_return,28.33333,98.57,0.0,0,0
dodge_and_return_002,dodge_and_return,28.35,98.57,0.0,0,0
dodge_and_return_002,dodge_and_return,28.36667,98.57,0.0,0,0
dodge_and_return_002,dodge_and_return,28.38333,98.57,0.0,0,0
dodge_and_return_002,dodge_and_return,28.4,98.57,0.0,0,0
dodge_and_return_002,dodge_and_return,28.41667,98.57,0.0,0,0
dodge_and_return_002,dodge_and_return,28.43333,98.57,0.0,0,0
dodge_and_return_002,dodge_and_return,28.45,98.57,0.0,0,0
dodge_and_return_002,dodge_and_return,28.46667,98.57,0.0,0,0
dodge_and_return_002,dodge_and_return,28.48333,98.57,0.0,0,0
dodge_and_return_002,dodge_and_return,28.5,98.57,0.0,0,0
dodge_and_return_002,dodge_and_return,28.51667,98.57,0.0,0,0
dodge_and_return_002,dodge_and_return,28.53333,98.57,0.0,0,0
dodge_and_return_002,dodge_and_return,28.55,98.57,0.0,0,0
dodge_and_return_002,dodge_and_return,28.56667,98.57,0.0,0,0
dodge_and_return_002,dodge_and_return,28.58333,98.57,0.0,0,0
dodge_and_return_002,dodge_and_return,28.6,98.57,0.0,0,0
dodge_and_return_002,dodge_and_return,28.61667,98.57,0.0,0,0
dodge_and_return_002,dodge_and_return,28.63333,98.57,0.0,0,0
dodge_and_return_002,dodge_and_return,28.65,98.57,0.0,0,0
dodge_and_return_002,dodge_and_return,28.66667,98.57,0.0,0,0
dodge_and_return_002,dodge_and_return,28.68333,98.57,0.0,0,0
dodge_and_return_002,dodge_and_return,28.7,98.57,0.0,0,0
dodge_and_return_002,dodge_and_return,28.71667,98.57,0.0,0,0
dodge_and_return_002,dodge_and_return,28.73333,98.57,0.0,0,0
dodge_and_return_002,dodge_and_return,28.75,98.57,0.0,0,0
dodge_and_return_002,dodge_and_return,28.76667,98.57,0.0,0,0
dodge_and_return_002,dodge_and_return,28.78333,98.57,0.0,0,0
dodge_and_return_002,dodge_and_return,28.8,98.57,0.0,0,0
dodge_and_return_002,dodge_and_return,28.81667,98.57,0.0,0,0
dodge_and_return_002,dodge_and_return,28.83333,98.57,0.0,0,0
dodge_and_return_002,dodge_and_return,28.85,98.57,0.0,0,0
dodge_and_return_002,dodge_and_return,28.86667,98.57,0.0,0,0
dodge_and_return_002,dodge_and_return,28.88333,98.57,0.0,0,0
dodge_and_return_002,dodge_and_return,28.9,98.57,0.0,0,0
dodge_and_return_002,dodge_and_return,28.91667,98.57,0.0,0,0
dodge_and_return_002,dodge_and_return,28.93333,98.57,0.0,0,0
dodge_and_return_002,dodge_and_return,28.95,98.57,0.0,0,0
dodge_and_return_002,dodge_and_return,28.96667,98.57,0.0,0,0
dodge_and_return_002,dodge_and_return,28.98333,98.57,0.0,0,0
dodge_and_return_002,dodge_and_return,29.0,98.57,0.0,0,0
dodge_and_return_002,dodge_and_return,29.01667,98.57,0.0,0,0
dodge_and_return_002,dodge_and_return,29.03333,98.57,0.0,0,0
dodge_and_return_002,dodge_and_return,29.05,98.57,0.0,0,0
dodge_and_return_002,dodge_and_return,29.06667,98.57,0.0,0,0
dodge_and_return_002,dodge_and_return,29.08333,98.57,0.0,0,0
dodge_and_return_002,dodge_and_return,29.1,98.57,0.0,0,0
dodge_and_return_002,dodge_and_return,29.11667,98.57,0.0,0,0
dodge_and_return_002,dodge_and_return,29.13333,98.57,0.0,0,0
dodge_and_return_002,dodge_and_return,29.15,98.57,0.0,0,0
dodge_and_return_002,dodge_and_return,29.16667,98.57,0.0,1,0
dodge_and_return_002,dodge_and_return,29.18333,97.07,-90.0,1,0
dodge_and_return_002,dodge_and_return,29.2,95.57,-90.0,1,0
dodge_and_return_002,dodge_and_return,29.21667,94.07,-90.0,1,0
dodge_and_return_002,dodge_and_return,29.23333,92.57,-90.0,1,0
dodge_and_return_002,dodge_and_return,29.25,91.07,-90.0,1,0
dodge_and_return_002,dodge_and_return,29.26667,89.57,-90.0,1,0
dodge_and_return_002,dodge_and_return,29.28333,88.07,-90.0,1,0
dodge_and_return_002,dodge_and_return,29.3,86.57,-90.0,1,0
dodge_and_return_002,dodge_and_return,29.31667,85.07,-90.0,1,0
dodge_and_return_002,dodge_and_return,29.33333,83.57,-90.0,1,0
dodge_and_return_002,dodge_and_return,29.35,82.07,-90.0,1,0
dodge_and_return_002,dodge_and_return,29.36667,80.57,-90.0,1,0
dodge_and_return_002,dodge_and_return,29.38333,79.07,-90.0,1,0
dodge_and_return_002,dodge_and_return,29.4,77.57,-90.0,1,0
dodge_and_return_002,dodge_and_return,29.41667,76.07,-90.0,1,0
dodge_and_return_002,dodge_and_return,29.43333,74.57,-90.0,1,0
dodge_and_return_002,dodge_and_return,29.45,73.07,-90.0,1,0
dodge_and_return_002,dodge_and_return,29.46667,71.57,-90.0,1,0
dodge_and_return_002,dodge_and_return,29.48333,70.07,-90.0,1,0
dodge_and_return_002,dodge_and_return,29.5,68.57,-90.0,1,0
dodge_and_return_002,dodge_and_return,29.51667,67.07,-90.0,1,0
dodge_and_return_002,dodge_and_return,29.53333,65.57,-90.0,1,0
dodge_and_return_002,dodge_and_return,29.55,64.07,-90.0,1,0
dodge_and_return_002,dodge_and_return,29.56667,62.57,-90.0,1,0
dodge_and_return_002,dodge_and_return,29.58333,61.07,-90.0,1,0
dodge_and_return_002,dodge_and_return,29.6,59.57,-90.0,1,0
dodge_and_return_002,dodge_and_return,29.61667,58.07,-90.0,1,0
dodge_and_return_002,dodge_and_return,29.63333,56.57,-90.0,1,0
dodge_and_return_002,dodge_and_return,29.65,55.07,-90.0,1,0
dodge_and_return_002,dodge_and_return,29.66667,53.57,-90.0,1,0
dodge_and_return_002,dodge_and_return,29.68333,52.07,-90.0,1,0
dodge_and_return_002,dodge_and_return,29.7,50.57,-90.0,1,0
dodge_and_return_002,dodge_and_return,29.71667,49.07,-90.0,1,0
dodge_and_return_002,dodge_and_return,29.73333,47.57,-90.0,1,0
dodge_and_return_002,dodge_and_return,29.75,46.07,-90.0,1,0
dodge_and_return_002,dodge_and_return,29.76667,44.57,-90.0,1,0
dodge_and_return_002,dodge_and_return,29.78333,43.07,-90.0,1,0
dodge_and_return_002,dodge_and_return,29.8,41.57,-90.0,1,0
dodge_and_return_002,dodge_and_return,29.81667,40.07,-90.0,1,0
dodge_and_return_002,dodge_and_return,29.83333,38.57,-90.0,1,0
dodge_and_return_002,dodge_and_return,29.85,37.07,-90.0,1,0
dodge_and_return_002,dodge_and_return,29.86667,35.57,-90.0,1,0
dodge_and_return_002,dodge_and_return,29.88333,34.07,-90.0,1,0
dodge_and_return_002,dodge_and_return,29.9,32.57,-90.0,1,0
dodge_and_return_002,dodge_and_return,29.91667,31.07,-90.0,0,1
dodge_and_return_002,dodge_and_return,29.93333,32.57,90.0,0,1
dodge_and_return_002,dodge_and_return,29.95,34.07,90.0,0,1
dodge_and_return_002,dodge_and_return,29.96667,35.57,90.0,0,1
dodge_and_return_002,dodge_and_return,29.98333,37.07,90.0,0,1
dodge_and_return_002,dodge_and_return,30.0,38.57,90.0,0,1
dodge_and_return_002,dodge_and_return,30.01667,40.07,90.0,0,1
dodge_and_return_002,dodge_and_return,30.03333,41.57,90.0,0,1
dodge_and_return_002,dodge_and_return,30.05,43.07,90.0,0,1
dodge_and_return_002,dodge_and_return,30.06667,44.57,90.0,0,1
dodge_and_return_002,dodge_and_return,30.08333,46.07,90.0,0,1
dodge_and_return_002,dodge_and_return,30.1,47.57,90.0,0,1
dodge_and_return_002,dodge_and_return,30.11667,49.07,90.0,0,1
dodge_and_return_002,dodge_and_return,30.13333,50.57,90.0,0,1
dodge_and_return_002,dodge_and_return,30.15,52.07,90.0,0,1
dodge_and_return_002,dodge_and_return,30.16667,53.57,90.0,0,1
dodge_and_return_002,dodge_and_return,30.18333,55.07,90.0,0,1
dodge_and_return_002,dodge_and_return,30.2,56.57,90.0,0,1
dodge_and_return_002,dodge_and_return,30.21667,58.07,90.0,0,1
dodge_and_return_002,dodge_and_return,30.23333,59.57,90.0,0,1
dodge_and_return_002,dodge_and_return,30.25,61.07,90.0,0,1
dodge_and_return_002,dodge_and_return,30.26667,62.57,90.0,0,1
dodge_and_return_002,dodge_and_return,30.28333,64.07,90.0,0,1
dodge_and_return_002,dodge_and_return,30.3,65.57,90.0,0,1
dodge_and_return_002,dodge_and_return,30.31667,67.07,90.0,0,1
dodge_and_return_002,dodge_and_return,30.33333,68.57,90.0,0,1
dodge_and_return_002,dodge_and_return,30.35,70.07,90.0,0,1
dodge_and_return_002,dodge_and_return,30.36667,71.57,90.0,0,1
dodge_and_return_002,dodge_and_return,30.38333,73.07,90.0,0,1
dodge_and_return_002,dodge_and_return,30.4,74.57,90.0,0,1
dodge_and_return_002,dodge_and_return,30.41667,76.07,90.0,0,1
dodge_and_return_002,dodge_and_return,30.43333,77.57,90.0,0,1
dodge_and_return_002,dodge_and_return,30.45,79.07,90.0,0,1
dodge_and_return_002,dodge_and_return,30.46667,80.57,90.0,0,1
dodge_and_return_002,dodge_and_return,30.48333,82.07,90.0,0,1
dodge_and_return_002,dodge_and_return,30.5,83.57,90.0,0,1
dodge_and_return_002,dodge_and_return,30.51667,85.07,90.0,0,1
dodge_and_return_002,dodge_and_return,30.53333,86.57,90.0,0,1
dodge_and_return_002,dodge_and_return,30.55,88.07,90.0,0,1
dodge_and_return_002,dodge_and_return,30.56667,89.57,90.0,0,1
dodge_and_return_002,dodge_and_return,30.58333,91.07,90.0,0,1
dodge_and_return_002,dodge_and_return,30.6,92.57,90.0,0,1
dodge_and_return_002,dodge_and_return,30.61667,94.07,90.0,0,1
dodge_and_return_002,dodge_and_return,30.63333,95.57,90.0,0,1
dodge_and_return_002,dodge_and_return,30.65,97.07,90.0,0,1
dodge_and_return_002,dodge_and_return,30.66667,98.57,90.0,0,0
dodge_and_return_002,dodge_and_return,30.68333,98.57,0.0,0,0
dodge_and_return_002,dodge_and_return,30.7,98.57,0.0,0,0
dodge_and_return_002,dodge_and_return,30.71667,98.57,0.0,0,0
dodge_and_return_002,dodge_and_return,30.73333,98.57,0.0,0,0
dodge_and_return_002,dodge_and_return,30.75,98.57,0.0,0,0
dodge_and_return_002,dodge_and_return,30.76667,98.57,0.0,0,0
dodge_and_return_002,dodge_and_return,30.78333,98.57,0.0,0,0
dodge_and_return_002,dodge_and_return,30.8,98.57,0.0,0,0
dodge_and_return_002,dodge_and_return,30.81667,98.57,0.0,0,0
dodge_and_return_002,dodge_and_return,30.83333,98.57,0.0,0,0
dodge_and_return_002,dodge_and_return,30.85,98.57,0.0,0,0
dodge_and_return_002,dodge_and_return,30.86667,98.57,0.0,0,0
dodge_and_return_002,dodge_and_return,30.88333,98.57,0.0,0,0
dodge_and_return_002,dodge_and_return,30.9,98.57,0.0,0,0
dodge_and_return_002,dodge_and_return,30.91667,98.57,0.0,0,0
dodge_and_return_002,dodge_and_return,30.93333,98.57,0.0,0,0
dodge_and_return_002,dodge_and_return,30.95,98.57,0.0,0,0
dodge_and_return_002,dodge_and_return,30.96667,98.57,0.0,0,0
dodge_and_return_002,dodge_and_return,30.98333,98.57,0.0,0,0
dodge_and_return_002,dodge_and_return,31.0,98.57,0.0,0,0
dodge_and_return_002,dodge_and_return,31.01667,98.57,0.0,0,0
dodge_and_return_002,dodge_and_return,31.03333,98.57,0.0,0,0
dodge_and_return_002,dodge_and_return,31.05,98.57,0.0,0,0
dodge_and_return_002,dodge_and_return,31.06667,98.57,0.0,0,0
dodge_and_return_002,dodge_and_return,31.08333,98.57,0.0,0,0
dodge_and_return_002,dodge_and_return,31.1,98.57,0.0,0,0
dodge_and_return_002,dodge_and_return,31.11667,98.57,0.0,0,0
dodge_and_return_002,dodge_and_return,31.13333,98.57,0.0,0,0
dodge_and_return_002,dodge_and_return,31.15,98.57,0.0,0,0
dodge_and_return_002,dodge_and_return,31.16667,98.57,0.0,0,0
dodge_and_return_002,dodge_and_return,31.18333,98.57,0.0,0,0
dodge_and_return_002,dodge_and_return,31.2,98.57,0.0,0,0
dodge_and_return_002,dodge_and_return,31.21667,98.57,0.0,0,0
dodge_and_return_002,dodge_and_return,31.23333,98.57,0.0,0,0
dodge_and_return_002,dodge_and_return,31.25,98.57,0.0,0,0
dodge_and_return_002,dodge_and_return,31.26667,98.57,0.0,0,0
dodge_and_return_002,dodge_and_return,31.28333,98.57,0.0,0,0
dodge_and_return_002,dodge_and_return,31.3,98.57,0.0,0,0
dodge_and_return_002,dodge_and_return,31.31667,98.57,0.0,0,0
dodge_and_return_002,dodge_and_return,31.33333,98.57,0.0,0,0
dodge_and_return_002,dodge_and_return,31.35,98.57,0.0,0,0
dodge_and_return_002,dodge_and_return,31.36667,98.57,0.0,0,0
dodge_and_return_002,dodge_and_return,31.38333,98.57,0.0,0,0
dodge_and_return_002,dodge_and_return,31.4,98.57,0.0,0,0
dodge_and_return_002,dodge_and_return,31.41667,98.57,0.0,0,0
dodge_and_return_002,dodge_and_return,31.43333,98.57,0.0,0,0
dodge_and_return_002,dodge_and_return,31.45,98.57,0.0,0,0
dodge_and_return_002,dodge_and_return,31.46667,98.57,0.0,0,0
dodge_and_return_002,dodge_and_return,31.48333,98.57,0.0,0,0
dodge_and_return_002,dodge_and_return,31.5,98.57,0.0,0,0
dodge_and_return_002,dodge_and_return,31.51667,98.57,0.0,0,0
dodge_and_return_002,dodge_and_return,31.53333,98.57,0.0,0,0
dodge_and_return_002,dodge_and_return,31.55,98.57,0.0,0,0
dodge_and_return_002,dodge_and_return,31.56667,98.57,0.0,0,0
dodge_and_return_002,dodge_and_return,31.58333,98.57,0.0,0,0
dodge_and_return_002,dodge_and_return,31.6,98.57,0.0,0,0
dodge_and_return_002,dodge_and_return,31.61667,98.57,0.0,0,0
dodge_and_return_002,dodge_and_return,31.63333,98.57,0.0,0,0
dodge_and_return_002,dodge_and_return,31.65,98.57,0.0,0,0
dodge_and_return_002,dodge_and_return,31.66667,98.57,0.0,0,0
dodge_and_return_002,dodge_and_return,31.68333,98.57,0.0,0,0
dodge_and_return_002,dodge_and_return,31.7,98.57,0.0,0,0
dodge_and_return_002,dodge_and_return,31.71667,98.57,0.0,0,0
dodge_and_return_002,dodge_and_return,31.73333,98.57,0.0,0,0
dodge_and_return_002,dodge_and_return,31.75,98.57,0.0,0,0
dodge_and_return_002,dodge_and_return,31.76667,98.57,0.0,0,0
dodge_and_return_002,dodge_and_return,31.78333,98.57,0.0,0,0
dodge_and_return_002,dodge_and_return,31.8,98.57,0.0,1,0
dodge_and_return_002,dodge_and_return,31.81667,97.07,-90.0,1,0
dodge_and_return_002,dodge_and_return,31.83333,95.57,-90.0,1,0
dodge_and_return_002,dodge_and_return,31.85,94.07,-90.0,1,0
dodge_and_return_002,dodge_and_return,31.86667,92.57,-90.0,1,0
dodge_and_return_002,dodge_and_return,31.88333,91.07,-90.0,1,0
dodge_and_return_002,dodge_and_return,31.9,89.57,-90.0,1,0
dodge_and_return_002,dodge_and_return,31.91667,88.07,-90.0,1,0
dodge_and_return_002,dodge_and_return,31.93333,86.57,-90.0,1,0
dodge_and_return_002,dodge_and_return,31.95,85.07,-90.0,1,0
dodge_and_return_002,dodge_and_return,31.96667,83.57,-90.0,1,0
dodge_and_return_002,dodge_and_return,31.98333,82.07,-90.0,1,0
dodge_and_return_002,dodge_and_return,32.0,80.57,-90.0,1,0
dodge_and_return_002,dodge_and_return,32.01667,79.07,-90.0,1,0
dodge_and_return_002,dodge_and_return,32.03333,77.57,-90.0,1,0
dodge_and_return_002,dodge_and_return,32.05,76.07,-90.0,1,0
dodge_and_return_002,dodge_and_return,32.06667,74.57,-90.0,1,0
dodge_and_return_002,dodge_and_return,32.08333,73.07,-90.0,1,0
dodge_and_return_002,dodge_and_return,32.1,71.57,-90.0,1,0
dodge_and_return_002,dodge_and_return,32.11667,70.07,-90.0,1,0
dodge_and_return_002,dodge_and_return,32.13333,68.57,-90.0,1,0
dodge_and_return_002,dodge_and_return,32.15,67.07,-90.0,1,0
dodge_and_return_002,dodge_and_return,32.16667,65.57,-90.0,1,0
dodge_and_return_002,dodge_and_return,32.18333,64.07,-90.0,1,0
dodge_and_return_002,dodge_and_return,32.2,62.57,-90.0,1,0
dodge_and_return_002,dodge_and_return,32.21667,61.07,-90.0,1,0
dodge_and_return_002,dodge_and_return,32.23333,59.57,-90.0,1,0
dodge_and_return_002,dodge_and_return,32.25,58.07,-90.0,1,0
dodge_and_return_002,dodge_and_return,32.26667,56.57,-90.0,1,0
dodge_and_return_002,dodge_and_return,32.28333,55.07,-90.0,1,0
dodge_and_return_002,dodge_and_return,32.3,53.57,-90.0,1,0
dodge_and_return_002,dodge_and_return,32.31667,52.07,-90.0,1,0
dodge_and_return_002,dodge_and_return,32.33333,50.57,-90.0,1,0
dodge_and_return_002,dodge_and_return,32.35,49.07,-90.0,1,0
dodge_and_return_002,dodge_and_return,32.36667,47.57,-90.0,1,0
dodge_and_return_002,dodge_and_return,32.38333,46.07,-90.0,1,0
dodge_and_return_002,dodge_and_return,32.4,44.57,-90.0,1,0
dodge_and_return_002,dodge_and_return,32.41667,43.07,-90.0,1,0
dodge_and_return_002,dodge_and_return,32.43333,41.57,-90.0,1,0
dodge_and_return_002,dodge_and_return,32.45,40.07,-90.0,1,0
dodge_and_return_002,dodge_and_return,32.46667,38.57,-90.0,1,0
dodge_and_return_002,dodge_and_return,32.48333,37.07,-90.0,1,0
dodge_and_return_002,dodge_and_return,32.5,35.57,-90.0,1,0
dodge_and_return_002,dodge_and_return,32.51667,34.07,-90.0,1,0
dodge_and_return_002,dodge_and_return,32.53333,32.57,-90.0,1,0
dodge_and_return_002,dodge_and_return,32.55,31.07,-90.0,1,0
dodge_and_return_002,dodge_and_return,32.56667,29.57,-90.0,1,0
dodge_and_return_002,dodge_and_return,32.58333,28.07,-90.0,1,0
dodge_and_return_002,dodge_and_return,32.6,26.57,-90.0,0,1
dodge_and_return_002,dodge_and_return,32.61667,28.07,90.0,0,1
dodge_and_return_002,dodge_and_return,32.63333,29.57,90.0,0,1
dodge_and_return_002,dodge_and_return,32.65,31.07,90.0,0,1
dodge_and_return_002,dodge_and_return,32.66667,32.57,90.0,0,1
dodge_and_return_002,dodge_and_return,32.68333,34.07,90.0,0,1
dodge_and_return_002,dodge_and_return,32.7,35.57,90.0,0,1
dodge_and_return_002,dodge_and_return,32.71667,37.07,90.0,0,1
dodge_and_return_002,dodge_and_return,32.73333,38.57,90.0,0,1
dodge_and_return_002,dodge_and_return,32.75,40.07,90.0,0,1
dodge_and_return_002,dodge_and_return,32.76667,41.57,90.0,0,1
dodge_and_return_002,dodge_and_return,32.78333,43.07,90.0,0,1
dodge_and_return_002,dodge_and_return,32.8,44.57,90.0,0,1
dodge_and_return_002,dodge_and_return,32.81667,46.07,90.0,0,1
dodge_and_return_002,dodge_and_return,32.83333,47.57,90.0,0,1
dodge_and_return_002,dodge_and_return,32.85,49.07,90.0,0,1
dodge_and_return_002,dodge_and_return,32.86667,50.57,90.0,0,1
dodge_and_return_002,dodge_and_return,32.88333,52.07,90.0,0,1
dodge_and_return_002,dodge_and_return,32.9,53.57,90.0,0,1
dodge_and_return_002,dodge_and_return,32.91667,55.07,90.0,0,1
dodge_and_return_002,dodge_and_return,32.93333,56.57,90.0,0,1
dodge_and_return_002,dodge_and_return,32.95,58.07,90.0,0,1
dodge_and_return_002,dodge_and_return,32.96667,59.57,90.0,0,1
dodge_and_return_002,dodge_and_return,32.98333,61.07,90.0,0,1
dodge_and_return_002,dodge_and_return,33.0,62.57,90.0,0,1
dodge_and_return_002,dodge_and_return,33.01667,64.07,90.0,0,1
dodge_and_return_002,dodge_and_return,33.03333,65.57,90.0,0,1
dodge_and_return_002,dodge_and_return,33.05,67.07,90.0,0,1
dodge_and_return_002,dodge_and_return,33.06667,68.57,90.0,0,1
dodge_and_return_002,dodge_and_return,33.08333,70.07,90.0,0,1
dodge_and_return_002,dodge_and_return,33.1,71.57,90.0,0,1
dodge_and_return_002,dodge_and_return,33.11667,73.07,90.0,0,1
dodge_and_return_002,dodge_and_return,33.13333,74.57,90.0,0,1
dodge_and_return_002,dodge_and_return,33.15,76.07,90.0,0,1
dodge_and_return_002,dodge_and_return,33.16667,77.57,90.0,0,1
dodge_and_return_002,dodge_and_return,33.18333,79.07,90.0,0,1
dodge_and_return_002,dodge_and_return,33.2,80.57,90.0,0,1
dodge_and_return_002,dodge_and_return,33.21667,82.07,90.0,0,1
dodge_and_return_002,dodge_and_return,33.23333,83.57,90.0,0,1
dodge_and_return_002,dodge_and_return,33.25,85.07,90.0,0,1
dodge_and_return_002,dodge_and_return,33.26667,86.57,90.0,0,1
dodge_and_return_002,dodge_and_return,33.28333,88.07,90.0,0,1
dodge_and_return_002,dodge_and_return,33.3,89.57,90.0,0,1
dodge_and_return_002,dodge_and_return,33.31667,91.07,90.0,0,1
dodge_and_return_002,dodge_and_return,33.33333,92.57,90.0,0,1
dodge_and_return_002,dodge_and_return,33.35,94.07,90.0,0,1
dodge_and_return_002,dodge_and_return,33.36667,95.57,90.0,0,1
dodge_and_return_002,dodge_and_return,33.38333,97.07,90.0,0,1
dodge_and_return_002,dodge_and_return,33.4,98.57,90.0,0,0
dodge_and_return_002,dodge_and_return,33.41667,98.57,0.0,0,0
dodge_and_return_002,dodge_and_return,33.43333,98.57,0.0,0,0
dodge_and_return_002,dodge_and_return,33.45,98.57,0.0,0,0
dodge_and_return_002,dodge_and_return,33.46667,98.57,0.0,0,0
dodge_and_return_002,dodge_and_return,33.48333,98.57,0.0,0,0
dodge_and_return_002,dodge_and_return,33.5,98.57,0.0,0,0
dodge_and_return_002,dodge_and_return,33.51667,98.57,0.0,0,0
dodge_and_return_002,dodge_and_return,33.53333,98.57,0.0,0,0
dodge_and_return_002,dodge_and_return,33.55,98.57,0.0,0,0
dodge_and_return_002,dodge_and_return,33.56667,98.57,0.0,0,0
dodge_and_return_002,dodge_and_return,33.58333,98.57,0.0,0,0
dodge_and_return_002,dodge_and_return,33.6,98.57,0.0,0,0
dodge_and_return_002,dodge_and_return,33.61667,98.57,0.0,0,0
dodge_and_return_002,dodge_and_return,33.63333,98.57,0.0,0,0
dodge_and_return_002,dodge_and_return,33.65,98.57,0.0,0,0
dodge_and_return_002,dodge_and_return,33.66667,98.57,0.0,0,0
dodge_and_return_002,dodge_and_return,33.68333,98.57,0.0,0,0
dodge_and_return_002,dodge_and_return,33.7,98.57,0.0,0,0
dodge_and_return_002,dodge_and_return,33.71667,98.57,0.0,0,0
dodge_and_return_002,dodge_and_return,33.73333,98.57,0.0,0,0
dodge_and_return_002,dodge_and_return,33.75,98.57,0.0,0,0
dodge_and_return_002,dodge_and_return,33.76667,98.57,0.0,0,0
dodge_and_return_002,dodge_and_return,33.78333,98.57,0.0,0,0
dodge_and_return_002,dodge_and_return,33.8,98.57,0.0,0,0
dodge_and_return_002,dodge_and_return,33.81667,98.57,0.0,0,0
dodge_and_return_002,dodge_and_return,33.83333,98.57,0.0,0,0
dodge_and_return_002,dodge_and_return,33.85,98.57,0.0,0,0
dodge_and_return_002,dodge_and_return,33.86667,98.57,0.0,0,0
dodge_and_return_002,dodge_and_return,33.88333,98.57,0.0,0,0
dodge_and_return_002,dodge_and_return,33.9,98.57,0.0,0,0
dodge_and_return_002,dodge_and_return,33.91667,98.57,0.0,0,0
dodge_and_return_002,dodge_and_return,33.93333,98.57,0.0,0,0
dodge_and_return_002,dodge_and_return,33.95,98.57,0.0,0,0
dodge_and_return_002,dodge_and_return,33.96667,98.57,0.0,0,0
dodge_and_return_002,dodge_and_return,33.98333,98.57,0.0,0,0
dodge_and_return_002,dodge_and_return,34.0,98.57,0.0,0,0
dodge_and_return_002,dodge_and_return,34.01667,98.57,0.0,0,0
dodge_and_return_002,dodge_and_return,34.03333,98.57,0.0,0,0
dodge_and_return_002,dodge_and_return,34.05,98.57,0.0,0,0
dodge_and_return_002,dodge_and_return,34.06667,98.57,0.0,0,0
dodge_and_return_002,dodge_and_return,34.08333,98.57,0.0,0,0
dodge_and_return_002,dodge_and_return,34.1,98.57,0.0,0,0
dodge_and_return_002,dodge_and_return,34.11667,98.57,0.0,0,0
dodge_and_return_002,dodge_and_return,34.13333,98.57,0.0,0,0
dodge_and_return_002,dodge_and_return,34.15,98.57,0.0,0,0
dodge_and_return_002,dodge_and_return,34.16667,98.57,0.0,0,0
dodge_and_return_002,dodge_and_return,34.18333,98.57,0.0,0,0
dodge_and_return_002,dodge_and_return,34.2,98.57,0.0,0,0
dodge_and_return_002,dodge_and_return,34.21667,98.57,0.0,0,0
dodge_and_return_002,dodge_and_return,34.23333,98.57,0.0,0,0
dodge_and_return_002,dodge_and_return,34.25,98.57,0.0,0,0
dodge_and_return_002,dodge_and_return,34.26667,98.57,0.0,0,0
dodge_and_return_002,dodge_and_return,34.28333,98.57,0.0,0,0
dodge_and_return_002,dodge_and_return,34.3,98.57,0.0,0,0
dodge_and_return_002,dodge_and_return,34.31667,98.57,0.0,0,0
dodge_and_return_002,dodge_and_return,34.33333,98.57,0.0,0,0
dodge_and_return_002,dodge_and_return,34.35,98.57,0.0,0,0
dodge_and_return_002,dodge_and_return,34.36667,98.57,0.0,0,0
dodge_and_return_002,dodge_and_return,34.38333,98.57,0.0,0,0
dodge_and_return_002,dodge_and_return,34.4,98.57,0.0,0,0
dodge_and_return_002,dodge_and_return,34.41667,98.57,0.0,0,0
dodge_and_return_002,dodge_and_return,34.43333,98.57,0.0,0,0
