session_id,pattern,t,x,vx,input_left,input_right
dodge_and_return_000,dodge_and_return,0.0,100.857,0.0,0,0
dodge_and_return_000,dodge_and_return,0.01667,100.857,0.0,0,0
dodge_and_return_000,dodge_and_return,0.03333,100.857,0.0,0,0
dodge_and_return_000,dodge_and_return,0.05,100.857,0.0,0,0
dodge_and_return_000,dodge_and_return,0.06667,100.857,0.0,0,0
dodge_and_return_000,dodge_and_return,0.08333,100.857,0.0,0,0
dodge_and_return_000,dodge_and_return,0.1,100.857,0.0,0,0
dodge_and_return_000,dodge_and_return,0.11667,100.857,0.0,0,0
dodge_and_return_000,dodge_and_return,0.13333,100.857,0.0,0,0
dodge_and_return_000,dodge_and_return,0.15,100.857,0.0,0,0
dodge_and_return_000,dodge_and_return,0.16667,100.857,0.0,0,0
dodge_and_return_000,dodge_and_return,0.18333,100.857,0.0,0,0
dodge_and_return_000,dodge_and_return,0.2,100.857,0.0,0,0
dodge_and_return_000,dodge_and_return,0.21667,100.857,0.0,0,0
dodge_and_return_000,dodge_and_return,0.23333,100.857,0.0,0,0
dodge_and_return_000,dodge_and_return,0.25,100.857,0.0,0,0
dodge_and_return_000,dodge_and_return,0.26667,100.857,0.0,0,0
dodge_and_return_000,dodge_and_return,0.28333,100.857,0.0,0,0
dodge_and_return_000,dodge_and_return,0.3,100.857,0.0,0,0
dodge_and_return_000,dodge_and_return,0.31667,100.857,0.0,0,0
dodge_and_return_000,dodge_and_return,0.33333,100.857,0.0,0,0
dodge_and_return_000,dodge_and_return,0.35,100.857,0.0,0,0
dodge_and_return_000,dodge_and_return,0.36667,100.857,0.0,0,0
dodge_and_return_000,dodge_and_return,0.38333,100.857,0.0,0,0
dodge_and_return_000,dodge_and_return,0.4,100.857,0.0,0,0
dodge_and_return_000,dodge_and_return,0.41667,100.857,0.0,0,0
dodge_and_return_000,dodge_and_return,0.43333,100.857,0.0,0,0
dodge_and_return_000,dodge_and_return,0.45,100.857,0.0,0,0
dodge_and_return_000,dodge_and_return,0.46667,100.857,0.0,0,0
dodge_and_return_000,dodge_and_return,0.48333,100.857,0.0,0,0
dodge_and_return_000,dodge_and_return,0.5,100.857,0.0,0,0
dodge_and_return_000,dodge_and_return,0.51667,100.857,0.0,0,0
dodge_and_return_000,dodge_and_return,0.53333,100.857,0.0,0,0
dodge_and_return_000,dodge_and_return,0.55,100.857,0.0,0,0
dodge_and_return_000,dodge_and_return,0.56667,100.857,0.0,0,0
dodge_and_return_000,dodge_and_return,0.58333,100.857,0.0,0,0
dodge_and_return_000,dodge_and_return,0.6,100.857,0.0,0,0
dodge_and_return_000,dodge_and_return,0.61667,100.857,0.0,0,0
dodge_and_return_000,dodge_and_return,0.63333,100.857,0.0,0,0
dodge_and_return_000,dodge_and_return,0.65,100.857,0.0,0,0
dodge_and_return_000,dodge_and_return,0.66667,100.857,0.0,0,0
dodge_and_return_000,dodge_and_return,0.68333,100.857,0.0,0,0
dodge_and_return_000,dodge_and_return,0.7,100.857,0.0,0,0
dodge_and_return_000,dodge_and_return,0.71667,100.857,0.0,0,0
dodge_and_return_000,dodge_and_return,0.73333,100.857,0.0,0,0
dodge_and_return_000,dodge_and_return,0.75,100.857,0.0,0,0
dodge_and_return_000,dodge_and_return,0.76667,100.857,0.0,0,0
dodge_and_return_000,dodge_and_return,0.78333,100.857,0.0,0,0
dodge_and_return_000,dodge_and_return,0.8,100.857,0.0,0,0
dodge_and_return_000,dodge_and_return,0.81667,100.857,0.0,0,0
dodge_and_return_000,dodge_and_return,0.83333,100.857,0.0,0,0
dodge_and_return_000,dodge_and_return,0.85,100.857,0.0,0,0
dodge_and_return_000,dodge_and_return,0.86667,100.857,0.0,0,0
dodge_and_return_000,dodge_and_return,0.88333,100.857,0.0,0,0
dodge_and_return_000,dodge_and_return,0.9,100.857,0.0,0,0
dodge_and_return_000,dodge_and_return,0.91667,100.857,0.0,0,0
dodge_and_return_000,dodge_and_return,0.93333,100.857,0.0,0,0
dodge_and_return_000,dodge_and_return,0.95,100.857,0.0,0,0
dodge_and_return_000,dodge_and_return,0.96667,100.857,0.0,0,0
dodge_and_return_000,dodge_and_return,0.98333,100.857,0.0,0,0
dodge_and_return_000,dodge_and_return,1.0,100.857,0.0,0,0
dodge_and_return_000,dodge_and_return,1.01667,100.857,0.0,0,0
dodge_and_return_000,dodge_and_return,1.03333,100.857,0.0,0,0
dodge_and_return_000,dodge_and_return,1.05,100.857,0.0,0,0
dodge_and_return_000,dodge_and_return,1.06667,100.857,0.0,0,0
dodge_and_return_000,dodge_and_return,1.08333,100.857,0.0,0,0
dodge_and_return_000,dodge_and_return,1.1,100.857,0.0,0,0
dodge_and_return_000,dodge_and_return,1.11667,100.857,0.0,0,0
dodge_and_return_000,dodge_and_return,1.13333,100.857,0.0,0,0
dodge_and_return_000,dodge_and_return,1.15,100.857,0.0,0,0
dodge_and_return_000,dodge_and_return,1.16667,100.857,0.0,0,0
dodge_and_return_000,dodge_and_return,1.18333,100.857,0.0,0,0
dodge_and_return_000,dodge_and_return,1.2,100.857,0.0,0,0
dodge_and_return_000,dodge_and_return,1.21667,100.857,0.0,0,0
dodge_and_return_000,dodge_and_return,1.23333,100.857,0.0,0,0
dodge_and_return_000,dodge_and_return,1.25,100.857,0.0,0,0
dodge_and_return_000,dodge_and_return,1.26667,100.857,0.0,0,0
dodge_and_return_000,dodge_and_return,1.28333,100.857,0.0,0,0
dodge_and_return_000,dodge_and_return,1.3,100.857,0.0,0,0
dodge_and_return_000,dodge_and_return,1.31667,100.857,0.0,0,0
dodge_and_return_000,dodge_and_return,1.33333,100.857,0.0,0,0
dodge_and_return_000,dodge_and_return,1.35,100.857,0.0,0,0
dodge_and_return_000,dodge_and_return,1.36667,100.857,0.0,0,0
dodge_and_return_000,dodge_and_return,1.38333,100.857,0.0,0,0
dodge_and_return_000,dodge_and_return,1.4,100.857,0.0,0,0
dodge_and_return_000,dodge_and_return,1.41667,100.857,0.0,0,0
dodge_and_return_000,dodge_and_return,1.43333,100.857,0.0,0,0
dodge_and_return_000,dodge_and_return,1.45,100.857,0.0,0,0
dodge_and_return_000,dodge_and_return,1.46667,100.857,0.0,0,0
dodge_and_return_000,dodge_and_return,1.48333,100.857,0.0,0,0
dodge_and_return_000,dodge_and_return,1.5,100.857,0.0,0,0
dodge_and_return_000,dodge_and_return,1.51667,100.857,0.0,0,0
dodge_and_return_000,dodge_and_return,1.53333,100.857,0.0,0,0
dodge_and_return_000,dodge_and_return,1.55,100.857,0.0,0,0
dodge_and_return_000,dodge_and_return,1.56667,100.857,0.0,0,0
dodge_and_return_000,dodge_and_return,1.58333,100.857,0.0,0,0
dodge_and_return_000,dodge_and_return,1.6,100.857,0.0,0,0
dodge_and_return_000,dodge_and_return,1.61667,100.857,0.0,0,0
dodge_and_return_000,dodge_and_return,1.63333,100.857,0.0,0,0
dodge_and_return_000,dodge_and_return,1.65,100.857,0.0,0,0
dodge_and_return_000,dodge_and_return,1.66667,100.857,0.0,0,0
dodge_and_return_000,dodge_and_return,1.68333,100.857,0.0,0,0
dodge_and_return_000,dodge_and_return,1.7,100.857,0.0,0,0
dodge_and_return_000,dodge_and_return,1.71667,100.857,0.0,0,0
dodge_and_return_000,dodge_and_return,1.73333,100.857,0.0,0,0
dodge_and_return_000,dodge_and_return,1.75,100.857,0.0,0,0
dodge_and_return_000,dodge_and_return,1.76667,100.857,0.0,0,0
dodge_and_return_000,dodge_and_return,1.78333,100.857,0.0,0,0
dodge_and_return_000,dodge_and_return,1.8,100.857,0.0,0,0
dodge_and_return_000,dodge_and_return,1.81667,100.857,0.0,0,0
dodge_and_return_000,dodge_and_return,1.83333,100.857,0.0,0,0
dodge_and_return_000,dodge_and_return,1.85,100.857,0.0,0,0
dodge_and_return_000,dodge_and_return,1.86667,100.857,0.0,0,0
dodge_and_return_000,dodge_and_return,1.88333,100.857,0.0,0,0
dodge_and_return_000,dodge_and_return,1.9,100.857,0.0,0,0
dodge_and_return_000,dodge_and_return,1.91667,100.857,0.0,0,0
dodge_and_return_000,dodge_and_return,1.93333,100.857,0.0,0,0
dodge_and_return_000,dodge_and_return,1.95,100.857,0.0,0,0
dodge_and_return_000,dodge_and_return,1.96667,100.857,0.0,0,0
dodge_and_return_000,dodge_and_return,1.98333,100.857,0.0,0,0
dodge_and_return_000,dodge_and_return,2.0,100.857,0.0,0,0
dodge_and_return_000,dodge_and_return,2.01667,100.857,0.0,0,0
dodge_and_return_000,dodge_and_return,2.03333,100.857,0.0,0,0
dodge_and_return_000,dodge_and_return,2.05,100.857,0.0,0,0
dodge_and_return_000,dodge_and_return,2.06667,100.857,0.0,0,0
dodge_and_return_000,dodge_and_return,2.08333,100.857,0.0,0,0
dodge_and_return_000,dodge_and_return,2.1,100.857,0.0,0,0
dodge_and_return_000,dodge_and_return,2.11667,100.857,0.0,0,0
dodge_and_return_000,dodge_and_return,2.13333,100.857,0.0,0,0
dodge_and_return_000,dodge_and_return,2.15,100.857,0.0,0,0
dodge_and_return_000,dodge_and_return,2.16667,100.857,0.0,0,0
dodge_and_return_000,dodge_and_return,2.18333,100.857,0.0,0,0
dodge_and_return_000,dodge_and_return,2.2,100.857,0.0,0,0
dodge_and_return_000,dodge_and_return,2.21667,100.857,0.0,0,0
dodge_and_return_000,dodge_and_return,2.23333,100.857,0.0,0,0
dodge_and_return_000,dodge_and_return,2.25,100.857,0.0,0,0
dodge_and_return_000,dodge_and_return,2.26667,100.857,0.0,0,0
dodge_and_return_000,dodge_and_return,2.28333,100.857,0.0,0,0
dodge_and_return_000,dodge_and_return,2.3,100.857,0.0,0,0
dodge_and_return_000,dodge_and_return,2.31667,100.857,0.0,0,0
dodge_and_return_000,dodge_and_return,2.33333,100.857,0.0,0,0
dodge_and_return_000,dodge_and_return,2.35,100.857,0.0,0,0
dodge_and_return_000,dodge_and_return,2.36667,100.857,0.0,0,0
dodge_and_return_000,dodge_and_return,2.38333,100.857,0.0,0,0
dodge_and_return_000,dodge_and_return,2.4,100.857,0.0,0,0
dodge_and_return_000,dodge_and_return,2.41667,100.857,0.0,0,0
dodge_and_return_000,dodge_and_return,2.43333,100.857,0.0,0,0
dodge_and_return_000,dodge_and_return,2.45,100.857,0.0,0,0
dodge_and_return_000,dodge_and_return,2.46667,100.857,0.0,0,0
dodge_and_return_000,dodge_and_return,2.48333,100.857,0.0,0,0
dodge_and_return_000,dodge_and_return,2.5,100.857,0.0,0,0
dodge_and_return_000,dodge_and_return,2.51667,100.857,0.0,0,0
dodge_and_return_000,dodge_and_return,2.53333,100.857,0.0,0,0
dodge_and_return_000,dodge_and_return,2.55,100.857,0.0,0,0
dodge_and_return_000,dodge_and_return,2.56667,100.857,0.0,0,0
dodge_and_return_000,dodge_and_return,2.58333,100.857,0.0,0,0
dodge_and_return_000,dodge_and_return,2.6,100.857,0.0,0,0
dodge_and_return_000,dodge_and_return,2.61667,100.857,0.0,0,0
dodge_and_return_000,dodge_and_return,2.63333,100.857,0.0,0,0
dodge_and_return_000,dodge_and_return,2.65,100.857,0.0,0,0
dodge_and_return_000,dodge_and_return,2.66667,100.857,0.0,0,0
dodge_and_return_000,dodge_and_return,2.68333,100.857,0.0,0,0
dodge_and_return_000,dodge_and_return,2.7,100.857,0.0,0,0
dodge_and_return_000,dodge_and_return,2.71667,100.857,0.0,0,0
dodge_and_return_000,dodge_and_return,2.73333,100.857,0.0,0,0
dodge_and_return_000,dodge_and_return,2.75,100.857,0.0,0,0
dodge_and_return_000,dodge_and_return,2.76667,100.857,0.0,0,0
dodge_and_return_000,dodge_and_return,2.78333,100.857,0.0,0,0
dodge_and_return_000,dodge_and_return,2.8,100.857,0.0,0,0
dodge_and_return_000,dodge_and_return,2.81667,100.857,0.0,0,0
dodge_and_return_000,dodge_and_return,2.83333,100.857,0.0,0,0
dodge_and_return_000,dodge_and_return,2.85,100.857,0.0,0,0
dodge_and_return_000,dodge_and_return,2.86667,100.857,0.0,0,0
dodge_and_return_000,dodge_and_return,2.88333,100.857,0.0,0,0
dodge_and_return_000,dodge_and_return,2.9,100.857,0.0,0,0
dodge_and_return_000,dodge_and_return,2.91667,100.857,0.0,0,0
dodge_and_return_000,dodge_and_return,2.93333,100.857,0.0,0,0
dodge_and_return_000,dodge_and_return,2.95,100.857,0.0,0,0
dodge_and_return_000,dodge_and_return,2.96667,100.857,0.0,0,1
dodge_and_return_000,dodge_and_return,2.98333,102.357,90.0,0,1
dodge_and_return_000,dodge_and_return,3.0,103.857,90.0,0,1
dodge_and_return_000,dodge_and_return,3.01667,105.357,90.0,0,1
dodge_and_return_000,dodge_and_return,3.03333,106.857,90.0,0,1
dodge_and_return_000,dodge_and_return,3.05,108.357,90.0,0,1
dodge_and_return_000,dodge_and_return,3.06667,109.857,90.0,0,1
dodge_and_return_000,dodge_and_return,3.08333,111.357,90.0,0,1
dodge_and_return_000,dodge_and_return,3.1,112.857,90.0,0,1
dodge_and_return_000,dodge_and_return,3.11667,114.357,90.0,0,1
dodge_and_return_000,dodge_and_return,3.13333,115.857,90.0,0,1
dodge_and_return_000,dodge_and_return,3.15,117.357,90.0,0,1
dodge_and_return_000,dodge_and_return,3.16667,118.857,90.0,0,1
dodge_and_return_000,dodge_and_return,3.18333,120.357,90.0,0,1
dodge_and_return_000,dodge_and_return,3.2,121.857,90.0,0,1
dodge_and_return_000,dodge_and_return,3.21667,123.357,90.0,0,1
dodge_and_return_000,dodge_and_return,3.23333,124.857,90.0,0,1
dodge_and_return_000,dodge_and_return,3.25,126.357,90.0,0,1
dodge_and_return_000,dodge_and_return,3.26667,127.857,90.0,0,1
dodge_and_return_000,dodge_and_return,3.28333,129.357,90.0,0,1
dodge_and_return_000,dodge_and_return,3.3,130.857,90.0,0,1
dodge_and_return_000,dodge_and_return,3.31667,132.357,90.0,0,1
dodge_and_return_000,dodge_and_return,3.33333,133.857,90.0,0,1
dodge_and_return_000,dodge_and_return,3.35,135.357,90.0,0,1
dodge_and_return_000,dodge_and_return,3.36667,136.857,90.0,0,1
dodge_and_return_000,dodge_and_return,3.38333,138.357,90.0,0,1
dodge_and_return_000,dodge_and_return,3.4,139.857,90.0,0,1
dodge_and_return_000,dodge_and_return,3.41667,141.357,90.0,0,1
dodge_and_return_000,dodge_and_return,3.43333,142.857,90.0,0,1
dodge_and_return_000,dodge_and_return,3.45,144.357,90.0,0,1
dodge_and_return_000,dodge_and_return,3.46667,145.857,90.0,0,1
dodge_and_return_000,dodge_and_return,3.48333,147.357,90.0,0,1
dodge_and_return_000,dodge_and_return,3.5,148.857,90.0,0,1
dodge_and_return_000,dodge_and_return,3.51667,150.357,90.0,0,1
dodge_and_return_000,dodge_and_return,3.53333,151.857,90.0,0,1
dodge_and_return_000,dodge_and_return,3.55,153.357,90.0,0,1
dodge_and_return_000,dodge_and_return,3.56667,154.857,90.0,0,1
dodge_and_return_000,dodge_and_return,3.58333,156.357,90.0,0,1
dodge_and_return_000,dodge_and_return,3.6,157.857,90.0,0,1
dodge_and_return_000,dodge_and_return,3.61667,159.357,90.0,0,1
dodge_and_return_000,dodge_and_return,3.63333,160.857,90.0,1,0
dodge_and_return_000,dodge_and_return,3.65,159.357,-90.0,1,0
dodge_and_return_000,dodge_and_return,3.66667,157.857,-90.0,1,0
dodge_and_return_000,dodge_and_return,3.68333,156.357,-90.0,1,0
dodge_and_return_000,dodge_and_return,3.7,154.857,-90.0,1,0
dodge_and_return_000,dodge_and_return,3.71667,153.357,-90.0,1,0
dodge_and_return_000,dodge_and_return,3.73333,151.857,-90.0,1,0
dodge_and_return_000,dodge_and_return,3.75,150.357,-90.0,1,0
dodge_and_return_000,dodge_and_return,3.76667,148.857,-90.0,1,0
dodge_and_return_000,dodge_and_return,3.78333,147.357,-90.0,1,0
dodge_and_return_000,dodge_and_return,3.8,145.857,-90.0,1,0
dodge_and_return_000,dodge_and_return,3.81667,144.357,-90.0,1,0
dodge_and_return_000,dodge_and_return,3.83333,142.857,-90.0,1,0
dodge_and_return_000,dodge_and_return,3.85,141.357,-90.0,1,0
dodge_and_return_000,dodge_and_return,3.86667,139.857,-90.0,1,0
dodge_and_return_000,dodge_and_return,3.88333,138.357,-90.0,1,0
dodge_and_return_000,dodge_and_return,3.9,136.857,-90.0,1,0
dodge_and_return_000,dodge_and_return,3.91667,135.357,-90.0,1,0
dodge_and_return_000,dodge_and_return,3.93333,133.857,-90.0,1,0
dodge_and_return_000,dodge_and_return,3.95,132.357,-90.0,1,0
dodge_and_return_000,dodge_and_return,3.96667,130.857,-90.0,1,0
dodge_and_return_000,dodge_and_return,3.98333,129.357,-90.0,1,0
dodge_and_return_000,dodge_and_return,4.0,127.857,-90.0,1,0
dodge_and_return_000,dodge_and_return,4.01667,126.357,-90.0,1,0
dodge_and_return_000,dodge_and_return,4.03333,124.857,-90.0,1,0
dodge_and_return_000,dodge_and_return,4.05,123.357,-90.0,1,0
dodge_and_return_000,dodge_and_return,4.06667,121.857,-90.0,1,0
dodge_and_return_000,dodge_and_return,4.08333,120.357,-90.0,1,0
dodge_and_return_000,dodge_and_return,4.1,118.857,-90.0,1,0
dodge_and_return_000,dodge_and_return,4.11667,117.357,-90.0,1,0
dodge_and_return_000,dodge_and_return,4.13333,115.857,-90.0,1,0
dodge_and_return_000,dodge_and_return,4.15,114.357,-90.0,1,0
dodge_and_return_000,dodge_and_return,4.16667,112.857,-90.0,1,0
dodge_and_return_000,dodge_and_return,4.18333,111.357,-90.0,1,0
dodge_and_return_000,dodge_and_return,4.2,109.857,-90.0,1,0
dodge_and_return_000,dodge_and_return,4.21667,108.357,-90.0,1,0
dodge_and_return_000,dodge_and_return,4.23333,106.857,-90.0,1,0
dodge_and_return_000,dodge_and_return,4.25,105.357,-90.0,0,0
dodge_and_return_000,dodge_and_return,4.26667,105.357,0.0,0,0
dodge_and_return_000,dodge_and_return,4.28333,105.357,0.0,0,0
dodge_and_return_000,dodge_and_return,4.3,105.357,0.0,0,0
dodge_and_return_000,dodge_and_return,4.31667,105.357,0.0,0,0
dodge_and_return_000,dodge_and_return,4.33333,105.357,0.0,0,0
dodge_and_return_000,dodge_and_return,4.35,105.357,0.0,0,0
dodge_and_return_000,dodge_and_return,4.36667,105.357,0.0,0,0
dodge_and_return_000,dodge_and_return,4.38333,105.357,0.0,0,0
dodge_and_return_000,dodge_and_return,4.4,105.357,0.0,0,0
dodge_and_return_000,dodge_and_return,4.41667,105.357,0.0,0,0
dodge_and_return_000,dodge_and_return,4.43333,105.357,0.0,0,0
dodge_and_return_000,dodge_and_return,4.45,105.357,0.0,0,0
dodge_and_return_000,dodge_and_return,4.46667,105.357,0.0,0,0
dodge_and_return_000,dodge_and_return,4.48333,105.357,0.0,0,0
dodge_and_return_000,dodge_and_return,4.5,105.357,0.0,0,0
dodge_and_return_000,dodge_and_return,4.51667,105.357,0.0,0,0
dodge_and_return_000,dodge_and_return,4.53333,105.357,0.0,0,0
dodge_and_return_000,dodge_and_return,4.55,105.357,0.0,0,0
dodge_and_return_000,dodge_and_return,4.56667,105.357,0.0,0,0
dodge_and_return_000,dodge_and_return,4.58333,105.357,0.0,0,0
dodge_and_return_000,dodge_and_return,4.6,105.357,0.0,0,0
dodge_and_return_000,dodge_and_return,4.61667,105.357,0.0,0,0
dodge_and_return_000,dodge_and_return,4.63333,105.357,0.0,0,0
dodge_and_return_000,dodge_and_return,4.65,105.357,0.0,0,0
dodge_and_return_000,dodge_and_return,4.66667,105.357,0.0,0,0
dodge_and_return_000,dodge_and_return,4.68333,105.357,0.0,0,0
dodge_and_return_000,dodge_and_return,4.7,105.357,0.0,0,0
dodge_and_return_000,dodge_and_return,4.71667,105.357,0.0,0,0
dodge_and_return_000,dodge_and_return,4.73333,105.357,0.0,0,0
dodge_and_return_000,dodge_and_return,4.75,105.357,0.0,0,0
dodge_and_return_000,dodge_and_return,4.76667,105.357,0.0,0,0
dodge_and_return_000,dodge_and_return,4.78333,105.357,0.0,0,0
dodge_and_return_000,dodge_and_return,4.8,105.357,0.0,0,0
dodge_and_return_000,dodge_and_return,4.81667,105.357,0.0,0,0
dodge_and_return_000,dodge_and_return,4.83333,105.357,0.0,0,0
dodge_and_return_000,dodge_and_return,4.85,105.357,0.0,0,0
dodge_and_return_000,dodge_and_return,4.86667,105.357,0.0,0,0
dodge_and_return_000,dodge_and_return,4.88333,105.357,0.0,0,0
dodge_and_return_000,dodge_and_return,4.9,105.357,0.0,0,0
dodge_and_return_000,dodge_and_return,4.91667,105.357,0.0,0,0
dodge_and_return_000,dodge_and_return,4.93333,105.357,0.0,0,0
dodge_and_return_000,dodge_and_return,4.95,105.357,0.0,0,0
dodge_and_return_000,dodge_and_return,4.96667,105.357,0.0,0,0
dodge_and_return_000,dodge_and_return,4.98333,105.357,0.0,0,0
dodge_and_return_000,dodge_and_return,5.0,105.357,0.0,0,0
dodge_and_return_000,dodge_and_return,5.01667,105.357,0.0,0,0
dodge_and_return_000,dodge_and_return,5.03333,105.357,0.0,0,0
dodge_and_return_000,dodge_and_return,5.05,105.357,0.0,0,0
dodge_and_return_000,dodge_and_return,5.06667,105.357,0.0,0,0
dodge_and_return_000,dodge_and_return,5.08333,105.357,0.0,0,0
dodge_and_return_000,dodge_and_return,5.1,105.357,0.0,0,0
dodge_and_return_000,dodge_and_return,5.11667,105.357,0.0,0,0
dodge_and_return_000,dodge_and_return,5.13333,105.357,0.0,0,0
dodge_and_return_000,dodge_and_return,5.15,105.357,0.0,0,0
dodge_and_return_000,dodge_and_return,5.16667,105.357,0.0,0,0
dodge_and_return_000,dodge_and_return,5.18333,105.357,0.0,0,0
dodge_and_return_000,dodge_and_return,5.2,105.357,0.0,0,0
dodge_and_return_000,dodge_and_return,5.21667,105.357,0.0,0,0
dodge_and_return_000,dodge_and_return,5.23333,105.357,0.0,0,0
dodge_and_return_000,dodge_and_return,5.25,105.357,0.0,0,0
dodge_and_return_000,dodge_and_return,5.26667,105.357,0.0,0,0
dodge_and_return_000,dodge_and_return,5.28333,105.357,0.0,0,0
dodge_and_return_000,dodge_and_return,5.3,105.357,0.0,0,0
dodge_and_return_000,dodge_and_return,5.31667,105.357,0.0,0,0
dodge_and_return_000,dodge_and_return,5.33333,105.357,0.0,0,0
dodge_and_return_000,dodge_and_return,5.35,105.357,0.0,0,0
dodge_and_return_000,dodge_and_return,5.36667,105.357,0.0,0,0
dodge_and_return_000,dodge_and_return,5.38333,105.357,0.0,0,0
dodge_and_return_000,dodge_and_return,5.4,105.357,0.0,0,0
dodge_and_return_000,dodge_and_return,5.41667,105.357,0.0,0,0
dodge_and_return_000,dodge_and_return,5.43333,105.357,0.0,0,0
dodge_and_return_000,dodge_and_return,5.45,105.357,0.0,0,0
dodge_and_return_000,dodge_and_return,5.46667,105.357,0.0,0,0
dodge_and_return_000,dodge_and_return,5.48333,105.357,0.0,0,0
dodge_and_return_000,dodge_and_return,5.5,105.357,0.0,0,0
dodge_and_return_000,dodge_and_return,5.51667,105.357,0.0,0,0
dodge_and_return_000,dodge_and_return,5.53333,105.357,0.0,0,0
dodge_and_return_000,dodge_and_return,5.55,105.357,0.0,0,0
dodge_and_return_000,dodge_and_return,5.56667,105.357,0.0,0,0
dodge_and_return_000,dodge_and_return,5.58333,105.357,0.0,0,0
dodge_and_return_000,dodge_and_return,5.6,105.357,0.0,0,0
dodge_and_return_000,dodge_and_return,5.61667,105.357,0.0,0,0
dodge_and_return_000,dodge_and_return,5.63333,105.357,0.0,0,0
dodge_and_return_000,dodge_and_return,5.65,105.357,0.0,0,0
dodge_and_return_000,dodge_and_return,5.66667,105.357,0.0,0,0
dodge_and_return_000,dodge_and_return,5.68333,105.357,0.0,0,0
dodge_and_return_000,dodge_and_return,5.7,105.357,0.0,0,0
dodge_and_return_000,dodge_and_return,5.71667,105.357,0.0,0,0
dodge_and_return_000,dodge_and_return,5.73333,105.357,0.0,0,0
dodge_and_return_000,dodge_and_return,5.75,105.357,0.0,0,0
dodge_and_return_000,dodge_and_return,5.76667,105.357,0.0,0,0
dodge_and_return_000,dodge_and_return,5.78333,105.357,0.0,0,0
dodge_and_return_000,dodge_and_return,5.8,105.357,0.0,0,0
dodge_and_return_000,dodge_and_return,5.81667,105.357,0.0,0,0
dodge_and_return_000,dodge_and_return,5.83333,105.357,0.0,0,0
dodge_and_return_000,dodge_and_return,5.85,105.357,0.0,0,0
dodge_and_return_000,dodge_and_return,5.86667,105.357,0.0,0,0
dodge_and_return_000,dodge_and_return,5.88333,105.357,0.0,0,0
dodge_and_return_000,dodge_and_return,5.9,105.357,0.0,0,0
dodge_and_return_000,dodge_and_return,5.91667,105.357,0.0,0,0
dodge_and_return_000,dodge_and_return,5.93333,105.357,0.0,0,0
dodge_and_return_000,dodge_and_return,5.95,105.357,0.0,0,0
dodge_and_return_000,dodge_and_return,5.96667,105.357,0.0,0,0
dodge_and_return_000,dodge_and_return,5.98333,105.357,0.0,0,0
dodge_and_return_000,dodge_and_return,6.0,105.357,0.0,0,0
dodge_and_return_000,dodge_and_return,6.01667,105.357,0.0,0,0
dodge_and_return_000,dodge_and_return,6.03333,105.357,0.0,0,0
dodge_and_return_000,dodge_and_return,6.05,105.357,0.0,0,0
dodge_and_return_000,dodge_and_return,6.06667,105.357,0.0,0,0
dodge_and_return_000,dodge_and_return,6.08333,105.357,0.0,0,0
dodge_and_return_000,dodge_and_return,6.1,105.357,0.0,0,0
dodge_and_return_000,dodge_and_return,6.11667,105.357,0.0,0,0
dodge_and_return_000,dodge_and_return,6.13333,105.357,0.0,0,0
dodge_and_return_000,dodge_and_return,6.15,105.357,0.0,0,0
dodge_and_return_000,dodge_and_return,6.16667,105.357,0.0,0,0
dodge_and_return_000,dodge_and_return,6.18333,105.357,0.0,0,0
dodge_and_return_000,dodge_and_return,6.2,105.357,0.0,0,0
dodge_and_return_000,dodge_and_return,6.21667,105.357,0.0,0,0
dodge_and_return_000,dodge_and_return,6.23333,105.357,0.0,0,0
dodge_and_return_000,dodge_and_return,6.25,105.357,0.0,0,0
dodge_and_return_000,dodge_and_return,6.26667,105.357,0.0,0,0
dodge_and_return_000,dodge_and_return,6.28333,105.357,0.0,0,0
dodge_and_return_000,dodge_and_return,6.3,105.357,0.0,0,0
dodge_and_return_000,dodge_and_return,6.31667,105.357,0.0,0,0
dodge_and_return_000,dodge_and_return,6.33333,105.357,0.0,0,0
dodge_and_return_000,dodge_and_return,6.35,105.357,0.0,0,0
dodge_and_return_000,dodge_and_return,6.36667,105.357,0.0,0,0
dodge_and_return_000,dodge_and_return,6.38333,105.357,0.0,0,0
dodge_and_return_000,dodge_and_return,6.4,105.357,0.0,0,0
dodge_and_return_000,dodge_and_return,6.41667,105.357,0.0,0,0
dodge_and_return_000,dodge_and_return,6.43333,105.357,0.0,0,0
dodge_and_return_000,dodge_and_return,6.45,105.357,0.0,0,0
dodge_and_return_000,dodge_and_return,6.46667,105.357,0.0,0,0
dodge_and_return_000,dodge_and_return,6.48333,105.357,0.0,0,0
dodge_and_return_000,dodge_and_return,6.5,105.357,0.0,0,0
dodge_and_return_000,dodge_and_return,6.51667,105.357,0.0,0,0
dodge_and_return_000,dodge_and_return,6.53333,105.357,0.0,0,0
dodge_and_return_000,dodge_and_return,6.55,105.357,0.0,0,0
dodge_and_return_000,dodge_and_return,6.56667,105.357,0.0,0,0
dodge_and_return_000,dodge_and_return,6.58333,105.357,0.0,0,0
dodge_and_return_000,dodge_and_return,6.6,105.357,0.0,0,0
dodge_and_return_000,dodge_and_return,6.61667,105.357,0.0,0,0
dodge_and_return_000,dodge_and_return,6.63333,105.357,0.0,0,0
dodge_and_return_000,dodge_and_return,6.65,105.357,0.0,0,0
dodge_and_return_000,dodge_and_return,6.66667,105.357,0.0,0,0
dodge_and_return_000,dodge_and_return,6.68333,105.357,0.0,0,0
dodge_and_return_000,dodge_and_return,6.7,105.357,0.0,0,0
dodge_and_return_000,dodge_and_return,6.71667,105.357,0.0,0,0
dodge_and_return_000,dodge_and_return,6.73333,105.357,0.0,0,0
dodge_and_return_000,dodge_and_return,6.75,105.357,0.0,0,0
dodge_and_return_000,dodge_and_return,6.76667,105.357,0.0,0,0
dodge_and_return_000,dodge_and_return,6.78333,105.357,0.0,0,0
dodge_and_return_000,dodge_and_return,6.8,105.357,0.0,0,0
dodge_and_return_000,dodge_and_return,6.81667,105.357,0.0,0,0
dodge_and_return_000,dodge_and_return,6.83333,105.357,0.0,0,0
dodge_and_return_000,dodge_and_return,6.85,105.357,0.0,0,0
dodge_and_return_000,dodge_and_return,6.86667,105.357,0.0,0,0
dodge_and_return_000,dodge_and_return,6.88333,105.357,0.0,0,0
dodge_and_return_000,dodge_and_return,6.9,105.357,0.0,0,0
dodge_and_return_000,dodge_and_return,6.91667,105.357,0.0,0,0
dodge_and_return_000,dodge_and_return,6.93333,105.357,0.0,0,0
dodge_and_return_000,dodge_and_return,6.95,105.357,0.0,0,0
dodge_and_return_000,dodge_and_return,6.96667,105.357,0.0,0,0
dodge_and_return_000,dodge_and_return,6.98333,105.357,0.0,0,0
dodge_and_return_000,dodge_and_return,7.0,105.357,0.0,0,0
dodge_and_return_000,dodge_and_return,7.01667,105.357,0.0,0,0
dodge_and_return_000,dodge_and_return,7.03333,105.357,0.0,0,0
dodge_and_return_000,dodge_and_return,7.05,105.357,0.0,0,0
dodge_and_return_000,dodge_and_return,7.06667,105.357,0.0,0,0
dodge_and_return_000,dodge_and_return,7.08333,105.357,0.0,0,0
dodge_and_return_000,dodge_and_return,7.1,105.357,0.0,0,0
dodge_and_return_000,dodge_and_return,7.11667,105.357,0.0,0,0
dodge_and_return_000,dodge_and_return,7.13333,105.357,0.0,0,0
dodge_and_return_000,dodge_and_return,7.15,105.357,0.0,0,0
dodge_and_return_000,dodge_and_return,7.16667,105.357,0.0,0,0
dodge_and_return_000,dodge_and_return,7.18333,105.357,0.0,0,0
dodge_and_return_000,dodge_and_return,7.2,105.357,0.0,0,0
dodge_and_return_000,dodge_and_return,7.21667,105.357,0.0,0,0
dodge_and_return_000,dodge_and_return,7.23333,105.357,0.0,0,0
dodge_and_return_000,dodge_and_return,7.25,105.357,0.0,0,1
dodge_and_return_000,dodge_and_return,7.26667,106.857,90.0,0,1
dodge_and_return_000,dodge_and_return,7.28333,108.357,90.0,0,1
dodge_and_return_000,dodge_and_return,7.3,109.857,90.0,0,1
dodge_and_return_000,dodge_and_return,7.31667,111.357,90.0,0,1
dodge_and_return_000,dodge_and_return,7.33333,112.857,90.0,0,1
dodge_and_return_000,dodge_and_return,7.35,114.357,90.0,0,1
dodge_and_return_000,dodge_and_return,7.36667,115.857,90.0,0,1
dodge_and_return_000,dodge_and_return,7.38333,117.357,90.0,0,1
dodge_and_return_000,dodge_and_return,7.4,118.857,90.0,0,1
dodge_and_return_000,dodge_and_return,7.41667,120.357,90.0,0,1
dodge_and_return_000,dodge_and_return,7.43333,121.857,90.0,0,1
dodge_and_return_000,dodge_and_return,7.45,123.357,90.0,0,1
dodge_and_return_000,dodge_and_return,7.46667,124.857,90.0,0,1
dodge_and_return_000,dodge_and_return,7.48333,126.357,90.0,0,1
dodge_and_return_000,dodge_and_return,7.5,127.857,90.0,0,1
dodge_and_return_000,dodge_and_return,7.51667,129.357,90.0,0,1
dodge_and_return_000,dodge_and_return,7.53333,130.857,90.0,0,1
dodge_and_return_000,dodge_and_return,7.55,132.357,90.0,0,1
dodge_and_return_000,dodge_and_return,7.56667,133.857,90.0,0,1
dodge_and_return_000,dodge_and_return,7.58333,135.357,90.0,0,1
dodge_and_return_000,dodge_and_return,7.6,136.857,90.0,0,1
dodge_and_return_000,dodge_and_return,7.61667,138.357,90.0,0,1
dodge_and_return_000,dodge_and_return,7.63333,139.857,90.0,0,1
dodge_and_return_000,dodge_and_return,7.65,141.357,90.0,0,1
dodge_and_return_000,dodge_and_return,7.66667,142.857,90.0,0,1
dodge_and_return_000,dodge_and_return,7.68333,144.357,90.0,0,1
dodge_and_return_000,dodge_and_return,7.7,145.857,90.0,0,1
dodge_and_return_000,dodge_and_return,7.71667,147.357,90.0,0,1
dodge_and_return_000,dodge_and_return,7.73333,148.857,90.0,0,1
dodge_and_return_000,dodge_and_return,7.75,150.357,90.0,0,1
dodge_and_return_000,dodge_and_return,7.76667,151.857,90.0,0,1
dodge_and_return_000,dodge_and_return,7.78333,153.357,90.0,0,1
dodge_and_return_000,dodge_and_return,7.8,154.857,90.0,0,1
dodge_and_return_000,dodge_and_return,7.81667,156.357,90.0,0,1
dodge_and_return_000,dodge_and_return,7.83333,157.857,90.0,0,1
dodge_and_return_000,dodge_and_return,7.85,159.357,90.0,0,1
dodge_and_return_000,dodge_and_return,7.86667,160.857,90.0,0,1
dodge_and_return_000,dodge_and_return,7.88333,162.357,90.0,0,1
dodge_and_return_000,dodge_and_return,7.9,163.857,90.0,0,1
dodge_and_return_000,dodge_and_return,7.91667,165.357,90.0,0,1
dodge_and_return_000,dodge_and_return,7.93333,166.857,90.0,0,1
dodge_and_return_000,dodge_and_return,7.95,168.357,90.0,0,1
dodge_and_return_000,dodge_and_return,7.96667,169.857,90.0,0,1
dodge_and_return_000,dodge_and_return,7.98333,171.357,90.0,0,1
dodge_and_return_000,dodge_and_return,8.0,172.857,90.0,0,1
dodge_and_return_000,dodge_and_return,8.01667,174.357,90.0,0,1
dodge_and_return_000,dodge_and_return,8.03333,175.857,90.0,0,1
dodge_and_return_000,dodge_and_return,8.05,177.357,90.0,0,1
dodge_and_return_000,dodge_and_return,8.06667,178.857,90.0,0,1
dodge_and_return_000,dodge_and_return,8.08333,180.357,90.0,0,1
dodge_and_return_000,dodge_and_return,8.1,181.857,90.0,0,0
dodge_and_return_000,dodge_and_return,8.11667,181.857,0.0,0,0
dodge_and_return_000,dodge_and_return,8.13333,181.857,0.0,0,0
dodge_and_return_000,dodge_and_return,8.15,181.857,0.0,0,0
dodge_and_return_000,dodge_and_return,8.16667,181.857,0.0,1,0
dodge_and_return_000,dodge_and_return,8.18333,180.357,-90.0,1,0
dodge_and_return_000,dodge_and_return,8.2,178.857,-90.0,1,0
dodge_and_return_000,dodge_and_return,8.21667,177.357,-90.0,1,0
dodge_and_return_000,dodge_and_return,8.23333,175.857,-90.0,1,0
dodge_and_return_000,dodge_and_return,8.25,174.357,-90.0,1,0
dodge_and_return_000,dodge_and_return,8.26667,172.857,-90.0,1,0
dodge_and_return_000,dodge_and_return,8.28333,171.357,-90.0,1,0
dodge_and_return_000,dodge_and_return,8.3,169.857,-90.0,1,0
dodge_and_return_000,dodge_and_return,8.31667,168.357,-90.0,1,0
dodge_and_return_000,dodge_and_return,8.33333,166.857,-90.0,1,0
dodge_and_return_000,dodge_and_return,8.35,165.357,-90.0,1,0
dodge_and_return_000,dodge_and_return,8.36667,163.857,-90.0,1,0
dodge_and_return_000,dodge_and_return,8.38333,162.357,-90.0,1,0
dodge_and_return_000,dodge_and_return,8.4,160.857,-90.0,1,0
dodge_and_return_000,dodge_and_return,8.41667,159.357,-90.0,1,0
dodge_and_return_000,dodge_and_return,8.43333,157.857,-90.0,1,0
dodge_and_return_000,dodge_and_return,8.45,156.357,-90.0,1,0
dodge_and_return_000,dodge_and_return,8.46667,154.857,-90.0,1,0
dodge_and_return_000,dodge_and_return,8.48333,153.357,-90.0,1,0
dodge_and_return_000,dodge_and_return,8.5,151.857,-90.0,1,0
dodge_and_return_000,dodge_and_return,8.51667,150.357,-90.0,1,0
dodge_and_return_000,dodge_and_return,8.53333,148.857,-90.0,1,0
dodge_and_return_000,dodge_and_return,8.55,147.357,-90.0,1,0
dodge_and_return_000,dodge_and_return,8.56667,145.857,-90.0,1,0
dodge_and_return_000,dodge_and_return,8.58333,144.357,-90.0,1,0
dodge_and_return_000,dodge_and_return,8.6,142.857,-90.0,1,0
dodge_and_return_000,dodge_and_return,8.61667,141.357,-90.0,1,0
dodge_and_return_000,dodge_and_return,8.63333,139.857,-90.0,1,0
dodge_and_return_000,dodge_and_return,8.65,138.357,-90.0,1,0
dodge_and_return_000,dodge_and_return,8.66667,136.857,-90.0,1,0
dodge_and_return_000,dodge_and_return,8.68333,135.357,-90.0,1,0
dodge_and_return_000,dodge_and_return,8.7,133.857,-90.0,1,0
dodge_and_return_000,dodge_and_return,8.71667,132.357,-90.0,1,0
dodge_and_return_000,dodge_and_return,8.73333,130.857,-90.0,1,0
dodge_and_return_000,dodge_and_return,8.75,129.357,-90.0,1,0
dodge_and_return_000,dodge_and_return,8.76667,127.857,-90.0,1,0
dodge_and_return_000,dodge_and_return,8.78333,126.357,-90.0,1,0
dodge_and_return_000,dodge_and_return,8.8,124.857,-90.0,1,0
dodge_and_return_000,dodge_and_return,8.81667,123.357,-90.0,1,0
dodge_and_return_000,dodge_and_return,8.83333,121.857,-90.0,1,0
dodge_and_return_000,dodge_and_return,8.85,120.357,-90.0,1,0
dodge_and_return_000,dodge_and_return,8.86667,118.857,-90.0,1,0
dodge_and_return_000,dodge_and_return,8.88333,117.357,-90.0,1,0
dodge_and_return_000,dodge_and_return,8.9,115.857,-90.0,1,0
dodge_and_return_000,dodge_and_return,8.91667,114.357,-90.0,1,0
dodge_and_return_000,dodge_and_return,8.93333,112.857,-90.0,1,0
dodge_and_return_000,dodge_and_return,8.95,111.357,-90.0,1,0
dodge_and_return_000,dodge_and_return,8.96667,109.857,-90.0,1,0
dodge_and_return_000,dodge_and_return,8.98333,108.357,-90.0,1,0
dodge_and_return_000,dodge_and_return,9.0,106.857,-90.0,1,0
dodge_and_return_000,dodge_and_return,9.01667,105.357,-90.0,0,0
dodge_and_return_000,dodge_and_return,9.03333,105.357,0.0,0,0
dodge_and_return_000,dodge_and_return,9.05,105.357,0.0,0,0
dodge_and_return_000,dodge_and_return,9.06667,105.357,0.0,0,0
dodge_and_return_000,dodge_and_return,9.08333,105.357,0.0,0,0
dodge_and_return_000,dodge_and_return,9.1,105.357,0.0,0,0
dodge_and_return_000,dodge_and_return,9.11667,105.357,0.0,0,0
dodge_and_return_000,dodge_and_return,9.13333,105.357,0.0,0,0
dodge_and_return_000,dodge_and_return,9.15,105.357,0.0,0,0
dodge_and_return_000,dodge_and_return,9.16667,105.357,0.0,0,0
dodge_and_return_000,dodge_and_return,9.18333,105.357,0.0,0,0
dodge_and_return_000,dodge_and_return,9.2,105.357,0.0,0,0
dodge_and_return_000,dodge_and_return,9.21667,105.357,0.0,0,0
dodge_and_return_000,dodge_and_return,9.23333,105.357,0.0,0,0
dodge_and_return_000,dodge_and_return,9.25,105.357,0.0,0,0
dodge_and_return_000,dodge_and_return,9.26667,105.357,0.0,0,0
dodge_and_return_000,dodge_and_return,9.28333,105.357,0.0,0,0
dodge_and_return_000,dodge_and_return,9.3,105.357,0.0,0,0
dodge_and_return_000,dodge_and_return,9.31667,105.357,0.0,0,0
dodge_and_return_000,dodge_and_return,9.33333,105.357,0.0,0,0
dodge_and_return_000,dodge_and_return,9.35,105.357,0.0,0,0
dodge_and_return_000,dodge_and_return,9.36667,105.357,0.0,0,0
dodge_and_return_000,dodge_and_return,9.38333,105.357,0.0,0,0
dodge_and_return_000,dodge_and_return,9.4,105.357,0.0,0,0
dodge_and_return_000,dodge_and_return,9.41667,105.357,0.0,0,0
dodge_and_return_000,dodge_and_return,9.43333,105.357,0.0,0,0
dodge_and_return_000,dodge_and_return,9.45,105.357,0.0,0,0
dodge_and_return_000,dodge_and_return,9.46667,105.357,0.0,0,0
dodge_and_return_000,dodge_and_return,9.48333,105.357,0.0,0,0
dodge_and_return_000,dodge_and_return,9.5,105.357,0.0,0,0
dodge_and_return_000,dodge_and_return,9.51667,105.357,0.0,0,0
dodge_and_return_000,dodge_and_return,9.53333,105.357,0.0,0,0
dodge_and_return_000,dodge_and_return,9.55,105.357,0.0,0,0
dodge_and_return_000,dodge_and_return,9.56667,105.357,0.0,0,0
dodge_and_return_000,dodge_and_return,9.58333,105.357,0.0,0,0
dodge_and_return_000,dodge_and_return,9.6,105.357,0.0,0,0
dodge_and_return_000,dodge_and_return,9.61667,105.357,0.0,0,0
dodge_and_return_000,dodge_and_return,9.63333,105.357,0.0,0,0
dodge_and_return_000,dodge_and_return,9.65,105.357,0.0,0,0
dodge_and_return_000,dodge_and_return,9.66667,105.357,0.0,0,0
dodge_and_return_000,dodge_and_return,9.68333,105.357,0.0,0,0
dodge_and_return_000,dodge_and_return,9.7,105.357,0.0,0,0
dodge_and_return_000,dodge_and_return,9.71667,105.357,0.0,0,0
dodge_and_return_000,dodge_and_return,9.73333,105.357,0.0,0,0
dodge_and_return_000,dodge_and_return,9.75,105.357,0.0,0,0
dodge_and_return_000,dodge_and_return,9.76667,105.357,0.0,0,0
dodge_and_return_000,dodge_and_return,9.78333,105.357,0.0,0,0
dodge_and_return_000,dodge_and_return,9.8,105.357,0.0,0,0
dodge_and_return_000,dodge_and_return,9.81667,105.357,0.0,0,0
dodge_and_return_000,dodge_and_return,9.83333,105.357,0.0,0,0
dodge_and_return_000,dodge_and_return,9.85,105.357,0.0,0,0
dodge_and_return_000,dodge_and_return,9.86667,105.357,0.0,0,0
dodge_and_return_000,dodge_and_return,9.88333,105.357,0.0,0,0
dodge_and_return_000,dodge_and_return,9.9,105.357,0.0,0,0
dodge_and_return_000,dodge_and_return,9.91667,105.357,0.0,0,0
dodge_and_return_000,dodge_and_return,9.93333,105.357,0.0,0,0
dodge_and_return_000,dodge_and_return,9.95,105.357,0.0,0,0
dodge_and_return_000,dodge_and_return,9.96667,105.357,0.0,0,0
dodge_and_return_000,dodge_and_return,9.98333,105.357,0.0,0,0
dodge_and_return_000,dodge_and_return,10.0,105.357,0.0,0,0
dodge_and_return_000,dodge_and_return,10.01667,105.357,0.0,0,0
dodge_and_return_000,dodge_and_return,10.03333,105.357,0.0,0,0
dodge_and_return_000,dodge_and_return,10.05,105.357,0.0,0,0
dodge_and_return_000,dodge_and_return,10.06667,105.357,0.0,0,0
dodge_and_return_000,dodge_and_return,10.08333,105.357,0.0,0,0
dodge_and_return_000,dodge_and_return,10.1,105.357,0.0,0,0
dodge_and_return_000,dodge_and_return,10.11667,105.357,0.0,0,0
dodge_and_return_000,dodge_and_return,10.13333,105.357,0.0,0,0
dodge_and_return_000,dodge_and_return,10.15,105.357,0.0,0,0
dodge_and_return_000,dodge_and_return,10.16667,105.357,0.0,0,0
dodge_and_return_000,dodge_and_return,10.18333,105.357,0.0,0,0
dodge_and_return_000,dodge_and_return,10.2,105.357,0.0,0,0
dodge_and_return_000,dodge_and_return,10.21667,105.357,0.0,0,0
dodge_and_return_000,dodge_and_return,10.23333,105.357,0.0,0,0
dodge_and_return_000,dodge_and_return,10.25,105.357,0.0,0,0
dodge_and_return_000,dodge_and_return,10.26667,105.357,0.0,0,0
dodge_and_return_000,dodge_and_return,10.28333,105.357,0.0,0,0
dodge_and_return_000,dodge_and_return,10.3,105.357,0.0,0,0
dodge_and_return_000,dodge_and_return,10.31667,105.357,0.0,0,0
dodge_and_return_000,dodge_and_return,10.33333,105.357,0.0,0,0
dodge_and_return_000,dodge_and_return,10.35,105.357,0.0,0,0
dodge_and_return_000,dodge_and_return,10.36667,105.357,0.0,0,0
dodge_and_return_000,dodge_and_return,10.38333,105.357,0.0,0,0
dodge_and_return_000,dodge_and_return,10.4,105.357,0.0,0,0
dodge_and_return_000,dodge_and_return,10.41667,105.357,0.0,0,0
dodge_and_return_000,dodge_and_return,10.43333,105.357,0.0,0,0
dodge_and_return_000,dodge_and_return,10.45,105.357,0.0,0,0
dodge_and_return_000,dodge_and_return,10.46667,105.357,0.0,0,0
dodge_and_return_000,dodge_and_return,10.48333,105.357,0.0,0,0
dodge_and_return_000,dodge_and_return,10.5,105.357,0.0,1,0
dodge_and_return_000,dodge_and_return,10.51667,103.857,-90.0,1,0
dodge_and_return_000,dodge_and_return,10.53333,102.357,-90.0,1,0
dodge_and_return_000,dodge_and_return,10.55,100.857,-90.0,1,0
dodge_and_return_000,dodge_and_return,10.56667,99.357,-90.0,1,0
dodge_and_return_000,dodge_and_return,10.58333,97.857,-90.0,1,0
dodge_and_return_000,dodge_and_return,10.6,96.357,-90.0,1,0
dodge_and_return_000,dodge_and_return,10.61667,94.857,-90.0,1,0
dodge_and_return_000,dodge_and_return,10.63333,93.357,-90.0,1,0
dodge_and_return_000,dodge_and_return,10.65,91.857,-90.0,1,0
dodge_and_return_000,dodge_and_return,10.66667,90.357,-90.0,1,0
dodge_and_return_000,dodge_and_return,10.68333,88.857,-90.0,1,0
dodge_and_return_000,dodge_and_return,10.7,87.357,-90.0,1,0
dodge_and_return_000,dodge_and_return,10.71667,85.857,-90.0,1,0
dodge_and_return_000,dodge_and_return,10.73333,84.357,-90.0,1,0
dodge_and_return_000,dodge_and_return,10.75,82.857,-90.0,1,0
dodge_and_return_000,dodge_and_return,10.76667,81.357,-90.0,1,0
dodge_and_return_000,dodge_and_return,10.78333,79.857,-90.0,1,0
dodge_and_return_000,dodge_and_return,10.8,78.357,-90.0,1,0
dodge_and_return_000,dodge_and_return,10.81667,76.857,-90.0,1,0
dodge_and_return_000,dodge_and_return,10.83333,75.357,-90.0,1,0
dodge_and_return_000,dodge_and_return,10.85,73.857,-90.0,1,0
dodge_and_return_000,dodge_and_return,10.86667,72.357,-90.0,1,0
dodge_and_return_000,dodge_and_return,10.88333,70.857,-90.0,1,0
dodge_and_return_000,dodge_and_return,10.9,69.357,-90.0,1,0
dodge_and_return_000,dodge_and_return,10.91667,67.857,-90.0,1,0
dodge_and_return_000,dodge_and_return,10.93333,66.357,-90.0,1,0
dodge_and_return_000,dodge_and_return,10.95,64.857,-90.0,1,0
dodge_and_return_000,dodge_and_return,10.96667,63.357,-90.0,1,0
dodge_and_return_000,dodge_and_return,10.98333,61.857,-90.0,1,0
dodge_and_return_000,dodge_and_return,11.0,60.357,-90.0,1,0
dodge_and_return_000,dodge_and_return,11.01667,58.857,-90.0,1,0
dodge_and_return_000,dodge_and_return,11.03333,57.357,-90.0,1,0
dodge_and_return_000,dodge_and_return,11.05,55.857,-90.0,1,0
dodge_and_return_000,dodge_and_return,11.06667,54.357,-90.0,1,0
dodge_and_return_000,dodge_and_return,11.08333,52.857,-90.0,1,0
dodge_and_return_000,dodge_and_return,11.1,51.357,-90.0,1,0
dodge_and_return_000,dodge_and_return,11.11667,49.857,-90.0,0,1
dodge_and_return_000,dodge_and_return,11.13333,51.357,90.0,0,1
dodge_and_return_000,dodge_and_return,11.15,52.857,90.0,0,1
dodge_and_return_000,dodge_and_return,11.16667,54.357,90.0,0,1
dodge_and_return_000,dodge_and_return,11.18333,55.857,90.0,0,1
dodge_and_return_000,dodge_and_return,11.2,57.357,90.0,0,1
dodge_and_return_000,dodge_and_return,11.21667,58.857,90.0,0,1
dodge_and_return_000,dodge_and_return,11.23333,60.357,90.0,0,1
dodge_and_return_000,dodge_and_return,11.25,61.857,90.0,0,1
dodge_and_return_000,dodge_and_return,11.26667,63.357,90.0,0,1
dodge_and_return_000,dodge_and_return,11.28333,64.857,90.0,0,1
dodge_and_return_000,dodge_and_return,11.3,66.357,90.0,0,1
dodge_and_return_000,dodge_and_return,11.31667,67.857,90.0,0,1
dodge_and_return_000,dodge_and_return,11.33333,69.357,90.0,0,1
dodge_and_return_000,dodge_and_return,11.35,70.857,90.0,0,1
dodge_and_return_000,dodge_and_return,11.36667,72.357,90.0,0,1
dodge_and_return_000,dodge_and_return,11.38333,73.857,90.0,0,1
dodge_and_return_000,dodge_and_return,11.4,75.357,90.0,0,1
dodge_and_return_000,dodge_and_return,11.41667,76.857,90.0,0,1
dodge_and_return_000,dodge_and_return,11.43333,78.357,90.0,0,1
dodge_and_return_000,dodge_and_return,11.45,79.857,90.0,0,1
dodge_and_return_000,dodge_and_return,11.46667,81.357,90.0,0,1
dodge_and_return_000,dodge_and_return,11.48333,82.857,90.0,0,1
dodge_and_return_000,dodge_and_return,11.5,84.357,90.0,0,1
dodge_and_return_000,dodge_and_return,11.51667,85.857,90.0,0,1
dodge_and_return_000,dodge_and_return,11.53333,87.357,90.0,0,1
dodge_and_return_000,dodge_and_return,11.55,88.857,90.0,0,1
dodge_and_return_000,dodge_and_return,11.56667,90.357,90.0,0,1
dodge_and_return_000,dodge_and_return,11.58333,91.857,90.0,0,1
dodge_and_return_000,dodge_and_return,11.6,93.357,90.0,0,1
dodge_and_return_000,dodge_and_return,11.61667,94.857,90.0,0,1
dodge_and_return_000,dodge_and_return,11.63333,96.357,90.0,0,1
dodge_and_return_000,dodge_and_return,11.65,97.857,90.0,0,1
dodge_and_return_000,dodge_and_return,11.66667,99.357,90.0,0,0
dodge_and_return_000,dodge_and_return,11.68333,99.357,0.0,0,0
dodge_and_return_000,dodge_and_return,11.7,99.357,0.0,0,0
dodge_and_return_000,dodge_and_return,11.71667,99.357,0.0,0,0
dodge_and_return_000,dodge_and_return,11.73333,99.357,0.0,0,0
dodge_and_return_000,dodge_and_return,11.75,99.357,0.0,0,0
dodge_and_return_000,dodge_and_return,11.76667,99.357,0.0,0,0
dodge_and_return_000,dodge_and_return,11.78333,99.357,0.0,0,0
dodge_and_return_000,dodge_and_return,11.8,99.357,0.0,0,0
dodge_and_return_000,dodge_and_return,11.81667,99.357,0.0,0,0
dodge_and_return_000,dodge_and_return,11.83333,99.357,0.0,0,0
dodge_and_return_000,dodge_and_return,11.85,99.357,0.0,0,0
dodge_and_return_000,dodge_and_return,11.86667,99.357,0.0,0,0
dodge_and_return_000,dodge_and_return,11.88333,99.357,0.0,0,0
dodge_and_return_000,dodge_and_return,11.9,99.357,0.0,0,0
dodge_and_return_000,dodge_and_return,11.91667,99.357,0.0,0,0
dodge_and_return_000,dodge_and_return,11.93333,99.357,0.0,0,0
dodge_and_return_000,dodge_and_return,11.95,99.357,0.0,0,0
dodge_and_return_000,dodge_and_return,11.96667,99.357,0.0,0,0
dodge_and_return_000,dodge_and_return,11.98333,99.357,0.0,0,0
dodge_and_return_000,dodge_and_return,12.0,99.357,0.0,0,0
dodge_and_return_000,dodge_and_return,12.01667,99.357,0.0,0,0
dodge_and_return_000,dodge_and_return,12.03333,99.357,0.0,0,0
dodge_and_return_000,dodge_and_return,12.05,99.357,0.0,0,0
dodge_and_return_000,dodge_and_return,12.06667,99.357,0.0,0,0
dodge_and_return_000,dodge_and_return,12.08333,99.357,0.0,0,0
dodge_and_return_000,dodge_and_return,12.1,99.357,0.0,0,0
dodge_and_return_000,dodge_and_return,12.11667,99.357,0.0,0,0
dodge_and_return_000,dodge_and_return,12.13333,99.357,0.0,0,0
dodge_and_return_000,dodge_and_return,12.15,99.357,0.0,0,0
dodge_and_return_000,dodge_and_return,12.16667,99.357,0.0,0,0
dodge_and_return_000,dodge_and_return,12.18333,99.357,0.0,0,0
dodge_and_return_000,dodge_and_return,12.2,99.357,0.0,0,0
dodge_and_return_000,dodge_and_return,12.21667,99.357,0.0,0,0
dodge_and_return_000,dodge_and_return,12.23333,99.357,0.0,0,0
dodge_and_return_000,dodge_and_return,12.25,99.357,0.0,0,0
dodge_and_return_000,dodge_and_return,12.26667,99.357,0.0,0,0
dodge_and_return_000,dodge_and_return,12.28333,99.357,0.0,0,0
dodge_and_return_000,dodge_and_return,12.3,99.357,0.0,0,0
dodge_and_return_000,dodge_and_return,12.31667,99.357,0.0,0,0
dodge_and_return_000,dodge_and_return,12.33333,99.357,0.0,0,0
dodge_and_return_000,dodge_and_return,12.35,99.357,0.0,0,0
dodge_and_return_000,dodge_and_return,12.36667,99.357,0.0,0,0
dodge_and_return_000,dodge_and_return,12.38333,99.357,0.0,0,0
dodge_and_return_000,dodge_and_return,12.4,99.357,0.0,0,0
dodge_and_return_000,dodge_and_return,12.41667,99.357,0.0,0,0
dodge_and_return_000,dodge_and_return,12.43333,99.357,0.0,0,0
dodge_and_return_000,dodge_and_return,12.45,99.357,0.0,0,0
dodge_and_return_000,dodge_and_return,12.46667,99.357,0.0,0,0
dodge_and_return_000,dodge_and_return,12.48333,99.357,0.0,0,0
dodge_and_return_000,dodge_and_return,12.5,99.357,0.0,0,0
dodge_and_return_000,dodge_and_return,12.51667,99.357,0.0,0,0
dodge_and_return_000,dodge_and_return,12.53333,99.357,0.0,0,0
dodge_and_return_000,dodge_and_return,12.55,99.357,0.0,0,0
dodge_and_return_000,dodge_and_return,12.56667,99.357,0.0,0,0
dodge_and_return_000,dodge_and_return,12.58333,99.357,0.0,0,0
dodge_and_return_000,dodge_and_return,12.6,99.357,0.0,0,0
dodge_and_return_000,dodge_and_return,12.61667,99.357,0.0,0,0
dodge_and_return_000,dodge_and_return,12.63333,99.357,0.0,0,0
dodge_and_return_000,dodge_and_return,12.65,99.357,0.0,0,0
dodge_and_return_000,dodge_and_return,12.66667,99.357,0.0,0,0
dodge_and_return_000,dodge_and_return,12.68333,99.357,0.0,0,0
dodge_and_return_000,dodge_and_return,12.7,99.357,0.0,0,0
dodge_and_return_000,dodge_and_return,12.71667,99.357,0.0,0,0
dodge_and_return_000,dodge_and_return,12.73333,99.357,0.0,0,0
dodge_and_return_000,dodge_and_return,12.75,99.357,0.0,0,0
dodge_and_return_000,dodge_and_return,12.76667,99.357,0.0,0,0
dodge_and_return_000,dodge_and_return,12.78333,99.357,0.0,0,0
dodge_and_return_000,dodge_and_return,12.8,99.357,0.0,0,0
dodge_and_return_000,dodge_and_return,12.81667,99.357,0.0,0,0
dodge_and_return_000,dodge_and_return,12.83333,99.357,0.0,0,0
dodge_and_return_000,dodge_and_return,12.85,99.357,0.0,0,0
dodge_and_return_000,dodge_and_return,12.86667,99.357,0.0,0,0
dodge_and_return_000,dodge_and_return,12.88333,99.357,0.0,0,0
dodge_and_return_000,dodge_and_return,12.9,99.357,0.0,0,0
dodge_and_return_000,dodge_and_return,12.91667,99.357,0.0,0,0
dodge_and_return_000,dodge_and_return,12.93333,99.357,0.0,0,0
dodge_and_return_000,dodge_and_return,12.95,99.357,0.0,0,0
dodge_and_return_000,dodge_and_return,12.96667,99.357,0.0,0,0
dodge_and_return_000,dodge_and_return,12.98333,99.357,0.0,0,0
dodge_and_return_000,dodge_and_return,13.0,99.357,0.0,0,0
dodge_and_return_000,dodge_and_return,13.01667,99.357,0.0,0,0
dodge_and_return_000,dodge_and_return,13.03333,99.357,0.0,0,0
dodge_and_return_000,dodge_and_return,13.05,99.357,0.0,0,0
dodge_and_return_000,dodge_and_return,13.06667,99.357,0.0,0,0
dodge_and_return_000,dodge_and_return,13.08333,99.357,0.0,0,0
dodge_and_return_000,dodge_and_return,13.1,99.357,0.0,0,0
dodge_and_return_000,dodge_and_return,13.11667,99.357,0.0,0,0
dodge_and_return_000,dodge_and_return,13.13333,99.357,0.0,0,0
dodge_and_return_000,dodge_and_return,13.15,99.357,0.0,0,0
dodge_and_return_000,dodge_and_return,13.16667,99.357,0.0,0,0
dodge_and_return_000,dodge_and_return,13.18333,99.357,0.0,0,0
dodge_and_return_000,dodge_and_return,13.2,99.357,0.0,0,0
dodge_and_return_000,dodge_and_return,13.21667,99.357,0.0,0,0
dodge_and_return_000,dodge_and_return,13.23333,99.357,0.0,0,0
dodge_and_return_000,dodge_and_return,13.25,99.357,0.0,0,0
dodge_and_return_000,dodge_and_return,13.26667,99.357,0.0,0,0
dodge_and_return_000,dodge_and_return,13.28333,99.357,0.0,0,0
dodge_and_return_000,dodge_and_return,13.3,99.357,0.0,0,0
dodge_and_return_000,dodge_and_return,13.31667,99.357,0.0,0,0
dodge_and_return_000,dodge_and_return,13.33333,99.357,0.0,0,0
dodge_and_return_000,dodge_and_return,13.35,99.357,0.0,0,0
dodge_and_return_000,dodge_and_return,13.36667,99.357,0.0,0,0
dodge_and_return_000,dodge_and_return,13.38333,99.357,0.0,0,0
dodge_and_return_000,dodge_and_return,13.4,99.357,0.0,0,0
dodge_and_return_000,dodge_and_return,13.41667,99.357,0.0,0,0
dodge_and_return_000,dodge_and_return,13.43333,99.357,0.0,0,0
dodge_and_return_000,dodge_and_return,13.45,99.357,0.0,0,0
dodge_and_return_000,dodge_and_return,13.46667,99.357,0.0,0,0
dodge_and_return_000,dodge_and_return,13.48333,99.357,0.0,0,0
dodge_and_return_000,dodge_and_return,13.5,99.357,0.0,0,0
dodge_and_return_000,dodge_and_return,13.51667,99.357,0.0,0,0
dodge_and_return_000,dodge_and_return,13.53333,99.357,0.0,0,0
dodge_and_return_000,dodge_and_return,13.55,99.357,0.0,0,0
dodge_and_return_000,dodge_and_return,13.56667,99.357,0.0,0,0
dodge_and_return_000,dodge_and_return,13.58333,99.357,0.0,0,0
dodge_and_return_000,dodge_and_return,13.6,99.357,0.0,0,0
dodge_and_return_000,dodge_and_return,13.61667,99.357,0.0,0,0
dodge_and_return_000,dodge_and_return,13.63333,99.357,0.0,0,0
dodge_and_return_000,dodge_and_return,13.65,99.357,0.0,0,0
dodge_and_return_000,dodge_and_return,13.66667,99.357,0.0,0,0
dodge_and_return_000,dodge_and_return,13.68333,99.357,0.0,0,0
dodge_and_return_000,dodge_and_return,13.7,99.357,0.0,0,0
dodge_and_return_000,dodge_and_return,13.71667,99.357,0.0,0,0
dodge_and_return_000,dodge_and_return,13.73333,99.357,0.0,0,0
dodge_and_return_000,dodge_and_return,13.75,99.357,0.0,0,0
dodge_and_return_000,dodge_and_return,13.76667,99.357,0.0,0,0
dodge_and_return_000,dodge_and_return,13.78333,99.357,0.0,0,0
dodge_and_return_000,dodge_and_return,13.8,99.357,0.0,0,0
dodge_and_return_000,dodge_and_return,13.81667,99.357,0.0,0,0
dodge_and_return_000,dodge_and_return,13.83333,99.357,0.0,0,0
dodge_and_return_000,dodge_and_return,13.85,99.357,0.0,0,0
dodge_and_return_000,dodge_and_return,13.86667,99.357,0.0,0,0
dodge_and_return_000,dodge_and_return,13.88333,99.357,0.0,0,0
dodge_and_return_000,dodge_and_return,13.9,99.357,0.0,0,0
dodge_and_return_000,dodge_and_return,13.91667,99.357,0.0,0,0
dodge_and_return_000,dodge_and_return,13.93333,99.357,0.0,0,0
dodge_and_return_000,dodge_and_return,13.95,99.357,0.0,0,0
dodge_and_return_000,dodge_and_return,13.96667,99.357,0.0,0,0
dodge_and_return_000,dodge_and_return,13.98333,99.357,0.0,0,0
dodge_and_return_000,dodge_and_return,14.0,99.357,0.0,0,0
dodge_and_return_000,dodge_and_return,14.01667,99.357,0.0,0,0
dodge_and_return_000,dodge_and_return,14.03333,99.357,0.0,0,0
dodge_and_return_000,dodge_and_return,14.05,99.357,0.0,0,0
dodge_and_return_000,dodge_and_return,14.06667,99.357,0.0,0,0
dodge_and_return_000,dodge_and_return,14.08333,99.357,0.0,0,0
dodge_and_return_000,dodge_and_return,14.1,99.357,0.0,0,0
dodge_and_return_000,dodge_and_return,14.11667,99.357,0.0,0,0
dodge_and_return_000,dodge_and_return,14.13333,99.357,0.0,0,0
dodge_and_return_000,dodge_and_return,14.15,99.357,0.0,0,0
dodge_and_return_000,dodge_and_return,14.16667,99.357,0.0,0,0
dodge_and_return_000,dodge_and_return,14.18333,99.357,0.0,0,0
dodge_and_return_000,dodge_and_return,14.2,99.357,0.0,0,0
dodge_and_return_000,dodge_and_return,14.21667,99.357,0.0,0,0
dodge_and_return_000,dodge_and_return,14.23333,99.357,0.0,0,0
dodge_and_return_000,dodge_and_return,14.25,99.357,0.0,0,0
dodge_and_return_000,dodge_and_return,14.26667,99.357,0.0,0,0
dodge_and_return_000,dodge_and_return,14.28333,99.357,0.0,0,0
dodge_and_return_000,dodge_and_return,14.3,99.357,0.0,0,0
dodge_and_return_000,dodge_and_return,14.31667,99.357,0.0,0,0
dodge_and_return_000,dodge_and_return,14.33333,99.357,0.0,0,0
dodge_and_return_000,dodge_and_return,14.35,99.357,0.0,0,0
dodge_and_return_000,dodge_and_return,14.36667,99.357,0.0,0,0
dodge_and_return_000,dodge_and_return,14.38333,99.357,0.0,0,0
dodge_and_return_000,dodge_and_return,14.4,99.357,0.0,0,0
dodge_and_return_000,dodge_and_return,14.41667,99.357,0.0,0,0
dodge_and_return_000,dodge_and_return,14.43333,99.357,0.0,0,0
dodge_and_return_000,dodge_and_return,14.45,99.357,0.0,0,0
dodge_and_return_000,dodge_and_return,14.46667,99.357,0.0,0,0
dodge_and_return_000,dodge_and_return,14.48333,99.357,0.0,0,0
dodge_and_return_000,dodge_and_return,14.5,99.357,0.0,0,0
dodge_and_return_000,dodge_and_return,14.51667,99.357,0.0,0,0
dodge_and_return_000,dodge_and_return,14.53333,99.357,0.0,0,0
dodge_and_return_000,dodge_and_return,14.55,99.357,0.0,0,0
dodge_and_return_000,dodge_and_return,14.56667,99.357,0.0,0,0
dodge_and_return_000,dodge_and_return,14.58333,99.357,0.0,0,0
dodge_and_return_000,dodge_and_return,14.6,99.357,0.0,0,0
dodge_and_return_000,dodge_and_return,14.61667,99.357,0.0,0,0
dodge_and_return_000,dodge_and_return,14.63333,99.357,0.0,0,0
dodge_and_return_000,dodge_and_return,14.65,99.357,0.0,0,0
dodge_and_return_000,dodge_and_return,14.66667,99.357,0.0,0,0
dodge_and_return_000,dodge_and_return,14.68333,99.357,0.0,0,0
dodge_and_return_000,dodge_and_return,14.7,99.357,0.0,0,0
dodge_and_return_000,dodge_and_return,14.71667,99.357,0.0,1,0
dodge_and_return_000,dodge_and_return,14.73333,97.857,-90.0,1,0
dodge_and_return_000,dodge_and_return,14.75,96.357,-90.0,1,0
dodge_and_return_000,dodge_and_return,14.76667,94.857,-90.0,1,0
dodge_and_return_000,dodge_and_return,14.78333,93.357,-90.0,1,0
dodge_and_return_000,dodge_and_return,14.8,91.857,-90.0,1,0
dodge_and_return_000,dodge_and_return,14.81667,90.357,-90.0,1,0
dodge_and_return_000,dodge_and_return,14.83333,88.857,-90.0,1,0
dodge_and_return_000,dodge_and_return,14.85,87.357,-90.0,1,0
dodge_and_return_000,dodge_and_return,14.86667,85.857,-90.0,1,0
dodge_and_return_000,dodge_and_return,14.88333,84.357,-90.0,1,0
dodge_and_return_000,dodge_and_return,14.9,82.857,-90.0,1,0
dodge_and_return_000,dodge_and_return,14.91667,81.357,-90.0,1,0
dodge_and_return_000,dodge_and_return,14.93333,79.857,-90.0,1,0
dodge_and_return_000,dodge_and_return,14.95,78.357,-90.0,1,0
dodge_and_return_000,dodge_and_return,14.96667,76.857,-90.0,1,0
dodge_and_return_000,dodge_and_return,14.98333,75.357,-90.0,1,0
dodge_and_return_000,dodge_and_return,15.0,73.857,-90.0,1,0
dodge_and_return_000,dodge_and_return,15.01667,72.357,-90.0,1,0
dodge_and_return_000,dodge_and_return,15.03333,70.857,-90.0,1,0
dodge_and_return_000,dodge_and_return,15.05,69.357,-90.0,1,0
dodge_and_return_000,dodge_and_return,15.06667,67.857,-90.0,1,0
dodge_and_return_000,dodge_and_return,15.08333,66.357,-90.0,1,0
dodge_and_return_000,dodge_and_return,15.1,64.857,-90.0,1,0
dodge_and_return_000,dodge_and_return,15.11667,63.357,-90.0,1,0
dodge_and_return_000,dodge_and_return,15.13333,61.857,-90.0,1,0
dodge_and_return_000,dodge_and_return,15.15,60.357,-90.0,1,0
dodge_and_return_000,dodge_and_return,15.16667,58.857,-90.0,1,0
dodge_and_return_000,dodge_and_return,15.18333,57.357,-90.0,1,0
dodge_and_return_000,dodge_and_return,15.2,55.857,-90.0,1,0
dodge_and_return_000,dodge_and_return,15.21667,54.357,-90.0,1,0
dodge_and_return_000,dodge_and_return,15.23333,52.857,-90.0,1,0
dodge_and_return_000,dodge_and_return,15.25,51.357,-90.0,1,0
dodge_and_return_000,dodge_and_return,15.26667,49.857,-90.0,1,0
dodge_and_return_000,dodge_and_return,15.28333,48.357,-90.0,1,0
dodge_and_return_000,dodge_and_return,15.3,46.857,-90.0,1,0
dodge_and_return_000,dodge_and_return,15.31667,45.357,-90.0,1,0
dodge_and_return_000,dodge_and_return,15.33333,43.857,-90.0,1,0
dodge_and_return_000,dodge_and_return,15.35,42.357,-90.0,1,0
dodge_and_return_000,dodge_and_return,15.36667,40.857,-90.0,0,1
dodge_and_return_000,dodge_and_return,15.38333,42.357,90.0,0,1
dodge_and_return_000,dodge_and_return,15.4,43.857,90.0,0,1
dodge_and_return_000,dodge_and_return,15.41667,45.357,90.0,0,1
dodge_and_return_000,dodge_and_return,15.43333,46.857,90.0,0,1
dodge_and_return_000,dodge_and_return,15.45,48.357,90.0,0,1
dodge_and_return_000,dodge_and_return,15.46667,49.857,90.0,0,1
dodge_and_return_000,dodge_and_return,15.48333,51.357,90.0,0,1
dodge_and_return_000,dodge_and_return,15.5,52.857,90.0,0,1
dodge_and_return_000,dodge_and_return,15.51667,54.357,90.0,0,1
dodge_and_return_000,dodge_and_return,15.53333,55.857,90.0,0,1
dodge_and_return_000,dodge_and_return,15.55,57.357,90.0,0,1
dodge_and_return_000,dodge_and_return,15.56667,58.857,90.0,0,1
dodge_and_return_000,dodge_and_return,15.58333,60.357,90.0,0,1
dodge_and_return_000,dodge_and_return,15.6,61.857,90.0,0,1
dodge_and_return_000,dodge_and_return,15.61667,63.357,90.0,0,1
dodge_and_return_000,dodge_and_return,15.63333,64.857,90.0,0,1
dodge_and_return_000,dodge_and_return,15.65,66.357,90.0,0,1
dodge_and_return_000,dodge_and_return,15.66667,67.857,90.0,0,1
dodge_and_return_000,dodge_and_return,15.68333,69.357,90.0,0,1
dodge_and_return_000,dodge_and_return,15.7,70.857,90.0,0,1
dodge_and_return_000,dodge_and_return,15.71667,72.357,90.0,0,1
dodge_and_return_000,dodge_and_return,15.73333,73.857,90.0,0,1
dodge_and_return_000,dodge_and_return,15.75,75.357,90.0,0,1
dodge_and_return_000,dodge_and_return,15.76667,76.857,90.0,0,1
dodge_and_return_000,dodge_and_return,15.78333,78.357,90.0,0,1
dodge_and_return_000,dodge_and_return,15.8,79.857,90.0,0,1
dodge_and_return_000,dodge_and_return,15.81667,81.357,90.0,0,1
dodge_and_return_000,dodge_and_return,15.83333,82.857,90.0,0,1
dodge_and_return_000,dodge_and_return,15.85,84.357,90.0,0,1
dodge_and_return_000,dodge_and_return,15.86667,85.857,90.0,0,1
dodge_and_return_000,dodge_and_return,15.88333,87.357,90.0,0,1
dodge_and_return_000,dodge_and_return,15.9,88.857,90.0,0,1
dodge_and_return_000,dodge_and_return,15.91667,90.357,90.0,0,1
dodge_and_return_000,dodge_and_return,15.93333,91.857,90.0,0,1
dodge_and_return_000,dodge_and_return,15.95,93.357,90.0,0,1
dodge_and_return_000,dodge_and_return,15.96667,94.857,90.0,0,1
dodge_and_return_000,dodge_and_return,15.98333,96.357,90.0,0,1
dodge_and_return_000,dodge_and_return,16.0,97.857,90.0,0,1
dodge_and_return_000,dodge_and_return,16.01667,99.357,90.0,0,0
dodge_and_return_000,dodge_and_return,16.03333,99.357,0.0,0,0
dodge_and_return_000,dodge_and_return,16.05,99.357,0.0,0,0
dodge_and_return_000,dodge_and_return,16.06667,99.357,0.0,0,0
dodge_and_return_000,dodge_and_return,16.08333,99.357,0.0,0,0
dodge_and_return_000,dodge_and_return,16.1,99.357,0.0,0,0
dodge_and_return_000,dodge_and_return,16.11667,99.357,0.0,0,0
dodge_and_return_000,dodge_and_return,16.13333,99.357,0.0,0,0
dodge_and_return_000,dodge_and_return,16.15,99.357,0.0,0,0
dodge_and_return_000,dodge_and_return,16.16667,99.357,0.0,0,0
dodge_and_return_000,dodge_and_return,16.18333,99.357,0.0,0,0
dodge_and_return_000,dodge_and_return,16.2,99.357,0.0,0,0
dodge_and_return_000,dodge_and_return,16.21667,99.357,0.0,0,0
dodge_and_return_000,dodge_and_return,16.23333,99.357,0.0,0,0
dodge_and_return_000,dodge_and_return,16.25,99.357,0.0,0,0
dodge_and_return_000,dodge_and_return,16.26667,99.357,0.0,0,0
dodge_and_return_000,dodge_and_return,16.28333,99.357,0.0,0,0
dodge_and_return_000,dodge_and_return,16.3,99.357,0.0,0,0
dodge_and_return_000,dodge_and_return,16.31667,99.357,0.0,0,0
dodge_and_return_000,dodge_and_return,16.33333,99.357,0.0,0,0
dodge_and_return_000,dodge_and_return,16.35,99.357,0.0,0,0
dodge_and_return_000,dodge_and_return,16.36667,99.357,0.0,0,0
dodge_and_return_000,dodge_and_return,16.38333,99.357,0.0,0,0
dodge_and_return_000,dodge_and_return,16.4,99.357,0.0,0,0
dodge_and_return_000,dodge_and_return,16.41667,99.357,0.0,0,0
dodge_and_return_000,dodge_and_return,16.43333,99.357,0.0,0,0
dodge_and_return_000,dodge_and_return,16.45,99.357,0.0,0,0
dodge_and_return_000,dodge_and_return,16.46667,99.357,0.0,0,0
dodge_and_return_000,dodge_and_return,16.48333,99.357,0.0,0,0
dodge_and_return_000,dodge_and_return,16.5,99.357,0.0,0,0
dodge_and_return_000,dodge_and_return,16.51667,99.357,0.0,0,0
dodge_and_return_000,dodge_and_return,16.53333,99.357,0.0,0,0
dodge_and_return_000,dodge_and_return,16.55,99.357,0.0,0,0
dodge_and_return_000,dodge_and_return,16.56667,99.357,0.0,0,0
dodge_and_return_000,dodge_and_return,16.58333,99.357,0.0,0,0
dodge_and_return_000,dodge_and_return,16.6,99.357,0.0,0,0
dodge_and_return_000,dodge_and_return,16.61667,99.357,0.0,0,0
dodge_and_return_000,dodge_and_return,16.63333,99.357,0.0,0,0
dodge_and_return_000,dodge_and_return,16.65,99.357,0.0,0,0
dodge_and_return_000,dodge_and_return,16.66667,99.357,0.0,0,0
dodge_and_return_000,dodge_and_return,16.68333,99.357,0.0,0,0
dodge_and_return_000,dodge_and_return,16.7,99.357,0.0,0,0
dodge_and_return_000,dodge_and_return,16.71667,99.357,0.0,0,0
dodge_and_return_000,dodge_and_return,16.73333,99.357,0.0,0,0
dodge_and_return_000,dodge_and_return,16.75,99.357,0.0,0,0
dodge_and_return_000,dodge_and_return,16.76667,99.357,0.0,0,0
dodge_and_return_000,dodge_and_return,16.78333,99.357,0.0,0,0
dodge_and_return_000,dodge_and_return,16.8,99.357,0.0,0,0
dodge_and_return_000,dodge_and_return,16.81667,99.357,0.0,0,0
dodge_and_return_000,dodge_and_return,16.83333,99.357,0.0,0,0
dodge_and_return_000,dodge_and_return,16.85,99.357,0.0,0,0
dodge_and_return_000,dodge_and_return,16.86667,99.357,0.0,0,0
dodge_and_return_000,dodge_and_return,16.88333,99.357,0.0,0,0
dodge_and_return_000,dodge_and_return,16.9,99.357,0.0,0,0
dodge_and_return_000,dodge_and_return,16.91667,99.357,0.0,0,0
dodge_and_return_000,dodge_and_return,16.93333,99.357,0.0,0,0
dodge_and_return_000,dodge_and_return,16.95,99.357,0.0,0,0
dodge_and_return_000,dodge_and_return,16.96667,99.357,0.0,0,0
dodge_and_return_000,dodge_and_return,16.98333,99.357,0.0,0,0
dodge_and_return_000,dodge_and_return,17.0,99.357,0.0,0,0
dodge_and_return_000,dodge_and_return,17.01667,99.357,0.0,0,0
dodge_and_return_000,dodge_and_return,17.03333,99.357,0.0,0,0
dodge_and_return_000,dodge_and_return,17.05,99.357,0.0,0,0
dodge_and_return_000,dodge_and_return,17.06667,99.357,0.0,0,0
dodge_and_return_000,dodge_and_return,17.08333,99.357,0.0,0,0
dodge_and_return_000,dodge_and_return,17.1,99.357,0.0,0,0
dodge_and_return_000,dodge_and_return,17.11667,99.357,0.0,0,0
dodge_and_return_000,dodge_and_return,17.13333,99.357,0.0,0,0
dodge_and_return_000,dodge_and_return,17.15,99.357,0.0,0,0
dodge_and_return_000,dodge_and_return,17.16667,99.357,0.0,0,0
dodge_and_return_000,dodge_and_return,17.18333,99.357,0.0,0,0
dodge_and_return_000,dodge_and_return,17.2,99.357,0.0,0,0
dodge_and_return_000,dodge_and_return,17.21667,99.357,0.0,0,0
dodge_and_return_000,dodge_and_return,17.23333,99.357,0.0,0,0
dodge_and_return_000,dodge_and_return,17.25,99.357,0.0,0,0
dodge_and_return_000,dodge_and_return,17.26667,99.357,0.0,0,0
dodge_and_return_000,dodge_and_return,17.28333,99.357,0.0,0,0
dodge_and_return_000,dodge_and_return,17.3,99.357,0.0,0,0
dodge_and_return_000,dodge_and_return,17.31667,99.357,0.0,0,0
dodge_and_return_000,dodge_and_return,17.33333,99.357,0.0,0,0
dodge_and_return_000,dodge_and_return,17.35,99.357,0.0,0,0
dodge_and_return_000,dodge_and_return,17.36667,99.357,0.0,0,0
dodge_and_return_000,dodge_and_return,17.38333,99.357,0.0,0,0
dodge_and_return_000,dodge_and_return,17.4,99.357,0.0,0,0
dodge_and_return_000,dodge_and_return,17.41667,99.357,0.0,0,0
dodge_and_return_000,dodge_and_return,17.43333,99.357,0.0,0,0
dodge_and_return_000,dodge_and_return,17.45,99.357,0.0,0,0
dodge_and_return_000,dodge_and_return,17.46667,99.357,0.0,0,0
dodge_and_return_000,dodge_and_return,17.48333,99.357,0.0,0,0
dodge_and_return_000,dodge_and_return,17.5,99.357,0.0,0,0
dodge_and_return_000,dodge_and_return,17.51667,99.357,0.0,1,0
dodge_and_return_000,dodge_and_return,17.53333,97.857,-90.0,1,0
dodge_and_return_000,dodge_and_return,17.55,96.357,-90.0,1,0
dodge_and_return_000,dodge_and_return,17.56667,94.857,-90.0,1,0
dodge_and_return_000,dodge_and_return,17.58333,93.357,-90.0,1,0
dodge_and_return_000,dodge_and_return,17.6,91.857,-90.0,1,0
dodge_and_return_000,dodge_and_return,17.61667,90.357,-90.0,1,0
dodge_and_return_000,dodge_and_return,17.63333,88.857,-90.0,1,0
dodge_and_return_000,dodge_and_return,17.65,87.357,-90.0,1,0
dodge_and_return_000,dodge_and_return,17.66667,85.857,-90.0,1,0
dodge_and_return_000,dodge_and_return,17.68333,84.357,-90.0,1,0
dodge_and_return_000,dodge_and_return,17.7,82.857,-90.0,1,0
dodge_and_return_000,dodge_and_return,17.71667,81.357,-90.0,1,0
dodge_and_return_000,dodge_and_return,17.73333,79.857,-90.0,1,0
dodge_and_return_000,dodge_and_return,17.75,78.357,-90.0,1,0
dodge_and_return_000,dodge_and_return,17.76667,76.857,-90.0,1,0
dodge_and_return_000,dodge_and_return,17.78333,75.357,-90.0,1,0
dodge_and_return_000,dodge_and_return,17.8,73.857,-90.0,1,0
dodge_and_return_000,dodge_and_return,17.81667,72.357,-90.0,1,0
dodge_and_return_000,dodge_and_return,17.83333,70.857,-90.0,1,0
dodge_and_return_000,dodge_and_return,17.85,69.357,-90.0,1,0
dodge_and_return_000,dodge_and_return,17.86667,67.857,-90.0,1,0
dodge_and_return_000,dodge_and_return,17.88333,66.357,-90.0,1,0
dodge_and_return_000,dodge_and_return,17.9,64.857,-90.0,1,0
dodge_and_return_000,dodge_and_return,17.91667,63.357,-90.0,1,0
dodge_and_return_000,dodge_and_return,17.93333,61.857,-90.0,1,0
dodge_and_return_000,dodge_and_return,17.95,60.357,-90.0,1,0
dodge_and_return_000,dodge_and_return,17.96667,58.857,-90.0,1,0
dodge_and_return_000,dodge_and_return,17.98333,57.357,-90.0,1,0
dodge_and_return_000,dodge_and_return,18.0,55.857,-90.0,1,0
dodge_and_return_000,dodge_and_return,18.01667,54.357,-90.0,1,0
dodge_and_return_000,dodge_and_return,18.03333,52.857,-90.0,1,0
dodge_and_return_000,dodge_and_return,18.05,51.357,-90.0,1,0
dodge_and_return_000,dodge_and_return,18.06667,49.857,-90.0,1,0
dodge_and_return_000,dodge_and_return,18.08333,48.357,-90.0,1,0
dodge_and_return_000,dodge_and_return,18.1,46.857,-90.0,1,0
dodge_and_return_000,dodge_and_return,18.11667,45.357,-90.0,1,0
dodge_and_return_000,dodge_and_return,18.13333,43.857,-90.0,1,0
dodge_and_return_000,dodge_and_return,18.15,42.357,-90.0,1,0
dodge_and_return_000,dodge_and_return,18.16667,40.857,-90.0,1,0
dodge_and_return_000,dodge_and_return,18.18333,39.357,-90.0,1,0
dodge_and_return_000,dodge_and_return,18.2,37.857,-90.0,1,0
dodge_and_return_000,dodge_and_return,18.21667,36.357,-90.0,1,0
dodge_and_return_000,dodge_and_return,18.23333,34.857,-90.0,1,0
dodge_and_return_000,dodge_and_return,18.25,33.357,-90.0,1,0
dodge_and_return_000,dodge_and_return,18.26667,31.857,-90.0,1,0
dodge_and_return_000,dodge_and_return,18.28333,30.357,-90.0,1,0
dodge_and_return_000,dodge_and_return,18.3,28.857,-90.0,1,0
dodge_and_return_000,dodge_and_return,18.31667,27.357,-90.0,1,0
dodge_and_return_000,dodge_and_return,18.33333,25.857,-90.0,1,0
dodge_and_return_000,dodge_and_return,18.35,24.357,-90.0,1,0
dodge_and_return_000,dodge_and_return,18.36667,22.857,-90.0,1,0
dodge_and_return_000,dodge_and_return,18.38333,21.357,-90.0,1,0
dodge_and_return_000,dodge_and_return,18.4,19.857,-90.0,1,0
dodge_and_return_000,dodge_and_return,18.41667,18.357,-90.0,1,0
dodge_and_return_000,dodge_and_return,18.43333,16.857,-90.0,1,0
dodge_and_return_000,dodge_and_return,18.45,15.357,-90.0,0,1
dodge_and_return_000,dodge_and_return,18.46667,16.857,90.0,0,1
dodge_and_return_000,dodge_and_return,18.48333,18.357,90.0,0,1
dodge_and_return_000,dodge_and_return,18.5,19.857,90.0,0,1
dodge_and_return_000,dodge_and_return,18.51667,21.357,90.0,0,1
dodge_and_return_000,dodge_and_return,18.53333,22.857,90.0,0,1
dodge_and_return_000,dodge_and_return,18.55,24.357,90.0,0,1
dodge_and_return_000,dodge_and_return,18.56667,25.857,90.0,0,1
dodge_and_return_000,dodge_and_return,18.58333,27.357,90.0,0,1
dodge_and_return_000,dodge_and_return,18.6,28.857,90.0,0,1
dodge_and_return_000,dodge_and_return,18.61667,30.357,90.0,0,1
dodge_and_return_000,dodge_and_return,18.63333,31.857,90.0,0,1
dodge_and_return_000,dodge_and_return,18.65,33.357,90.0,0,1
dodge_and_return_000,dodge_and_return,18.66667,34.857,90.0,0,1
dodge_and_return_000,dodge_and_return,18.68333,36.357,90.0,0,1
dodge_and_return_000,dodge_and_return,18.7,37.857,90.0,0,1
dodge_and_return_000,dodge_and_return,18.71667,39.357,90.0,0,1
dodge_and_return_000,dodge_and_return,18.73333,40.857,90.0,0,1
dodge_and_return_000,dodge_and_return,18.75,42.357,90.0,0,1
dodge_and_return_000,dodge_and_return,18.76667,43.857,90.0,0,1
dodge_and_return_000,dodge_and_return,18.78333,45.357,90.0,0,1
dodge_and_return_000,dodge_and_return,18.8,46.857,90.0,0,1
dodge_and_return_000,dodge_and_return,18.81667,48.357,90.0,0,1
dodge_and_return_000,dodge_and_return,18.83333,49.857,90.0,0,1
dodge_and_return_000,dodge_and_return,18.85,51.357,90.0,0,1
dodge_and_return_000,dodge_and_return,18.86667,52.857,90.0,0,1
dodge_and_return_000,dodge_and_return,18.88333,54.357,90.0,0,1
dodge_and_return_000,dodge_and_return,18.9,55.857,90.0,0,1
dodge_and_return_000,dodge_and_return,18.91667,57.357,90.0,0,1
dodge_and_return_000,dodge_and_return,18.93333,58.857,90.0,0,1
dodge_and_return_000,dodge_and_return,18.95,60.357,90.0,0,1
dodge_and_return_000,dodge_and_return,18.96667,61.857,90.0,0,1
dodge_and_return_000,dodge_and_return,18.98333,63.357,90.0,0,1
dodge_and_return_000,dodge_and_return,19.0,64.857,90.0,0,1
dodge_and_return_000,dodge_and_return,19.01667,66.357,90.0,0,1
dodge_and_return_000,dodge_and_return,19.03333,67.857,90.0,0,1
dodge_and_return_000,dodge_and_return,19.05,69.357,90.0,0,1
dodge_and_return_000,dodge_and_return,19.06667,70.857,90.0,0,1
dodge_and_return_000,dodge_and_return,19.08333,72.357,90.0,0,1
dodge_and_return_000,dodge_and_return,19.1,73.857,90.0,0,1
dodge_and_return_000,dodge_and_return,19.11667,75.357,90.0,0,1
dodge_and_return_000,dodge_and_return,19.13333,76.857,90.0,0,1
dodge_and_return_000,dodge_and_return,19.15,78.357,90.0,0,1
dodge_and_return_000,dodge_and_return,19.16667,79.857,90.0,0,1
dodge_and_return_000,dodge_and_return,19.18333,81.357,90.0,0,1
dodge_and_return_000,dodge_and_return,19.2,82.857,90.0,0,1
dodge_and_return_000,dodge_and_return,19.21667,84.357,90.0,0,1
dodge_and_return_000,dodge_and_return,19.23333,85.857,90.0,0,1
dodge_and_return_000,dodge_and_return,19.25,87.357,90.0,0,1
dodge_and_return_000,dodge_and_return,19.26667,88.857,90.0,0,1
dodge_and_return_000,dodge_and_return,19.28333,90.357,90.0,0,1
dodge_and_return_000,dodge_and_return,19.3,91.857,90.0,0,1
dodge_and_return_000,dodge_and_return,19.31667,93.357,90.0,0,1
dodge_and_return_000,dodge_and_return,19.33333,94.857,90.0,0,1
dodge_and_return_000,dodge_and_return,19.35,96.357,90.0,0,1
dodge_and_return_000,dodge_and_return,19.36667,97.857,90.0,0,1
dodge_and_return_000,dodge_and_return,19.38333,99.357,90.0,0,0
dodge_and_return_000,dodge_and_return,19.4,99.357,0.0,0,0
dodge_and_return_000,dodge_and_return,19.41667,99.357,0.0,0,0
dodge_and_return_000,dodge_and_return,19.43333,99.357,0.0,0,0
dodge_and_return_000,dodge_and_return,19.45,99.357,0.0,0,0
dodge_and_return_000,dodge_and_return,19.46667,99.357,0.0,0,0
dodge_and_return_000,dodge_and_return,19.48333,99.357,0.0,0,0
dodge_and_return_000,dodge_and_return,19.5,99.357,0.0,0,0
dodge_and_return_000,dodge_and_return,19.51667,99.357,0.0,0,0
dodge_and_return_000,dodge_and_return,19.53333,99.357,0.0,0,0
dodge_and_return_000,dodge_and_return,19.55,99.357,0.0,0,0
dodge_and_return_000,dodge_and_return,19.56667,99.357,0.0,0,0
dodge_and_return_000,dodge_and_return,19.58333,99.357,0.0,0,0
dodge_and_return_000,dodge_and_return,19.6,99.357,0.0,0,0
dodge_and_return_000,dodge_and_return,19.61667,99.357,0.0,0,0
dodge_and_return_000,dodge_and_return,19.63333,99.357,0.0,0,0
dodge_and_return_000,dodge_and_return,19.65,99.357,0.0,0,0
dodge_and_return_000,dodge_and_return,19.66667,99.357,0.0,0,0
dodge_and_return_000,dodge_and_return,19.68333,99.357,0.0,0,0
dodge_and_return_000,dodge_and_return,19.7,99.357,0.0,0,0
dodge_and_return_000,dodge_and_return,19.71667,99.357,0.0,0,0
dodge_and_return_000,dodge_and_return,19.73333,99.357,0.0,0,0
dodge_and_return_000,dodge_and_return,19.75,99.357,0.0,0,0
dodge_and_return_000,dodge_and_return,19.76667,99.357,0.0,0,0
dodge_and_return_000,dodge_and_return,19.78333,99.357,0.0,0,0
dodge_and_return_000,dodge_and_return,19.8,99.357,0.0,0,0
dodge_and_return_000,dodge_and_return,19.81667,99.357,0.0,0,0
dodge_and_return_000,dodge_and_return,19.83333,99.357,0.0,0,0
dodge_and_return_000,dodge_and_return,19.85,99.357,0.0,0,0
dodge_and_return_000,dodge_and_return,19.86667,99.357,0.0,0,0
dodge_and_return_000,dodge_and_return,19.88333,99.357,0.0,0,0
dodge_and_return_000,dodge_and_return,19.9,99.357,0.0,0,0
dodge_and_return_000,dodge_and_return,19.91667,99.357,0.0,0,0
dodge_and_return_000,dodge_and_return,19.93333,99.357,0.0,0,0
dodge_and_return_000,dodge_and_return,19.95,99.357,0.0,0,0
dodge_and_return_000,dodge_and_return,19.96667,99.357,0.0,0,0
dodge_and_return_000,dodge_and_return,19.98333,99.357,0.0,0,0
dodge_and_return_000,dodge_and_return,20.0,99.357,0.0,0,0
dodge_and_return_000,dodge_and_return,20.01667,99.357,0.0,0,0
dodge_and_return_000,dodge_and_return,20.03333,99.357,0.0,0,0
dodge_and_return_000,dodge_and_return,20.05,99.357,0.0,0,0
dodge_and_return_000,dodge_and_return,20.06667,99.357,0.0,0,0
dodge_and_return_000,dodge_and_return,20.08333,99.357,0.0,0,0
dodge_and_return_000,dodge_and_return,20.1,99.357,0.0,0,0
dodge_and_return_000,dodge_and_return,20.11667,99.357,0.0,0,0
dodge_and_return_000,dodge_and_return,20.13333,99.357,0.0,0,0
dodge_and_return_000,dodge_and_return,20.15,99.357,0.0,0,0
dodge_and_return_000,dodge_and_return,20.16667,99.357,0.0,0,0
dodge_and_return_000,dodge_and_return,20.18333,99.357,0.0,0,0
dodge_and_return_000,dodge_and_return,20.2,99.357,0.0,0,0
dodge_and_return_000,dodge_and_return,20.21667,99.357,0.0,0,0
dodge_and_return_000,dodge_and_return,20.23333,99.357,0.0,0,0
dodge_and_return_000,dodge_and_return,20.25,99.357,0.0,0,0
dodge_and_return_000,dodge_and_return,20.26667,99.357,0.0,0,0
dodge_and_return_000,dodge_and_return,20.28333,99.357,0.0,0,0
dodge_and_return_000,dodge_and_return,20.3,99.357,0.0,0,0
dodge_and_return_000,dodge_and_return,20.31667,99.357,0.0,0,0
dodge_and_return_000,dodge_and_return,20.33333,99.357,0.0,0,0
dodge_and_return_000,dodge_and_return,20.35,99.357,0.0,0,0
dodge_and_return_000,dodge_and_return,20.36667,99.357,0.0,0,0
dodge_and_return_000,dodge_and_return,20.38333,99.357,0.0,0,0
dodge_and_return_000,dodge_and_return,20.4,99.357,0.0,0,0
dodge_and_return_000,dodge_and_return,20.41667,99.357,0.0,0,0
dodge_and_return_000,dodge_and_return,20.43333,99.357,0.0,0,0
dodge_and_return_000,dodge_and_return,20.45,99.357,0.0,0,0
dodge_and_return_000,dodge_and_return,20.46667,99.357,0.0,0,0
dodge_and_return_000,dodge_and_return,20.48333,99.357,0.0,0,0
dodge_and_return_000,dodge_and_return,20.5,99.357,0.0,0,0
dodge_and_return_000,dodge_and_return,20.51667,99.357,0.0,0,0
dodge_and_return_000,dodge_and_return,20.53333,99.357,0.0,0,0
dodge_and_return_000,dodge_and_return,20.55,99.357,0.0,0,0
dodge_and_return_000,dodge_and_return,20.56667,99.357,0.0,0,0
dodge_and_return_000,dodge_and_return,20.58333,99.357,0.0,0,0
dodge_and_return_000,dodge_and_return,20.6,99.357,0.0,0,0
dodge_and_return_000,dodge_and_return,20.61667,99.357,0.0,0,0
dodge_and_return_000,dodge_and_return,20.63333,99.357,0.0,0,0
dodge_and_return_000,dodge_and_return,20.65,99.357,0.0,0,0
dodge_and_return_000,dodge_and_return,20.66667,99.357,0.0,0,0
dodge_and_return_000,dodge_and_return,20.68333,99.357,0.0,0,0
dodge_and_return_000,dodge_and_return,20.7,99.357,0.0,0,0
dodge_and_return_000,dodge_and_return,20.71667,99.357,0.0,0,0
dodge_and_return_000,dodge_and_return,20.73333,99.357,0.0,0,0
dodge_and_return_000,dodge_and_return,20.75,99.357,0.0,0,0
dodge_and_return_000,dodge_and_return,20.76667,99.357,0.0,0,0
dodge_and_return_000,dodge_and_return,20.78333,99.357,0.0,0,0
dodge_and_return_000,dodge_and_return,20.8,99.357,0.0,0,0
dodge_and_return_000,dodge_and_return,20.81667,99.357,0.0,0,0
dodge_and_return_000,dodge_and_return,20.83333,99.357,0.0,0,0
dodge_and_return_000,dodge_and_return,20.85,99.357,0.0,0,0
dodge_and_return_000,dodge_and_return,20.86667,99.357,0.0,0,0
dodge_and_return_000,dodge_and_return,20.88333,99.357,0.0,0,0
dodge_and_return_000,dodge_and_return,20.9,99.357,0.0,0,0
dodge_and_return_000,dodge_and_return,20.91667,99.357,0.0,0,0
dodge_and_return_000,dodge_and_return,20.93333,99.357,0.0,0,0
dodge_and_return_000,dodge_and_return,20.95,99.357,0.0,0,0
dodge_and_return_000,dodge_and_return,20.96667,99.357,0.0,0,0
dodge_and_return_000,dodge_and_return,20.98333,99.357,0.0,0,0
dodge_and_return_000,dodge_and_return,21.0,99.357,0.0,0,0
dodge_and_return_000,dodge_and_return,21.01667,99.357,0.0,0,0
dodge_and_return_000,dodge_and_return,21.03333,99.357,0.0,0,0
dodge_and_return_000,dodge_and_return,21.05,99.357,0.0,0,0
dodge_and_return_000,dodge_and_return,21.06667,99.357,0.0,0,0
dodge_and_return_000,dodge_and_return,21.08333,99.357,0.0,0,0
dodge_and_return_000,dodge_and_return,21.1,99.357,0.0,0,0
dodge_and_return_000,dodge_and_return,21.11667,99.357,0.0,0,0
dodge_and_return_000,dodge_and_return,21.13333,99.357,0.0,0,0
dodge_and_return_000,dodge_and_return,21.15,99.357,0.0,0,0
dodge_and_return_000,dodge_and_return,21.16667,99.357,0.0,0,0
dodge_and_return_000,dodge_and_return,21.18333,99.357,0.0,0,0
dodge_and_return_000,dodge_and_return,21.2,99.357,0.0,0,0
dodge_and_return_000,dodge_and_return,21.21667,99.357,0.0,0,0
dodge_and_return_000,dodge_and_return,21.23333,99.357,0.0,0,0
dodge_and_return_000,dodge_and_return,21.25,99.357,0.0,0,0
dodge_and_return_000,dodge_and_return,21.26667,99.357,0.0,0,0
dodge_and_return_000,dodge_and_return,21.28333,99.357,0.0,0,0
dodge_and_return_000,dodge_and_return,21.3,99.357,0.0,0,0
dodge_and_return_000,dodge_and_return,21.31667,99.357,0.0,0,0
dodge_and_return_000,dodge_and_return,21.33333,99.357,0.0,0,0
dodge_and_return_000,dodge_and_return,21.35,99.357,0.0,0,0
dodge_and_return_000,dodge_and_return,21.36667,99.357,0.0,0,0
dodge_and_return_000,dodge_and_return,21.38333,99.357,0.0,0,0
dodge_and_return_000,dodge_and_return,21.4,99.357,0.0,0,0
dodge_and_return_000,dodge_and_return,21.41667,99.357,0.0,0,0
dodge_and_return_000,dodge_and_return,21.43333,99.357,0.0,0,0
dodge_and_return_000,dodge_and_return,21.45,99.357,0.0,0,0
dodge_and_return_000,dodge_and_return,21.46667,99.357,0.0,0,0
dodge_and_return_000,dodge_and_return,21.48333,99.357,0.0,0,0
dodge_and_return_000,dodge_and_return,21.5,99.357,0.0,0,0
dodge_and_return_000,dodge_and_return,21.51667,99.357,0.0,0,0
dodge_and_return_000,dodge_and_return,21.53333,99.357,0.0,0,0
dodge_and_return_000,dodge_and_return,21.55,99.357,0.0,0,0
dodge_and_return_000,dodge_and_return,21.56667,99.357,0.0,0,0
dodge_and_return_000,dodge_and_return,21.58333,99.357,0.0,0,0
dodge_and_return_000,dodge_and_return,21.6,99.357,0.0,0,0
dodge_and_return_000,dodge_and_return,21.61667,99.357,0.0,0,1
dodge_and_return_000,dodge_and_return,21.63333,100.857,90.0,0,1
dodge_and_return_000,dodge_and_return,21.65,102.357,90.0,0,1
dodge_and_return_000,dodge_and_return,21.66667,103.857,90.0,0,1
dodge_and_return_000,dodge_and_return,21.68333,105.357,90.0,0,1
dodge_and_return_000,dodge_and_return,21.7,106.857,90.0,0,1
dodge_and_return_000,dodge_and_return,21.71667,108.357,90.0,0,1
dodge_and_return_000,dodge_and_return,21.73333,109.857,90.0,0,1
dodge_and_return_000,dodge_and_return,21.75,111.357,90.0,0,1
dodge_and_return_000,dodge_and_return,21.76667,112.857,90.0,0,1
dodge_and_return_000,dodge_and_return,21.78333,114.357,90.0,0,1
dodge_and_return_000,dodge_and_return,21.8,115.857,90.0,0,1
dodge_and_return_000,dodge_and_return,21.81667,117.357,90.0,0,1
dodge_and_return_000,dodge_and_return,21.83333,118.857,90.0,0,1
dodge_and_return_000,dodge_and_return,21.85,120.357,90.0,0,1
dodge_and_return_000,dodge_and_return,21.86667,121.857,90.0,0,1
dodge_and_return_000,dodge_and_return,21.88333,123.357,90.0,0,1
dodge_and_return_000,dodge_and_return,21.9,124.857,90.0,0,1
dodge_and_return_000,dodge_and_return,21.91667,126.357,90.0,0,1
dodge_and_return_000,dodge_and_return,21.93333,127.857,90.0,0,1
dodge_and_return_000,dodge_and_return,21.95,129.357,90.0,0,1
dodge_and_return_000,dodge_and_return,21.96667,130.857,90.0,0,1
dodge_and_return_000,dodge_and_return,21.98333,132.357,90.0,0,1
dodge_and_return_000,dodge_and_return,22.0,133.857,90.0,0,1
dodge_and_return_000,dodge_and_return,22.01667,135.357,90.0,0,1
dodge_and_return_000,dodge_and_return,22.03333,136.857,90.0,0,1
dodge_and_return_000,dodge_and_return,22.05,138.357,90.0,0,1
dodge_and_return_000,dodge_and_return,22.06667,139.857,90.0,0,1
dodge_and_return_000,dodge_and_return,22.08333,141.357,90.0,0,1
dodge_and_return_000,dodge_and_return,22.1,142.857,90.0,0,1
dodge_and_return_000,dodge_and_return,22.11667,144.357,90.0,0,1
dodge_and_return_000,dodge_and_return,22.13333,145.857,90.0,0,1
dodge_and_return_000,dodge_and_return,22.15,147.357,90.0,0,1
dodge_and_return_000,dodge_and_return,22.16667,148.857,90.0,0,1
dodge_and_return_000,dodge_and_return,22.18333,150.357,90.0,0,1
dodge_and_return_000,dodge_and_return,22.2,151.857,90.0,0,1
dodge_and_return_000,dodge_and_return,22.21667,153.357,90.0,0,1
dodge_and_return_000,dodge_and_return,22.23333,154.857,90.0,0,1
dodge_and_return_000,dodge_and_return,22.25,156.357,90.0,0,1
dodge_and_return_000,dodge_and_return,22.26667,157.857,90.0,0,1
dodge_and_return_000,dodge_and_return,22.28333,159.357,90.0,0,1
dodge_and_return_000,dodge_and_return,22.3,160.857,90.0,0,1
dodge_and_return_000,dodge_and_return,22.31667,162.357,90.0,0,1
dodge_and_return_000,dodge_and_return,22.33333,163.857,90.0,0,1
dodge_and_return_000,dodge_and_return,22.35,165.357,90.0,0,1
dodge_and_return_000,dodge_and_return,22.36667,166.857,90.0,0,1
dodge_and_return_000,dodge_and_return,22.38333,168.357,90.0,0,1
dodge_and_return_000,dodge_and_return,22.4,169.857,90.0,0,1
dodge_and_return_000,dodge_and_return,22.41667,171.357,90.0,0,1
dodge_and_return_000,dodge_and_return,22.43333,172.857,90.0,0,1
dodge_and_return_000,dodge_and_return,22.45,174.357,90.0,0,1
dodge_and_return_000,dodge_and_return,22.46667,175.857,90.0,0,1
dodge_and_return_000,dodge_and_return,22.48333,177.357,90.0,0,1
dodge_and_return_000,dodge_and_return,22.5,178.857,90.0,1,0
dodge_and_return_000,dodge_and_return,22.51667,177.357,-90.0,1,0
dodge_and_return_000,dodge_and_return,22.53333,175.857,-90.0,1,0
dodge_and_return_000,dodge_and_return,22.55,174.357,-90.0,1,0
dodge_and_return_000,dodge_and_return,22.56667,172.857,-90.0,1,0
dodge_and_return_000,dodge_and_return,22.58333,171.357,-90.0,1,0
dodge_and_return_000,dodge_and_return,22.6,169.857,-90.0,1,0
dodge_and_return_000,dodge_and_return,22.61667,168.357,-90.0,1,0
dodge_and_return_000,dodge_and_return,22.63333,166.857,-90.0,1,0
dodge_and_return_000,dodge_and_return,22.65,165.357,-90.0,1,0
dodge_and_return_000,dodge_and_return,22.66667,163.857,-90.0,1,0
dodge_and_return_000,dodge_and_return,22.68333,162.357,-90.0,1,0
dodge_and_return_000,dodge_and_return,22.7,160.857,-90.0,1,0
dodge_and_return_000,dodge_and_return,22.71667,159.357,-90.0,1,0
dodge_and_return_000,dodge_and_return,22.73333,157.857,-90.0,1,0
dodge_and_return_000,dodge_and_return,22.75,156.357,-90.0,1,0
dodge_and_return_000,dodge_and_return,22.76667,154.857,-90.0,1,0
dodge_and_return_000,dodge_and_return,22.78333,153.357,-90.0,1,0
dodge_and_return_000,dodge_and_return,22.8,151.857,-90.0,1,0
dodge_and_return_000,dodge_and_return,22.81667,150.357,-90.0,1,0
dodge_and_return_000,dodge_and_return,22.83333,148.857,-90.0,1,0
dodge_and_return_000,dodge_and_return,22.85,147.357,-90.0,1,0
dodge_and_return_000,dodge_and_return,22.86667,145.857,-90.0,1,0
dodge_and_return_000,dodge_and_return,22.88333,144.357,-90.0,1,0
dodge_and_return_000,dodge_and_return,22.9,142.857,-90.0,1,0
dodge_and_return_000,dodge_and_return,22.91667,141.357,-90.0,1,0
dodge_and_return_000,dodge_and_return,22.93333,139.857,-90.0,1,0
dodge_and_return_000,dodge_and_return,22.95,138.357,-90.0,1,0
dodge_and_return_000,dodge_and_return,22.96667,136.857,-90.0,1,0
dodge_and_return_000,dodge_and_return,22.98333,135.357,-90.0,1,0
dodge_and_return_000,dodge_and_return,23.0,133.857,-90.0,1,0
dodge_and_return_000,dodge_and_return,23.01667,132.357,-90.0,1,0
dodge_and_return_000,dodge_and_return,23.03333,130.857,-90.0,1,0
dodge_and_return_000,dodge_and_return,23.05,129.357,-90.0,1,0
dodge_and_return_000,dodge_and_return,23.06667,127.857,-90.0,1,0
dodge_and_return_000,dodge_and_return,23.08333,126.357,-90.0,1,0
dodge_and_return_000,dodge_and_return,23.1,124.857,-90.0,1,0
dodge_and_return_000,dodge_and_return,23.11667,123.357,-90.0,1,0
dodge_and_return_000,dodge_and_return,23.13333,121.857,-90.0,1,0
dodge_and_return_000,dodge_and_return,23.15,120.357,-90.0,1,0
dodge_and_return_000,dodge_and_return,23.16667,118.857,-90.0,1,0
dodge_and_return_000,dodge_and_return,23.18333,117.357,-90.0,1,0
dodge_and_return_000,dodge_and_return,23.2,115.857,-90.0,1,0
dodge_and_return_000,dodge_and_return,23.21667,114.357,-90.0,1,0
dodge_and_return_000,dodge_and_return,23.23333,112.857,-90.0,1,0
dodge_and_return_000,dodge_and_return,23.25,111.357,-90.0,1,0
dodge_and_return_000,dodge_and_return,23.26667,109.857,-90.0,1,0
dodge_and_return_000,dodge_and_return,23.28333,108.357,-90.0,1,0
dodge_and_return_000,dodge_and_return,23.3,106.857,-90.0,1,0
dodge_and_return_000,dodge_and_return,23.31667,105.357,-90.0,0,0
dodge_and_return_000,dodge_and_return,23.33333,105.357,0.0,0,0
dodge_and_return_000,dodge_and_return,23.35,105.357,0.0,0,0
dodge_and_return_000,dodge_and_return,23.36667,105.357,0.0,0,0
dodge_and_return_000,dodge_and_return,23.38333,105.357,0.0,0,0
dodge_and_return_000,dodge_and_return,23.4,105.357,0.0,0,0
dodge_and_return_000,dodge_and_return,23.41667,105.357,0.0,0,0
dodge_and_return_000,dodge_and_return,23.43333,105.357,0.0,0,0
dodge_and_return_000,dodge_and_return,23.45,105.357,0.0,0,0
dodge_and_return_000,dodge_and_return,23.46667,105.357,0.0,0,0
dodge_and_return_000,dodge_and_return,23.48333,105.357,0.0,0,0
dodge_and_return_000,dodge_and_return,23.5,105.357,0.0,0,0
dodge_and_return_000,dodge_and_return,23.51667,105.357,0.0,0,0
dodge_and_return_000,dodge_and_return,23.53333,105.357,0.0,0,0
dodge_and_return_000,dodge_and_return,23.55,105.357,0.0,0,0
dodge_and_return_000,dodge_and_return,23.56667,105.357,0.0,0,0
dodge_and_return_000,dodge_and_return,23.58333,105.357,0.0,0,0
dodge_and_return_000,dodge_and_return,23.6,105.357,0.0,0,0
dodge_and_return_000,dodge_and_return,23.61667,105.357,0.0,0,0
dodge_and_return_000,dodge_and_return,23.63333,105.357,0.0,0,0
dodge_and_return_000,dodge_and_return,23.65,105.357,0.0,0,0
dodge_and_return_000,dodge_and_return,23.66667,105.357,0.0,0,0
dodge_and_return_000,dodge_and_return,23.68333,105.357,0.0,0,0
dodge_and_return_000,dodge_and_return,23.7,105.357,0.0,0,0
dodge_and_return_000,dodge_and_return,23.71667,105.357,0.0,0,0
dodge_and_return_000,dodge_and_return,23.73333,105.357,0.0,0,0
dodge_and_return_000,dodge_and_return,23.75,105.357,0.0,0,0
dodge_and_return_000,dodge_and_return,23.76667,105.357,0.0,0,0
dodge_and_return_000,dodge_and_return,23.78333,105.357,0.0,0,0
dodge_and_return_000,dodge_and_return,23.8,105.357,0.0,0,0
dodge_and_return_000,dodge_and_return,23.81667,105.357,0.0,0,0
dodge_and_return_000,dodge_and_return,23.83333,105.357,0.0,0,0
dodge_and_return_000,dodge_and_return,23.85,105.357,0.0,0,0
dodge_and_return_000,dodge_and_return,23.86667,105.357,0.0,0,0
dodge_and_return_000,dodge_and_return,23.88333,105.357,0.0,0,0
dodge_and_return_000,dodge_and_return,23.9,105.357,0.0,0,0
dodge_and_return_000,dodge_and_return,23.91667,105.357,0.0,0,0
dodge_and_return_000,dodge_and_return,23.93333,105.357,0.0,0,0
dodge_and_return_000,dodge_and_return,23.95,105.357,0.0,0,0
dodge_and_return_000,dodge_and_return,23.96667,105.357,0.0,0,0
dodge_and_return_000,dodge_and_return,23.98333,105.357,0.0,0,0
dodge_and_return_000,dodge_and_return,24.0,105.357,0.0,0,0
dodge_and_return_000,dodge_and_return,24.01667,105.357,0.0,0,0
dodge_and_return_000,dodge_and_return,24.03333,105.357,0.0,0,0
dodge_and_return_000,dodge_and_return,24.05,105.357,0.0,0,0
dodge_and_return_000,dodge_and_return,24.06667,105.357,0.0,0,0
dodge_and_return_000,dodge_and_return,24.08333,105.357,0.0,0,0
dodge_and_return_000,dodge_and_return,24.1,105.357,0.0,0,0
dodge_and_return_000,dodge_and_return,24.11667,105.357,0.0,0,0
dodge_and_return_000,dodge_and_return,24.13333,105.357,0.0,0,0
dodge_and_return_000,dodge_and_return,24.15,105.357,0.0,0,0
dodge_and_return_000,dodge_and_return,24.16667,105.357,0.0,0,0
dodge_and_return_000,dodge_and_return,24.18333,105.357,0.0,0,0
dodge_and_return_000,dodge_and_return,24.2,105.357,0.0,0,0
dodge_and_return_000,dodge_and_return,24.21667,105.357,0.0,0,0
dodge_and_return_000,dodge_and_return,24.23333,105.357,0.0,0,0
dodge_and_return_000,dodge_and_return,24.25,105.357,0.0,0,0
dodge_and_return_000,dodge_and_return,24.26667,105.357,0.0,0,0
dodge_and_return_000,dodge_and_return,24.28333,105.357,0.0,0,0
dodge_and_return_000,dodge_and_return,24.3,105.357,0.0,0,0
dodge_and_return_000,dodge_and_return,24.31667,105.357,0.0,0,0
dodge_and_return_000,dodge_and_return,24.33333,105.357,0.0,0,0
dodge_and_return_000,dodge_and_return,24.35,105.357,0.0,0,0
dodge_and_return_000,dodge_and_return,24.36667,105.357,0.0,0,0
dodge_and_return_000,dodge_and_return,24.38333,105.357,0.0,0,0
dodge_and_return_000,dodge_and_return,24.4,105.357,0.0,0,0
dodge_and_return_000,dodge_and_return,24.41667,105.357,0.0,0,0
dodge_and_return_000,dodge_and_return,24.43333,105.357,0.0,0,0
dodge_and_return_000,dodge_and_return,24.45,105.357,0.0,0,0
dodge_and_return_000,dodge_and_return,24.46667,105.357,0.0,0,0
dodge_and_return_000,dodge_and_return,24.48333,105.357,0.0,0,0
dodge_and_return_000,dodge_and_return,24.5,105.357,0.0,0,0
dodge_and_return_000,dodge_and_return,24.51667,105.357,0.0,0,0
dodge_and_return_000,dodge_and_return,24.53333,105.357,0.0,0,0
dodge_and_return_000,dodge_and_return,24.55,105.357,0.0,0,0
dodge_and_return_000,dodge_and_return,24.56667,105.357,0.0,0,0
dodge_and_return_000,dodge_and_return,24.58333,105.357,0.0,0,0
dodge_and_return_000,dodge_and_return,24.6,105.357,0.0,0,0
dodge_and_return_000,dodge_and_return,24.61667,105.357,0.0,0,0
dodge_and_return_000,dodge_and_return,24.63333,105.357,0.0,0,0
dodge_and_return_000,dodge_and_return,24.65,105.357,0.0,0,0
dodge_and_return_000,dodge_and_return,24.66667,105.357,0.0,0,0
dodge_and_return_000,dodge_and_return,24.68333,105.357,0.0,0,0
dodge_and_return_000,dodge_and_return,24.7,105.357,0.0,0,0
dodge_and_return_000,dodge_and_return,24.71667,105.357,0.0,0,0
dodge_and_return_000,dodge_and_return,24.73333,105.357,0.0,0,0
dodge_and_return_000,dodge_and_return,24.75,105.357,0.0,0,0
dodge_and_return_000,dodge_and_return,24.76667,105.357,0.0,0,0
dodge_and_return_000,dodge_and_return,24.78333,105.357,0.0,0,0
dodge_and_return_000,dodge_and_return,24.8,105.357,0.0,0,0
dodge_and_return_000,dodge_and_return,24.81667,105.357,0.0,0,0
dodge_and_return_000,dodge_and_return,24.83333,105.357,0.0,0,0
dodge_and_return_000,dodge_and_return,24.85,105.357,0.0,0,0
dodge_and_return_000,dodge_and_return,24.86667,105.357,0.0,0,0
dodge_and_return_000,dodge_and_return,24.88333,105.357,0.0,0,0
dodge_and_return_000,dodge_and_return,24.9,105.357,0.0,0,0
dodge_and_return_000,dodge_and_return,24.91667,105.357,0.0,0,0
dodge_and_return_000,dodge_and_return,24.93333,105.357,0.0,0,0
dodge_and_return_000,dodge_and_return,24.95,105.357,0.0,0,0
dodge_and_return_000,dodge_and_return,24.96667,105.357,0.0,0,0
dodge_and_return_000,dodge_and_return,24.98333,105.357,0.0,0,0
dodge_and_return_000,dodge_and_return,25.0,105.357,0.0,0,0
dodge_and_return_000,dodge_and_return,25.01667,105.357,0.0,0,0
dodge_and_return_000,dodge_and_return,25.03333,105.357,0.0,0,0
dodge_and_return_000,dodge_and_return,25.05,105.357,0.0,0,0
dodge_and_return_000,dodge_and_return,25.06667,105.357,0.0,0,0
dodge_and_return_000,dodge_and_return,25.08333,105.357,0.0,0,0
dodge_and_return_000,dodge_and_return,25.1,105.357,0.0,0,0
dodge_and_return_000,dodge_and_return,25.11667,105.357,0.0,0,0
dodge_and_return_000,dodge_and_return,25.13333,105.357,0.0,0,0
dodge_and_return_000,dodge_and_return,25.15,105.357,0.0,0,0
dodge_and_return_000,dodge_and_return,25.16667,105.357,0.0,0,0
dodge_and_return_000,dodge_and_return,25.18333,105.357,0.0,0,0
dodge_and_return_000,dodge_and_return,25.2,105.357,0.0,0,0
dodge_and_return_000,dodge_and_return,25.21667,105.357,0.0,0,0
dodge_and_return_000,dodge_and_return,25.23333,105.357,0.0,0,0
dodge_and_return_000,dodge_and_return,25.25,105.357,0.0,0,0
dodge_and_return_000,dodge_and_return,25.26667,105.357,0.0,0,0
dodge_and_return_000,dodge_and_return,25.28333,105.357,0.0,0,0
dodge_and_return_000,dodge_and_return,25.3,105.357,0.0,0,0
dodge_and_return_000,dodge_and_return,25.31667,105.357,0.0,0,0
dodge_and_return_000,dodge_and_return,25.33333,105.357,0.0,0,0
dodge_and_return_000,dodge_and_return,25.35,105.357,0.0,0,0
dodge_and_return_000,dodge_and_return,25.36667,105.357,0.0,0,0
dodge_and_return_000,dodge_and_return,25.38333,105.357,0.0,0,0
dodge_and_return_000,dodge_and_return,25.4,105.357,0.0,0,0
dodge_and_return_000,dodge_and_return,25.41667,105.357,0.0,0,0
dodge_and_return_000,dodge_and_return,25.43333,105.357,0.0,0,0
dodge_and_return_000,dodge_and_return,25.45,105.357,0.0,0,0
dodge_and_return_000,dodge_and_return,25.46667,105.357,0.0,0,0
dodge_and_return_000,dodge_and_return,25.48333,105.357,0.0,0,0
dodge_and_return_000,dodge_and_return,25.5,105.357,0.0,0,0
dodge_and_return_000,dodge_and_return,25.51667,105.357,0.0,0,0
dodge_and_return_000,dodge_and_return,25.53333,105.357,0.0,0,0
dodge_and_return_000,dodge_and_return,25.55,105.357,0.0,0,0
dodge_and_return_000,dodge_and_return,25.56667,105.357,0.0,0,0
dodge_and_return_000,dodge_and_return,25.58333,105.357,0.0,0,0
dodge_and_return_000,dodge_and_return,25.6,105.357,0.0,0,0
dodge_and_return_000,dodge_and_return,25.61667,105.357,0.0,0,0
dodge_and_return_000,dodge_and_return,25.63333,105.357,0.0,0,0
dodge_and_return_000,dodge_and_return,25.65,105.357,0.0,0,0
dodge_and_return_000,dodge_and_return,25.66667,105.357,0.0,0,0
dodge_and_return_000,dodge_and_return,25.68333,105.357,0.0,0,0
dodge_and_return_000,dodge_and_return,25.7,105.357,0.0,0,0
dodge_and_return_000,dodge_and_return,25.71667,105.357,0.0,0,0
dodge_and_return_000,dodge_and_return,25.73333,105.357,0.0,0,0
dodge_and_return_000,dodge_and_return,25.75,105.357,0.0,0,0
dodge_and_return_000,dodge_and_return,25.76667,105.357,0.0,0,0
dodge_and_return_000,dodge_and_return,25.78333,105.357,0.0,0,0
dodge_and_return_000,dodge_and_return,25.8,105.357,0.0,0,0
dodge_and_return_000,dodge_and_return,25.81667,105.357,0.0,0,0
dodge_and_return_000,dodge_and_return,25.83333,105.357,0.0,0,0
dodge_and_return_000,dodge_and_return,25.85,105.357,0.0,0,0
dodge_and_return_000,dodge_and_return,25.86667,105.357,0.0,0,0
dodge_and_return_000,dodge_and_return,25.88333,105.357,0.0,0,0
dodge_and_return_000,dodge_and_return,25.9,105.357,0.0,0,1
dodge_and_return_000,dodge_and_return,25.91667,106.857,90.0,0,1
dodge_and_return_000,dodge_and_return,25.93333,108.357,90.0,0,1
dodge_and_return_000,dodge_and_return,25.95,109.857,90.0,0,1
dodge_and_return_000,dodge_and_return,25.96667,111.357,90.0,0,1
dodge_and_return_000,dodge_and_return,25.98333,112.857,90.0,0,1
dodge_and_return_000,dodge_and_return,26.0,114.357,90.0,0,1
dodge_and_return_000,dodge_and_return,26.01667,115.857,90.0,0,1
dodge_and_return_000,dodge_and_return,26.03333,117.357,90.0,0,1
dodge_and_return_000,dodge_and_return,26.05,118.857,90.0,0,1
dodge_and_return_000,dodge_and_return,26.06667,120.357,90.0,0,1
dodge_and_return_000,dodge_and_return,26.08333,121.857,90.0,0,1
dodge_and_return_000,dodge_and_return,26.1,123.357,90.0,0,1
dodge_and_return_000,dodge_and_return,26.11667,124.857,90.0,0,1
dodge_and_return_000,dodge_and_return,26.13333,126.357,90.0,0,1
dodge_and_return_000,dodge_and_return,26.15,127.857,90.0,0,1
dodge_and_return_000,dodge_and_return,26.16667,129.357,90.0,0,1
dodge_and_return_000,dodge_and_return,26.18333,130.857,90.0,0,1
dodge_and_return_000,dodge_and_return,26.2,132.357,90.0,0,1
dodge_and_return_000,dodge_and_return,26.21667,133.857,90.0,0,1
dodge_and_return_000,dodge_and_return,26.23333,135.357,90.0,0,1
dodge_and_return_000,dodge_and_return,26.25,136.857,90.0,0,1
dodge_and_return_000,dodge_and_return,26.26667,138.357,90.0,0,1
dodge_and_return_000,dodge_and_return,26.28333,139.857,90.0,0,1
dodge_and_return_000,dodge_and_return,26.3,141.357,90.0,0,1
dodge_and_return_000,dodge_and_return,26.31667,142.857,90.0,0,1
dodge_and_return_000,dodge_and_return,26.33333,144.357,90.0,0,1
dodge_and_return_000,dodge_and_return,26.35,145.857,90.0,0,1
dodge_and_return_000,dodge_and_return,26.36667,147.357,90.0,0,1
dodge_and_return_000,dodge_and_return,26.38333,148.857,90.0,0,1
dodge_and_return_000,dodge_and_return,26.4,150.357,90.0,0,1
dodge_and_return_000,dodge_and_return,26.41667,151.857,90.0,0,1
dodge_and_return_000,dodge_and_return,26.43333,153.357,90.0,0,1
dodge_and_return_000,dodge_and_return,26.45,154.857,90.0,0,1
dodge_and_return_000,dodge_and_return,26.46667,156.357,90.0,0,1
dodge_and_return_000,dodge_and_return,26.48333,157.857,90.0,0,1
dodge_and_return_000,dodge_and_return,26.5,159.357,90.0,0,1
dodge_and_return_000,dodge_and_return,26.51667,160.857,90.0,0,1
dodge_and_return_000,dodge_and_return,26.53333,162.357,90.0,0,1
dodge_and_return_000,dodge_and_return,26.55,163.857,90.0,0,1
dodge_and_return_000,dodge_and_return,26.56667,165.357,90.0,0,1
dodge_and_return_000,dodge_and_return,26.58333,166.857,90.0,0,1
dodge_and_return_000,dodge_and_return,26.6,168.357,90.0,0,1
dodge_and_return_000,dodge_and_return,26.61667,169.857,90.0,0,1
dodge_and_return_000,dodge_and_return,26.63333,171.357,90.0,0,1
dodge_and_return_000,dodge_and_return,26.65,172.857,90.0,0,1
dodge_and_return_000,dodge_and_return,26.66667,174.357,90.0,0,1
dodge_and_return_000,dodge_and_return,26.68333,175.857,90.0,0,1
dodge_and_return_000,dodge_and_return,26.7,177.357,90.0,0,1
dodge_and_return_000,dodge_and_return,26.71667,178.857,90.0,0,1
dodge_and_return_000,dodge_and_return,26.73333,180.357,90.0,0,1
dodge_and_return_000,dodge_and_return,26.75,181.857,90.0,0,1
dodge_and_return_000,dodge_and_return,26.76667,183.357,90.0,0,0
dodge_and_return_000,dodge_and_return,26.78333,183.357,0.0,0,0
dodge_and_return_000,dodge_and_return,26.8,183.357,0.0,0,0
dodge_and_return_000,dodge_and_return,26.81667,183.357,0.0,0,0
dodge_and_return_000,dodge_and_return,26.83333,183.357,0.0,1,0
dodge_and_return_000,dodge_and_return,26.85,181.857,-90.0,1,0
dodge_and_return_000,dodge_and_return,26.86667,180.357,-90.0,1,0
dodge_and_return_000,dodge_and_return,26.88333,178.857,-90.0,1,0
dodge_and_return_000,dodge_and_return,26.9,177.357,-90.0,1,0
dodge_and_return_000,dodge_and_return,26.91667,175.857,-90.0,1,0
dodge_and_return_000,dodge_and_return,26.93333,174.357,-90.0,1,0
dodge_and_return_000,dodge_and_return,26.95,172.857,-90.0,1,0
dodge_and_return_000,dodge_and_return,26.96667,171.357,-90.0,1,0
dodge_and_return_000,dodge_and_return,26.98333,169.857,-90.0,1,0
dodge_and_return_000,dodge_and_return,27.0,168.357,-90.0,1,0
dodge_and_return_000,dodge_and_return,27.01667,166.857,-90.0,1,0
dodge_and_return_000,dodge_and_return,27.03333,165.357,-90.0,1,0
dodge_and_return_000,dodge_and_return,27.05,163.857,-90.0,1,0
dodge_and_return_000,dodge_and_return,27.06667,162.357,-90.0,1,0
dodge_and_return_000,dodge_and_return,27.08333,160.857,-90.0,1,0
dodge_and_return_000,dodge_and_return,27.1,159.357,-90.0,1,0
dodge_and_return_000,dodge_and_return,27.11667,157.857,-90.0,1,0
dodge_and_return_000,dodge_and_return,27.13333,156.357,-90.0,1,0
dodge_and_return_000,dodge_and_return,27.15,154.857,-90.0,1,0
dodge_and_return_000,dodge_and_return,27.16667,153.357,-90.0,1,0
dodge_and_return_000,dodge_and_return,27.18333,151.857,-90.0,1,0
dodge_and_return_000,dodge_and_return,27.2,150.357,-90.0,1,0
dodge_and_return_000,dodge_and_return,27.21667,148.857,-90.0,1,0
dodge_and_return_000,dodge_and_return,27.23333,147.357,-90.0,1,0
dodge_and_return_000,dodge_and_return,27.25,145.857,-90.0,1,0
dodge_and_return_000,dodge_and_return,27.26667,144.357,-90.0,1,0
dodge_and_return_000,dodge_and_return,27.28333,142.857,-90.0,1,0
dodge_and_return_000,dodge_and_return,27.3,141.357,-90.0,1,0
dodge_and_return_000,dodge_and_return,27.31667,139.857,-90.0,1,0
dodge_and_return_000,dodge_and_return,27.33333,138.357,-90.0,1,0
dodge_and_return_000,dodge_and_return,27.35,136.857,-90.0,1,0
dodge_and_return_000,dodge_and_return,27.36667,135.357,-90.0,1,0
dodge_and_return_000,dodge_and_return,27.38333,133.857,-90.0,1,0
dodge_and_return_000,dodge_and_return,27.4,132.357,-90.0,1,0
dodge_and_return_000,dodge_and_return,27.41667,130.857,-90.0,1,0
dodge_and_return_000,dodge_and_return,27.43333,129.357,-90.0,1,0
dodge_and_return_000,dodge_and_return,27.45,127.857,-90.0,1,0
dodge_and_return_000,dodge_and_return,27.46667,126.357,-90.0,1,0
dodge_and_return_000,dodge_and_return,27.48333,124.857,-90.0,1,0
dodge_and_return_000,dodge_and_return,27.5,123.357,-90.0,1,0
dodge_and_return_000,dodge_and_return,27.51667,121.857,-90.0,1,0
dodge_and_return_000,dodge_and_return,27.53333,120.357,-90.0,1,0
dodge_and_return_000,dodge_and_return,27.55,118.857,-90.0,1,0
dodge_and_return_000,dodge_and_return,27.56667,117.357,-90.0,1,0
dodge_and_return_000,dodge_and_return,27.58333,115.857,-90.0,1,0
dodge_and_return_000,dodge_and_return,27.6,114.357,-90.0,1,0
dodge_and_return_000,dodge_and_return,27.61667,112.857,-90.0,1,0
dodge_and_return_000,dodge_and_return,27.63333,111.357,-90.0,1,0
dodge_and_return_000,dodge_and_return,27.65,109.857,-90.0,1,0
dodge_and_return_000,dodge_and_return,27.66667,108.357,-90.0,1,0
dodge_and_return_000,dodge_and_return,27.68333,106.857,-90.0,1,0
dodge_and_return_000,dodge_and_return,27.7,105.357,-90.0,0,0
dodge_and_return_000,dodge_and_return,27.71667,105.357,0.0,0,0
dodge_and_return_000,dodge_and_return,27.73333,105.357,0.0,0,0
dodge_and_return_000,dodge_and_return,27.75,105.357,0.0,0,0
dodge_and_return_000,dodge_and_return,27.76667,105.357,0.0,0,0
dodge_and_return_000,dodge_and_return,27.78333,105.357,0.0,0,0
dodge_and_return_000,dodge_and_return,27.8,105.357,0.0,0,0
dodge_and_return_000,dodge_and_return,27.81667,105.357,0.0,0,0
dodge_and_return_000,dodge_and_return,27.83333,105.357,0.0,0,0
dodge_and_return_000,dodge_and_return,27.85,105.357,0.0,0,0
dodge_and_return_000,dodge_and_return,27.86667,105.357,0.0,0,0
dodge_and_return_000,dodge_and_return,27.88333,105.357,0.0,0,0
dodge_and_return_000,dodge_and_return,27.9,105.357,0.0,0,0
dodge_and_return_000,dodge_and_return,27.91667,105.357,0.0,0,0
dodge_and_return_000,dodge_and_return,27.93333,105.357,0.0,0,0
dodge_and_return_000,dodge_and_return,27.95,105.357,0.0,0,0
dodge_and_return_000,dodge_and_return,27.96667,105.357,0.0,0,0
dodge_and_return_000,dodge_and_return,27.98333,105.357,0.0,0,0
dodge_and_return_000,dodge_and_return,28.0,105.357,0.0,0,0
dodge_and_return_000,dodge_and_return,28.01667,105.357,0.0,0,0
dodge_and_return_000,dodge_and_return,28.03333,105.357,0.0,0,0
dodge_and_return_000,dodge_and_return,28.05,105.357,0.0,0,0
dodge_and_return_000,dodge_and_return,28.06667,105.357,0.0,0,0
dodge_and_return_000,dodge_and_return,28.08333,105.357,0.0,0,0
dodge_and_return_000,dodge_and_return,28.1,105.357,0.0,0,0
dodge_and_return_000,dodge_and_return,28.11667,105.357,0.0,0,0
dodge_and_return_000,dodge_and_return,28.13333,105.357,0.0,0,0
dodge_and_return_000,dodge_and_return,28.15,105.357,0.0,0,0
dodge_and_return_000,dodge_and_return,28.16667,105.357,0.0,0,0
dodge_and_return_000,dodge_and_return,28.18333,105.357,0.0,0,0
dodge_and_return_000,dodge_and_return,28.2,105.357,0.0,0,0
dodge_and_return_000,dodge_and_return,28.21667,105.357,0.0,0,0
dodge_and_return_000,dodge_and_return,28.23333,105.357,0.0,0,0
dodge_and_return_000,dodge_and_return,28.25,105.357,0.0,0,0
dodge_and_return_000,dodge_and_return,28.26667,105.357,0.0,0,0
dodge_and_return_000,dodge_and_return,28.28333,105.357,0.0,0,0
dodge_and_return_000,dodge_and_return,28.3,105.357,0.0,0,0
dodge_and_return_000,dodge_and_return,28.31667,105.357,0.0,0,0
dodge_and_return_000,dodge_and_return,28.33333,105.357,0.0,0,0
dodge_and_return_000,dodge_and_return,28.35,105.357,0.0,0,0
dodge_and_return_000,dodge_and_return,28.36667,105.357,0.0,0,0
dodge_and_return_000,dodge_and_return,28.38333,105.357,0.0,0,0
dodge_and_return_000,dodge_and_return,28.4,105.357,0.0,0,0
dodge_and_return_000,dodge_and_return,28.41667,105.357,0.0,0,0
dodge_and_return_000,dodge_and_return,28.43333,105.357,0.0,0,0
dodge_and_return_000,dodge_and_return,28.45,105.357,0.0,0,0
dodge_and_return_000,dodge_and_return,28.46667,105.357,0.0,0,0
dodge_and_return_000,dodge_and_return,28.48333,105.357,0.0,0,0
dodge_and_return_000,dodge_and_return,28.5,105.357,0.0,0,0
dodge_and_return_000,dodge_and_return,28.51667,105.357,0.0,0,0
dodge_and_return_000,dodge_and_return,28.53333,105.357,0.0,0,0
dodge_and_return_000,dodge_and_return,28.55,105.357,0.0,0,0
dodge_and_return_000,dodge_and_return,28.56667,105.357,0.0,0,0
dodge_and_return_000,dodge_and_return,28.58333,105.357,0.0,0,0
dodge_and_return_000,dodge_and_return,28.6,105.357,0.0,0,0
dodge_and_return_000,dodge_and_return,28.61667,105.357,0.0,0,0
dodge_and_return_000,dodge_and_return,28.63333,105.357,0.0,0,0
dodge_and_return_000,dodge_and_return,28.65,105.357,0.0,0,0
dodge_and_return_000,dodge_and_return,28.66667,105.357,0.0,0,0
dodge_and_return_000,dodge_and_return,28.68333,105.357,0.0,0,0
dodge_and_return_000,dodge_and_return,28.7,105.357,0.0,0,0
dodge_and_return_000,dodge_and_return,28.71667,105.357,0.0,0,0
dodge_and_return_000,dodge_and_return,28.73333,105.357,0.0,0,0
dodge_and_return_000,dodge_and_return,28.75,105.357,0.0,0,0
dodge_and_return_000,dodge_and_return,28.76667,105.357,0.0,0,0
dodge_and_return_000,dodge_and_return,28.78333,105.357,0.0,0,0
dodge_and_return_000,dodge_and_return,28.8,105.357,0.0,0,0
dodge_and_return_000,dodge_and_return,28.81667,105.357,0.0,0,0
dodge_and_return_000,dodge_and_return,28.83333,105.357,0.0,0,0
dodge_and_return_000,dodge_and_return,28.85,105.357,0.0,0,0
dodge_and_return_000,dodge_and_return,28.86667,105.357,0.0,0,0
dodge_and_return_000,dodge_and_return,28.88333,105.357,0.0,0,0
dodge_and_return_000,dodge_and_return,28.9,105.357,0.0,0,0
dodge_and_return_000,dodge_and_return,28.91667,105.357,0.0,0,0
dodge_and_return_000,dodge_and_return,28.93333,105.357,0.0,0,0
dodge_and_return_000,dodge_and_return,28.95,105.357,0.0,0,0
dodge_and_return_000,dodge_and_return,28.96667,105.357,0.0,0,0
dodge_and_return_000,dodge_and_return,28.98333,105.357,0.0,0,0
dodge_and_return_000,dodge_and_return,29.0,105.357,0.0,0,0
dodge_and_return_000,dodge_and_return,29.01667,105.357,0.0,0,0
dodge_and_return_000,dodge_and_return,29.03333,105.357,0.0,0,0
dodge_and_return_000,dodge_and_return,29.05,105.357,0.0,0,0
dodge_and_return_000,dodge_and_return,29.06667,105.357,0.0,0,0
dodge_and_return_000,dodge_and_return,29.08333,105.357,0.0,0,0
dodge_and_return_000,dodge_and_return,29.1,105.357,0.0,0,0
dodge_and_return_000,dodge_and_return,29.11667,105.357,0.0,0,0
dodge_and_return_000,dodge_and_return,29.13333,105.357,0.0,0,0
dodge_and_return_000,dodge_and_return,29.15,105.357,0.0,0,0
dodge_and_return_000,dodge_and_return,29.16667,105.357,0.0,0,0
dodge_and_return_000,dodge_and_return,29.18333,105.357,0.0,0,0
dodge_and_return_000,dodge_and_return,29.2,105.357,0.0,0,0
dodge_and_return_000,dodge_and_return,29.21667,105.357,0.0,0,0
dodge_and_return_000,dodge_and_return,29.23333,105.357,0.0,0,0
dodge_and_return_000,dodge_and_return,29.25,105.357,0.0,0,0
dodge_and_return_000,dodge_and_return,29.26667,105.357,0.0,0,0
dodge_and_return_000,dodge_and_return,29.28333,105.357,0.0,0,0
dodge_and_return_000,dodge_and_return,29.3,105.357,0.0,0,0
dodge_and_return_000,dodge_and_return,29.31667,105.357,0.0,0,0
dodge_and_return_000,dodge_and_return,29.33333,105.357,0.0,0,0
dodge_and_return_000,dodge_and_return,29.35,105.357,0.0,0,0
dodge_and_return_000,dodge_and_return,29.36667,105.357,0.0,0,0
dodge_and_return_000,dodge_and_return,29.38333,105.357,0.0,0,0
dodge_and_return_000,dodge_and_return,29.4,105.357,0.0,0,0
dodge_and_return_000,dodge_and_return,29.41667,105.357,0.0,0,0
dodge_and_return_000,dodge_and_return,29.43333,105.357,0.0,0,0
dodge_and_return_000,dodge_and_return,29.45,105.357,0.0,0,0
dodge_and_return_000,dodge_and_return,29.46667,105.357,0.0,0,0
dodge_and_return_000,dodge_and_return,29.48333,105.357,0.0,0,0
dodge_and_return_000,dodge_and_return,29.5,105.357,0.0,0,0
dodge_and_return_000,dodge_and_return,29.51667,105.357,0.0,0,0
dodge_and_return_000,dodge_and_return,29.53333,105.357,0.0,0,0
dodge_and_return_000,dodge_and_return,29.55,105.357,0.0,0,0
dodge_and_return_000,dodge_and_return,29.56667,105.357,0.0,0,0
dodge_and_return_000,dodge_and_return,29.58333,105.357,0.0,0,0
dodge_and_return_000,dodge_and_return,29.6,105.357,0.0,0,0
dodge_and_return_000,dodge_and_return,29.61667,105.357,0.0,0,0
dodge_and_return_000,dodge_and_return,29.63333,105.357,0.0,0,0
dodge_and_return_000,dodge_and_return,29.65,105.357,0.0,0,0
dodge_and_return_000,dodge_and_return,29.66667,105.357,0.0,0,0
dodge_and_return_000,dodge_and_return,29.68333,105.357,0.0,0,0
dodge_and_return_000,dodge_and_return,29.7,105.357,0.0,0,0
dodge_and_return_000,dodge_and_return,29.71667,105.357,0.0,0,0
dodge_and_return_000,dodge_and_return,29.73333,105.357,0.0,0,0
dodge_and_return_000,dodge_and_return,29.75,105.357,0.0,0,0
dodge_and_return_000,dodge_and_return,29.76667,105.357,0.0,0,0
dodge_and_return_000,dodge_and_return,29.78333,105.357,0.0,0,0
dodge_and_return_000,dodge_and_return,29.8,105.357,0.0,0,0
dodge_and_return_000,dodge_and_return,29.81667,105.357,0.0,0,0
dodge_and_return_000,dodge_and_return,29.83333,105.357,0.0,0,0
dodge_and_return_000,dodge_and_return,29.85,105.357,0.0,0,0
dodge_and_return_000,dodge_and_return,29.86667,105.357,0.0,0,0
dodge_and_return_000,dodge_and_return,29.88333,105.357,0.0,0,0
dodge_and_return_000,dodge_and_return,29.9,105.357,0.0,0,0
dodge_and_return_000,dodge_and_return,29.91667,105.357,0.0,0,0
dodge_and_return_000,dodge_and_return,29.93333,105.357,0.0,0,0
dodge_and_return_000,dodge_and_return,29.95,105.357,0.0,0,0
dodge_and_return_000,dodge_and_return,29.96667,105.357,0.0,0,0
dodge_and_return_000,dodge_and_return,29.98333,105.357,0.0,0,0
dodge_and_return_000,dodge_and_return,30.0,105.357,0.0,0,0
dodge_and_return_000,dodge_and_return,30.01667,105.357,0.0,0,0
dodge_and_return_000,dodge_and_return,30.03333,105.357,0.0,0,0
dodge_and_return_000,dodge_and_return,30.05,105.357,0.0,0,0
dodge_and_return_000,dodge_and_return,30.06667,105.357,0.0,0,0
dodge_and_return_000,dodge_and_return,30.08333,105.357,0.0,0,0
dodge_and_return_000,dodge_and_return,30.1,105.357,0.0,0,0
dodge_and_return_000,dodge_and_return,30.11667,105.357,0.0,0,0
dodge_and_return_000,dodge_and_return,30.13333,105.357,0.0,0,0
dodge_and_return_000,dodge_and_return,30.15,105.357,0.0,0,0
dodge_and_return_000,dodge_and_return,30.16667,105.357,0.0,0,0
dodge_and_return_000,dodge_and_return,30.18333,105.357,0.0,1,0
dodge_and_return_000,dodge_and_return,30.2,103.857,-90.0,1,0
dodge_and_return_000,dodge_and_return,30.21667,102.357,-90.0,1,0
dodge_and_return_000,dodge_and_return,30.23333,100.857,-90.0,1,0
dodge_and_return_000,dodge_and_return,30.25,99.357,-90.0,1,0
dodge_and_return_000,dodge_and_return,30.26667,97.857,-90.0,1,0
dodge_and_return_000,dodge_and_return,30.28333,96.357,-90.0,1,0
dodge_and_return_000,dodge_and_return,30.3,94.857,-90.0,1,0
dodge_and_return_000,dodge_and_return,30.31667,93.357,-90.0,1,0
dodge_and_return_000,dodge_and_return,30.33333,91.857,-90.0,1,0
dodge_and_return_000,dodge_and_return,30.35,90.357,-90.0,1,0
dodge_and_return_000,dodge_and_return,30.36667,88.857,-90.0,1,0
dodge_and_return_000,dodge_and_return,30.38333,87.357,-90.0,1,0
dodge_and_return_000,dodge_and_return,30.4,85.857,-90.0,1,0
dodge_and_return_000,dodge_and_return,30.41667,84.357,-90.0,1,0
dodge_and_return_000,dodge_and_return,30.43333,82.857,-90.0,1,0
dodge_and_return_000,dodge_and_return,30.45,81.357,-90.0,1,0
dodge_and_return_000,dodge_and_return,30.46667,79.857,-90.0,1,0
dodge_and_return_000,dodge_and_return,30.48333,78.357,-90.0,1,0
dodge_and_return_000,dodge_and_return,30.5,76.857,-90.0,1,0
dodge_and_return_000,dodge_and_return,30.51667,75.357,-90.0,1,0
dodge_and_return_000,dodge_and_return,30.53333,73.857,-90.0,1,0
dodge_and_return_000,dodge_and_return,30.55,72.357,-90.0,1,0
dodge_and_return_000,dodge_and_return,30.56667,70.857,-90.0,1,0
dodge_and_return_000,dodge_and_return,30.58333,69.357,-90.0,1,0
dodge_and_return_000,dodge_and_return,30.6,67.857,-90.0,1,0
dodge_and_return_000,dodge_and_return,30.61667,66.357,-90.0,1,0
dodge_and_return_000,dodge_and_return,30.63333,64.857,-90.0,1,0
dodge_and_return_000,dodge_and_return,30.65,63.357,-90.0,1,0
dodge_and_return_000,dodge_and_return,30.66667,61.857,-90.0,1,0
dodge_and_return_000,dodge_and_return,30.68333,60.357,-90.0,1,0
dodge_and_return_000,dodge_and_return,30.7,58.857,-90.0,1,0
dodge_and_return_000,dodge_and_return,30.71667,57.357,-90.0,1,0
dodge_and_return_000,dodge_and_return,30.73333,55.857,-90.0,1,0
dodge_and_return_000,dodge_and_return,30.75,54.357,-90.0,1,0
dodge_and_return_000,dodge_and_return,30.76667,52.857,-90.0,1,0
dodge_and_return_000,dodge_and_return,30.78333,51.357,-90.0,1,0
dodge_and_return_000,dodge_and_return,30.8,49.857,-90.0,1,0
dodge_and_return_000,dodge_and_return,30.81667,48.357,-90.0,1,0
dodge_and_return_000,dodge_and_return,30.83333,46.857,-90.0,1,0
dodge_and_return_000,dodge_and_return,30.85,45.357,-90.0,1,0
dodge_and_return_000,dodge_and_return,30.86667,43.857,-90.0,1,0
dodge_and_return_000,dodge_and_return,30.88333,42.357,-90.0,0,1
dodge_and_return_000,dodge_and_return,30.9,43.857,90.0,0,1
dodge_and_return_000,dodge_and_return,30.91667,45.357,90.0,0,1
