session_id,pattern,t,x,vx,input_left,input_right
noisy_step_and_pause_000,noisy_step_and_pause,0.0,4.706,0.0,0,0
noisy_step_and_pause_000,noisy_step_and_pause,0.01667,4.706,0.0,0,0
noisy_step_and_pause_000,noisy_step_and_pause,0.03333,4.706,0.0,0,0
noisy_step_and_pause_000,noisy_step_and_pause,0.05,4.706,0.0,0,0
noisy_step_and_pause_000,noisy_step_and_pause,0.06667,4.706,0.0,1,0
noisy_step_and_pause_000,noisy_step_and_pause,0.08333,3.206,-90.0,0,0
noisy_step_and_pause_000,noisy_step_and_pause,0.1,3.206,0.0,0,0
noisy_step_and_pause_000,noisy_step_and_pause,0.11667,3.206,0.0,0,0
noisy_step_and_pause_000,noisy_step_and_pause,0.13333,3.206,0.0,0,0
noisy_step_and_pause_000,noisy_step_and_pause,0.15,3.206,0.0,0,0
noisy_step_and_pause_000,noisy_step_and_pause,0.16667,3.206,0.0,0,0
noisy_step_and_pause_000,noisy_step_and_pause,0.18333,3.206,0.0,0,0
noisy_step_and_pause_000,noisy_step_and_pause,0.2,3.206,0.0,0,0
noisy_step_and_pause_000,noisy_step_and_pause,0.21667,3.206,0.0,0,0
noisy_step_and_pause_000,noisy_step_and_pause,0.23333,3.206,0.0,0,0
noisy_step_and_pause_000,noisy_step_and_pause,0.25,3.206,0.0,0,0
noisy_step_and_pause_000,noisy_step_and_pause,0.26667,3.206,0.0,1,0
noisy_step_and_pause_000,noisy_step_and_pause,0.28333,1.706,-90.0,0,0
noisy_step_and_pause_000,noisy_step_and_pause,0.3,1.706,0.0,0,0
noisy_step_and_pause_000,noisy_step_and_pause,0.31667,1.706,0.0,0,0
noisy_step_and_pause_000,noisy_step_and_pause,0.33333,1.706,0.0,0,0
noisy_step_and_pause_000,noisy_step_and_pause,0.35,1.706,0.0,0,0
noisy_step_and_pause_000,noisy_step_and_pause,0.36667,1.706,0.0,0,0
noisy_step_and_pause_000,noisy_step_and_pause,0.38333,1.706,0.0,0,0
noisy_step_and_pause_000,noisy_step_and_pause,0.4,1.706,0.0,0,0
noisy_step_and_pause_000,noisy_step_and_pause,0.41667,1.706,0.0,0,0
noisy_step_and_pause_000,noisy_step_and_pause,0.43333,1.706,0.0,0,0
noisy_step_and_pause_000,noisy_step_and_pause,0.45,1.706,0.0,0,0
noisy_step_and_pause_000,noisy_step_and_pause,0.46667,1.706,0.0,0,0
noisy_step_and_pause_000,noisy_step_and_pause,0.48333,1.706,0.0,0,0
noisy_step_and_pause_000,noisy_step_and_pause,0.5,1.706,0.0,0,0
noisy_step_and_pause_000,noisy_step_and_pause,0.51667,1.706,0.0,0,0
noisy_step_and_pause_000,noisy_step_and_pause,0.53333,1.706,0.0,0,0
noisy_step_and_pause_000,noisy_step_and_pause,0.55,1.706,0.0,0,0
noisy_step_and_pause_000,noisy_step_and_pause,0.56667,1.706,0.0,0,0
noisy_step_and_pause_000,noisy_step_and_pause,0.58333,1.706,0.0,0,0
noisy_step_and_pause_000,noisy_step_and_pause,0.6,1.706,0.0,0,0
noisy_step_and_pause_000,noisy_step_and_pause,0.61667,1.706,0.0,0,0
noisy_step_and_pause_000,noisy_step_and_pause,0.63333,1.706,0.0,0,0
noisy_step_and_pause_000,noisy_step_and_pause,0.65,1.706,0.0,0,0
noisy_step_and_pause_000,noisy_step_and_pause,0.66667,1.706,0.0,0,1
noisy_step_and_pause_000,noisy_step_and_pause,0.68333,3.206,90.0,0,0
noisy_step_and_pause_000,noisy_step_and_pause,0.7,3.206,0.0,0,0
noisy_step_and_pause_000,noisy_step_and_pause,0.71667,3.206,0.0,0,0
noisy_step_and_pause_000,noisy_step_and_pause,0.73333,3.206,0.0,0,0
noisy_step_and_pause_000,noisy_step_and_pause,0.75,3.206,0.0,0,0
noisy_step_and_pause_000,noisy_step_and_pause,0.76667,3.206,0.0,1,0
noisy_step_and_pause_000,noisy_step_and_pause,0.78333,1.706,-90.0,0,0
noisy_step_and_pause_000,noisy_step_and_pause,0.8,1.706,0.0,0,0
noisy_step_and_pause_000,noisy_step_and_pause,0.81667,1.706,0.0,0,0
noisy_step_and_pause_000,noisy_step_and_pause,0.83333,1.706,0.0,0,0
noisy_step_and_pause_000,noisy_step_and_pause,0.85,1.706,0.0,0,1
noisy_step_and_pause_000,noisy_step_and_pause,0.86667,3.206,90.0,0,0
noisy_step_and_pause_000,noisy_step_and_pause,0.88333,3.206,0.0,0,0
noisy_step_and_pause_000,noisy_step_and_pause,0.9,3.206,0.0,0,0
noisy_step_and_pause_000,noisy_step_and_pause,0.91667,3.206,0.0,0,0
noisy_step_and_pause_000,noisy_step_and_pause,0.93333,3.206,0.0,0,0
noisy_step_and_pause_000,noisy_step_and_pause,0.95,3.206,0.0,0,0
noisy_step_and_pause_000,noisy_step_and_pause,0.96667,3.206,0.0,0,1
noisy_step_and_pause_000,noisy_step_and_pause,0.98333,4.706,90.0,0,0
noisy_step_and_pause_000,noisy_step_and_pause,1.0,4.706,0.0,0,0
noisy_step_and_pause_000,noisy_step_and_pause,1.01667,4.706,0.0,0,0
noisy_step_and_pause_000,noisy_step_and_pause,1.03333,4.706,0.0,0,0
noisy_step_and_pause_000,noisy_step_and_pause,1.05,4.706,0.0,0,0
noisy_step_and_pause_000,noisy_step_and_pause,1.06667,4.706,0.0,0,0
noisy_step_and_pause_000,noisy_step_and_pause,1.08333,4.706,0.0,0,0
noisy_step_and_pause_000,noisy_step_and_pause,1.1,4.706,0.0,0,0
noisy_step_and_pause_000,noisy_step_and_pause,1.11667,4.706,0.0,0,0
noisy_step_and_pause_000,noisy_step_and_pause,1.13333,4.706,0.0,0,0
noisy_step_and_pause_000,noisy_step_and_pause,1.15,4.706,0.0,0,0
noisy_step_and_pause_000,noisy_step_and_pause,1.16667,4.706,0.0,0,0
noisy_step_and_pause_000,noisy_step_and_pause,1.18333,4.706,0.0,0,0
noisy_step_and_pause_000,noisy_step_and_pause,1.2,4.706,0.0,0,0
noisy_step_and_pause_000,noisy_step_and_pause,1.21667,4.706,0.0,0,0
noisy_step_and_pause_000,noisy_step_and_pause,1.23333,4.706,0.0,0,0
noisy_step_and_pause_000,noisy_step_and_pause,1.25,4.706,0.0,0,0
noisy_step_and_pause_000,noisy_step_and_pause,1.26667,4.706,0.0,0,0
noisy_step_and_pause_000,noisy_step_and_pause,1.28333,4.706,0.0,0,0
noisy_step_and_pause_000,noisy_step_and_pause,1.3,4.706,0.0,0,0
noisy_step_and_pause_000,noisy_step_and_pause,1.31667,4.706,0.0,0,0
noisy_step_and_pause_000,noisy_step_and_pause,1.33333,4.706,0.0,0,0
noisy_step_and_pause_000,noisy_step_and_pause,1.35,4.706,0.0,0,0
noisy_step_and_pause_000,noisy_step_and_pause,1.36667,4.706,0.0,0,0
noisy_step_and_pause_000,noisy_step_and_pause,1.38333,4.706,0.0,0,0
noisy_step_and_pause_000,noisy_step_and_pause,1.4,4.706,0.0,0,0
noisy_step_and_pause_000,noisy_step_and_pause,1.41667,4.706,0.0,0,0
noisy_step_and_pause_000,noisy_step_and_pause,1.43333,4.706,0.0,0,0
noisy_step_and_pause_000,noisy_step_and_pause,1.45,4.706,0.0,0,0
noisy_step_and_pause_000,noisy_step_and_pause,1.46667,4.706,0.0,0,0
noisy_step_and_pause_000,noisy_step_and_pause,1.48333,4.706,0.0,0,0
noisy_step_and_pause_000,noisy_step_and_pause,1.5,4.706,0.0,0,0
noisy_step_and_pause_000,noisy_step_and_pause,1.51667,4.706,0.0,0,0
noisy_step_and_pause_000,noisy_step_and_pause,1.53333,4.706,0.0,0,0
noisy_step_and_pause_000,noisy_step_and_pause,1.55,4.706,0.0,0,0
noisy_step_and_pause_000,noisy_step_and_pause,1.56667,4.706,0.0,0,0
noisy_step_and_pause_000,noisy_step_and_pause,1.58333,4.706,0.0,0,0
noisy_step_and_pause_000,noisy_step_and_pause,1.6,4.706,0.0,0,0
noisy_step_and_pause_000,noisy_step_and_pause,1.61667,4.706,0.0,0,0
noisy_step_and_pause_000,noisy_step_and_pause,1.63333,4.706,0.0,0,0
noisy_step_and_pause_000,noisy_step_and_pause,1.65,4.706,0.0,0,0
noisy_step_and_pause_000,noisy_step_and_pause,1.66667,4.706,0.0,0,0
noisy_step_and_pause_000,noisy_step_and_pause,1.68333,4.706,0.0,0,0
noisy_step_and_pause_000,noisy_step_and_pause,1.7,4.706,0.0,0,0
noisy_step_and_pause_000,noisy_step_and_pause,1.71667,4.706,0.0,0,0
noisy_step_and_pause_000,noisy_step_and_pause,1.73333,4.706,0.0,0,0
noisy_step_and_pause_000,noisy_step_and_pause,1.75,4.706,0.0,0,0
noisy_step_and_pause_000,noisy_step_and_pause,1.76667,4.706,0.0,0,0
noisy_step_and_pause_000,noisy_step_and_pause,1.78333,4.706,0.0,0,0
noisy_step_and_pause_000,noisy_step_and_pause,1.8,4.706,0.0,0,0
noisy_step_and_pause_000,noisy_step_and_pause,1.81667,4.706,0.0,0,0
noisy_step_and_pause_000,noisy_step_and_pause,1.83333,4.706,0.0,0,0
noisy_step_and_pause_000,noisy_step_and_pause,1.85,4.706,0.0,0,0
noisy_step_and_pause_000,noisy_step_and_pause,1.86667,4.706,0.0,0,0
noisy_step_and_pause_000,noisy_step_and_pause,1.88333,4.706,0.0,0,0
noisy_step_and_pause_000,noisy_step_and_pause,1.9,4.706,0.0,0,0
noisy_step_and_pause_000,noisy_step_and_pause,1.91667,4.706,0.0,0,0
noisy_step_and_pause_000,noisy_step_and_pause,1.93333,4.706,0.0,0,0
noisy_step_and_pause_000,noisy_step_and_pause,1.95,4.706,0.0,0,0
noisy_step_and_pause_000,noisy_step_and_pause,1.96667,4.706,0.0,0,0
noisy_step_and_pause_000,noisy_step_and_pause,1.98333,4.706,0.0,0,0
noisy_step_and_pause_000,noisy_step_and_pause,2.0,4.706,0.0,0,0
noisy_step_and_pause_000,noisy_step_and_pause,2.01667,4.706,0.0,0,0
noisy_step_and_pause_000,noisy_step_and_pause,2.03333,4.706,0.0,0,0
noisy_step_and_pause_000,noisy_step_and_pause,2.05,4.706,0.0,0,0
noisy_step_and_pause_000,noisy_step_and_pause,2.06667,4.706,0.0,0,0
noisy_step_and_pause_000,noisy_step_and_pause,2.08333,4.706,0.0,1,0
noisy_step_and_pause_000,noisy_step_and_pause,2.1,3.206,-90.0,1,0
noisy_step_and_pause_000,noisy_step_and_pause,2.11667,1.706,-90.0,1,0
noisy_step_and_pause_000,noisy_step_and_pause,2.13333,0.206,-90.0,0,0
noisy_step_and_pause_000,noisy_step_and_pause,2.15,0.206,0.0,0,0
noisy_step_and_pause_000,noisy_step_and_pause,2.16667,0.206,0.0,0,0
noisy_step_and_pause_000,noisy_step_and_pause,2.18333,0.206,0.0,0,1
noisy_step_and_pause_000,noisy_step_and_pause,2.2,1.706,90.0,1,0
noisy_step_and_pause_000,noisy_step_and_pause,2.21667,0.206,-90.0,0,0
noisy_step_and_pause_000,noisy_step_and_pause,2.23333,0.206,0.0,0,0
noisy_step_and_pause_000,noisy_step_and_pause,2.25,0.206,0.0,0,0
noisy_step_and_pause_000,noisy_step_and_pause,2.26667,0.206,0.0,0,0
noisy_step_and_pause_000,noisy_step_and_pause,2.28333,0.206,0.0,0,0
noisy_step_and_pause_000,noisy_step_and_pause,2.3,0.206,0.0,0,0
noisy_step_and_pause_000,noisy_step_and_pause,2.31667,0.206,0.0,0,0
noisy_step_and_pause_000,noisy_step_and_pause,2.33333,0.206,0.0,0,0
noisy_step_and_pause_000,noisy_step_and_pause,2.35,0.206,0.0,0,0
noisy_step_and_pause_000,noisy_step_and_pause,2.36667,0.206,0.0,0,0
noisy_step_and_pause_000,noisy_step_and_pause,2.38333,0.206,0.0,0,0
noisy_step_and_pause_000,noisy_step_and_pause,2.4,0.206,0.0,0,0
noisy_step_and_pause_000,noisy_step_and_pause,2.41667,0.206,0.0,0,0
noisy_step_and_pause_000,noisy_step_and_pause,2.43333,0.206,0.0,0,0
noisy_step_and_pause_000,noisy_step_and_pause,2.45,0.206,0.0,0,0
noisy_step_and_pause_000,noisy_step_and_pause,2.46667,0.206,0.0,0,0
noisy_step_and_pause_000,noisy_step_and_pause,2.48333,0.206,0.0,0,0
noisy_step_and_pause_000,noisy_step_and_pause,2.5,0.206,0.0,0,0
noisy_step_and_pause_000,noisy_step_and_pause,2.51667,0.206,0.0,0,0
noisy_step_and_pause_000,noisy_step_and_pause,2.53333,0.206,0.0,0,0
noisy_step_and_pause_000,noisy_step_and_pause,2.55,0.206,0.0,0,0
noisy_step_and_pause_000,noisy_step_and_pause,2.56667,0.206,0.0,0,0
noisy_step_and_pause_000,noisy_step_and_pause,2.58333,0.206,0.0,0,0
noisy_step_and_pause_000,noisy_step_and_pause,2.6,0.206,0.0,0,0
noisy_step_and_pause_000,noisy_step_and_pause,2.61667,0.206,0.0,0,0
noisy_step_and_pause_000,noisy_step_and_pause,2.63333,0.206,0.0,0,0
noisy_step_and_pause_000,noisy_step_and_pause,2.65,0.206,0.0,0,0
noisy_step_and_pause_000,noisy_step_and_pause,2.66667,0.206,0.0,0,0
noisy_step_and_pause_000,noisy_step_and_pause,2.68333,0.206,0.0,0,0
noisy_step_and_pause_000,noisy_step_and_pause,2.7,0.206,0.0,0,0
noisy_step_and_pause_000,noisy_step_and_pause,2.71667,0.206,0.0,0,0
noisy_step_and_pause_000,noisy_step_and_pause,2.73333,0.206,0.0,0,1
noisy_step_and_pause_000,noisy_step_and_pause,2.75,1.706,90.0,1,0
noisy_step_and_pause_000,noisy_step_and_pause,2.76667,0.206,-90.0,0,0
noisy_step_and_pause_000,noisy_step_and_pause,2.78333,0.206,0.0,0,0
noisy_step_and_pause_000,noisy_step_and_pause,2.8,0.206,0.0,0,0
noisy_step_and_pause_000,noisy_step_and_pause,2.81667,0.206,0.0,0,0
noisy_step_and_pause_000,noisy_step_and_pause,2.83333,0.206,0.0,0,0
noisy_step_and_pause_000,noisy_step_and_pause,2.85,0.206,0.0,0,0
noisy_step_and_pause_000,noisy_step_and_pause,2.86667,0.206,0.0,0,0
noisy_step_and_pause_000,noisy_step_and_pause,2.88333,0.206,0.0,0,0
noisy_step_and_pause_000,noisy_step_and_pause,2.9,0.206,0.0,1,0
noisy_step_and_pause_000,noisy_step_and_pause,2.91667,0.0,-12.353,0,0
noisy_step_and_pause_000,noisy_step_and_pause,2.93333,0.0,0.0,0,0
noisy_step_and_pause_000,noisy_step_and_pause,2.95,0.0,0.0,0,0
noisy_step_and_pause_000,noisy_step_and_pause,2.96667,0.0,0.0,0,0
noisy_step_and_pause_000,noisy_step_and_pause,2.98333,0.0,0.0,0,0
noisy_step_and_pause_000,noisy_step_and_pause,3.0,0.0,0.0,0,0
noisy_step_and_pause_000,noisy_step_and_pause,3.01667,0.0,0.0,0,0
noisy_step_and_pause_000,noisy_step_and_pause,3.03333,0.0,0.0,0,0
noisy_step_and_pause_000,noisy_step_and_pause,3.05,0.0,0.0,0,1
noisy_step_and_pause_000,noisy_step_and_pause,3.06667,1.5,90.0,0,1
noisy_step_and_pause_000,noisy_step_and_pause,3.08333,3.0,90.0,0,1
noisy_step_and_pause_000,noisy_step_and_pause,3.1,4.5,90.0,0,1
noisy_step_and_pause_000,noisy_step_and_pause,3.11667,6.0,90.0,0,1
noisy_step_and_pause_000,noisy_step_and_pause,3.13333,7.5,90.0,0,1
noisy_step_and_pause_000,noisy_step_and_pause,3.15,9.0,90.0,0,1
noisy_step_and_pause_000,noisy_step_and_pause,3.16667,10.5,90.0,0,1
noisy_step_and_pause_000,noisy_step_and_pause,3.18333,12.0,90.0,0,1
noisy_step_and_pause_000,noisy_step_and_pause,3.2,13.5,90.0,0,1
noisy_step_and_pause_000,noisy_step_and_pause,3.21667,15.0,90.0,0,1
noisy_step_and_pause_000,noisy_step_and_pause,3.23333,16.5,90.0,0,1
noisy_step_and_pause_000,noisy_step_and_pause,3.25,18.0,90.0,0,1
noisy_step_and_pause_000,noisy_step_and_pause,3.26667,19.5,90.0,0,1
noisy_step_and_pause_000,noisy_step_and_pause,3.28333,21.0,90.0,0,1
noisy_step_and_pause_000,noisy_step_and_pause,3.3,22.5,90.0,1,0
noisy_step_and_pause_000,noisy_step_and_pause,3.31667,21.0,-90.0,0,1
noisy_step_and_pause_000,noisy_step_and_pause,3.33333,22.5,90.0,0,1
noisy_step_and_pause_000,noisy_step_and_pause,3.35,24.0,90.0,0,1
noisy_step_and_pause_000,noisy_step_and_pause,3.36667,25.5,90.0,0,1
noisy_step_and_pause_000,noisy_step_and_pause,3.38333,27.0,90.0,0,1
noisy_step_and_pause_000,noisy_step_and_pause,3.4,28.5,90.0,0,1
noisy_step_and_pause_000,noisy_step_and_pause,3.41667,30.0,90.0,0,1
noisy_step_and_pause_000,noisy_step_and_pause,3.43333,31.5,90.0,0,1
noisy_step_and_pause_000,noisy_step_and_pause,3.45,33.0,90.0,0,1
noisy_step_and_pause_000,noisy_step_and_pause,3.46667,34.5,90.0,0,1
noisy_step_and_pause_000,noisy_step_and_pause,3.48333,36.0,90.0,0,1
noisy_step_and_pause_000,noisy_step_and_pause,3.5,37.5,90.0,0,1
noisy_step_and_pause_000,noisy_step_and_pause,3.51667,39.0,90.0,0,1
noisy_step_and_pause_000,noisy_step_and_pause,3.53333,40.5,90.0,0,1
noisy_step_and_pause_000,noisy_step_and_pause,3.55,42.0,90.0,0,1
noisy_step_and_pause_000,noisy_step_and_pause,3.56667,43.5,90.0,0,1
noisy_step_and_pause_000,noisy_step_and_pause,3.58333,45.0,90.0,0,1
noisy_step_and_pause_000,noisy_step_and_pause,3.6,46.5,90.0,0,1
noisy_step_and_pause_000,noisy_step_and_pause,3.61667,48.0,90.0,0,1
noisy_step_and_pause_000,noisy_step_and_pause,3.63333,49.5,90.0,1,0
noisy_step_and_pause_000,noisy_step_and_pause,3.65,48.0,-90.0,0,1
noisy_step_and_pause_000,noisy_step_and_pause,3.66667,49.5,90.0,0,1
noisy_step_and_pause_000,noisy_step_and_pause,3.68333,51.0,90.0,0,1
noisy_step_and_pause_000,noisy_step_and_pause,3.7,52.5,90.0,0,1
noisy_step_and_pause_000,noisy_step_and_pause,3.71667,54.0,90.0,0,1
noisy_step_and_pause_000,noisy_step_and_pause,3.73333,55.5,90.0,0,1
noisy_step_and_pause_000,noisy_step_and_pause,3.75,57.0,90.0,0,1
noisy_step_and_pause_000,noisy_step_and_pause,3.76667,58.5,90.0,0,1
noisy_step_and_pause_000,noisy_step_and_pause,3.78333,60.0,90.0,0,1
noisy_step_and_pause_000,noisy_step_and_pause,3.8,61.5,90.0,0,1
noisy_step_and_pause_000,noisy_step_and_pause,3.81667,63.0,90.0,0,1
noisy_step_and_pause_000,noisy_step_and_pause,3.83333,64.5,90.0,0,1
noisy_step_and_pause_000,noisy_step_and_pause,3.85,66.0,90.0,0,1
noisy_step_and_pause_000,noisy_step_and_pause,3.86667,67.5,90.0,0,1
noisy_step_and_pause_000,noisy_step_and_pause,3.88333,69.0,90.0,0,1
noisy_step_and_pause_000,noisy_step_and_pause,3.9,70.5,90.0,0,1
noisy_step_and_pause_000,noisy_step_and_pause,3.91667,72.0,90.0,0,0
noisy_step_and_pause_000,noisy_step_and_pause,3.93333,72.0,0.0,0,1
noisy_step_and_pause_000,noisy_step_and_pause,3.95,73.5,90.0,0,1
noisy_step_and_pause_000,noisy_step_and_pause,3.96667,75.0,90.0,0,1
noisy_step_and_pause_000,noisy_step_and_pause,3.98333,76.5,90.0,0,1
noisy_step_and_pause_000,noisy_step_and_pause,4.0,78.0,90.0,0,1
noisy_step_and_pause_000,noisy_step_and_pause,4.01667,79.5,90.0,0,1
noisy_step_and_pause_000,noisy_step_and_pause,4.03333,81.0,90.0,0,1
noisy_step_and_pause_000,noisy_step_and_pause,4.05,82.5,90.0,0,1
noisy_step_and_pause_000,noisy_step_and_pause,4.06667,84.0,90.0,0,1
noisy_step_and_pause_000,noisy_step_and_pause,4.08333,85.5,90.0,1,0
noisy_step_and_pause_000,noisy_step_and_pause,4.1,84.0,-90.0,0,1
noisy_step_and_pause_000,noisy_step_and_pause,4.11667,85.5,90.0,0,1
noisy_step_and_pause_000,noisy_step_and_pause,4.13333,87.0,90.0,0,0
noisy_step_and_pause_000,noisy_step_and_pause,4.15,87.0,0.0,0,0
noisy_step_and_pause_000,noisy_step_and_pause,4.16667,87.0,0.0,0,0
noisy_step_and_pause_000,noisy_step_and_pause,4.18333,87.0,0.0,0,0
noisy_step_and_pause_000,noisy_step_and_pause,4.2,87.0,0.0,0,0
noisy_step_and_pause_000,noisy_step_and_pause,4.21667,87.0,0.0,0,0
noisy_step_and_pause_000,noisy_step_and_pause,4.23333,87.0,0.0,0,0
noisy_step_and_pause_000,noisy_step_and_pause,4.25,87.0,0.0,0,0
noisy_step_and_pause_000,noisy_step_and_pause,4.26667,87.0,0.0,0,0
noisy_step_and_pause_000,noisy_step_and_pause,4.28333,87.0,0.0,0,0
noisy_step_and_pause_000,noisy_step_and_pause,4.3,87.0,0.0,0,0
noisy_step_and_pause_000,noisy_step_and_pause,4.31667,87.0,0.0,0,0
noisy_step_and_pause_000,noisy_step_and_pause,4.33333,87.0,0.0,0,0
noisy_step_and_pause_000,noisy_step_and_pause,4.35,87.0,0.0,0,0
noisy_step_and_pause_000,noisy_step_and_pause,4.36667,87.0,0.0,0,0
noisy_step_and_pause_000,noisy_step_and_pause,4.38333,87.0,0.0,0,0
noisy_step_and_pause_000,noisy_step_and_pause,4.4,87.0,0.0,0,0
noisy_step_and_pause_000,noisy_step_and_pause,4.41667,87.0,0.0,0,0
noisy_step_and_pause_000,noisy_step_and_pause,4.43333,87.0,0.0,0,0
noisy_step_and_pause_000,noisy_step_and_pause,4.45,87.0,0.0,0,0
noisy_step_and_pause_000,noisy_step_and_pause,4.46667,87.0,0.0,0,0
noisy_step_and_pause_000,noisy_step_and_pause,4.48333,87.0,0.0,0,0
noisy_step_and_pause_000,noisy_step_and_pause,4.5,87.0,0.0,0,0
noisy_step_and_pause_000,noisy_step_and_pause,4.51667,87.0,0.0,0,0
noisy_step_and_pause_000,noisy_step_and_pause,4.53333,87.0,0.0,0,0
noisy_step_and_pause_000,noisy_step_and_pause,4.55,87.0,0.0,0,0
noisy_step_and_pause_000,noisy_step_and_pause,4.56667,87.0,0.0,0,0
noisy_step_and_pause_000,noisy_step_and_pause,4.58333,87.0,0.0,0,0
noisy_step_and_pause_000,noisy_step_and_pause,4.6,87.0,0.0,0,0
noisy_step_and_pause_000,noisy_step_and_pause,4.61667,87.0,0.0,0,0
noisy_step_and_pause_000,noisy_step_and_pause,4.63333,87.0,0.0,0,0
noisy_step_and_pause_000,noisy_step_and_pause,4.65,87.0,0.0,0,0
noisy_step_and_pause_000,noisy_step_and_pause,4.66667,87.0,0.0,0,0
noisy_step_and_pause_000,noisy_step_and_pause,4.68333,87.0,0.0,0,0
noisy_step_and_pause_000,noisy_step_and_pause,4.7,87.0,0.0,0,0
noisy_step_and_pause_000,noisy_step_and_pause,4.71667,87.0,0.0,0,0
noisy_step_and_pause_000,noisy_step_and_pause,4.73333,87.0,0.0,0,0
noisy_step_and_pause_000,noisy_step_and_pause,4.75,87.0,0.0,0,0
noisy_step_and_pause_000,noisy_step_and_pause,4.76667,87.0,0.0,0,0
noisy_step_and_pause_000,noisy_step_and_pause,4.78333,87.0,0.0,0,0
noisy_step_and_pause_000,noisy_step_and_pause,4.8,87.0,0.0,0,0
noisy_step_and_pause_000,noisy_step_and_pause,4.81667,87.0,0.0,0,0
noisy_step_and_pause_000,noisy_step_and_pause,4.83333,87.0,0.0,0,0
noisy_step_and_pause_000,noisy_step_and_pause,4.85,87.0,0.0,0,0
noisy_step_and_pause_000,noisy_step_and_pause,4.86667,87.0,0.0,0,0
noisy_step_and_pause_000,noisy_step_and_pause,4.88333,87.0,0.0,0,0
noisy_step_and_pause_000,noisy_step_and_pause,4.9,87.0,0.0,0,0
noisy_step_and_pause_000,noisy_step_and_pause,4.91667,87.0,0.0,1,0
noisy_step_and_pause_000,noisy_step_and_pause,4.93333,85.5,-90.0,1,0
noisy_step_and_pause_000,noisy_step_and_pause,4.95,84.0,-90.0,1,0
noisy_step_and_pause_000,noisy_step_and_pause,4.96667,82.5,-90.0,1,0
noisy_step_and_pause_000,noisy_step_and_pause,4.98333,81.0,-90.0,1,0
noisy_step_and_pause_000,noisy_step_and_pause,5.0,79.5,-90.0,1,0
noisy_step_and_pause_000,noisy_step_and_pause,5.01667,78.0,-90.0,1,0
noisy_step_and_pause_000,noisy_step_and_pause,5.03333,76.5,-90.0,1,0
noisy_step_and_pause_000,noisy_step_and_pause,5.05,75.0,-90.0,1,0
noisy_step_and_pause_000,noisy_step_and_pause,5.06667,73.5,-90.0,1,0
noisy_step_and_pause_000,noisy_step_and_pause,5.08333,72.0,-90.0,1,0
noisy_step_and_pause_000,noisy_step_and_pause,5.1,70.5,-90.0,1,0
noisy_step_and_pause_000,noisy_step_and_pause,5.11667,69.0,-90.0,1,0
noisy_step_and_pause_000,noisy_step_and_pause,5.13333,67.5,-90.0,1,0
noisy_step_and_pause_000,noisy_step_and_pause,5.15,66.0,-90.0,1,0
noisy_step_and_pause_000,noisy_step_and_pause,5.16667,64.5,-90.0,1,0
noisy_step_and_pause_000,noisy_step_and_pause,5.18333,63.0,-90.0,1,0
noisy_step_and_pause_000,noisy_step_and_pause,5.2,61.5,-90.0,1,0
noisy_step_and_pause_000,noisy_step_and_pause,5.21667,60.0,-90.0,1,0
noisy_step_and_pause_000,noisy_step_and_pause,5.23333,58.5,-90.0,1,0
noisy_step_and_pause_000,noisy_step_and_pause,5.25,57.0,-90.0,1,0
noisy_step_and_pause_000,noisy_step_and_pause,5.26667,55.5,-90.0,1,0
noisy_step_and_pause_000,noisy_step_and_pause,5.28333,54.0,-90.0,1,0
noisy_step_and_pause_000,noisy_step_and_pause,5.3,52.5,-90.0,1,0
noisy_step_and_pause_000,noisy_step_and_pause,5.31667,51.0,-90.0,1,0
noisy_step_and_pause_000,noisy_step_and_pause,5.33333,49.5,-90.0,1,0
noisy_step_and_pause_000,noisy_step_and_pause,5.35,48.0,-90.0,1,0
noisy_step_and_pause_000,noisy_step_and_pause,5.36667,46.5,-90.0,1,0
noisy_step_and_pause_000,noisy_step_and_pause,5.38333,45.0,-90.0,1,0
noisy_step_and_pause_000,noisy_step_and_pause,5.4,43.5,-90.0,1,0
noisy_step_and_pause_000,noisy_step_and_pause,5.41667,42.0,-90.0,1,0
noisy_step_and_pause_000,noisy_step_and_pause,5.43333,40.5,-90.0,1,0
noisy_step_and_pause_000,noisy_step_and_pause,5.45,39.0,-90.0,1,0
noisy_step_and_pause_000,noisy_step_and_pause,5.46667,37.5,-90.0,1,0
noisy_step_and_pause_000,noisy_step_and_pause,5.48333,36.0,-90.0,1,0
noisy_step_and_pause_000,noisy_step_and_pause,5.5,34.5,-90.0,1,0
noisy_step_and_pause_000,noisy_step_and_pause,5.51667,33.0,-90.0,1,0
noisy_step_and_pause_000,noisy_step_and_pause,5.53333,31.5,-90.0,1,0
noisy_step_and_pause_000,noisy_step_and_pause,5.55,30.0,-90.0,1,0
noisy_step_and_pause_000,noisy_step_and_pause,5.56667,28.5,-90.0,1,0
noisy_step_and_pause_000,noisy_step_and_pause,5.58333,27.0,-90.0,1,0
noisy_step_and_pause_000,noisy_step_and_pause,5.6,25.5,-90.0,1,0
noisy_step_and_pause_000,noisy_step_and_pause,5.61667,24.0,-90.0,1,0
noisy_step_and_pause_000,noisy_step_and_pause,5.63333,22.5,-90.0,1,0
noisy_step_and_pause_000,noisy_step_and_pause,5.65,21.0,-90.0,1,0
noisy_step_and_pause_000,noisy_step_and_pause,5.66667,19.5,-90.0,1,0
noisy_step_and_pause_000,noisy_step_and_pause,5.68333,18.0,-90.0,1,0
noisy_step_and_pause_000,noisy_step_and_pause,5.7,16.5,-90.0,1,0
noisy_step_and_pause_000,noisy_step_and_pause,5.71667,15.0,-90.0,1,0
noisy_step_and_pause_000,noisy_step_and_pause,5.73333,13.5,-90.0,1,0
noisy_step_and_pause_000,noisy_step_and_pause,5.75,12.0,-90.0,1,0
noisy_step_and_pause_000,noisy_step_and_pause,5.76667,10.5,-90.0,1,0
noisy_step_and_pause_000,noisy_step_and_pause,5.78333,9.0,-90.0,1,0
noisy_step_and_pause_000,noisy_step_and_pause,5.8,7.5,-90.0,1,0
noisy_step_and_pause_000,noisy_step_and_pause,5.81667,6.0,-90.0,1,0
noisy_step_and_pause_000,noisy_step_and_pause,5.83333,4.5,-90.0,1,0
noisy_step_and_pause_000,noisy_step_and_pause,5.85,3.0,-90.0,1,0
noisy_step_and_pause_000,noisy_step_and_pause,5.86667,1.5,-90.0,1,0
noisy_step_and_pause_000,noisy_step_and_pause,5.88333,0.0,-90.0,0,0
noisy_step_and_pause_000,noisy_step_and_pause,5.9,0.0,0.0,0,0
noisy_step_and_pause_000,noisy_step_and_pause,5.91667,0.0,0.0,0,1
noisy_step_and_pause_000,noisy_step_and_pause,5.93333,1.5,90.0,0,1
noisy_step_and_pause_000,noisy_step_and_pause,5.95,3.0,90.0,0,1
noisy_step_and_pause_000,noisy_step_and_pause,5.96667,4.5,90.0,0,1
noisy_step_and_pause_000,noisy_step_and_pause,5.98333,6.0,90.0,0,1
noisy_step_and_pause_000,noisy_step_and_pause,6.0,7.5,90.0,0,1
noisy_step_and_pause_000,noisy_step_and_pause,6.01667,9.0,90.0,0,1
noisy_step_and_pause_000,noisy_step_and_pause,6.03333,10.5,90.0,0,1
noisy_step_and_pause_000,noisy_step_and_pause,6.05,12.0,90.0,0,0
noisy_step_and_pause_000,noisy_step_and_pause,6.06667,12.0,0.0,0,1
noisy_step_and_pause_000,noisy_step_and_pause,6.08333,13.5,90.0,0,1
noisy_step_and_pause_000,noisy_step_and_pause,6.1,15.0,90.0,0,1
noisy_step_and_pause_000,noisy_step_and_pause,6.11667,16.5,90.0,0,1
noisy_step_and_pause_000,noisy_step_and_pause,6.13333,18.0,90.0,0,1
noisy_step_and_pause_000,noisy_step_and_pause,6.15,19.5,90.0,0,1
noisy_step_and_pause_000,noisy_step_and_pause,6.16667,21.0,90.0,0,1
noisy_step_and_pause_000,noisy_step_and_pause,6.18333,22.5,90.0,0,1
noisy_step_and_pause_000,noisy_step_and_pause,6.2,24.0,90.0,0,1
noisy_step_and_pause_000,noisy_step_and_pause,6.21667,25.5,90.0,0,1
noisy_step_and_pause_000,noisy_step_and_pause,6.23333,27.0,90.0,0,1
noisy_step_and_pause_000,noisy_step_and_pause,6.25,28.5,90.0,0,1
noisy_step_and_pause_000,noisy_step_and_pause,6.26667,30.0,90.0,0,1
noisy_step_and_pause_000,noisy_step_and_pause,6.28333,31.5,90.0,0,1
noisy_step_and_pause_000,noisy_step_and_pause,6.3,33.0,90.0,0,1
noisy_step_and_pause_000,noisy_step_and_pause,6.31667,34.5,90.0,0,1
noisy_step_and_pause_000,noisy_step_and_pause,6.33333,36.0,90.0,0,1
noisy_step_and_pause_000,noisy_step_and_pause,6.35,37.5,90.0,0,1
noisy_step_and_pause_000,noisy_step_and_pause,6.36667,39.0,90.0,0,1
noisy_step_and_pause_000,noisy_step_and_pause,6.38333,40.5,90.0,0,1
noisy_step_and_pause_000,noisy_step_and_pause,6.4,42.0,90.0,0,1
noisy_step_and_pause_000,noisy_step_and_pause,6.41667,43.5,90.0,0,1
noisy_step_and_pause_000,noisy_step_and_pause,6.43333,45.0,90.0,0,1
noisy_step_and_pause_000,noisy_step_and_pause,6.45,46.5,90.0,0,1
noisy_step_and_pause_000,noisy_step_and_pause,6.46667,48.0,90.0,0,1
noisy_step_and_pause_000,noisy_step_and_pause,6.48333,49.5,90.0,0,1
noisy_step_and_pause_000,noisy_step_and_pause,6.5,51.0,90.0,0,1
noisy_step_and_pause_000,noisy_step_and_pause,6.51667,52.5,90.0,0,1
noisy_step_and_pause_000,noisy_step_and_pause,6.53333,54.0,90.0,0,1
noisy_step_and_pause_000,noisy_step_and_pause,6.55,55.5,90.0,0,1
noisy_step_and_pause_000,noisy_step_and_pause,6.56667,57.0,90.0,0,1
noisy_step_and_pause_000,noisy_step_and_pause,6.58333,58.5,90.0,0,1
noisy_step_and_pause_000,noisy_step_and_pause,6.6,60.0,90.0,0,1
noisy_step_and_pause_000,noisy_step_and_pause,6.61667,61.5,90.0,0,1
noisy_step_and_pause_000,noisy_step_and_pause,6.63333,63.0,90.0,0,1
noisy_step_and_pause_000,noisy_step_and_pause,6.65,64.5,90.0,0,1
noisy_step_and_pause_000,noisy_step_and_pause,6.66667,66.0,90.0,0,1
noisy_step_and_pause_000,noisy_step_and_pause,6.68333,67.5,90.0,0,1
noisy_step_and_pause_000,noisy_step_and_pause,6.7,69.0,90.0,0,1
noisy_step_and_pause_000,noisy_step_and_pause,6.71667,70.5,90.0,0,1
noisy_step_and_pause_000,noisy_step_and_pause,6.73333,72.0,90.0,0,1
noisy_step_and_pause_000,noisy_step_and_pause,6.75,73.5,90.0,0,1
noisy_step_and_pause_000,noisy_step_and_pause,6.76667,75.0,90.0,0,1
noisy_step_and_pause_000,noisy_step_and_pause,6.78333,76.5,90.0,0,1
noisy_step_and_pause_000,noisy_step_and_pause,6.8,78.0,90.0,0,1
noisy_step_and_pause_000,noisy_step_and_pause,6.81667,79.5,90.0,0,1
noisy_step_and_pause_000,noisy_step_and_pause,6.83333,81.0,90.0,0,1
noisy_step_and_pause_000,noisy_step_and_pause,6.85,82.5,90.0,0,1
noisy_step_and_pause_000,noisy_step_and_pause,6.86667,84.0,90.0,0,0
noisy_step_and_pause_000,noisy_step_and_pause,6.88333,84.0,0.0,0,1
noisy_step_and_pause_000,noisy_step_and_pause,6.9,85.5,90.0,0,1
noisy_step_and_pause_000,noisy_step_and_pause,6.91667,87.0,90.0,0,1
noisy_step_and_pause_000,noisy_step_and_pause,6.93333,88.5,90.0,0,1
noisy_step_and_pause_000,noisy_step_and_pause,6.95,90.0,90.0,1,0
noisy_step_and_pause_000,noisy_step_and_pause,6.96667,88.5,-90.0,0,1
noisy_step_and_pause_000,noisy_step_and_pause,6.98333,90.0,90.0,0,1
noisy_step_and_pause_000,noisy_step_and_pause,7.0,91.5,90.0,0,1
noisy_step_and_pause_000,noisy_step_and_pause,7.01667,93.0,90.0,0,1
noisy_step_and_pause_000,noisy_step_and_pause,7.03333,94.5,90.0,0,1
noisy_step_and_pause_000,noisy_step_and_pause,7.05,96.0,90.0,0,1
noisy_step_and_pause_000,noisy_step_and_pause,7.06667,97.5,90.0,0,0
noisy_step_and_pause_000,noisy_step_and_pause,7.08333,97.5,0.0,0,1
noisy_step_and_pause_000,noisy_step_and_pause,7.1,99.0,90.0,0,1
noisy_step_and_pause_000,noisy_step_and_pause,7.11667,100.5,90.0,0,1
noisy_step_and_pause_000,noisy_step_and_pause,7.13333,102.0,90.0,0,1
noisy_step_and_pause_000,noisy_step_and_pause,7.15,103.5,90.0,0,1
noisy_step_and_pause_000,noisy_step_and_pause,7.16667,105.0,90.0,0,1
noisy_step_and_pause_000,noisy_step_and_pause,7.18333,106.5,90.0,0,1
noisy_step_and_pause_000,noisy_step_and_pause,7.2,108.0,90.0,0,1
noisy_step_and_pause_000,noisy_step_and_pause,7.21667,109.5,90.0,0,1
noisy_step_and_pause_000,noisy_step_and_pause,7.23333,111.0,90.0,0,1
noisy_step_and_pause_000,noisy_step_and_pause,7.25,112.5,90.0,0,1
noisy_step_and_pause_000,noisy_step_and_pause,7.26667,114.0,90.0,0,1
noisy_step_and_pause_000,noisy_step_and_pause,7.28333,115.5,90.0,0,0
noisy_step_and_pause_000,noisy_step_and_pause,7.3,115.5,0.0,0,0
noisy_step_and_pause_000,noisy_step_and_pause,7.31667,115.5,0.0,0,0
noisy_step_and_pause_000,noisy_step_and_pause,7.33333,115.5,0.0,0,0
noisy_step_and_pause_000,noisy_step_and_pause,7.35,115.5,0.0,0,0
noisy_step_and_pause_000,noisy_step_and_pause,7.36667,115.5,0.0,0,0
noisy_step_and_pause_000,noisy_step_and_pause,7.38333,115.5,0.0,0,0
noisy_step_and_pause_000,noisy_step_and_pause,7.4,115.5,0.0,0,0
noisy_step_and_pause_000,noisy_step_and_pause,7.41667,115.5,0.0,0,0
noisy_step_and_pause_000,noisy_step_and_pause,7.43333,115.5,0.0,0,0
noisy_step_and_pause_000,noisy_step_and_pause,7.45,115.5,0.0,0,0
noisy_step_and_pause_000,noisy_step_and_pause,7.46667,115.5,0.0,1,0
noisy_step_and_pause_000,noisy_step_and_pause,7.48333,114.0,-90.0,0,0
noisy_step_and_pause_000,noisy_step_and_pause,7.5,114.0,0.0,0,0
noisy_step_and_pause_000,noisy_step_and_pause,7.51667,114.0,0.0,0,0
noisy_step_and_pause_000,noisy_step_and_pause,7.53333,114.0,0.0,0,0
noisy_step_and_pause_000,noisy_step_and_pause,7.55,114.0,0.0,0,0
noisy_step_and_pause_000,noisy_step_and_pause,7.56667,114.0,0.0,0,0
noisy_step_and_pause_000,noisy_step_and_pause,7.58333,114.0,0.0,0,0
noisy_step_and_pause_000,noisy_step_and_pause,7.6,114.0,0.0,0,0
noisy_step_and_pause_000,noisy_step_and_pause,7.61667,114.0,0.0,0,0
noisy_step_and_pause_000,noisy_step_and_pause,7.63333,114.0,0.0,0,0
noisy_step_and_pause_000,noisy_step_and_pause,7.65,114.0,0.0,1,0
noisy_step_and_pause_000,noisy_step_and_pause,7.66667,112.5,-90.0,0,1
noisy_step_and_pause_000,noisy_step_and_pause,7.68333,114.0,90.0,0,0
noisy_step_and_pause_000,noisy_step_and_pause,7.7,114.0,0.0,0,0
noisy_step_and_pause_000,noisy_step_and_pause,7.71667,114.0,0.0,0,0
noisy_step_and_pause_000,noisy_step_and_pause,7.73333,114.0,0.0,0,0
noisy_step_and_pause_000,noisy_step_and_pause,7.75,114.0,0.0,0,0
noisy_step_and_pause_000,noisy_step_and_pause,7.76667,114.0,0.0,0,0
noisy_step_and_pause_000,noisy_step_and_pause,7.78333,114.0,0.0,0,0
noisy_step_and_pause_000,noisy_step_and_pause,7.8,114.0,0.0,0,0
noisy_step_and_pause_000,noisy_step_and_pause,7.81667,114.0,0.0,0,0
noisy_step_and_pause_000,noisy_step_and_pause,7.83333,114.0,0.0,0,0
noisy_step_and_pause_000,noisy_step_and_pause,7.85,114.0,0.0,0,0
noisy_step_and_pause_000,noisy_step_and_pause,7.86667,114.0,0.0,0,0
noisy_step_and_pause_000,noisy_step_and_pause,7.88333,114.0,0.0,0,0
noisy_step_and_pause_000,noisy_step_and_pause,7.9,114.0,0.0,0,0
noisy_step_and_pause_000,noisy_step_and_pause,7.91667,114.0,0.0,0,0
noisy_step_and_pause_000,noisy_step_and_pause,7.93333,114.0,0.0,0,0
noisy_step_and_pause_000,noisy_step_and_pause,7.95,114.0,0.0,0,0
noisy_step_and_pause_000,noisy_step_and_pause,7.96667,114.0,0.0,0,0
noisy_step_and_pause_000,noisy_step_and_pause,7.98333,114.0,0.0,0,0
noisy_step_and_pause_000,noisy_step_and_pause,8.0,114.0,0.0,0,0
noisy_step_and_pause_000,noisy_step_and_pause,8.01667,114.0,0.0,0,0
noisy_step_and_pause_000,noisy_step_and_pause,8.03333,114.0,0.0,0,0
noisy_step_and_pause_000,noisy_step_and_pause,8.05,114.0,0.0,0,0
noisy_step_and_pause_000,noisy_step_and_pause,8.06667,114.0,0.0,0,0
noisy_step_and_pause_000,noisy_step_and_pause,8.08333,114.0,0.0,0,0
noisy_step_and_pause_000,noisy_step_and_pause,8.1,114.0,0.0,0,0
noisy_step_and_pause_000,noisy_step_and_pause,8.11667,114.0,0.0,0,0
noisy_step_and_pause_000,noisy_step_and_pause,8.13333,114.0,0.0,0,0
noisy_step_and_pause_000,noisy_step_and_pause,8.15,114.0,0.0,0,0
noisy_step_and_pause_000,noisy_step_and_pause,8.16667,114.0,0.0,0,0
noisy_step_and_pause_000,noisy_step_and_pause,8.18333,114.0,0.0,0,0
noisy_step_and_pause_000,noisy_step_and_pause,8.2,114.0,0.0,0,0
noisy_step_and_pause_000,noisy_step_and_pause,8.21667,114.0,0.0,0,0
noisy_step_and_pause_000,noisy_step_and_pause,8.23333,114.0,0.0,1,0
noisy_step_and_pause_000,noisy_step_and_pause,8.25,112.5,-90.0,1,0
noisy_step_and_pause_000,noisy_step_and_pause,8.26667,111.0,-90.0,1,0
noisy_step_and_pause_000,noisy_step_and_pause,8.28333,109.5,-90.0,1,0
noisy_step_and_pause_000,noisy_step_and_pause,8.3,108.0,-90.0,1,0
noisy_step_and_pause_000,noisy_step_and_pause,8.31667,106.5,-90.0,1,0
noisy_step_and_pause_000,noisy_step_and_pause,8.33333,105.0,-90.0,1,0
noisy_step_and_pause_000,noisy_step_and_pause,8.35,103.5,-90.0,1,0
noisy_step_and_pause_000,noisy_step_and_pause,8.36667,102.0,-90.0,1,0
noisy_step_and_pause_000,noisy_step_and_pause,8.38333,100.5,-90.0,1,0
noisy_step_and_pause_000,noisy_step_and_pause,8.4,99.0,-90.0,1,0
noisy_step_and_pause_000,noisy_step_and_pause,8.41667,97.5,-90.0,1,0
noisy_step_and_pause_000,noisy_step_and_pause,8.43333,96.0,-90.0,1,0
noisy_step_and_pause_000,noisy_step_and_pause,8.45,94.5,-90.0,1,0
noisy_step_and_pause_000,noisy_step_and_pause,8.46667,93.0,-90.0,1,0
noisy_step_and_pause_000,noisy_step_and_pause,8.48333,91.5,-90.0,1,0
noisy_step_and_pause_000,noisy_step_and_pause,8.5,90.0,-90.0,1,0
noisy_step_and_pause_000,noisy_step_and_pause,8.51667,88.5,-90.0,1,0
noisy_step_and_pause_000,noisy_step_and_pause,8.53333,87.0,-90.0,1,0
noisy_step_and_pause_000,noisy_step_and_pause,8.55,85.5,-90.0,1,0
noisy_step_and_pause_000,noisy_step_and_pause,8.56667,84.0,-90.0,1,0
noisy_step_and_pause_000,noisy_step_and_pause,8.58333,82.5,-90.0,1,0
noisy_step_and_pause_000,noisy_step_and_pause,8.6,81.0,-90.0,1,0
noisy_step_and_pause_000,noisy_step_and_pause,8.61667,79.5,-90.0,1,0
noisy_step_and_pause_000,noisy_step_and_pause,8.63333,78.0,-90.0,1,0
noisy_step_and_pause_000,noisy_step_and_pause,8.65,76.5,-90.0,1,0
noisy_step_and_pause_000,noisy_step_and_pause,8.66667,75.0,-90.0,1,0
noisy_step_and_pause_000,noisy_step_and_pause,8.68333,73.5,-90.0,1,0
noisy_step_and_pause_000,noisy_step_and_pause,8.7,72.0,-90.0,1,0
noisy_step_and_pause_000,noisy_step_and_pause,8.71667,70.5,-90.0,1,0
noisy_step_and_pause_000,noisy_step_and_pause,8.73333,69.0,-90.0,1,0
noisy_step_and_pause_000,noisy_step_and_pause,8.75,67.5,-90.0,1,0
noisy_step_and_pause_000,noisy_step_and_pause,8.76667,66.0,-90.0,1,0
noisy_step_and_pause_000,noisy_step_and_pause,8.78333,64.5,-90.0,1,0
noisy_step_and_pause_000,noisy_step_and_pause,8.8,63.0,-90.0,1,0
noisy_step_and_pause_000,noisy_step_and_pause,8.81667,61.5,-90.0,1,0
noisy_step_and_pause_000,noisy_step_and_pause,8.83333,60.0,-90.0,1,0
noisy_step_and_pause_000,noisy_step_and_pause,8.85,58.5,-90.0,1,0
noisy_step_and_pause_000,noisy_step_and_pause,8.86667,57.0,-90.0,1,0
noisy_step_and_pause_000,noisy_step_and_pause,8.88333,55.5,-90.0,1,0
noisy_step_and_pause_000,noisy_step_and_pause,8.9,54.0,-90.0,1,0
noisy_step_and_pause_000,noisy_step_and_pause,8.91667,52.5,-90.0,1,0
noisy_step_and_pause_000,noisy_step_and_pause,8.93333,51.0,-90.0,1,0
noisy_step_and_pause_000,noisy_step_and_pause,8.95,49.5,-90.0,1,0
noisy_step_and_pause_000,noisy_step_and_pause,8.96667,48.0,-90.0,1,0
noisy_step_and_pause_000,noisy_step_and_pause,8.98333,46.5,-90.0,1,0
noisy_step_and_pause_000,noisy_step_and_pause,9.0,45.0,-90.0,1,0
noisy_step_and_pause_000,noisy_step_and_pause,9.01667,43.5,-90.0,1,0
noisy_step_and_pause_000,noisy_step_and_pause,9.03333,42.0,-90.0,1,0
noisy_step_and_pause_000,noisy_step_and_pause,9.05,40.5,-90.0,1,0
noisy_step_and_pause_000,noisy_step_and_pause,9.06667,39.0,-90.0,1,0
noisy_step_and_pause_000,noisy_step_and_pause,9.08333,37.5,-90.0,1,0
noisy_step_and_pause_000,noisy_step_and_pause,9.1,36.0,-90.0,1,0
noisy_step_and_pause_000,noisy_step_and_pause,9.11667,34.5,-90.0,1,0
noisy_step_and_pause_000,noisy_step_and_pause,9.13333,33.0,-90.0,1,0
noisy_step_and_pause_000,noisy_step_and_pause,9.15,31.5,-90.0,1,0
noisy_step_and_pause_000,noisy_step_and_pause,9.16667,30.0,-90.0,1,0
noisy_step_and_pause_000,noisy_step_and_pause,9.18333,28.5,-90.0,1,0
noisy_step_and_pause_000,noisy_step_and_pause,9.2,27.0,-90.0,1,0
noisy_step_and_pause_000,noisy_step_and_pause,9.21667,25.5,-90.0,1,0
noisy_step_and_pause_000,noisy_step_and_pause,9.23333,24.0,-90.0,1,0
noisy_step_and_pause_000,noisy_step_and_pause,9.25,22.5,-90.0,1,0
noisy_step_and_pause_000,noisy_step_and_pause,9.26667,21.0,-90.0,1,0
noisy_step_and_pause_000,noisy_step_and_pause,9.28333,19.5,-90.0,1,0
noisy_step_and_pause_000,noisy_step_and_pause,9.3,18.0,-90.0,1,0
noisy_step_and_pause_000,noisy_step_and_pause,9.31667,16.5,-90.0,1,0
noisy_step_and_pause_000,noisy_step_and_pause,9.33333,15.0,-90.0,1,0
noisy_step_and_pause_000,noisy_step_and_pause,9.35,13.5,-90.0,1,0
noisy_step_and_pause_000,noisy_step_and_pause,9.36667,12.0,-90.0,1,0
noisy_step_and_pause_000,noisy_step_and_pause,9.38333,10.5,-90.0,1,0
noisy_step_and_pause_000,noisy_step_and_pause,9.4,9.0,-90.0,1,0
noisy_step_and_pause_000,noisy_step_and_pause,9.41667,7.5,-90.0,1,0
noisy_step_and_pause_000,noisy_step_and_pause,9.43333,6.0,-90.0,1,0
noisy_step_and_pause_000,noisy_step_and_pause,9.45,4.5,-90.0,1,0
noisy_step_and_pause_000,noisy_step_and_pause,9.46667,3.0,-90.0,1,0
noisy_step_and_pause_000,noisy_step_and_pause,9.48333,1.5,-90.0,1,0
noisy_step_and_pause_000,noisy_step_and_pause,9.5,0.0,-90.0,0,0
noisy_step_and_pause_000,noisy_step_and_pause,9.51667,0.0,0.0,0,0
noisy_step_and_pause_000,noisy_step_and_pause,9.53333,0.0,0.0,0,0
noisy_step_and_pause_000,noisy_step_and_pause,9.55,0.0,0.0,0,0
noisy_step_and_pause_000,noisy_step_and_pause,9.56667,0.0,0.0,0,0
noisy_step_and_pause_000,noisy_step_and_pause,9.58333,0.0,0.0,0,0
noisy_step_and_pause_000,noisy_step_and_pause,9.6,0.0,0.0,0,0
noisy_step_and_pause_000,noisy_step_and_pause,9.61667,0.0,0.0,0,0
noisy_step_and_pause_000,noisy_step_and_pause,9.63333,0.0,0.0,1,0
noisy_step_and_pause_000,noisy_step_and_pause,9.65,0.0,0.0,0,0
noisy_step_and_pause_000,noisy_step_and_pause,9.66667,0.0,0.0,0,0
noisy_step_and_pause_000,noisy_step_and_pause,9.68333,0.0,0.0,0,1
noisy_step_and_pause_000,noisy_step_and_pause,9.7,1.5,90.0,0,0
noisy_step_and_pause_000,noisy_step_and_pause,9.71667,1.5,0.0,0,1
noisy_step_and_pause_000,noisy_step_and_pause,9.73333,3.0,90.0,0,1
noisy_step_and_pause_000,noisy_step_and_pause,9.75,4.5,90.0,0,1
noisy_step_and_pause_000,noisy_step_and_pause,9.76667,6.0,90.0,0,1
noisy_step_and_pause_000,noisy_step_and_pause,9.78333,7.5,90.0,0,1
noisy_step_and_pause_000,noisy_step_and_pause,9.8,9.0,90.0,0,1
noisy_step_and_pause_000,noisy_step_and_pause,9.81667,10.5,90.0,0,1
noisy_step_and_pause_000,noisy_step_and_pause,9.83333,12.0,90.0,0,1
noisy_step_and_pause_000,noisy_step_and_pause,9.85,13.5,90.0,0,1
noisy_step_and_pause_000,noisy_step_and_pause,9.86667,15.0,90.0,0,1
noisy_step_and_pause_000,noisy_step_and_pause,9.88333,16.5,90.0,0,1
noisy_step_and_pause_000,noisy_step_and_pause,9.9,18.0,90.0,0,1
noisy_step_and_pause_000,noisy_step_and_pause,9.91667,19.5,90.0,0,1
noisy_step_and_pause_000,noisy_step_and_pause,9.93333,21.0,90.0,0,1
noisy_step_and_pause_000,noisy_step_and_pause,9.95,22.5,90.0,0,1
noisy_step_and_pause_000,noisy_step_and_pause,9.96667,24.0,90.0,0,1
noisy_step_and_pause_000,noisy_step_and_pause,9.98333,25.5,90.0,0,1
noisy_step_and_pause_000,noisy_step_and_pause,10.0,27.0,90.0,0,1
noisy_step_and_pause_000,noisy_step_and_pause,10.01667,28.5,90.0,0,1
noisy_step_and_pause_000,noisy_step_and_pause,10.03333,30.0,90.0,0,1
noisy_step_and_pause_000,noisy_step_and_pause,10.05,31.5,90.0,0,1
noisy_step_and_pause_000,noisy_step_and_pause,10.06667,33.0,90.0,0,1
noisy_step_and_pause_000,noisy_step_and_pause,10.08333,34.5,90.0,0,1
noisy_step_and_pause_000,noisy_step_and_pause,10.1,36.0,90.0,0,1
noisy_step_and_pause_000,noisy_step_and_pause,10.11667,37.5,90.0,0,0
noisy_step_and_pause_000,noisy_step_and_pause,10.13333,37.5,0.0,0,1
noisy_step_and_pause_000,noisy_step_and_pause,10.15,39.0,90.0,0,1
noisy_step_and_pause_000,noisy_step_and_pause,10.16667,40.5,90.0,0,1
noisy_step_and_pause_000,noisy_step_and_pause,10.18333,42.0,90.0,0,1
noisy_step_and_pause_000,noisy_step_and_pause,10.2,43.5,90.0,0,1
noisy_step_and_pause_000,noisy_step_and_pause,10.21667,45.0,90.0,0,1
noisy_step_and_pause_000,noisy_step_and_pause,10.23333,46.5,90.0,0,1
noisy_step_and_pause_000,noisy_step_and_pause,10.25,48.0,90.0,0,1
noisy_step_and_pause_000,noisy_step_and_pause,10.26667,49.5,90.0,0,1
noisy_step_and_pause_000,noisy_step_and_pause,10.28333,51.0,90.0,0,0
noisy_step_and_pause_000,noisy_step_and_pause,10.3,51.0,0.0,0,1
noisy_step_and_pause_000,noisy_step_and_pause,10.31667,52.5,90.0,0,1
noisy_step_and_pause_000,noisy_step_and_pause,10.33333,54.0,90.0,0,1
noisy_step_and_pause_000,noisy_step_and_pause,10.35,55.5,90.0,0,1
noisy_step_and_pause_000,noisy_step_and_pause,10.36667,57.0,90.0,0,1
noisy_step_and_pause_000,noisy_step_and_pause,10.38333,58.5,90.0,0,0
noisy_step_and_pause_000,noisy_step_and_pause,10.4,58.5,0.0,0,1
noisy_step_and_pause_000,noisy_step_and_pause,10.41667,60.0,90.0,0,1
noisy_step_and_pause_000,noisy_step_and_pause,10.43333,61.5,90.0,0,1
noisy_step_and_pause_000,noisy_step_and_pause,10.45,63.0,90.0,0,1
noisy_step_and_pause_000,noisy_step_and_pause,10.46667,64.5,90.0,0,1
noisy_step_and_pause_000,noisy_step_and_pause,10.48333,66.0,90.0,0,1
noisy_step_and_pause_000,noisy_step_and_pause,10.5,67.5,90.0,0,1
noisy_step_and_pause_000,noisy_step_and_pause,10.51667,69.0,90.0,0,1
noisy_step_and_pause_000,noisy_step_and_pause,10.53333,70.5,90.0,0,1
noisy_step_and_pause_000,noisy_step_and_pause,10.55,72.0,90.0,0,1
noisy_step_and_pause_000,noisy_step_and_pause,10.56667,73.5,90.0,0,1
noisy_step_and_pause_000,noisy_step_and_pause,10.58333,75.0,90.0,0,1
noisy_step_and_pause_000,noisy_step_and_pause,10.6,76.5,90.0,0,1
noisy_step_and_pause_000,noisy_step_and_pause,10.61667,78.0,90.0,0,1
noisy_step_and_pause_000,noisy_step_and_pause,10.63333,79.5,90.0,0,1
noisy_step_and_pause_000,noisy_step_and_pause,10.65,81.0,90.0,0,1
noisy_step_and_pause_000,noisy_step_and_pause,10.66667,82.5,90.0,0,1
noisy_step_and_pause_000,noisy_step_and_pause,10.68333,84.0,90.0,0,1
noisy_step_and_pause_000,noisy_step_and_pause,10.7,85.5,90.0,0,1
noisy_step_and_pause_000,noisy_step_and_pause,10.71667,87.0,90.0,0,1
noisy_step_and_pause_000,noisy_step_and_pause,10.73333,88.5,90.0,1,0
noisy_step_and_pause_000,noisy_step_and_pause,10.75,87.0,-90.0,0,1
noisy_step_and_pause_000,noisy_step_and_pause,10.76667,88.5,90.0,0,1
noisy_step_and_pause_000,noisy_step_and_pause,10.78333,90.0,90.0,0,1
noisy_step_and_pause_000,noisy_step_and_pause,10.8,91.5,90.0,0,1
noisy_step_and_pause_000,noisy_step_and_pause,10.81667,93.0,90.0,0,1
noisy_step_and_pause_000,noisy_step_and_pause,10.83333,94.5,90.0,0,1
noisy_step_and_pause_000,noisy_step_and_pause,10.85,96.0,90.0,1,0
noisy_step_and_pause_000,noisy_step_and_pause,10.86667,94.5,-90.0,0,1
noisy_step_and_pause_000,noisy_step_and_pause,10.88333,96.0,90.0,0,1
noisy_step_and_pause_000,noisy_step_and_pause,10.9,97.5,90.0,0,1
noisy_step_and_pause_000,noisy_step_and_pause,10.91667,99.0,90.0,0,0
noisy_step_and_pause_000,noisy_step_and_pause,10.93333,99.0,0.0,0,1
noisy_step_and_pause_000,noisy_step_and_pause,10.95,100.5,90.0,0,1
noisy_step_and_pause_000,noisy_step_and_pause,10.96667,102.0,90.0,0,1
noisy_step_and_pause_000,noisy_step_and_pause,10.98333,103.5,90.0,0,0
noisy_step_and_pause_000,noisy_step_and_pause,11.0,103.5,0.0,0,1
noisy_step_and_pause_000,noisy_step_and_pause,11.01667,105.0,90.0,0,1
noisy_step_and_pause_000,noisy_step_and_pause,11.03333,106.5,90.0,0,1
noisy_step_and_pause_000,noisy_step_and_pause,11.05,108.0,90.0,0,1
noisy_step_and_pause_000,noisy_step_and_pause,11.06667,109.5,90.0,0,1
noisy_step_and_pause_000,noisy_step_and_pause,11.08333,111.0,90.0,0,1
noisy_step_and_pause_000,noisy_step_and_pause,11.1,112.5,90.0,0,1
noisy_step_and_pause_000,noisy_step_and_pause,11.11667,114.0,90.0,0,1
noisy_step_and_pause_000,noisy_step_and_pause,11.13333,115.5,90.0,0,1
noisy_step_and_pause_000,noisy_step_and_pause,11.15,117.0,90.0,0,1
noisy_step_and_pause_000,noisy_step_and_pause,11.16667,118.5,90.0,0,1
noisy_step_and_pause_000,noisy_step_and_pause,11.18333,120.0,90.0,0,1
noisy_step_and_pause_000,noisy_step_and_pause,11.2,121.5,90.0,0,1
noisy_step_and_pause_000,noisy_step_and_pause,11.21667,123.0,90.0,0,1
noisy_step_and_pause_000,noisy_step_and_pause,11.23333,124.5,90.0,0,1
noisy_step_and_pause_000,noisy_step_and_pause,11.25,126.0,90.0,0,1
noisy_step_and_pause_000,noisy_step_and_pause,11.26667,127.5,90.0,0,1
noisy_step_and_pause_000,noisy_step_and_pause,11.28333,129.0,90.0,0,1
noisy_step_and_pause_000,noisy_step_and_pause,11.3,130.5,90.0,0,1
noisy_step_and_pause_000,noisy_step_and_pause,11.31667,132.0,90.0,0,1
noisy_step_and_pause_000,noisy_step_and_pause,11.33333,133.5,90.0,1,0
noisy_step_and_pause_000,noisy_step_and_pause,11.35,132.0,-90.0,0,1
noisy_step_and_pause_000,noisy_step_and_pause,11.36667,133.5,90.0,0,1
noisy_step_and_pause_000,noisy_step_and_pause,11.38333,135.0,90.0,0,1
noisy_step_and_pause_000,noisy_step_and_pause,11.4,136.5,90.0,0,1
noisy_step_and_pause_000,noisy_step_and_pause,11.41667,138.0,90.0,0,1
noisy_step_and_pause_000,noisy_step_and_pause,11.43333,139.5,90.0,0,1
noisy_step_and_pause_000,noisy_step_and_pause,11.45,141.0,90.0,0,1
noisy_step_and_pause_000,noisy_step_and_pause,11.46667,142.5,90.0,0,1
noisy_step_and_pause_000,noisy_step_and_pause,11.48333,144.0,90.0,0,1
noisy_step_and_pause_000,noisy_step_and_pause,11.5,145.5,90.0,0,1
noisy_step_and_pause_000,noisy_step_and_pause,11.51667,147.0,90.0,0,1
noisy_step_and_pause_000,noisy_step_and_pause,11.53333,148.5,90.0,0,1
noisy_step_and_pause_000,noisy_step_and_pause,11.55,150.0,90.0,0,1
noisy_step_and_pause_000,noisy_step_and_pause,11.56667,151.5,90.0,0,1
noisy_step_and_pause_000,noisy_step_and_pause,11.58333,153.0,90.0,0,1
noisy_step_and_pause_000,noisy_step_and_pause,11.6,154.5,90.0,0,1
noisy_step_and_pause_000,noisy_step_and_pause,11.61667,156.0,90.0,0,1
noisy_step_and_pause_000,noisy_step_and_pause,11.63333,157.5,90.0,0,1
noisy_step_and_pause_000,noisy_step_and_pause,11.65,159.0,90.0,0,1
noisy_step_and_pause_000,noisy_step_and_pause,11.66667,160.5,90.0,1,0
noisy_step_and_pause_000,noisy_step_and_pause,11.68333,159.0,-90.0,0,1
noisy_step_and_pause_000,noisy_step_and_pause,11.7,160.5,90.0,0,1
noisy_step_and_pause_000,noisy_step_and_pause,11.71667,162.0,90.0,0,1
noisy_step_and_pause_000,noisy_step_and_pause,11.73333,163.5,90.0,0,1
noisy_step_and_pause_000,noisy_step_and_pause,11.75,165.0,90.0,0,1
noisy_step_and_pause_000,noisy_step_and_pause,11.76667,166.5,90.0,0,1
noisy_step_and_pause_000,noisy_step_and_pause,11.78333,168.0,90.0,0,1
noisy_step_and_pause_000,noisy_step_and_pause,11.8,169.5,90.0,0,1
noisy_step_and_pause_000,noisy_step_and_pause,11.81667,171.0,90.0,1,0
noisy_step_and_pause_000,noisy_step_and_pause,11.83333,169.5,-90.0,0,1
noisy_step_and_pause_000,noisy_step_and_pause,11.85,171.0,90.0,0,1
noisy_step_and_pause_000,noisy_step_and_pause,11.86667,172.5,90.0,0,1
noisy_step_and_pause_000,noisy_step_and_pause,11.88333,174.0,90.0,0,1
noisy_step_and_pause_000,noisy_step_and_pause,11.9,175.5,90.0,0,1
noisy_step_and_pause_000,noisy_step_and_pause,11.91667,177.0,90.0,0,1
noisy_step_and_pause_000,noisy_step_and_pause,11.93333,178.5,90.0,0,1
noisy_step_and_pause_000,noisy_step_and_pause,11.95,180.0,90.0,0,1
noisy_step_and_pause_000,noisy_step_and_pause,11.96667,181.5,90.0,0,1
noisy_step_and_pause_000,noisy_step_and_pause,11.98333,183.0,90.0,0,1
noisy_step_and_pause_000,noisy_step_and_pause,12.0,184.5,90.0,0,1
noisy_step_and_pause_000,noisy_step_and_pause,12.01667,186.0,90.0,0,1
noisy_step_and_pause_000,noisy_step_and_pause,12.03333,187.5,90.0,0,1
noisy_step_and_pause_000,noisy_step_and_pause,12.05,189.0,90.0,0,1
noisy_step_and_pause_000,noisy_step_and_pause,12.06667,190.5,90.0,0,1
noisy_step_and_pause_000,noisy_step_and_pause,12.08333,192.0,90.0,0,1
noisy_step_and_pause_000,noisy_step_and_pause,12.1,193.5,90.0,0,1
noisy_step_and_pause_000,noisy_step_and_pause,12.11667,195.0,90.0,0,1
noisy_step_and_pause_000,noisy_step_and_pause,12.13333,196.5,90.0,0,1
noisy_step_and_pause_000,noisy_step_and_pause,12.15,198.0,90.0,0,1
noisy_step_and_pause_000,noisy_step_and_pause,12.16667,199.5,90.0,0,1
noisy_step_and_pause_000,noisy_step_and_pause,12.18333,201.0,90.0,0,1
noisy_step_and_pause_000,noisy_step_and_pause,12.2,202.5,90.0,0,1
noisy_step_and_pause_000,noisy_step_and_pause,12.21667,204,90.0,0,0
noisy_step_and_pause_000,noisy_step_and_pause,12.23333,204,0.0,0,0
noisy_step_and_pause_000,noisy_step_and_pause,12.25,204,0.0,0,0
noisy_step_and_pause_000,noisy_step_and_pause,12.26667,204,0.0,0,0
noisy_step_and_pause_000,noisy_step_and_pause,12.28333,204,0.0,0,0
noisy_step_and_pause_000,noisy_step_and_pause,12.3,204,0.0,0,0
noisy_step_and_pause_000,noisy_step_and_pause,12.31667,204,0.0,0,0
noisy_step_and_pause_000,noisy_step_and_pause,12.33333,204,0.0,0,0
noisy_step_and_pause_000,noisy_step_and_pause,12.35,204,0.0,0,0
noisy_step_and_pause_000,noisy_step_and_pause,12.36667,204,0.0,0,0
noisy_step_and_pause_000,noisy_step_and_pause,12.38333,204,0.0,0,0
noisy_step_and_pause_000,noisy_step_and_pause,12.4,204,0.0,0,0
noisy_step_and_pause_000,noisy_step_and_pause,12.41667,204,0.0,0,0
noisy_step_and_pause_000,noisy_step_and_pause,12.43333,204,0.0,0,0
noisy_step_and_pause_000,noisy_step_and_pause,12.45,204,0.0,0,0
noisy_step_and_pause_000,noisy_step_and_pause,12.46667,204,0.0,0,0
noisy_step_and_pause_000,noisy_step_and_pause,12.48333,204,0.0,0,0
noisy_step_and_pause_000,noisy_step_and_pause,12.5,204,0.0,0,0
noisy_step_and_pause_000,noisy_step_and_pause,12.51667,204,0.0,0,0
noisy_step_and_pause_000,noisy_step_and_pause,12.53333,204,0.0,0,0
noisy_step_and_pause_000,noisy_step_and_pause,12.55,204,0.0,0,0
noisy_step_and_pause_000,noisy_step_and_pause,12.56667,204,0.0,0,1
noisy_step_and_pause_000,noisy_step_and_pause,12.58333,204,0.0,0,0
noisy_step_and_pause_000,noisy_step_and_pause,12.6,204,0.0,0,0
noisy_step_and_pause_000,noisy_step_and_pause,12.61667,204,0.0,0,0
noisy_step_and_pause_000,noisy_step_and_pause,12.63333,204,0.0,0,0
noisy_step_and_pause_000,noisy_step_and_pause,12.65,204,0.0,0,0
noisy_step_and_pause_000,noisy_step_and_pause,12.66667,204,0.0,0,0
noisy_step_and_pause_000,noisy_step_and_pause,12.68333,204,0.0,0,0
noisy_step_and_pause_000,noisy_step_and_pause,12.7,204,0.0,0,1
noisy_step_and_pause_000,noisy_step_and_pause,12.71667,204,0.0,0,0
noisy_step_and_pause_000,noisy_step_and_pause,12.73333,204,0.0,0,0
noisy_step_and_pause_000,noisy_step_and_pause,12.75,204,0.0,0,0
noisy_step_and_pause_000,noisy_step_and_pause,12.76667,204,0.0,0,0
noisy_step_and_pause_000,noisy_step_and_pause,12.78333,204,0.0,0,0
noisy_step_and_pause_000,noisy_step_and_pause,12.8,204,0.0,0,0
noisy_step_and_pause_000,noisy_step_and_pause,12.81667,204,0.0,0,0
noisy_step_and_pause_000,noisy_step_and_pause,12.83333,204,0.0,0,0
noisy_step_and_pause_000,noisy_step_and_pause,12.85,204,0.0,0,0
noisy_step_and_pause_000,noisy_step_and_pause,12.86667,204,0.0,0,0
noisy_step_and_pause_000,noisy_step_and_pause,12.88333,204,0.0,0,0
noisy_step_and_pause_000,noisy_step_and_pause,12.9,204,0.0,0,0
noisy_step_and_pause_000,noisy_step_and_pause,12.91667,204,0.0,0,0
noisy_step_and_pause_000,noisy_step_and_pause,12.93333,204,0.0,0,0
noisy_step_and_pause_000,noisy_step_and_pause,12.95,204,0.0,0,0
noisy_step_and_pause_000,noisy_step_and_pause,12.96667,204,0.0,0,0
noisy_step_and_pause_000,noisy_step_and_pause,12.98333,204,0.0,1,0
noisy_step_and_pause_000,noisy_step_and_pause,13.0,202.5,-90.0,1,0
noisy_step_and_pause_000,noisy_step_and_pause,13.01667,201.0,-90.0,1,0
noisy_step_and_pause_000,noisy_step_and_pause,13.03333,199.5,-90.0,1,0
noisy_step_and_pause_000,noisy_step_and_pause,13.05,198.0,-90.0,1,0
noisy_step_and_pause_000,noisy_step_and_pause,13.06667,196.5,-90.0,1,0
noisy_step_and_pause_000,noisy_step_and_pause,13.08333,195.0,-90.0,1,0
noisy_step_and_pause_000,noisy_step_and_pause,13.1,193.5,-90.0,1,0
noisy_step_and_pause_000,noisy_step_and_pause,13.11667,192.0,-90.0,1,0
noisy_step_and_pause_000,noisy_step_and_pause,13.13333,190.5,-90.0,1,0
noisy_step_and_pause_000,noisy_step_and_pause,13.15,189.0,-90.0,1,0
noisy_step_and_pause_000,noisy_step_and_pause,13.16667,187.5,-90.0,1,0
noisy_step_and_pause_000,noisy_step_and_pause,13.18333,186.0,-90.0,1,0
noisy_step_and_pause_000,noisy_step_and_pause,13.2,184.5,-90.0,1,0
noisy_step_and_pause_000,noisy_step_and_pause,13.21667,183.0,-90.0,1,0
noisy_step_and_pause_000,noisy_step_and_pause,13.23333,181.5,-90.0,1,0
noisy_step_and_pause_000,noisy_step_and_pause,13.25,180.0,-90.0,1,0
noisy_step_and_pause_000,noisy_step_and_pause,13.26667,178.5,-90.0,1,0
noisy_step_and_pause_000,noisy_step_and_pause,13.28333,177.0,-90.0,1,0
noisy_step_and_pause_000,noisy_step_and_pause,13.3,175.5,-90.0,1,0
noisy_step_and_pause_000,noisy_step_and_pause,13.31667,174.0,-90.0,1,0
noisy_step_and_pause_000,noisy_step_and_pause,13.33333,172.5,-90.0,1,0
noisy_step_and_pause_000,noisy_step_and_pause,13.35,171.0,-90.0,1,0
noisy_step_and_pause_000,noisy_step_and_pause,13.36667,169.5,-90.0,1,0
noisy_step_and_pause_000,noisy_step_and_pause,13.38333,168.0,-90.0,1,0
noisy_step_and_pause_000,noisy_step_and_pause,13.4,166.5,-90.0,1,0
noisy_step_and_pause_000,noisy_step_and_pause,13.41667,165.0,-90.0,1,0
noisy_step_and_pause_000,noisy_step_and_pause,13.43333,163.5,-90.0,1,0
noisy_step_and_pause_000,noisy_step_and_pause,13.45,162.0,-90.0,1,0
noisy_step_and_pause_000,noisy_step_and_pause,13.46667,160.5,-90.0,1,0
noisy_step_and_pause_000,noisy_step_and_pause,13.48333,159.0,-90.0,1,0
noisy_step_and_pause_000,noisy_step_and_pause,13.5,157.5,-90.0,0,1
noisy_step_and_pause_000,noisy_step_and_pause,13.51667,159.0,90.0,1,0
noisy_step_and_pause_000,noisy_step_and_pause,13.53333,157.5,-90.0,1,0
noisy_step_and_pause_000,noisy_step_and_pause,13.55,156.0,-90.0,1,0
noisy_step_and_pause_000,noisy_step_and_pause,13.56667,154.5,-90.0,1,0
noisy_step_and_pause_000,noisy_step_and_pause,13.58333,153.0,-90.0,0,0
noisy_step_and_pause_000,noisy_step_and_pause,13.6,153.0,0.0,1,0
noisy_step_and_pause_000,noisy_step_and_pause,13.61667,151.5,-90.0,1,0
noisy_step_and_pause_000,noisy_step_and_pause,13.63333,150.0,-90.0,1,0
noisy_step_and_pause_000,noisy_step_and_pause,13.65,148.5,-90.0,1,0
noisy_step_and_pause_000,noisy_step_and_pause,13.66667,147.0,-90.0,1,0
noisy_step_and_pause_000,noisy_step_and_pause,13.68333,145.5,-90.0,1,0
noisy_step_and_pause_000,noisy_step_and_pause,13.7,144.0,-90.0,1,0
noisy_step_and_pause_000,noisy_step_and_pause,13.71667,142.5,-90.0,1,0
noisy_step_and_pause_000,noisy_step_and_pause,13.73333,141.0,-90.0,1,0
noisy_step_and_pause_000,noisy_step_and_pause,13.75,139.5,-90.0,1,0
noisy_step_and_pause_000,noisy_step_and_pause,13.76667,138.0,-90.0,1,0
noisy_step_and_pause_000,noisy_step_and_pause,13.78333,136.5,-90.0,1,0
noisy_step_and_pause_000,noisy_step_and_pause,13.8,135.0,-90.0,1,0
noisy_step_and_pause_000,noisy_step_and_pause,13.81667,133.5,-90.0,1,0
noisy_step_and_pause_000,noisy_step_and_pause,13.83333,132.0,-90.0,1,0
noisy_step_and_pause_000,noisy_step_and_pause,13.85,130.5,-90.0,1,0
noisy_step_and_pause_000,noisy_step_and_pause,13.86667,129.0,-90.0,1,0
noisy_step_and_pause_000,noisy_step_and_pause,13.88333,127.5,-90.0,1,0
noisy_step_and_pause_000,noisy_step_and_pause,13.9,126.0,-90.0,1,0
noisy_step_and_pause_000,noisy_step_and_pause,13.91667,124.5,-90.0,1,0
noisy_step_and_pause_000,noisy_step_and_pause,13.93333,123.0,-90.0,1,0
noisy_step_and_pause_000,noisy_step_and_pause,13.95,121.5,-90.0,1,0
noisy_step_and_pause_000,noisy_step_and_pause,13.96667,120.0,-90.0,1,0
noisy_step_and_pause_000,noisy_step_and_pause,13.98333,118.5,-90.0,1,0
noisy_step_and_pause_000,noisy_step_and_pause,14.0,117.0,-90.0,1,0
noisy_step_and_pause_000,noisy_step_and_pause,14.01667,115.5,-90.0,1,0
noisy_step_and_pause_000,noisy_step_and_pause,14.03333,114.0,-90.0,1,0
noisy_step_and_pause_000,noisy_step_and_pause,14.05,112.5,-90.0,1,0
noisy_step_and_pause_000,noisy_step_and_pause,14.06667,111.0,-90.0,1,0
noisy_step_and_pause_000,noisy_step_and_pause,14.08333,109.5,-90.0,1,0
noisy_step_and_pause_000,noisy_step_and_pause,14.1,108.0,-90.0,1,0
noisy_step_and_pause_000,noisy_step_and_pause,14.11667,106.5,-90.0,1,0
noisy_step_and_pause_000,noisy_step_and_pause,14.13333,105.0,-90.0,1,0
noisy_step_and_pause_000,noisy_step_and_pause,14.15,103.5,-90.0,0,1
noisy_step_and_pause_000,noisy_step_and_pause,14.16667,105.0,90.0,1,0
noisy_step_and_pause_000,noisy_step_and_pause,14.18333,103.5,-90.0,0,0
noisy_step_and_pause_000,noisy_step_and_pause,14.2,103.5,0.0,0,0
noisy_step_and_pause_000,noisy_step_and_pause,14.21667,103.5,0.0,0,0
noisy_step_and_pause_000,noisy_step_and_pause,14.23333,103.5,0.0,0,0
noisy_step_and_pause_000,noisy_step_and_pause,14.25,103.5,0.0,0,0
noisy_step_and_pause_000,noisy_step_and_pause,14.26667,103.5,0.0,0,0
noisy_step_and_pause_000,noisy_step_and_pause,14.28333,103.5,0.0,0,0
noisy_step_and_pause_000,noisy_step_and_pause,14.3,103.5,0.0,0,0
noisy_step_and_pause_000,noisy_step_and_pause,14.31667,103.5,0.0,0,0
noisy_step_and_pause_000,noisy_step_and_pause,14.33333,103.5,0.0,0,0
noisy_step_and_pause_000,noisy_step_and_pause,14.35,103.5,0.0,0,0
noisy_step_and_pause_000,noisy_step_and_pause,14.36667,103.5,0.0,0,0
noisy_step_and_pause_000,noisy_step_and_pause,14.38333,103.5,0.0,0,0
noisy_step_and_pause_000,noisy_step_and_pause,14.4,103.5,0.0,0,0
noisy_step_and_pause_000,noisy_step_and_pause,14.41667,103.5,0.0,0,0
noisy_step_and_pause_000,noisy_step_and_pause,14.43333,103.5,0.0,0,0
noisy_step_and_pause_000,noisy_step_and_pause,14.45,103.5,0.0,0,0
noisy_step_and_pause_000,noisy_step_and_pause,14.46667,103.5,0.0,0,0
noisy_step_and_pause_000,noisy_step_and_pause,14.48333,103.5,0.0,0,1
noisy_step_and_pause_000,noisy_step_and_pause,14.5,105.0,90.0,0,0
noisy_step_and_pause_000,noisy_step_and_pause,14.51667,105.0,0.0,0,0
noisy_step_and_pause_000,noisy_step_and_pause,14.53333,105.0,0.0,0,0
noisy_step_and_pause_000,noisy_step_and_pause,14.55,105.0,0.0,0,0
noisy_step_and_pause_000,noisy_step_and_pause,14.56667,105.0,0.0,0,0
noisy_step_and_pause_000,noisy_step_and_pause,14.58333,105.0,0.0,0,0
noisy_step_and_pause_000,noisy_step_and_pause,14.6,105.0,0.0,0,0
noisy_step_and_pause_000,noisy_step_and_pause,14.61667,105.0,0.0,0,0
noisy_step_and_pause_000,noisy_step_and_pause,14.63333,105.0,0.0,0,0
noisy_step_and_pause_000,noisy_step_and_pause,14.65,105.0,0.0,0,0
noisy_step_and_pause_000,noisy_step_and_pause,14.66667,105.0,0.0,0,0
noisy_step_and_pause_000,noisy_step_and_pause,14.68333,105.0,0.0,0,0
noisy_step_and_pause_000,noisy_step_and_pause,14.7,105.0,0.0,0,0
noisy_step_and_pause_000,noisy_step_and_pause,14.71667,105.0,0.0,1,0
noisy_step_and_pause_000,noisy_step_and_pause,14.73333,103.5,-90.0,0,0
noisy_step_and_pause_000,noisy_step_and_pause,14.75,103.5,0.0,0,0
noisy_step_and_pause_000,noisy_step_and_pause,14.76667,103.5,0.0,0,0
noisy_step_and_pause_000,noisy_step_and_pause,14.78333,103.5,0.0,0,0
noisy_step_and_pause_000,noisy_step_and_pause,14.8,103.5,0.0,1,0
noisy_step_and_pause_000,noisy_step_and_pause,14.81667,102.0,-90.0,0,0
noisy_step_and_pause_000,noisy_step_and_pause,14.83333,102.0,0.0,0,0
noisy_step_and_pause_000,noisy_step_and_pause,14.85,102.0,0.0,0,0
noisy_step_and_pause_000,noisy_step_and_pause,14.86667,102.0,0.0,0,0
noisy_step_and_pause_000,noisy_step_and_pause,14.88333,102.0,0.0,0,0
noisy_step_and_pause_000,noisy_step_and_pause,14.9,102.0,0.0,0,0
noisy_step_and_pause_000,noisy_step_and_pause,14.91667,102.0,0.0,0,0
noisy_step_and_pause_000,noisy_step_and_pause,14.93333,102.0,0.0,0,0
noisy_step_and_pause_000,noisy_step_and_pause,14.95,102.0,0.0,0,0
noisy_step_and_pause_000,noisy_step_and_pause,14.96667,102.0,0.0,0,0
noisy_step_and_pause_000,noisy_step_and_pause,14.98333,102.0,0.0,0,0
noisy_step_and_pause_000,noisy_step_and_pause,15.0,102.0,0.0,0,0
noisy_step_and_pause_000,noisy_step_and_pause,15.01667,102.0,0.0,0,0
noisy_step_and_pause_000,noisy_step_and_pause,15.03333,102.0,0.0,0,0
noisy_step_and_pause_000,noisy_step_and_pause,15.05,102.0,0.0,0,0
noisy_step_and_pause_000,noisy_step_and_pause,15.06667,102.0,0.0,0,1
noisy_step_and_pause_000,noisy_step_and_pause,15.08333,103.5,90.0,0,1
noisy_step_and_pause_000,noisy_step_and_pause,15.1,105.0,90.0,0,1
noisy_step_and_pause_000,noisy_step_and_pause,15.11667,106.5,90.0,1,0
noisy_step_and_pause_000,noisy_step_and_pause,15.13333,105.0,-90.0,0,1
noisy_step_and_pause_000,noisy_step_and_pause,15.15,106.5,90.0,0,1
noisy_step_and_pause_000,noisy_step_and_pause,15.16667,108.0,90.0,0,1
noisy_step_and_pause_000,noisy_step_and_pause,15.18333,109.5,90.0,0,1
noisy_step_and_pause_000,noisy_step_and_pause,15.2,111.0,90.0,0,1
noisy_step_and_pause_000,noisy_step_and_pause,15.21667,112.5,90.0,0,1
noisy_step_and_pause_000,noisy_step_and_pause,15.23333,114.0,90.0,0,1
noisy_step_and_pause_000,noisy_step_and_pause,15.25,115.5,90.0,0,1
noisy_step_and_pause_000,noisy_step_and_pause,15.26667,117.0,90.0,0,1
noisy_step_and_pause_000,noisy_step_and_pause,15.28333,118.5,90.0,0,1
noisy_step_and_pause_000,noisy_step_and_pause,15.3,120.0,90.0,0,1
noisy_step_and_pause_000,noisy_step_and_pause,15.31667,121.5,90.0,0,1
noisy_step_and_pause_000,noisy_step_and_pause,15.33333,123.0,90.0,0,1
noisy_step_and_pause_000,noisy_step_and_pause,15.35,124.5,90.0,0,1
noisy_step_and_pause_000,noisy_step_and_pause,15.36667,126.0,90.0,0,1
noisy_step_and_pause_000,noisy_step_and_pause,15.38333,127.5,90.0,0,1
noisy_step_and_pause_000,noisy_step_and_pause,15.4,129.0,90.0,0,1
noisy_step_and_pause_000,noisy_step_and_pause,15.41667,130.5,90.0,0,1
noisy_step_and_pause_000,noisy_step_and_pause,15.43333,132.0,90.0,0,1
noisy_step_and_pause_000,noisy_step_and_pause,15.45,133.5,90.0,0,1
noisy_step_and_pause_000,noisy_step_and_pause,15.46667,135.0,90.0,0,1
noisy_step_and_pause_000,noisy_step_and_pause,15.48333,136.5,90.0,0,1
noisy_step_and_pause_000,noisy_step_and_pause,15.5,138.0,90.0,0,1
noisy_step_and_pause_000,noisy_step_and_pause,15.51667,139.5,90.0,0,1
noisy_step_and_pause_000,noisy_step_and_pause,15.53333,141.0,90.0,0,0
noisy_step_and_pause_000,noisy_step_and_pause,15.55,141.0,0.0,0,0
noisy_step_and_pause_000,noisy_step_and_pause,15.56667,141.0,0.0,1,0
noisy_step_and_pause_000,noisy_step_and_pause,15.58333,139.5,-90.0,0,0
noisy_step_and_pause_000,noisy_step_and_pause,15.6,139.5,0.0,0,0
noisy_step_and_pause_000,noisy_step_and_pause,15.61667,139.5,0.0,0,0
noisy_step_and_pause_000,noisy_step_and_pause,15.63333,139.5,0.0,0,0
noisy_step_and_pause_000,noisy_step_and_pause,15.65,139.5,0.0,1,0
noisy_step_and_pause_000,noisy_step_and_pause,15.66667,138.0,-90.0,0,0
noisy_step_and_pause_000,noisy_step_and_pause,15.68333,138.0,0.0,0,0
noisy_step_and_pause_000,noisy_step_and_pause,15.7,138.0,0.0,0,0
noisy_step_and_pause_000,noisy_step_and_pause,15.71667,138.0,0.0,0,0
noisy_step_and_pause_000,noisy_step_and_pause,15.73333,138.0,0.0,1,0
noisy_step_and_pause_000,noisy_step_and_pause,15.75,136.5,-90.0,0,0
noisy_step_and_pause_000,noisy_step_and_pause,15.76667,136.5,0.0,0,0
noisy_step_and_pause_000,noisy_step_and_pause,15.78333,136.5,0.0,0,0
noisy_step_and_pause_000,noisy_step_and_pause,15.8,136.5,0.0,0,0
noisy_step_and_pause_000,noisy_step_and_pause,15.81667,136.5,0.0,0,0
noisy_step_and_pause_000,noisy_step_and_pause,15.83333,136.5,0.0,0,0
noisy_step_and_pause_000,noisy_step_and_pause,15.85,136.5,0.0,0,0
noisy_step_and_pause_000,noisy_step_and_pause,15.86667,136.5,0.0,0,0
noisy_step_and_pause_000,noisy_step_and_pause,15.88333,136.5,0.0,0,0
noisy_step_and_pause_000,noisy_step_and_pause,15.9,136.5,0.0,0,0
noisy_step_and_pause_000,noisy_step_and_pause,15.91667,136.5,0.0,0,0
noisy_step_and_pause_000,noisy_step_and_pause,15.93333,136.5,0.0,0,0
noisy_step_and_pause_000,noisy_step_and_pause,15.95,136.5,0.0,0,0
noisy_step_and_pause_000,noisy_step_and_pause,15.96667,136.5,0.0,0,0
noisy_step_and_pause_000,noisy_step_and_pause,15.98333,136.5,0.0,0,1
noisy_step_and_pause_000,noisy_step_and_pause,16.0,138.0,90.0,0,0
noisy_step_and_pause_000,noisy_step_and_pause,16.01667,138.0,0.0,0,0
noisy_step_and_pause_000,noisy_step_and_pause,16.03333,138.0,0.0,0,0
noisy_step_and_pause_000,noisy_step_and_pause,16.05,138.0,0.0,0,0
noisy_step_and_pause_000,noisy_step_and_pause,16.06667,138.0,0.0,1,0
noisy_step_and_pause_000,noisy_step_and_pause,16.08333,136.5,-90.0,0,0
noisy_step_and_pause_000,noisy_step_and_pause,16.1,136.5,0.0,0,0
noisy_step_and_pause_000,noisy_step_and_pause,16.11667,136.5,0.0,0,0
noisy_step_and_pause_000,noisy_step_and_pause,16.13333,136.5,0.0,0,0
noisy_step_and_pause_000,noisy_step_and_pause,16.15,136.5,0.0,0,0
noisy_step_and_pause_000,noisy_step_and_pause,16.16667,136.5,0.0,0,0
noisy_step_and_pause_000,noisy_step_and_pause,16.18333,136.5,0.0,0,0
noisy_step_and_pause_000,noisy_step_and_pause,16.2,136.5,0.0,0,0
noisy_step_and_pause_000,noisy_step_and_pause,16.21667,136.5,0.0,0,0
noisy_step_and_pause_000,noisy_step_and_pause,16.23333,136.5,0.0,0,0
noisy_step_and_pause_000,noisy_step_and_pause,16.25,136.5,0.0,0,0
noisy_step_and_pause_000,noisy_step_and_pause,16.26667,136.5,0.0,0,0
noisy_step_and_pause_000,noisy_step_and_pause,16.28333,136.5,0.0,0,0
noisy_step_and_pause_000,noisy_step_and_pause,16.3,136.5,0.0,0,1
noisy_step_and_pause_000,noisy_step_and_pause,16.31667,138.0,90.0,0,0
noisy_step_and_pause_000,noisy_step_and_pause,16.33333,138.0,0.0,0,0
noisy_step_and_pause_000,noisy_step_and_pause,16.35,138.0,0.0,0,0
noisy_step_and_pause_000,noisy_step_and_pause,16.36667,138.0,0.0,0,0
noisy_step_and_pause_000,noisy_step_and_pause,16.38333,138.0,0.0,0,0
noisy_step_and_pause_000,noisy_step_and_pause,16.4,138.0,0.0,0,0
noisy_step_and_pause_000,noisy_step_and_pause,16.41667,138.0,0.0,0,0
noisy_step_and_pause_000,noisy_step_and_pause,16.43333,138.0,0.0,0,0
noisy_step_and_pause_000,noisy_step_and_pause,16.45,138.0,0.0,0,0
noisy_step_and_pause_000,noisy_step_and_pause,16.46667,138.0,0.0,0,0
noisy_step_and_pause_000,noisy_step_and_pause,16.48333,138.0,0.0,0,0
noisy_step_and_pause_000,noisy_step_and_pause,16.5,138.0,0.0,0,0
noisy_step_and_pause_000,noisy_step_and_pause,16.51667,138.0,0.0,0,0
noisy_step_and_pause_000,noisy_step_and_pause,16.53333,138.0,0.0,0,0
noisy_step_and_pause_000,noisy_step_and_pause,16.55,138.0,0.0,0,0
noisy_step_and_pause_000,noisy_step_and_pause,16.56667,138.0,0.0,0,0
noisy_step_and_pause_000,noisy_step_and_pause,16.58333,138.0,0.0,0,0
noisy_step_and_pause_000,noisy_step_and_pause,16.6,138.0,0.0,0,0
noisy_step_and_pause_000,noisy_step_and_pause,16.61667,138.0,0.0,0,0
noisy_step_and_pause_000,noisy_step_and_pause,16.63333,138.0,0.0,0,0
noisy_step_and_pause_000,noisy_step_and_pause,16.65,138.0,0.0,1,0
noisy_step_and_pause_000,noisy_step_and_pause,16.66667,136.5,-90.0,0,0
noisy_step_and_pause_000,noisy_step_and_pause,16.68333,136.5,0.0,0,0
noisy_step_and_pause_000,noisy_step_and_pause,16.7,136.5,0.0,0,0
noisy_step_and_pause_000,noisy_step_and_pause,16.71667,136.5,0.0,0,0
noisy_step_and_pause_000,noisy_step_and_pause,16.73333,136.5,0.0,0,0
noisy_step_and_pause_000,noisy_step_and_pause,16.75,136.5,0.0,1,0
noisy_step_and_pause_000,noisy_step_and_pause,16.76667,135.0,-90.0,0,0
noisy_step_and_pause_000,noisy_step_and_pause,16.78333,135.0,0.0,0,0
noisy_step_and_pause_000,noisy_step_and_pause,16.8,135.0,0.0,0,0
noisy_step_and_pause_000,noisy_step_and_pause,16.81667,135.0,0.0,0,0
noisy_step_and_pause_000,noisy_step_and_pause,16.83333,135.0,0.0,0,0
noisy_step_and_pause_000,noisy_step_and_pause,16.85,135.0,0.0,0,0
noisy_step_and_pause_000,noisy_step_and_pause,16.86667,135.0,0.0,0,0
noisy_step_and_pause_000,noisy_step_and_pause,16.88333,135.0,0.0,0,0
noisy_step_and_pause_000,noisy_step_and_pause,16.9,135.0,0.0,0,0
noisy_step_and_pause_000,noisy_step_and_pause,16.91667,135.0,0.0,0,0
noisy_step_and_pause_000,noisy_step_and_pause,16.93333,135.0,0.0,0,1
noisy_step_and_pause_000,noisy_step_and_pause,16.95,136.5,90.0,0,0
noisy_step_and_pause_000,noisy_step_and_pause,16.96667,136.5,0.0,0,0
noisy_step_and_pause_000,noisy_step_and_pause,16.98333,136.5,0.0,0,0
noisy_step_and_pause_000,noisy_step_and_pause,17.0,136.5,0.0,0,0
noisy_step_and_pause_000,noisy_step_and_pause,17.01667,136.5,0.0,0,0
noisy_step_and_pause_000,noisy_step_and_pause,17.03333,136.5,0.0,0,0
noisy_step_and_pause_000,noisy_step_and_pause,17.05,136.5,0.0,0,0
noisy_step_and_pause_000,noisy_step_and_pause,17.06667,136.5,0.0,0,0
noisy_step_and_pause_000,noisy_step_and_pause,17.08333,136.5,0.0,0,0
noisy_step_and_pause_000,noisy_step_and_pause,17.1,136.5,0.0,0,0
noisy_step_and_pause_000,noisy_step_and_pause,17.11667,136.5,0.0,0,0
noisy_step_and_pause_000,noisy_step_and_pause,17.13333,136.5,0.0,0,0
noisy_step_and_pause_000,noisy_step_and_pause,17.15,136.5,0.0,1,0
noisy_step_and_pause_000,noisy_step_and_pause,17.16667,135.0,-90.0,0,0
noisy_step_and_pause_000,noisy_step_and_pause,17.18333,135.0,0.0,0,0
noisy_step_and_pause_000,noisy_step_and_pause,17.2,135.0,0.0,0,0
noisy_step_and_pause_000,noisy_step_and_pause,17.21667,135.0,0.0,0,0
noisy_step_and_pause_000,noisy_step_and_pause,17.23333,135.0,0.0,0,0
noisy_step_and_pause_000,noisy_step_and_pause,17.25,135.0,0.0,0,0
noisy_step_and_pause_000,noisy_step_and_pause,17.26667,135.0,0.0,0,0
noisy_step_and_pause_000,noisy_step_and_pause,17.28333,135.0,0.0,0,0
noisy_step_and_pause_000,noisy_step_and_pause,17.3,135.0,0.0,0,0
noisy_step_and_pause_000,noisy_step_and_pause,17.31667,135.0,0.0,0,0
noisy_step_and_pause_000,noisy_step_and_pause,17.33333,135.0,0.0,0,0
noisy_step_and_pause_000,noisy_step_and_pause,17.35,135.0,0.0,0,0
noisy_step_and_pause_000,noisy_step_and_pause,17.36667,135.0,0.0,0,0
noisy_step_and_pause_000,noisy_step_and_pause,17.38333,135.0,0.0,0,0
noisy_step_and_pause_000,noisy_step_and_pause,17.4,135.0,0.0,0,0
noisy_step_and_pause_000,noisy_step_and_pause,17.41667,135.0,0.0,0,0
noisy_step_and_pause_000,noisy_step_and_pause,17.43333,135.0,0.0,0,0
noisy_step_and_pause_000,noisy_step_and_pause,17.45,135.0,0.0,0,0
noisy_step_and_pause_000,noisy_step_and_pause,17.46667,135.0,0.0,0,0
noisy_step_and_pause_000,noisy_step_and_pause,17.48333,135.0,0.0,0,0
noisy_step_and_pause_000,noisy_step_and_pause,17.5,135.0,0.0,0,1
noisy_step_and_pause_000,noisy_step_and_pause,17.51667,136.5,90.0,0,0
noisy_step_and_pause_000,noisy_step_and_pause,17.53333,136.5,0.0,0,0
noisy_step_and_pause_000,noisy_step_and_pause,17.55,136.5,0.0,0,0
noisy_step_and_pause_000,noisy_step_and_pause,17.56667,136.5,0.0,0,0
noisy_step_and_pause_000,noisy_step_and_pause,17.58333,136.5,0.0,0,0
noisy_step_and_pause_000,noisy_step_and_pause,17.6,136.5,0.0,0,0
noisy_step_and_pause_000,noisy_step_and_pause,17.61667,136.5,0.0,0,0
noisy_step_and_pause_000,noisy_step_and_pause,17.63333,136.5,0.0,0,0
noisy_step_and_pause_000,noisy_step_and_pause,17.65,136.5,0.0,0,0
noisy_step_and_pause_000,noisy_step_and_pause,17.66667,136.5,0.0,0,0
noisy_step_and_pause_000,noisy_step_and_pause,17.68333,136.5,0.0,0,0
noisy_step_and_pause_000,noisy_step_and_pause,17.7,136.5,0.0,0,0
noisy_step_and_pause_000,noisy_step_and_pause,17.71667,136.5,0.0,0,0
noisy_step_and_pause_000,noisy_step_and_pause,17.73333,136.5,0.0,0,0
noisy_step_and_pause_000,noisy_step_and_pause,17.75,136.5,0.0,0,0
noisy_step_and_pause_000,noisy_step_and_pause,17.76667,136.5,0.0,0,0
noisy_step_and_pause_000,noisy_step_and_pause,17.78333,136.5,0.0,0,0
noisy_step_and_pause_000,noisy_step_and_pause,17.8,136.5,0.0,0,0
noisy_step_and_pause_000,noisy_step_and_pause,17.81667,136.5,0.0,0,0
noisy_step_and_pause_000,noisy_step_and_pause,17.83333,136.5,0.0,0,0
noisy_step_and_pause_000,noisy_step_and_pause,17.85,136.5,0.0,0,0
noisy_step_and_pause_000,noisy_step_and_pause,17.86667,136.5,0.0,0,0
noisy_step_and_pause_000,noisy_step_and_pause,17.88333,136.5,0.0,0,0
noisy_step_and_pause_000,noisy_step_and_pause,17.9,136.5,0.0,0,0
noisy_step_and_pause_000,noisy_step_and_pause,17.91667,136.5,0.0,0,0
noisy_step_and_pause_000,noisy_step_and_pause,17.93333,136.5,0.0,0,0
noisy_step_and_pause_000,noisy_step_and_pause,17.95,136.5,0.0,0,0
noisy_step_and_pause_000,noisy_step_and_pause,17.96667,136.5,0.0,0,0
noisy_step_and_pause_000,noisy_step_and_pause,17.98333,136.5,0.0,0,0
noisy_step_and_pause_000,noisy_step_and_pause,18.0,136.5,0.0,0,0
noisy_step_and_pause_000,noisy_step_and_pause,18.01667,136.5,0.0,0,0
noisy_step_and_pause_000,noisy_step_and_pause,18.03333,136.5,0.0,0,0
noisy_step_and_pause_000,noisy_step_and_pause,18.05,136.5,0.0,0,0
noisy_step_and_pause_000,noisy_step_and_pause,18.06667,136.5,0.0,0,0
noisy_step_and_pause_000,noisy_step_and_pause,18.08333,136.5,0.0,0,0
noisy_step_and_pause_000,noisy_step_and_pause,18.1,136.5,0.0,0,0
noisy_step_and_pause_000,noisy_step_and_pause,18.11667,136.5,0.0,0,0
noisy_step_and_pause_000,noisy_step_and_pause,18.13333,136.5,0.0,0,0
noisy_step_and_pause_000,noisy_step_and_pause,18.15,136.5,0.0,0,0
noisy_step_and_pause_000,noisy_step_and_pause,18.16667,136.5,0.0,0,0
noisy_step_and_pause_000,noisy_step_and_pause,18.18333,136.5,0.0,0,0
noisy_step_and_pause_000,noisy_step_and_pause,18.2,136.5,0.0,0,0
noisy_step_and_pause_000,noisy_step_and_pause,18.21667,136.5,0.0,0,0
noisy_step_and_pause_000,noisy_step_and_pause,18.23333,136.5,0.0,1,0
noisy_step_and_pause_000,noisy_step_and_pause,18.25,135.0,-90.0,0,0
noisy_step_and_pause_000,noisy_step_and_pause,18.26667,135.0,0.0,0,0
noisy_step_and_pause_000,noisy_step_and_pause,18.28333,135.0,0.0,0,0
noisy_step_and_pause_000,noisy_step_and_pause,18.3,135.0,0.0,0,0
noisy_step_and_pause_000,noisy_step_and_pause,18.31667,135.0,0.0,0,0
noisy_step_and_pause_000,noisy_step_and_pause,18.33333,135.0,0.0,0,0
noisy_step_and_pause_000,noisy_step_and_pause,18.35,135.0,0.0,0,0
noisy_step_and_pause_000,noisy_step_and_pause,18.36667,135.0,0.0,0,0
noisy_step_and_pause_000,noisy_step_and_pause,18.38333,135.0,0.0,0,0
noisy_step_and_pause_000,noisy_step_and_pause,18.4,135.0,0.0,0,0
noisy_step_and_pause_000,noisy_step_and_pause,18.41667,135.0,0.0,0,1
noisy_step_and_pause_000,noisy_step_and_pause,18.43333,136.5,90.0,0,1
noisy_step_and_pause_000,noisy_step_and_pause,18.45,138.0,90.0,0,1
noisy_step_and_pause_000,noisy_step_and_pause,18.46667,139.5,90.0,0,1
noisy_step_and_pause_000,noisy_step_and_pause,18.48333,141.0,90.0,0,1
noisy_step_and_pause_000,noisy_step_and_pause,18.5,142.5,90.0,0,1
noisy_step_and_pause_000,noisy_step_and_pause,18.51667,144.0,90.0,0,1
noisy_step_and_pause_000,noisy_step_and_pause,18.53333,145.5,90.0,0,1
noisy_step_and_pause_000,noisy_step_and_pause,18.55,147.0,90.0,0,1
noisy_step_and_pause_000,noisy_step_and_pause,18.56667,148.5,90.0,1,0
noisy_step_and_pause_000,noisy_step_and_pause,18.58333,147.0,-90.0,0,1
noisy_step_and_pause_000,noisy_step_and_pause,18.6,148.5,90.0,0,1
noisy_step_and_pause_000,noisy_step_and_pause,18.61667,150.0,90.0,0,1
noisy_step_and_pause_000,noisy_step_and_pause,18.63333,151.5,90.0,0,1
noisy_step_and_pause_000,noisy_step_and_pause,18.65,153.0,90.0,0,1
noisy_step_and_pause_000,noisy_step_and_pause,18.66667,154.5,90.0,0,1
noisy_step_and_pause_000,noisy_step_and_pause,18.68333,156.0,90.0,0,1
noisy_step_and_pause_000,noisy_step_and_pause,18.7,157.5,90.0,0,1
noisy_step_and_pause_000,noisy_step_and_pause,18.71667,159.0,90.0,0,1
noisy_step_and_pause_000,noisy_step_and_pause,18.73333,160.5,90.0,0,1
noisy_step_and_pause_000,noisy_step_and_pause,18.75,162.0,90.0,0,1
noisy_step_and_pause_000,noisy_step_and_pause,18.76667,163.5,90.0,0,1
noisy_step_and_pause_000,noisy_step_and_pause,18.78333,165.0,90.0,0,1
noisy_step_and_pause_000,noisy_step_and_pause,18.8,166.5,90.0,0,1
noisy_step_and_pause_000,noisy_step_and_pause,18.81667,168.0,90.0,0,1
noisy_step_and_pause_000,noisy_step_and_pause,18.83333,169.5,90.0,0,1
noisy_step_and_pause_000,noisy_step_and_pause,18.85,171.0,90.0,0,1
noisy_step_and_pause_000,noisy_step_and_pause,18.86667,172.5,90.0,0,1
noisy_step_and_pause_000,noisy_step_and_pause,18.88333,174.0,90.0,0,1
noisy_step_and_pause_000,noisy_step_and_pause,18.9,175.5,90.0,0,1
noisy_step_and_pause_000,noisy_step_and_pause,18.91667,177.0,90.0,0,1
noisy_step_and_pause_000,noisy_step_and_pause,18.93333,178.5,90.0,0,1
noisy_step_and_pause_000,noisy_step_and_pause,18.95,180.0,90.0,0,1
noisy_step_and_pause_000,noisy_step_and_pause,18.96667,181.5,90.0,0,1
noisy_step_and_pause_000,noisy_step_and_pause,18.98333,183.0,90.0,0,1
noisy_step_and_pause_000,noisy_step_and_pause,19.0,184.5,90.0,0,1
noisy_step_and_pause_000,noisy_step_and_pause,19.01667,186.0,90.0,0,1
noisy_step_and_pause_000,noisy_step_and_pause,19.03333,187.5,90.0,0,1
noisy_step_and_pause_000,noisy_step_and_pause,19.05,189.0,90.0,0,1
noisy_step_and_pause_000,noisy_step_and_pause,19.06667,190.5,90.0,0,1
noisy_step_and_pause_000,noisy_step_and_pause,19.08333,192.0,90.0,0,1
noisy_step_and_pause_000,noisy_step_and_pause,19.1,193.5,90.0,0,1
noisy_step_and_pause_000,noisy_step_and_pause,19.11667,195.0,90.0,0,1
noisy_step_and_pause_000,noisy_step_and_pause,19.13333,196.5,90.0,0,1
noisy_step_and_pause_000,noisy_step_and_pause,19.15,198.0,90.0,0,1
noisy_step_and_pause_000,noisy_step_and_pause,19.16667,199.5,90.0,0,1
noisy_step_and_pause_000,noisy_step_and_pause,19.18333,201.0,90.0,0,1
noisy_step_and_pause_000,noisy_step_and_pause,19.2,202.5,90.0,0,1
noisy_step_and_pause_000,noisy_step_and_pause,19.21667,204,90.0,0,0
noisy_step_and_pause_000,noisy_step_and_pause,19.23333,204,0.0,0,0
noisy_step_and_pause_000,noisy_step_and_pause,19.25,204,0.0,1,0
noisy_step_and_pause_000,noisy_step_and_pause,19.26667,202.5,-90.0,0,1
noisy_step_and_pause_000,noisy_step_and_pause,19.28333,204,90.0,0,0
noisy_step_and_pause_000,noisy_step_and_pause,19.3,204,0.0,0,0
noisy_step_and_pause_000,noisy_step_and_pause,19.31667,204,0.0,0,0
noisy_step_and_pause_000,noisy_step_and_pause,19.33333,204,0.0,0,0
noisy_step_and_pause_000,noisy_step_and_pause,19.35,204,0.0,0,0
noisy_step_and_pause_000,noisy_step_and_pause,19.36667,204,0.0,0,0
noisy_step_and_pause_000,noisy_step_and_pause,19.38333,204,0.0,1,0
noisy_step_and_pause_000,noisy_step_and_pause,19.4,202.5,-90.0,0,1
noisy_step_and_pause_000,noisy_step_and_pause,19.41667,204,90.0,0,0
noisy_step_and_pause_000,noisy_step_and_pause,19.43333,204,0.0,0,0
noisy_step_and_pause_000,noisy_step_and_pause,19.45,204,0.0,0,0
noisy_step_and_pause_000,noisy_step_and_pause,19.46667,204,0.0,0,0
noisy_step_and_pause_000,noisy_step_and_pause,19.48333,204,0.0,0,0
noisy_step_and_pause_000,noisy_step_and_pause,19.5,204,0.0,0,0
noisy_step_and_pause_000,noisy_step_and_pause,19.51667,204,0.0,0,0
noisy_step_and_pause_000,noisy_step_and_pause,19.53333,204,0.0,0,0
noisy_step_and_pause_000,noisy_step_and_pause,19.55,204,0.0,0,0
noisy_step_and_pause_000,noisy_step_and_pause,19.56667,204,0.0,0,0
noisy_step_and_pause_000,noisy_step_and_pause,19.58333,204,0.0,0,0
noisy_step_and_pause_000,noisy_step_and_pause,19.6,204,0.0,0,0
noisy_step_and_pause_000,noisy_step_and_pause,19.61667,204,0.0,0,0
noisy_step_and_pause_000,noisy_step_and_pause,19.63333,204,0.0,0,0
noisy_step_and_pause_000,noisy_step_and_pause,19.65,204,0.0,0,1
noisy_step_and_pause_000,noisy_step_and_pause,19.66667,204,0.0,0,0
noisy_step_and_pause_000,noisy_step_and_pause,19.68333,204,0.0,0,0
noisy_step_and_pause_000,noisy_step_and_pause,19.7,204,0.0,0,0
noisy_step_and_pause_000,noisy_step_and_pause,19.71667,204,0.0,0,0
noisy_step_and_pause_000,noisy_step_and_pause,19.73333,204,0.0,0,0
noisy_step_and_pause_000,noisy_step_and_pause,19.75,204,0.0,0,0
noisy_step_and_pause_000,noisy_step_and_pause,19.76667,204,0.0,0,1
noisy_step_and_pause_000,noisy_step_and_pause,19.78333,204,0.0,0,0
noisy_step_and_pause_000,noisy_step_and_pause,19.8,204,0.0,0,0
noisy_step_and_pause_000,noisy_step_and_pause,19.81667,204,0.0,0,0
noisy_step_and_pause_000,noisy_step_and_pause,19.83333,204,0.0,0,0
noisy_step_and_pause_000,noisy_step_and_pause,19.85,204,0.0,0,0
noisy_step_and_pause_000,noisy_step_and_pause,19.86667,204,0.0,0,0
noisy_step_and_pause_000,noisy_step_and_pause,19.88333,204,0.0,0,0
noisy_step_and_pause_000,noisy_step_and_pause,19.9,204,0.0,0,0
noisy_step_and_pause_000,noisy_step_and_pause,19.91667,204,0.0,0,0
noisy_step_and_pause_000,noisy_step_and_pause,19.93333,204,0.0,0,1
noisy_step_and_pause_000,noisy_step_and_pause,19.95,204,0.0,0,0
noisy_step_and_pause_000,noisy_step_and_pause,19.96667,204,0.0,0,0
noisy_step_and_pause_000,noisy_step_and_pause,19.98333,204,0.0,0,0
noisy_step_and_pause_000,noisy_step_and_pause,20.0,204,0.0,0,0
noisy_step_and_pause_000,noisy_step_and_pause,20.01667,204,0.0,0,0
noisy_step_and_pause_000,noisy_step_and_pause,20.03333,204,0.0,0,0
noisy_step_and_pause_000,noisy_step_and_pause,20.05,204,0.0,0,0
noisy_step_and_pause_000,noisy_step_and_pause,20.06667,204,0.0,0,0
noisy_step_and_pause_000,noisy_step_and_pause,20.08333,204,0.0,0,0
noisy_step_and_pause_000,noisy_step_and_pause,20.1,204,0.0,0,0
noisy_step_and_pause_000,noisy_step_and_pause,20.11667,204,0.0,0,0
noisy_step_and_pause_000,noisy_step_and_pause,20.13333,204,0.0,0,0
noisy_step_and_pause_000,noisy_step_and_pause,20.15,204,0.0,0,0
noisy_step_and_pause_000,noisy_step_and_pause,20.16667,204,0.0,0,0
noisy_step_and_pause_000,noisy_step_and_pause,20.18333,204,0.0,0,0
noisy_step_and_pause_000,noisy_step_and_pause,20.2,204,0.0,0,1
noisy_step_and_pause_000,noisy_step_and_pause,20.21667,204,0.0,0,0
noisy_step_and_pause_000,noisy_step_and_pause,20.23333,204,0.0,0,0
noisy_step_and_pause_000,noisy_step_and_pause,20.25,204,0.0,0,0
noisy_step_and_pause_000,noisy_step_and_pause,20.26667,204,0.0,0,0
noisy_step_and_pause_000,noisy_step_and_pause,20.28333,204,0.0,0,0
noisy_step_and_pause_000,noisy_step_and_pause,20.3,204,0.0,0,0
noisy_step_and_pause_000,noisy_step_and_pause,20.31667,204,0.0,0,0
noisy_step_and_pause_000,noisy_step_and_pause,20.33333,204,0.0,0,0
noisy_step_and_pause_000,noisy_step_and_pause,20.35,204,0.0,0,0
noisy_step_and_pause_000,noisy_step_and_pause,20.36667,204,0.0,0,0
noisy_step_and_pause_000,noisy_step_and_pause,20.38333,204,0.0,0,0
noisy_step_and_pause_000,noisy_step_and_pause,20.4,204,0.0,0,0
noisy_step_and_pause_000,noisy_step_and_pause,20.41667,204,0.0,0,0
noisy_step_and_pause_000,noisy_step_and_pause,20.43333,204,0.0,0,0
noisy_step_and_pause_000,noisy_step_and_pause,20.45,204,0.0,0,0
noisy_step_and_pause_000,noisy_step_and_pause,20.46667,204,0.0,0,0
noisy_step_and_pause_000,noisy_step_and_pause,20.48333,204,0.0,0,0
noisy_step_and_pause_000,noisy_step_and_pause,20.5,204,0.0,0,0
noisy_step_and_pause_000,noisy_step_and_pause,20.51667,204,0.0,0,0
noisy_step_and_pause_000,noisy_step_and_pause,20.53333,204,0.0,0,0
noisy_step_and_pause_000,noisy_step_and_pause,20.55,204,0.0,1,0
noisy_step_and_pause_000,noisy_step_and_pause,20.56667,202.5,-90.0,0,1
noisy_step_and_pause_000,noisy_step_and_pause,20.58333,204,90.0,0,0
noisy_step_and_pause_000,noisy_step_and_pause,20.6,204,0.0,0,0
noisy_step_and_pause_000,noisy_step_and_pause,20.61667,204,0.0,0,0
noisy_step_and_pause_000,noisy_step_and_pause,20.63333,204,0.0,0,0
noisy_step_and_pause_000,noisy_step_and_pause,20.65,204,0.0,0,0
noisy_step_and_pause_000,noisy_step_and_pause,20.66667,204,0.0,0,0
noisy_step_and_pause_000,noisy_step_and_pause,20.68333,204,0.0,0,0
noisy_step_and_pause_000,noisy_step_and_pause,20.7,204,0.0,0,0
noisy_step_and_pause_000,noisy_step_and_pause,20.71667,204,0.0,0,0
noisy_step_and_pause_000,noisy_step_and_pause,20.73333,204,0.0,0,0
noisy_step_and_pause_000,noisy_step_and_pause,20.75,204,0.0,1,0
noisy_step_and_pause_000,noisy_step_and_pause,20.76667,202.5,-90.0,0,0
noisy_step_and_pause_000,noisy_step_and_pause,20.78333,202.5,0.0,0,0
noisy_step_and_pause_000,noisy_step_and_pause,20.8,202.5,0.0,0,0
noisy_step_and_pause_000,noisy_step_and_pause,20.81667,202.5,0.0,0,0
noisy_step_and_pause_000,noisy_step_and_pause,20.83333,202.5,0.0,0,0
noisy_step_and_pause_000,noisy_step_and_pause,20.85,202.5,0.0,0,0
noisy_step_and_pause_000,noisy_step_and_pause,20.86667,202.5,0.0,0,0
noisy_step_and_pause_000,noisy_step_and_pause,20.88333,202.5,0.0,0,0
noisy_step_and_pause_000,noisy_step_and_pause,20.9,202.5,0.0,0,0
noisy_step_and_pause_000,noisy_step_and_pause,20.91667,202.5,0.0,0,0
noisy_step_and_pause_000,noisy_step_and_pause,20.93333,202.5,0.0,0,0
noisy_step_and_pause_000,noisy_step_and_pause,20.95,202.5,0.0,0,0
noisy_step_and_pause_000,noisy_step_and_pause,20.96667,202.5,0.0,0,0
noisy_step_and_pause_000,noisy_step_and_pause,20.98333,202.5,0.0,0,1
noisy_step_and_pause_000,noisy_step_and_pause,21.0,204,90.0,0,0
noisy_step_and_pause_000,noisy_step_and_pause,21.01667,204,0.0,1,0
noisy_step_and_pause_000,noisy_step_and_pause,21.03333,202.5,-90.0,0,0
noisy_step_and_pause_000,noisy_step_and_pause,21.05,202.5,0.0,0,0
noisy_step_and_pause_000,noisy_step_and_pause,21.06667,202.5,0.0,0,0
noisy_step_and_pause_000,noisy_step_and_pause,21.08333,202.5,0.0,0,0
noisy_step_and_pause_000,noisy_step_and_pause,21.1,202.5,0.0,0,0
noisy_step_and_pause_000,noisy_step_and_pause,21.11667,202.5,0.0,0,0
noisy_step_and_pause_000,noisy_step_and_pause,21.13333,202.5,0.0,0,0
noisy_step_and_pause_000,noisy_step_and_pause,21.15,202.5,0.0,0,0
noisy_step_and_pause_000,noisy_step_and_pause,21.16667,202.5,0.0,0,0
noisy_step_and_pause_000,noisy_step_and_pause,21.18333,202.5,0.0,0,0
noisy_step_and_pause_000,noisy_step_and_pause,21.2,202.5,0.0,0,0
noisy_step_and_pause_000,noisy_step_and_pause,21.21667,202.5,0.0,0,0
noisy_step_and_pause_000,noisy_step_and_pause,21.23333,202.5,0.0,0,0
noisy_step_and_pause_000,noisy_step_and_pause,21.25,202.5,0.0,0,0
noisy_step_and_pause_000,noisy_step_and_pause,21.26667,202.5,0.0,0,0
noisy_step_and_pause_000,noisy_step_and_pause,21.28333,202.5,0.0,0,0
noisy_step_and_pause_000,noisy_step_and_pause,21.3,202.5,0.0,0,0
noisy_step_and_pause_000,noisy_step_and_pause,21.31667,202.5,0.0,0,0
noisy_step_and_pause_000,noisy_step_and_pause,21.33333,202.5,0.0,0,0
noisy_step_and_pause_000,noisy_step_and_pause,21.35,202.5,0.0,0,0
noisy_step_and_pause_000,noisy_step_and_pause,21.36667,202.5,0.0,0,0
noisy_step_and_pause_000,noisy_step_and_pause,21.38333,202.5,0.0,0,0
noisy_step_and_pause_000,noisy_step_and_pause,21.4,202.5,0.0,0,0
noisy_step_and_pause_000,noisy_step_and_pause,21.41667,202.5,0.0,0,0
noisy_step_and_pause_000,noisy_step_and_pause,21.43333,202.5,0.0,0,0
noisy_step_and_pause_000,noisy_step_and_pause,21.45,202.5,0.0,0,0
noisy_step_and_pause_000,noisy_step_and_pause,21.46667,202.5,0.0,0,0
noisy_step_and_pause_000,noisy_step_and_pause,21.48333,202.5,0.0,0,0
noisy_step_and_pause_000,noisy_step_and_pause,21.5,202.5,0.0,0,0
noisy_step_and_pause_000,noisy_step_and_pause,21.51667,202.5,0.0,0,0
noisy_step_and_pause_000,noisy_step_and_pause,21.53333,202.5,0.0,0,0
noisy_step_and_pause_000,noisy_step_and_pause,21.55,202.5,0.0,0,0
noisy_step_and_pause_000,noisy_step_and_pause,21.56667,202.5,0.0,0,0
noisy_step_and_pause_000,noisy_step_and_pause,21.58333,202.5,0.0,0,0
noisy_step_and_pause_000,noisy_step_and_pause,21.6,202.5,0.0,0,0
noisy_step_and_pause_000,noisy_step_and_pause,21.61667,202.5,0.0,0,0
noisy_step_and_pause_000,noisy_step_and_pause,21.63333,202.5,0.0,0,0
noisy_step_and_pause_000,noisy_step_and_pause,21.65,202.5,0.0,0,0
noisy_step_and_pause_000,noisy_step_and_pause,21.66667,202.5,0.0,0,0
noisy_step_and_pause_000,noisy_step_and_pause,21.68333,202.5,0.0,0,1
noisy_step_and_pause_000,noisy_step_and_pause,21.7,204,90.0,0,0
noisy_step_and_pause_000,noisy_step_and_pause,21.71667,204,0.0,0,0
noisy_step_and_pause_000,noisy_step_and_pause,21.73333,204,0.0,0,0
noisy_step_and_pause_000,noisy_step_and_pause,21.75,204,0.0,0,0
noisy_step_and_pause_000,noisy_step_and_pause,21.76667,204,0.0,0,0
noisy_step_and_pause_000,noisy_step_and_pause,21.78333,204,0.0,0,0
noisy_step_and_pause_000,noisy_step_and_pause,21.8,204,0.0,0,0
noisy_step_and_pause_000,noisy_step_and_pause,21.81667,204,0.0,0,0
noisy_step_and_pause_000,noisy_step_and_pause,21.83333,204,0.0,0,0
noisy_step_and_pause_000,noisy_step_and_pause,21.85,204,0.0,0,0
noisy_step_and_pause_000,noisy_step_and_pause,21.86667,204,0.0,0,0
noisy_step_and_pause_000,noisy_step_and_pause,21.88333,204,0.0,0,0
noisy_step_and_pause_000,noisy_step_and_pause,21.9,204,0.0,0,0
noisy_step_and_pause_000,noisy_step_and_pause,21.91667,204,0.0,0,0
noisy_step_and_pause_000,noisy_step_and_pause,21.93333,204,0.0,0,0
noisy_step_and_pause_000,noisy_step_and_pause,21.95,204,0.0,0,0
noisy_step_and_pause_000,noisy_step_and_pause,21.96667,204,0.0,0,0
noisy_step_and_pause_000,noisy_step_and_pause,21.98333,204,0.0,0,0
noisy_step_and_pause_000,noisy_step_and_pause,22.0,204,0.0,0,1
noisy_step_and_pause_000,noisy_step_and_pause,22.01667,204,0.0,0,0
noisy_step_and_pause_000,noisy_step_and_pause,22.03333,204,0.0,0,0
noisy_step_and_pause_000,noisy_step_and_pause,22.05,204,0.0,0,0
noisy_step_and_pause_000,noisy_step_and_pause,22.06667,204,0.0,1,0
noisy_step_and_pause_000,noisy_step_and_pause,22.08333,202.5,-90.0,0,1
noisy_step_and_pause_000,noisy_step_and_pause,22.1,204,90.0,0,0
noisy_step_and_pause_000,noisy_step_and_pause,22.11667,204,0.0,0,0
noisy_step_and_pause_000,noisy_step_and_pause,22.13333,204,0.0,0,0
noisy_step_and_pause_000,noisy_step_and_pause,22.15,204,0.0,0,0
noisy_step_and_pause_000,noisy_step_and_pause,22.16667,204,0.0,0,0
noisy_step_and_pause_000,noisy_step_and_pause,22.18333,204,0.0,0,1
noisy_step_and_pause_000,noisy_step_and_pause,22.2,204,0.0,0,0
noisy_step_and_pause_000,noisy_step_and_pause,22.21667,204,0.0,0,0
noisy_step_and_pause_000,noisy_step_and_pause,22.23333,204,0.0,0,0
noisy_step_and_pause_000,noisy_step_and_pause,22.25,204,0.0,0,0
noisy_step_and_pause_000,noisy_step_and_pause,22.26667,204,0.0,0,0
noisy_step_and_pause_000,noisy_step_and_pause,22.28333,204,0.0,0,0
noisy_step_and_pause_000,noisy_step_and_pause,22.3,204,0.0,0,0
noisy_step_and_pause_000,noisy_step_and_pause,22.31667,204,0.0,0,0
noisy_step_and_pause_000,noisy_step_and_pause,22.33333,204,0.0,0,0
noisy_step_and_pause_000,noisy_step_and_pause,22.35,204,0.0,0,0
noisy_step_and_pause_000,noisy_step_and_pause,22.36667,204,0.0,0,0
noisy_step_and_pause_000,noisy_step_and_pause,22.38333,204,0.0,0,0
noisy_step_and_pause_000,noisy_step_and_pause,22.4,204,0.0,0,0
noisy_step_and_pause_000,noisy_step_and_pause,22.41667,204,0.0,0,0
noisy_step_and_pause_000,noisy_step_and_pause,22.43333,204,0.0,0,0
noisy_step_and_pause_000,noisy_step_and_pause,22.45,204,0.0,0,0
noisy_step_and_pause_000,noisy_step_and_pause,22.46667,204,0.0,0,0
noisy_step_and_pause_000,noisy_step_and_pause,22.48333,204,0.0,0,0
noisy_step_and_pause_000,noisy_step_and_pause,22.5,204,0.0,0,0
noisy_step_and_pause_000,noisy_step_and_pause,22.51667,204,0.0,0,0
noisy_step_and_pause_000,noisy_step_and_pause,22.53333,204,0.0,0,0
noisy_step_and_pause_000,noisy_step_and_pause,22.55,204,0.0,0,0
noisy_step_and_pause_000,noisy_step_and_pause,22.56667,204,0.0,0,0
noisy_step_and_pause_000,noisy_step_and_pause,22.58333,204,0.0,1,0
noisy_step_and_pause_000,noisy_step_and_pause,22.6,202.5,-90.0,0,1
noisy_step_and_pause_000,noisy_step_and_pause,22.61667,204,90.0,0,0
noisy_step_and_pause_000,noisy_step_and_pause,22.63333,204,0.0,0,0
noisy_step_and_pause_000,noisy_step_and_pause,22.65,204,0.0,0,0
noisy_step_and_pause_000,noisy_step_and_pause,22.66667,204,0.0,0,0
noisy_step_and_pause_000,noisy_step_and_pause,22.68333,204,0.0,0,0
noisy_step_and_pause_000,noisy_step_and_pause,22.7,204,0.0,0,0
noisy_step_and_pause_000,noisy_step_and_pause,22.71667,204,0.0,0,0
noisy_step_and_pause_000,noisy_step_and_pause,22.73333,204,0.0,0,0
noisy_step_and_pause_000,noisy_step_and_pause,22.75,204,0.0,0,0
noisy_step_and_pause_000,noisy_step_and_pause,22.76667,204,0.0,0,0
noisy_step_and_pause_000,noisy_step_and_pause,22.78333,204,0.0,0,0
noisy_step_and_pause_000,noisy_step_and_pause,22.8,204,0.0,0,0
noisy_step_and_pause_000,noisy_step_and_pause,22.81667,204,0.0,0,0
noisy_step_and_pause_000,noisy_step_and_pause,22.83333,204,0.0,0,0
noisy_step_and_pause_000,noisy_step_and_pause,22.85,204,0.0,0,0
noisy_step_and_pause_000,noisy_step_and_pause,22.86667,204,0.0,0,0
noisy_step_and_pause_000,noisy_step_and_pause,22.88333,204,0.0,0,0
noisy_step_and_pause_000,noisy_step_and_pause,22.9,204,0.0,0,0
noisy_step_and_pause_000,noisy_step_and_pause,22.91667,204,0.0,0,0
noisy_step_and_pause_000,noisy_step_and_pause,22.93333,204,0.0,0,0
noisy_step_and_pause_000,noisy_step_and_pause,22.95,204,0.0,0,0
noisy_step_and_pause_000,noisy_step_and_pause,22.96667,204,0.0,0,0
noisy_step_and_pause_000,noisy_step_and_pause,22.98333,204,0.0,0,0
noisy_step_and_pause_000,noisy_step_and_pause,23.0,204,0.0,0,0
noisy_step_and_pause_000,noisy_step_and_pause,23.01667,204,0.0,0,0
noisy_step_and_pause_000,noisy_step_and_pause,23.03333,204,0.0,0,0
noisy_step_and_pause_000,noisy_step_and_pause,23.05,204,0.0,0,0
noisy_step_and_pause_000,noisy_step_and_pause,23.06667,204,0.0,0,0
noisy_step_and_pause_000,noisy_step_and_pause,23.08333,204,0.0,0,0
noisy_step_and_pause_000,noisy_step_and_pause,23.1,204,0.0,0,0
noisy_step_and_pause_000,noisy_step_and_pause,23.11667,204,0.0,0,1
noisy_step_and_pause_000,noisy_step_and_pause,23.13333,204,0.0,0,0
noisy_step_and_pause_000,noisy_step_and_pause,23.15,204,0.0,0,0
noisy_step_and_pause_000,noisy_step_and_pause,23.16667,204,0.0,0,0
noisy_step_and_pause_000,noisy_step_and_pause,23.18333,204,0.0,0,0
noisy_step_and_pause_000,noisy_step_and_pause,23.2,204,0.0,0,0
noisy_step_and_pause_000,noisy_step_and_pause,23.21667,204,0.0,0,0
noisy_step_and_pause_000,noisy_step_and_pause,23.23333,204,0.0,0,0
noisy_step_and_pause_000,noisy_step_and_pause,23.25,204,0.0,0,0
noisy_step_and_pause_000,noisy_step_and_pause,23.26667,204,0.0,0,0
noisy_step_and_pause_000,noisy_step_and_pause,23.28333,204,0.0,0,0
noisy_step_and_pause_000,noisy_step_and_pause,23.3,204,0.0,0,0
noisy_step_and_pause_000,noisy_step_and_pause,23.31667,204,0.0,0,0
noisy_step_and_pause_000,noisy_step_and_pause,23.33333,204,0.0,0,0
noisy_step_and_pause_000,noisy_step_and_pause,23.35,204,0.0,0,0
noisy_step_and_pause_000,noisy_step_and_pause,23.36667,204,0.0,0,0
noisy_step_and_pause_000,noisy_step_and_pause,23.38333,204,0.0,0,0
noisy_step_and_pause_000,noisy_step_and_pause,23.4,204,0.0,0,0
noisy_step_and_pause_000,noisy_step_and_pause,23.41667,204,0.0,0,0
noisy_step_and_pause_000,noisy_step_and_pause,23.43333,204,0.0,0,0
noisy_step_and_pause_000,noisy_step_and_pause,23.45,204,0.0,0,0
noisy_step_and_pause_000,noisy_step_and_pause,23.46667,204,0.0,0,0
noisy_step_and_pause_000,noisy_step_and_pause,23.48333,204,0.0,0,0
noisy_step_and_pause_000,noisy_step_and_pause,23.5,204,0.0,0,0
noisy_step_and_pause_000,noisy_step_and_pause,23.51667,204,0.0,1,0
noisy_step_and_pause_000,noisy_step_and_pause,23.53333,202.5,-90.0,0,1
noisy_step_and_pause_000,noisy_step_and_pause,23.55,204,90.0,0,0
noisy_step_and_pause_000,noisy_step_and_pause,23.56667,204,0.0,0,0
noisy_step_and_pause_000,noisy_step_and_pause,23.58333,204,0.0,0,0
noisy_step_and_pause_000,noisy_step_and_pause,23.6,204,0.0,0,0
noisy_step_and_pause_000,noisy_step_and_pause,23.61667,204,0.0,0,0
noisy_step_and_pause_000,noisy_step_and_pause,23.63333,204,0.0,0,0
noisy_step_and_pause_000,noisy_step_and_pause,23.65,204,0.0,0,0
noisy_step_and_pause_000,noisy_step_and_pause,23.66667,204,0.0,0,0
noisy_step_and_pause_000,noisy_step_and_pause,23.68333,204,0.0,0,0
noisy_step_and_pause_000,noisy_step_and_pause,23.7,204,0.0,0,0
noisy_step_and_pause_000,noisy_step_and_pause,23.71667,204,0.0,0,0
noisy_step_and_pause_000,noisy_step_and_pause,23.73333,204,0.0,0,0
noisy_step_and_pause_000,noisy_step_and_pause,23.75,204,0.0,0,0
noisy_step_and_pause_000,noisy_step_and_pause,23.76667,204,0.0,0,0
noisy_step_and_pause_000,noisy_step_and_pause,23.78333,204,0.0,0,0
noisy_step_and_pause_000,noisy_step_and_pause,23.8,204,0.0,0,0
noisy_step_and_pause_000,noisy_step_and_pause,23.81667,204,0.0,0,0
noisy_step_and_pause_000,noisy_step_and_pause,23.83333,204,0.0,0,0
noisy_step_and_pause_000,noisy_step_and_pause,23.85,204,0.0,0,0
noisy_step_and_pause_000,noisy_step_and_pause,23.86667,204,0.0,0,0
noisy_step_and_pause_000,noisy_step_and_pause,23.88333,204,0.0,0,0
noisy_step_and_pause_000,noisy_step_and_pause,23.9,204,0.0,0,0
noisy_step_and_pause_000,noisy_step_and_pause,23.91667,204,0.0,0,0
noisy_step_and_pause_000,noisy_step_and_pause,23.93333,204,0.0,0,0
noisy_step_and_pause_000,noisy_step_and_pause,23.95,204,0.0,0,0
noisy_step_and_pause_000,noisy_step_and_pause,23.96667,204,0.0,1,0
noisy_step_and_pause_000,noisy_step_and_pause,23.98333,202.5,-90.0,0,0
noisy_step_and_pause_000,noisy_step_and_pause,24.0,202.5,0.0,0,0
noisy_step_and_pause_000,noisy_step_and_pause,24.01667,202.5,0.0,0,0
noisy_step_and_pause_000,noisy_step_and_pause,24.03333,202.5,0.0,0,0
noisy_step_and_pause_000,noisy_step_and_pause,24.05,202.5,0.0,0,0
noisy_step_and_pause_000,noisy_step_and_pause,24.06667,202.5,0.0,0,0
noisy_step_and_pause_000,noisy_step_and_pause,24.08333,202.5,0.0,0,0
noisy_step_and_pause_000,noisy_step_and_pause,24.1,202.5,0.0,0,0
noisy_step_and_pause_000,noisy_step_and_pause,24.11667,202.5,0.0,0,0
noisy_step_and_pause_000,noisy_step_and_pause,24.13333,202.5,0.0,0,0
noisy_step_and_pause_000,noisy_step_and_pause,24.15,202.5,0.0,0,0
noisy_step_and_pause_000,noisy_step_and_pause,24.16667,202.5,0.0,0,0
noisy_step_and_pause_000,noisy_step_and_pause,24.18333,202.5,0.0,0,0
noisy_step_and_pause_000,noisy_step_and_pause,24.2,202.5,0.0,0,0
noisy_step_and_pause_000,noisy_step_and_pause,24.21667,202.5,0.0,0,0
noisy_step_and_pause_000,noisy_step_and_pause,24.23333,202.5,0.0,0,0
noisy_step_and_pause_000,noisy_step_and_pause,24.25,202.5,0.0,0,0
noisy_step_and_pause_000,noisy_step_and_pause,24.26667,202.5,0.0,0,0
noisy_step_and_pause_000,noisy_step_and_pause,24.28333,202.5,0.0,0,0
noisy_step_and_pause_000,noisy_step_and_pause,24.3,202.5,0.0,0,0
noisy_step_and_pause_000,noisy_step_and_pause,24.31667,202.5,0.0,0,0
noisy_step_and_pause_000,noisy_step_and_pause,24.33333,202.5,0.0,0,0
noisy_step_and_pause_000,noisy_step_and_pause,24.35,202.5,0.0,1,0
noisy_step_and_pause_000,noisy_step_and_pause,24.36667,201.0,-90.0,0,0
noisy_step_and_pause_000,noisy_step_and_pause,24.38333,201.0,0.0,0,0
noisy_step_and_pause_000,noisy_step_and_pause,24.4,201.0,0.0,0,0
noisy_step_and_pause_000,noisy_step_and_pause,24.41667,201.0,0.0,0,0
noisy_step_and_pause_000,noisy_step_and_pause,24.43333,201.0,0.0,0,0
noisy_step_and_pause_000,noisy_step_and_pause,24.45,201.0,0.0,1,0
noisy_step_and_pause_000,noisy_step_and_pause,24.46667,199.5,-90.0,1,0
noisy_step_and_pause_000,noisy_step_and_pause,24.48333,198.0,-90.0,1,0
noisy_step_and_pause_000,noisy_step_and_pause,24.5,196.5,-90.0,1,0
noisy_step_and_pause_000,noisy_step_and_pause,24.51667,195.0,-90.0,1,0
noisy_step_and_pause_000,noisy_step_and_pause,24.53333,193.5,-90.0,1,0
noisy_step_and_pause_000,noisy_step_and_pause,24.55,192.0,-90.0,1,0
noisy_step_and_pause_000,noisy_step_and_pause,24.56667,190.5,-90.0,1,0
noisy_step_and_pause_000,noisy_step_and_pause,24.58333,189.0,-90.0,1,0
noisy_step_and_pause_000,noisy_step_and_pause,24.6,187.5,-90.0,1,0
noisy_step_and_pause_000,noisy_step_and_pause,24.61667,186.0,-90.0,1,0
noisy_step_and_pause_000,noisy_step_and_pause,24.63333,184.5,-90.0,1,0
noisy_step_and_pause_000,noisy_step_and_pause,24.65,183.0,-90.0,1,0
noisy_step_and_pause_000,noisy_step_and_pause,24.66667,181.5,-90.0,1,0
noisy_step_and_pause_000,noisy_step_and_pause,24.68333,180.0,-90.0,1,0
noisy_step_and_pause_000,noisy_step_and_pause,24.7,178.5,-90.0,1,0
noisy_step_and_pause_000,noisy_step_and_pause,24.71667,177.0,-90.0,1,0
noisy_step_and_pause_000,noisy_step_and_pause,24.73333,175.5,-90.0,1,0
noisy_step_and_pause_000,noisy_step_and_pause,24.75,174.0,-90.0,1,0
noisy_step_and_pause_000,noisy_step_and_pause,24.76667,172.5,-90.0,1,0
noisy_step_and_pause_000,noisy_step_and_pause,24.78333,171.0,-90.0,1,0
noisy_step_and_pause_000,noisy_step_and_pause,24.8,169.5,-90.0,1,0
noisy_step_and_pause_000,noisy_step_and_pause,24.81667,168.0,-90.0,1,0
noisy_step_and_pause_000,noisy_step_and_pause,24.83333,166.5,-90.0,1,0
noisy_step_and_pause_000,noisy_step_and_pause,24.85,165.0,-90.0,1,0
noisy_step_and_pause_000,noisy_step_and_pause,24.86667,163.5,-90.0,1,0
noisy_step_and_pause_000,noisy_step_and_pause,24.88333,162.0,-90.0,1,0
noisy_step_and_pause_000,noisy_step_and_pause,24.9,160.5,-90.0,1,0
noisy_step_and_pause_000,noisy_step_and_pause,24.91667,159.0,-90.0,1,0
noisy_step_and_pause_000,noisy_step_and_pause,24.93333,157.5,-90.0,0,1
noisy_step_and_pause_000,noisy_step_and_pause,24.95,159.0,90.0,1,0
noisy_step_and_pause_000,noisy_step_and_pause,24.96667,157.5,-90.0,1,0
noisy_step_and_pause_000,noisy_step_and_pause,24.98333,156.0,-90.0,1,0
noisy_step_and_pause_000,noisy_step_and_pause,25.0,154.5,-90.0,1,0
noisy_step_and_pause_000,noisy_step_and_pause,25.01667,153.0,-90.0,1,0
noisy_step_and_pause_000,noisy_step_and_pause,25.03333,151.5,-90.0,1,0
noisy_step_and_pause_000,noisy_step_and_pause,25.05,150.0,-90.0,1,0
noisy_step_and_pause_000,noisy_step_and_pause,25.06667,148.5,-90.0,1,0
noisy_step_and_pause_000,noisy_step_and_pause,25.08333,147.0,-90.0,1,0
noisy_step_and_pause_000,noisy_step_and_pause,25.1,145.5,-90.0,1,0
noisy_step_and_pause_000,noisy_step_and_pause,25.11667,144.0,-90.0,1,0
noisy_step_and_pause_000,noisy_step_and_pause,25.13333,142.5,-90.0,1,0
noisy_step_and_pause_000,noisy_step_and_pause,25.15,141.0,-90.0,1,0
noisy_step_and_pause_000,noisy_step_and_pause,25.16667,139.5,-90.0,1,0
noisy_step_and_pause_000,noisy_step_and_pause,25.18333,138.0,-90.0,1,0
noisy_step_and_pause_000,noisy_step_and_pause,25.2,136.5,-90.0,1,0
noisy_step_and_pause_000,noisy_step_and_pause,25.21667,135.0,-90.0,1,0
noisy_step_and_pause_000,noisy_step_and_pause,25.23333,133.5,-90.0,1,0
noisy_step_and_pause_000,noisy_step_and_pause,25.25,132.0,-90.0,1,0
noisy_step_and_pause_000,noisy_step_and_pause,25.26667,130.5,-90.0,0,0
noisy_step_and_pause_000,noisy_step_and_pause,25.28333,130.5,0.0,1,0
noisy_step_and_pause_000,noisy_step_and_pause,25.3,129.0,-90.0,1,0
noisy_step_and_pause_000,noisy_step_and_pause,25.31667,127.5,-90.0,1,0
noisy_step_and_pause_000,noisy_step_and_pause,25.33333,126.0,-90.0,1,0
noisy_step_and_pause_000,noisy_step_and_pause,25.35,124.5,-90.0,1,0
noisy_step_and_pause_000,noisy_step_and_pause,25.36667,123.0,-90.0,1,0
noisy_step_and_pause_000,noisy_step_and_pause,25.38333,121.5,-90.0,1,0
noisy_step_and_pause_000,noisy_step_and_pause,25.4,120.0,-90.0,1,0
noisy_step_and_pause_000,noisy_step_and_pause,25.41667,118.5,-90.0,1,0
noisy_step_and_pause_000,noisy_step_and_pause,25.43333,117.0,-90.0,1,0
noisy_step_and_pause_000,noisy_step_and_pause,25.45,115.5,-90.0,1,0
noisy_step_and_pause_000,noisy_step_and_pause,25.46667,114.0,-90.0,1,0
noisy_step_and_pause_000,noisy_step_and_pause,25.48333,112.5,-90.0,1,0
noisy_step_and_pause_000,noisy_step_and_pause,25.5,111.0,-90.0,1,0
noisy_step_and_pause_000,noisy_step_and_pause,25.51667,109.5,-90.0,1,0
noisy_step_and_pause_000,noisy_step_and_pause,25.53333,108.0,-90.0,1,0
noisy_step_and_pause_000,noisy_step_and_pause,25.55,106.5,-90.0,1,0
noisy_step_and_pause_000,noisy_step_and_pause,25.56667,105.0,-90.0,1,0
noisy_step_and_pause_000,noisy_step_and_pause,25.58333,103.5,-90.0,1,0
noisy_step_and_pause_000,noisy_step_and_pause,25.6,102.0,-90.0,1,0
noisy_step_and_pause_000,noisy_step_and_pause,25.61667,100.5,-90.0,1,0
noisy_step_and_pause_000,noisy_step_and_pause,25.63333,99.0,-90.0,1,0
noisy_step_and_pause_000,noisy_step_and_pause,25.65,97.5,-90.0,1,0
noisy_step_and_pause_000,noisy_step_and_pause,25.66667,96.0,-90.0,1,0
noisy_step_and_pause_000,noisy_step_and_pause,25.68333,94.5,-90.0,1,0
noisy_step_and_pause_000,noisy_step_and_pause,25.7,93.0,-90.0,1,0
noisy_step_and_pause_000,noisy_step_and_pause,25.71667,91.5,-90.0,1,0
noisy_step_and_pause_000,noisy_step_and_pause,25.73333,90.0,-90.0,1,0
noisy_step_and_pause_000,noisy_step_and_pause,25.75,88.5,-90.0,1,0
noisy_step_and_pause_000,noisy_step_and_pause,25.76667,87.0,-90.0,1,0
noisy_step_and_pause_000,noisy_step_and_pause,25.78333,85.5,-90.0,1,0
noisy_step_and_pause_000,noisy_step_and_pause,25.8,84.0,-90.0,1,0
noisy_step_and_pause_000,noisy_step_and_pause,25.81667,82.5,-90.0,1,0
noisy_step_and_pause_000,noisy_step_and_pause,25.83333,81.0,-90.0,1,0
noisy_step_and_pause_000,noisy_step_and_pause,25.85,79.5,-90.0,1,0
noisy_step_and_pause_000,noisy_step_and_pause,25.86667,78.0,-90.0,1,0
noisy_step_and_pause_000,noisy_step_and_pause,25.88333,76.5,-90.0,0,1
noisy_step_and_pause_000,noisy_step_and_pause,25.9,78.0,90.0,0,1
noisy_step_and_pause_000,noisy_step_and_pause,25.91667,79.5,90.0,0,1
noisy_step_and_pause_000,noisy_step_and_pause,25.93333,81.0,90.0,0,1
noisy_step_and_pause_000,noisy_step_and_pause,25.95,82.5,90.0,0,1
noisy_step_and_pause_000,noisy_step_and_pause,25.96667,84.0,90.0,0,1
noisy_step_and_pause_000,noisy_step_and_pause,25.98333,85.5,90.0,0,1
noisy_step_and_pause_000,noisy_step_and_pause,26.0,87.0,90.0,0,1
noisy_step_and_pause_000,noisy_step_and_pause,26.01667,88.5,90.0,0,1
noisy_step_and_pause_000,noisy_step_and_pause,26.03333,90.0,90.0,0,1
noisy_step_and_pause_000,noisy_step_and_pause,26.05,91.5,90.0,0,1
noisy_step_and_pause_000,noisy_step_and_pause,26.06667,93.0,90.0,0,1
noisy_step_and_pause_000,noisy_step_and_pause,26.08333,94.5,90.0,0,1
noisy_step_and_pause_000,noisy_step_and_pause,26.1,96.0,90.0,0,1
noisy_step_and_pause_000,noisy_step_and_pause,26.11667,97.5,90.0,0,1
noisy_step_and_pause_000,noisy_step_and_pause,26.13333,99.0,90.0,0,1
noisy_step_and_pause_000,noisy_step_and_pause,26.15,100.5,90.0,0,1
noisy_step_and_pause_000,noisy_step_and_pause,26.16667,102.0,90.0,0,1
noisy_step_and_pause_000,noisy_step_and_pause,26.18333,103.5,90.0,0,1
noisy_step_and_pause_000,noisy_step_and_pause,26.2,105.0,90.0,0,1
noisy_step_and_pause_000,noisy_step_and_pause,26.21667,106.5,90.0,0,1
noisy_step_and_pause_000,noisy_step_and_pause,26.23333,108.0,90.0,0,1
noisy_step_and_pause_000,noisy_step_and_pause,26.25,109.5,90.0,0,1
noisy_step_and_pause_000,noisy_step_and_pause,26.26667,111.0,90.0,1,0
noisy_step_and_pause_000,noisy_step_and_pause,26.28333,109.5,-90.0,0,1
noisy_step_and_pause_000,noisy_step_and_pause,26.3,111.0,90.0,1,0
noisy_step_and_pause_000,noisy_step_and_pause,26.31667,109.5,-90.0,0,1
noisy_step_and_pause_000,noisy_step_and_pause,26.33333,111.0,90.0,0,1
noisy_step_and_pause_000,noisy_step_and_pause,26.35,112.5,90.0,0,1
noisy_step_and_pause_000,noisy_step_and_pause,26.36667,114.0,90.0,0,1
noisy_step_and_pause_000,noisy_step_and_pause,26.38333,115.5,90.0,0,1
noisy_step_and_pause_000,noisy_step_and_pause,26.4,117.0,90.0,0,1
noisy_step_and_pause_000,noisy_step_and_pause,26.41667,118.5,90.0,0,1
noisy_step_and_pause_000,noisy_step_and_pause,26.43333,120.0,90.0,0,1
noisy_step_and_pause_000,noisy_step_and_pause,26.45,121.5,90.0,0,1
noisy_step_and_pause_000,noisy_step_and_pause,26.46667,123.0,90.0,0,1
noisy_step_and_pause_000,noisy_step_and_pause,26.48333,124.5,90.0,0,1
noisy_step_and_pause_000,noisy_step_and_pause,26.5,126.0,90.0,0,1
noisy_step_and_pause_000,noisy_step_and_pause,26.51667,127.5,90.0,0,1
noisy_step_and_pause_000,noisy_step_and_pause,26.53333,129.0,90.0,0,1
noisy_step_and_pause_000,noisy_step_and_pause,26.55,130.5,90.0,0,1
noisy_step_and_pause_000,noisy_step_and_pause,26.56667,132.0,90.0,0,1
noisy_step_and_pause_000,noisy_step_and_pause,26.58333,133.5,90.0,0,1
noisy_step_and_pause_000,noisy_step_and_pause,26.6,135.0,90.0,0,1
noisy_step_and_pause_000,noisy_step_and_pause,26.61667,136.5,90.0,0,1
noisy_step_and_pause_000,noisy_step_and_pause,26.63333,138.0,90.0,0,1
noisy_step_and_pause_000,noisy_step_and_pause,26.65,139.5,90.0,0,1
noisy_step_and_pause_000,noisy_step_and_pause,26.66667,141.0,90.0,0,1
noisy_step_and_pause_000,noisy_step_and_pause,26.68333,142.5,90.0,0,1
noisy_step_and_pause_000,noisy_step_and_pause,26.7,144.0,90.0,1,0
noisy_step_and_pause_000,noisy_step_and_pause,26.71667,142.5,-90.0,0,1
noisy_step_and_pause_000,noisy_step_and_pause,26.73333,144.0,90.0,0,1
noisy_step_and_pause_000,noisy_step_and_pause,26.75,145.5,90.0,0,1
noisy_step_and_pause_000,noisy_step_and_pause,26.76667,147.0,90.0,0,1
noisy_step_and_pause_000,noisy_step_and_pause,26.78333,148.5,90.0,0,1
noisy_step_and_pause_000,noisy_step_and_pause,26.8,150.0,90.0,0,1
noisy_step_and_pause_000,noisy_step_and_pause,26.81667,151.5,90.0,0,1
noisy_step_and_pause_000,noisy_step_and_pause,26.83333,153.0,90.0,0,1
noisy_step_and_pause_000,noisy_step_and_pause,26.85,154.5,90.0,0,1
noisy_step_and_pause_000,noisy_step_and_pause,26.86667,156.0,90.0,0,1
noisy_step_and_pause_000,noisy_step_and_pause,26.88333,157.5,90.0,0,1
noisy_step_and_pause_000,noisy_step_and_pause,26.9,159.0,90.0,0,0
noisy_step_and_pause_000,noisy_step_and_pause,26.91667,159.0,0.0,0,1
noisy_step_and_pause_000,noisy_step_and_pause,26.93333,160.5,90.0,0,1
noisy_step_and_pause_000,noisy_step_and_pause,26.95,162.0,90.0,0,1
noisy_step_and_pause_000,noisy_step_and_pause,26.96667,163.5,90.0,0,1
noisy_step_and_pause_000,noisy_step_and_pause,26.98333,165.0,90.0,0,1
noisy_step_and_pause_000,noisy_step_and_pause,27.0,166.5,90.0,0,1
noisy_step_and_pause_000,noisy_step_and_pause,27.01667,168.0,90.0,0,1
noisy_step_and_pause_000,noisy_step_and_pause,27.03333,169.5,90.0,0,1
noisy_step_and_pause_000,noisy_step_and_pause,27.05,171.0,90.0,0,1
noisy_step_and_pause_000,noisy_step_and_pause,27.06667,172.5,90.0,1,0
noisy_step_and_pause_000,noisy_step_and_pause,27.08333,171.0,-90.0,0,1
noisy_step_and_pause_000,noisy_step_and_pause,27.1,172.5,90.0,0,1
noisy_step_and_pause_000,noisy_step_and_pause,27.11667,174.0,90.0,0,1
noisy_step_and_pause_000,noisy_step_and_pause,27.13333,175.5,90.0,0,1
noisy_step_and_pause_000,noisy_step_and_pause,27.15,177.0,90.0,0,1
noisy_step_and_pause_000,noisy_step_and_pause,27.16667,178.5,90.0,0,1
noisy_step_and_pause_000,noisy_step_and_pause,27.18333,180.0,90.0,0,1
noisy_step_and_pause_000,noisy_step_and_pause,27.2,181.5,90.0,0,1
noisy_step_and_pause_000,noisy_step_and_pause,27.21667,183.0,90.0,0,1
noisy_step_and_pause_000,noisy_step_and_pause,27.23333,184.5,90.0,0,1
noisy_step_and_pause_000,noisy_step_and_pause,27.25,186.0,90.0,1,0
noisy_step_and_pause_000,noisy_step_and_pause,27.26667,184.5,-90.0,0,1
noisy_step_and_pause_000,noisy_step_and_pause,27.28333,186.0,90.0,0,1
noisy_step_and_pause_000,noisy_step_and_pause,27.3,187.5,90.0,0,1
noisy_step_and_pause_000,noisy_step_and_pause,27.31667,189.0,90.0,0,0
noisy_step_and_pause_000,noisy_step_and_pause,27.33333,189.0,0.0,0,0
noisy_step_and_pause_000,noisy_step_and_pause,27.35,189.0,0.0,0,0
noisy_step_and_pause_000,noisy_step_and_pause,27.36667,189.0,0.0,0,0
noisy_step_and_pause_000,noisy_step_and_pause,27.38333,189.0,0.0,0,0
noisy_step_and_pause_000,noisy_step_and_pause,27.4,189.0,0.0,0,0
noisy_step_and_pause_000,noisy_step_and_pause,27.41667,189.0,0.0,0,0
noisy_step_and_pause_000,noisy_step_and_pause,27.43333,189.0,0.0,0,0
noisy_step_and_pause_000,noisy_step_and_pause,27.45,189.0,0.0,0,0
noisy_step_and_pause_000,noisy_step_and_pause,27.46667,189.0,0.0,0,0
noisy_step_and_pause_000,noisy_step_and_pause,27.48333,189.0,0.0,0,0
noisy_step_and_pause_000,noisy_step_and_pause,27.5,189.0,0.0,0,0
noisy_step_and_pause_000,noisy_step_and_pause,27.51667,189.0,0.0,0,0
noisy_step_and_pause_000,noisy_step_and_pause,27.53333,189.0,0.0,0,0
noisy_step_and_pause_000,noisy_step_and_pause,27.55,189.0,0.0,0,1
noisy_step_and_pause_000,noisy_step_and_pause,27.56667,190.5,90.0,0,1
noisy_step_and_pause_000,noisy_step_and_pause,27.58333,192.0,90.0,0,0
noisy_step_and_pause_000,noisy_step_and_pause,27.6,192.0,0.0,0,0
noisy_step_and_pause_000,noisy_step_and_pause,27.61667,192.0,0.0,0,0
noisy_step_and_pause_000,noisy_step_and_pause,27.63333,192.0,0.0,0,0
noisy_step_and_pause_000,noisy_step_and_pause,27.65,192.0,0.0,0,0
noisy_step_and_pause_000,noisy_step_and_pause,27.66667,192.0,0.0,0,0
noisy_step_and_pause_000,noisy_step_and_pause,27.68333,192.0,0.0,0,0
noisy_step_and_pause_000,noisy_step_and_pause,27.7,192.0,0.0,0,0
noisy_step_and_pause_000,noisy_step_and_pause,27.71667,192.0,0.0,0,0
noisy_step_and_pause_000,noisy_step_and_pause,27.73333,192.0,0.0,0,0
noisy_step_and_pause_000,noisy_step_and_pause,27.75,192.0,0.0,0,0
noisy_step_and_pause_000,noisy_step_and_pause,27.76667,192.0,0.0,1,0
noisy_step_and_pause_000,noisy_step_and_pause,27.78333,190.5,-90.0,0,0
noisy_step_and_pause_000,noisy_step_and_pause,27.8,190.5,0.0,0,0
noisy_step_and_pause_000,noisy_step_and_pause,27.81667,190.5,0.0,0,0
noisy_step_and_pause_000,noisy_step_and_pause,27.83333,190.5,0.0,1,0
noisy_step_and_pause_000,noisy_step_and_pause,27.85,189.0,-90.0,0,0
noisy_step_and_pause_000,noisy_step_and_pause,27.86667,189.0,0.0,0,0
noisy_step_and_pause_000,noisy_step_and_pause,27.88333,189.0,0.0,0,0
noisy_step_and_pause_000,noisy_step_and_pause,27.9,189.0,0.0,0,0
noisy_step_and_pause_000,noisy_step_and_pause,27.91667,189.0,0.0,0,0
noisy_step_and_pause_000,noisy_step_and_pause,27.93333,189.0,0.0,0,0
noisy_step_and_pause_000,noisy_step_and_pause,27.95,189.0,0.0,0,0
noisy_step_and_pause_000,noisy_step_and_pause,27.96667,189.0,0.0,0,0
noisy_step_and_pause_000,noisy_step_and_pause,27.98333,189.0,0.0,0,0
noisy_step_and_pause_000,noisy_step_and_pause,28.0,189.0,0.0,0,0
noisy_step_and_pause_000,noisy_step_and_pause,28.01667,189.0,0.0,0,0
noisy_step_and_pause_000,noisy_step_and_pause,28.03333,189.0,0.0,0,0
noisy_step_and_pause_000,noisy_step_and_pause,28.05,189.0,0.0,0,0
noisy_step_and_pause_000,noisy_step_and_pause,28.06667,189.0,0.0,0,0
noisy_step_and_pause_000,noisy_step_and_pause,28.08333,189.0,0.0,1,0
noisy_step_and_pause_000,noisy_step_and_pause,28.1,187.5,-90.0,1,0
noisy_step_and_pause_000,noisy_step_and_pause,28.11667,186.0,-90.0,1,0
noisy_step_and_pause_000,noisy_step_and_pause,28.13333,184.5,-90.0,1,0
noisy_step_and_pause_000,noisy_step_and_pause,28.15,183.0,-90.0,1,0
noisy_step_and_pause_000,noisy_step_and_pause,28.16667,181.5,-90.0,1,0
noisy_step_and_pause_000,noisy_step_and_pause,28.18333,180.0,-90.0,1,0
noisy_step_and_pause_000,noisy_step_and_pause,28.2,178.5,-90.0,1,0
noisy_step_and_pause_000,noisy_step_and_pause,28.21667,177.0,-90.0,1,0
noisy_step_and_pause_000,noisy_step_and_pause,28.23333,175.5,-90.0,1,0
noisy_step_and_pause_000,noisy_step_and_pause,28.25,174.0,-90.0,1,0
noisy_step_and_pause_000,noisy_step_and_pause,28.26667,172.5,-90.0,1,0
noisy_step_and_pause_000,noisy_step_and_pause,28.28333,171.0,-90.0,1,0
noisy_step_and_pause_000,noisy_step_and_pause,28.3,169.5,-90.0,1,0
noisy_step_and_pause_000,noisy_step_and_pause,28.31667,168.0,-90.0,1,0
noisy_step_and_pause_000,noisy_step_and_pause,28.33333,166.5,-90.0,1,0
noisy_step_and_pause_000,noisy_step_and_pause,28.35,165.0,-90.0,1,0
noisy_step_and_pause_000,noisy_step_and_pause,28.36667,163.5,-90.0,1,0
noisy_step_and_pause_000,noisy_step_and_pause,28.38333,162.0,-90.0,1,0
noisy_step_and_pause_000,noisy_step_and_pause,28.4,160.5,-90.0,1,0
noisy_step_and_pause_000,noisy_step_and_pause,28.41667,159.0,-90.0,1,0
noisy_step_and_pause_000,noisy_step_and_pause,28.43333,157.5,-90.0,1,0
noisy_step_and_pause_000,noisy_step_and_pause,28.45,156.0,-90.0,1,0
noisy_step_and_pause_000,noisy_step_and_pause,28.46667,154.5,-90.0,1,0
noisy_step_and_pause_000,noisy_step_and_pause,28.48333,153.0,-90.0,1,0
noisy_step_and_pause_000,noisy_step_and_pause,28.5,151.5,-90.0,1,0
noisy_step_and_pause_000,noisy_step_and_pause,28.51667,150.0,-90.0,1,0
noisy_step_and_pause_000,noisy_step_and_pause,28.53333,148.5,-90.0,1,0
noisy_step_and_pause_000,noisy_step_and_pause,28.55,147.0,-90.0,1,0
noisy_step_and_pause_000,noisy_step_and_pause,28.56667,145.5,-90.0,1,0
noisy_step_and_pause_000,noisy_step_and_pause,28.58333,144.0,-90.0,1,0
noisy_step_and_pause_000,noisy_step_and_pause,28.6,142.5,-90.0,1,0
noisy_step_and_pause_000,noisy_step_and_pause,28.61667,141.0,-90.0,1,0
noisy_step_and_pause_000,noisy_step_and_pause,28.63333,139.5,-90.0,1,0
noisy_step_and_pause_000,noisy_step_and_pause,28.65,138.0,-90.0,1,0
noisy_step_and_pause_000,noisy_step_and_pause,28.66667,136.5,-90.0,1,0
noisy_step_and_pause_000,noisy_step_and_pause,28.68333,135.0,-90.0,1,0
noisy_step_and_pause_000,noisy_step_and_pause,28.7,133.5,-90.0,1,0
noisy_step_and_pause_000,noisy_step_and_pause,28.71667,132.0,-90.0,1,0
noisy_step_and_pause_000,noisy_step_and_pause,28.73333,130.5,-90.0,1,0
noisy_step_and_pause_000,noisy_step_and_pause,28.75,129.0,-90.0,1,0
noisy_step_and_pause_000,noisy_step_and_pause,28.76667,127.5,-90.0,1,0
noisy_step_and_pause_000,noisy_step_and_pause,28.78333,126.0,-90.0,1,0
noisy_step_and_pause_000,noisy_step_and_pause,28.8,124.5,-90.0,1,0
noisy_step_and_pause_000,noisy_step_and_pause,28.81667,123.0,-90.0,1,0
noisy_step_and_pause_000,noisy_step_and_pause,28.83333,121.5,-90.0,1,0
noisy_step_and_pause_000,noisy_step_and_pause,28.85,120.0,-90.0,1,0
noisy_step_and_pause_000,noisy_step_and_pause,28.86667,118.5,-90.0,1,0
noisy_step_and_pause_000,noisy_step_and_pause,28.88333,117.0,-90.0,1,0
noisy_step_and_pause_000,noisy_step_and_pause,28.9,115.5,-90.0,1,0
noisy_step_and_pause_000,noisy_step_and_pause,28.91667,114.0,-90.0,1,0
noisy_step_and_pause_000,noisy_step_and_pause,28.93333,112.5,-90.0,1,0
noisy_step_and_pause_000,noisy_step_and_pause,28.95,111.0,-90.0,1,0
noisy_step_and_pause_000,noisy_step_and_pause,28.96667,109.5,-90.0,1,0
noisy_step_and_pause_000,noisy_step_and_pause,28.98333,108.0,-90.0,1,0
noisy_step_and_pause_000,noisy_step_and_pause,29.0,106.5,-90.0,1,0
noisy_step_and_pause_000,noisy_step_and_pause,29.01667,105.0,-90.0,1,0
noisy_step_and_pause_000,noisy_step_and_pause,29.03333,103.5,-90.0,0,0
noisy_step_and_pause_000,noisy_step_and_pause,29.05,103.5,0.0,0,0
noisy_step_and_pause_000,noisy_step_and_pause,29.06667,103.5,0.0,0,0
noisy_step_and_pause_000,noisy_step_and_pause,29.08333,103.5,0.0,0,0
noisy_step_and_pause_000,noisy_step_and_pause,29.1,103.5,0.0,0,0
noisy_step_and_pause_000,noisy_step_and_pause,29.11667,103.5,0.0,0,0
noisy_step_and_pause_000,noisy_step_and_pause,29.13333,103.5,0.0,0,0
noisy_step_and_pause_000,noisy_step_and_pause,29.15,103.5,0.0,0,0
noisy_step_and_pause_000,noisy_step_and_pause,29.16667,103.5,0.0,0,0
noisy_step_and_pause_000,noisy_step_and_pause,29.18333,103.5,0.0,0,0
noisy_step_and_pause_000,noisy_step_and_pause,29.2,103.5,0.0,0,0
noisy_step_and_pause_000,noisy_step_and_pause,29.21667,103.5,0.0,0,0
noisy_step_and_pause_000,noisy_step_and_pause,29.23333,103.5,0.0,0,0
noisy_step_and_pause_000,noisy_step_and_pause,29.25,103.5,0.0,0,0
noisy_step_and_pause_000,noisy_step_and_pause,29.26667,103.5,0.0,0,0
noisy_step_and_pause_000,noisy_step_and_pause,29.28333,103.5,0.0,0,0
noisy_step_and_pause_000,noisy_step_and_pause,29.3,103.5,0.0,0,0
noisy_step_and_pause_000,noisy_step_and_pause,29.31667,103.5,0.0,0,0
noisy_step_and_pause_000,noisy_step_and_pause,29.33333,103.5,0.0,0,0
noisy_step_and_pause_000,noisy_step_and_pause,29.35,103.5,0.0,0,0
noisy_step_and_pause_000,noisy_step_and_pause,29.36667,103.5,0.0,0,0
noisy_step_and_pause_000,noisy_step_and_pause,29.38333,103.5,0.0,0,0
noisy_step_and_pause_000,noisy_step_and_pause,29.4,103.5,0.0,0,0
noisy_step_and_pause_000,noisy_step_and_pause,29.41667,103.5,0.0,0,0
noisy_step_and_pause_000,noisy_step_and_pause,29.43333,103.5,0.0,0,0
noisy_step_and_pause_000,noisy_step_and_pause,29.45,103.5,0.0,0,0
noisy_step_and_pause_000,noisy_step_and_pause,29.46667,103.5,0.0,0,0
noisy_step_and_pause_000,noisy_step_and_pause,29.48333,103.5,0.0,0,0
noisy_step_and_pause_000,noisy_step_and_pause,29.5,103.5,0.0,0,0
noisy_step_and_pause_000,noisy_step_and_pause,29.51667,103.5,0.0,0,0
noisy_step_and_pause_000,noisy_step_and_pause,29.53333,103.5,0.0,0,0
noisy_step_and_pause_000,noisy_step_and_pause,29.55,103.5,0.0,0,0
noisy_step_and_pause_000,noisy_step_and_pause,29.56667,103.5,0.0,0,0
noisy_step_and_pause_000,noisy_step_and_pause,29.58333,103.5,0.0,0,0
noisy_step_and_pause_000,noisy_step_and_pause,29.6,103.5,0.0,0,0
noisy_step_and_pause_000,noisy_step_and_pause,29.61667,103.5,0.0,0,0
noisy_step_and_pause_000,noisy_step_and_pause,29.63333,103.5,0.0,0,0
noisy_step_and_pause_000,noisy_step_and_pause,29.65,103.5,0.0,0,0
noisy_step_and_pause_000,noisy_step_and_pause,29.66667,103.5,0.0,0,0
noisy_step_and_pause_000,noisy_step_and_pause,29.68333,103.5,0.0,0,0
noisy_step_and_pause_000,noisy_step_and_pause,29.7,103.5,0.0,0,0
noisy_step_and_pause_000,noisy_step_and_pause,29.71667,103.5,0.0,0,0
noisy_step_and_pause_000,noisy_step_and_pause,29.73333,103.5,0.0,0,0
noisy_step_and_pause_000,noisy_step_and_pause,29.75,103.5,0.0,0,1
noisy_step_and_pause_000,noisy_step_and_pause,29.76667,105.0,90.0,0,0
noisy_step_and_pause_000,noisy_step_and_pause,29.78333,105.0,0.0,0,0
noisy_step_and_pause_000,noisy_step_and_pause,29.8,105.0,0.0,0,0
noisy_step_and_pause_000,noisy_step_and_pause,29.81667,105.0,0.0,0,0
noisy_step_and_pause_000,noisy_step_and_pause,29.83333,105.0,0.0,0,0
noisy_step_and_pause_000,noisy_step_and_pause,29.85,105.0,0.0,0,0
noisy_step_and_pause_000,noisy_step_and_pause,29.86667,105.0,0.0,0,0
noisy_step_and_pause_000,noisy_step_and_pause,29.88333,105.0,0.0,0,0
noisy_step_and_pause_000,noisy_step_and_pause,29.9,105.0,0.0,0,0
noisy_step_and_pause_000,noisy_step_and_pause,29.91667,105.0,0.0,0,0
noisy_step_and_pause_000,noisy_step_and_pause,29.93333,105.0,0.0,0,0
noisy_step_and_pause_000,noisy_step_and_pause,29.95,105.0,0.0,0,0
noisy_step_and_pause_000,noisy_step_and_pause,29.96667,105.0,0.0,0,0
noisy_step_and_pause_000,noisy_step_and_pause,29.98333,105.0,0.0,0,0
noisy_step_and_pause_000,noisy_step_and_pause,30.0,105.0,0.0,0,0
noisy_step_and_pause_000,noisy_step_and_pause,30.01667,105.0,0.0,0,0
noisy_step_and_pause_000,noisy_step_and_pause,30.03333,105.0,0.0,0,0
noisy_step_and_pause_000,noisy_step_and_pause,30.05,105.0,0.0,0,0
noisy_step_and_pause_000,noisy_step_and_pause,30.06667,105.0,0.0,0,0
noisy_step_and_pause_000,noisy_step_and_pause,30.08333,105.0,0.0,0,0
noisy_step_and_pause_000,noisy_step_and_pause,30.1,105.0,0.0,0,0
noisy_step_and_pause_000,noisy_step_and_pause,30.11667,105.0,0.0,0,0
noisy_step_and_pause_000,noisy_step_and_pause,30.13333,105.0,0.0,0,0
noisy_step_and_pause_000,noisy_step_and_pause,30.15,105.0,0.0,0,0
noisy_step_and_pause_000,noisy_step_and_pause,30.16667,105.0,0.0,0,0
noisy_step_and_pause_000,noisy_step_and_pause,30.18333,105.0,0.0,0,0
noisy_step_and_pause_000,noisy_step_and_pause,30.2,105.0,0.0,0,0
noisy_step_and_pause_000,noisy_step_and_pause,30.21667,105.0,0.0,0,0
noisy_step_and_pause_000,noisy_step_and_pause,30.23333,105.0,0.0,0,0
noisy_step_and_pause_000,noisy_step_and_pause,30.25,105.0,0.0,0,0
noisy_step_and_pause_000,noisy_step_and_pause,30.26667,105.0,0.0,1,0
noisy_step_and_pause_000,noisy_step_and_pause,30.28333,103.5,-90.0,0,0
noisy_step_and_pause_000,noisy_step_and_pause,30.3,103.5,0.0,0,0
noisy_step_and_pause_000,noisy_step_and_pause,30.31667,103.5,0.0,0,0
noisy_step_and_pause_000,noisy_step_and_pause,30.33333,103.5,0.0,0,0
noisy_step_and_pause_000,noisy_step_and_pause,30.35,103.5,0.0,0,0
noisy_step_and_pause_000,noisy_step_and_pause,30.36667,103.5,0.0,0,0
noisy_step_and_pause_000,noisy_step_and_pause,30.38333,103.5,0.0,0,0
noisy_step_and_pause_000,noisy_step_and_pause,30.4,103.5,0.0,0,0
noisy_step_and_pause_000,noisy_step_and_pause,30.41667,103.5,0.0,0,0
noisy_step_and_pause_000,noisy_step_and_pause,30.43333,103.5,0.0,0,0
noisy_step_and_pause_000,noisy_step_and_pause,30.45,103.5,0.0,0,0
noisy_step_and_pause_000,noisy_step_and_pause,30.46667,103.5,0.0,0,0
noisy_step_and_pause_000,noisy_step_and_pause,30.48333,103.5,0.0,0,0
noisy_step_and_pause_000,noisy_step_and_pause,30.5,103.5,0.0,0,0
noisy_step_and_pause_000,noisy_step_and_pause,30.51667,103.5,0.0,0,0
noisy_step_and_pause_000,noisy_step_and_pause,30.53333,103.5,0.0,0,0
noisy_step_and_pause_000,noisy_step_and_pause,30.55,103.5,0.0,0,0
noisy_step_and_pause_000,noisy_step_and_pause,30.56667,103.5,0.0,0,0
noisy_step_and_pause_000,noisy_step_and_pause,30.58333,103.5,0.0,0,0
noisy_step_and_pause_000,noisy_step_and_pause,30.6,103.5,0.0,0,0
noisy_step_and_pause_000,noisy_step_and_pause,30.61667,103.5,0.0,0,0
noisy_step_and_pause_000,noisy_step_and_pause,30.63333,103.5,0.0,0,0
noisy_step_and_pause_000,noisy_step_and_pause,30.65,103.5,0.0,0,0
noisy_step_and_pause_000,noisy_step_and_pause,30.66667,103.5,0.0,0,0
noisy_step_and_pause_000,noisy_step_and_pause,30.68333,103.5,0.0,0,0
noisy_step_and_pause_000,noisy_step_and_pause,30.7,103.5,0.0,0,0
noisy_step_and_pause_000,noisy_step_and_pause,30.71667,103.5,0.0,0,0
noisy_step_and_pause_000,noisy_step_and_pause,30.73333,103.5,0.0,0,0
noisy_step_and_pause_000,noisy_step_and_pause,30.75,103.5,0.0,0,0
noisy_step_and_pause_000,noisy_step_and_pause,30.76667,103.5,0.0,0,0
noisy_step_and_pause_000,noisy_step_and_pause,30.78333,103.5,0.0,0,0
noisy_step_and_pause_000,noisy_step_and_pause,30.8,103.5,0.0,0,0
noisy_step_and_pause_000,noisy_step_and_pause,30.81667,103.5,0.0,0,0
noisy_step_and_pause_000,noisy_step_and_pause,30.83333,103.5,0.0,0,0
noisy_step_and_pause_000,noisy_step_and_pause,30.85,103.5,0.0,0,0
noisy_step_and_pause_000,noisy_step_and_pause,30.86667,103.5,0.0,0,0
noisy_step_and_pause_000,noisy_step_and_pause,30.88333,103.5,0.0,0,0
noisy_step_and_pause_000,noisy_step_and_pause,30.9,103.5,0.0,0,0
noisy_step_and_pause_000,noisy_step_and_pause,30.91667,103.5,0.0,0,0
noisy_step_and_pause_000,noisy_step_and_pause,30.93333,103.5,0.0,0,0
noisy_step_and_pause_000,noisy_step_and_pause,30.95,103.5,0.0,0,1
noisy_step_and_pause_000,noisy_step_and_pause,30.96667,105.0,90.0,0,0
noisy_step_and_pause_000,noisy_step_and_pause,30.98333,105.0,0.0,0,1
noisy_step_and_pause_000,noisy_step_and_pause,31.0,106.5,90.0,0,1
noisy_step_and_pause_000,noisy_step_and_pause,31.01667,108.0,90.0,1,0
noisy_step_and_pause_000,noisy_step_and_pause,31.03333,106.5,-90.0,0,1
