session_id,pattern,t,x,vx,input_left,input_right
noisy_step_and_pause_001,noisy_step_and_pause,0.0,200.746,0.0,0,0
noisy_step_and_pause_001,noisy_step_and_pause,0.01667,200.746,0.0,0,0
noisy_step_and_pause_001,noisy_step_and_pause,0.03333,200.746,0.0,0,0
noisy_step_and_pause_001,noisy_step_and_pause,0.05,200.746,0.0,0,0
noisy_step_and_pause_001,noisy_step_and_pause,0.06667,200.746,0.0,0,0
noisy_step_and_pause_001,noisy_step_and_pause,0.08333,200.746,0.0,0,0
noisy_step_and_pause_001,noisy_step_and_pause,0.1,200.746,0.0,0,0
noisy_step_and_pause_001,noisy_step_and_pause,0.11667,200.746,0.0,0,0
noisy_step_and_pause_001,noisy_step_and_pause,0.13333,200.746,0.0,0,0
noisy_step_and_pause_001,noisy_step_and_pause,0.15,200.746,0.0,0,0
noisy_step_and_pause_001,noisy_step_and_pause,0.16667,200.746,0.0,0,0
noisy_step_and_pause_001,noisy_step_and_pause,0.18333,200.746,0.0,0,0
noisy_step_and_pause_001,noisy_step_and_pause,0.2,200.746,0.0,0,0
noisy_step_and_pause_001,noisy_step_and_pause,0.21667,200.746,0.0,0,0
noisy_step_and_pause_001,noisy_step_and_pause,0.23333,200.746,0.0,0,0
noisy_step_and_pause_001,noisy_step_and_pause,0.25,200.746,0.0,0,0
noisy_step_and_pause_001,noisy_step_and_pause,0.26667,200.746,0.0,0,0
noisy_step_and_pause_001,noisy_step_and_pause,0.28333,200.746,0.0,0,0
noisy_step_and_pause_001,noisy_step_and_pause,0.3,200.746,0.0,0,0
noisy_step_and_pause_001,noisy_step_and_pause,0.31667,200.746,0.0,0,0
noisy_step_and_pause_001,noisy_step_and_pause,0.33333,200.746,0.0,0,0
noisy_step_and_pause_001,noisy_step_and_pause,0.35,200.746,0.0,0,0
noisy_step_and_pause_001,noisy_step_and_pause,0.36667,200.746,0.0,0,0
noisy_step_and_pause_001,noisy_step_and_pause,0.38333,200.746,0.0,0,0
noisy_step_and_pause_001,noisy_step_and_pause,0.4,200.746,0.0,0,0
noisy_step_and_pause_001,noisy_step_and_pause,0.41667,200.746,0.0,0,0
noisy_step_and_pause_001,noisy_step_and_pause,0.43333,200.746,0.0,0,0
noisy_step_and_pause_001,noisy_step_and_pause,0.45,200.746,0.0,0,0
noisy_step_and_pause_001,noisy_step_and_pause,0.46667,200.746,0.0,0,0
noisy_step_and_pause_001,noisy_step_and_pause,0.48333,200.746,0.0,0,0
noisy_step_and_pause_001,noisy_step_and_pause,0.5,200.746,0.0,0,0
noisy_step_and_pause_001,noisy_step_and_pause,0.51667,200.746,0.0,0,0
noisy_step_and_pause_001,noisy_step_and_pause,0.53333,200.746,0.0,0,0
noisy_step_and_pause_001,noisy_step_and_pause,0.55,200.746,0.0,0,0
noisy_step_and_pause_001,noisy_step_and_pause,0.56667,200.746,0.0,0,0
noisy_step_and_pause_001,noisy_step_and_pause,0.58333,200.746,0.0,0,0
noisy_step_and_pause_001,noisy_step_and_pause,0.6,200.746,0.0,0,0
noisy_step_and_pause_001,noisy_step_and_pause,0.61667,200.746,0.0,0,0
noisy_step_and_pause_001,noisy_step_and_pause,0.63333,200.746,0.0,0,0
noisy_step_and_pause_001,noisy_step_and_pause,0.65,200.746,0.0,0,0
noisy_step_and_pause_001,noisy_step_and_pause,0.66667,200.746,0.0,0,0
noisy_step_and_pause_001,noisy_step_and_pause,0.68333,200.746,0.0,0,0
noisy_step_and_pause_001,noisy_step_and_pause,0.7,200.746,0.0,0,0
noisy_step_and_pause_001,noisy_step_and_pause,0.71667,200.746,0.0,0,0
noisy_step_and_pause_001,noisy_step_and_pause,0.73333,200.746,0.0,0,0
noisy_step_and_pause_001,noisy_step_and_pause,0.75,200.746,0.0,0,0
noisy_step_and_pause_001,noisy_step_and_pause,0.76667,200.746,0.0,0,0
noisy_step_and_pause_001,noisy_step_and_pause,0.78333,200.746,0.0,0,0
noisy_step_and_pause_001,noisy_step_and_pause,0.8,200.746,0.0,0,0
noisy_step_and_pause_001,noisy_step_and_pause,0.81667,200.746,0.0,0,0
noisy_step_and_pause_001,noisy_step_and_pause,0.83333,200.746,0.0,0,0
noisy_step_and_pause_001,noisy_step_and_pause,0.85,200.746,0.0,0,0
noisy_step_and_pause_001,noisy_step_and_pause,0.86667,200.746,0.0,0,0
noisy_step_and_pause_001,noisy_step_and_pause,0.88333,200.746,0.0,0,0
noisy_step_and_pause_001,noisy_step_and_pause,0.9,200.746,0.0,0,0
noisy_step_and_pause_001,noisy_step_and_pause,0.91667,200.746,0.0,0,0
noisy_step_and_pause_001,noisy_step_and_pause,0.93333,200.746,0.0,0,0
noisy_step_and_pause_001,noisy_step_and_pause,0.95,200.746,0.0,0,0
noisy_step_and_pause_001,noisy_step_and_pause,0.96667,200.746,0.0,0,0
noisy_step_and_pause_001,noisy_step_and_pause,0.98333,200.746,0.0,0,0
noisy_step_and_pause_001,noisy_step_and_pause,1.0,200.746,0.0,0,0
noisy_step_and_pause_001,noisy_step_and_pause,1.01667,200.746,0.0,0,0
noisy_step_and_pause_001,noisy_step_and_pause,1.03333,200.746,0.0,0,0
noisy_step_and_pause_001,noisy_step_and_pause,1.05,200.746,0.0,0,0
noisy_step_and_pause_001,noisy_step_and_pause,1.06667,200.746,0.0,0,0
noisy_step_and_pause_001,noisy_step_and_pause,1.08333,200.746,0.0,0,0
noisy_step_and_pause_001,noisy_step_and_pause,1.1,200.746,0.0,0,0
noisy_step_and_pause_001,noisy_step_and_pause,1.11667,200.746,0.0,0,0
noisy_step_and_pause_001,noisy_step_and_pause,1.13333,200.746,0.0,0,0
noisy_step_and_pause_001,noisy_step_and_pause,1.15,200.746,0.0,0,0
noisy_step_and_pause_001,noisy_step_and_pause,1.16667,200.746,0.0,0,0
noisy_step_and_pause_001,noisy_step_and_pause,1.18333,200.746,0.0,0,0
noisy_step_and_pause_001,noisy_step_and_pause,1.2,200.746,0.0,0,0
noisy_step_and_pause_001,noisy_step_and_pause,1.21667,200.746,0.0,0,0
noisy_step_and_pause_001,noisy_step_and_pause,1.23333,200.746,0.0,0,0
noisy_step_and_pause_001,noisy_step_and_pause,1.25,200.746,0.0,0,0
noisy_step_and_pause_001,noisy_step_and_pause,1.26667,200.746,0.0,0,0
noisy_step_and_pause_001,noisy_step_and_pause,1.28333,200.746,0.0,0,0
noisy_step_and_pause_001,noisy_step_and_pause,1.3,200.746,0.0,0,0
noisy_step_and_pause_001,noisy_step_and_pause,1.31667,200.746,0.0,0,0
noisy_step_and_pause_001,noisy_step_and_pause,1.33333,200.746,0.0,0,0
noisy_step_and_pause_001,noisy_step_and_pause,1.35,200.746,0.0,0,0
noisy_step_and_pause_001,noisy_step_and_pause,1.36667,200.746,0.0,0,0
noisy_step_and_pause_001,noisy_step_and_pause,1.38333,200.746,0.0,0,0
noisy_step_and_pause_001,noisy_step_and_pause,1.4,200.746,0.0,0,0
noisy_step_and_pause_001,noisy_step_and_pause,1.41667,200.746,0.0,0,0
noisy_step_and_pause_001,noisy_step_and_pause,1.43333,200.746,0.0,0,0
noisy_step_and_pause_001,noisy_step_and_pause,1.45,200.746,0.0,0,0
noisy_step_and_pause_001,noisy_step_and_pause,1.46667,200.746,0.0,1,0
noisy_step_and_pause_001,noisy_step_and_pause,1.48333,199.246,-90.0,0,0
noisy_step_and_pause_001,noisy_step_and_pause,1.5,199.246,0.0,0,0
noisy_step_and_pause_001,noisy_step_and_pause,1.51667,199.246,0.0,1,0
noisy_step_and_pause_001,noisy_step_and_pause,1.53333,197.746,-90.0,0,0
noisy_step_and_pause_001,noisy_step_and_pause,1.55,197.746,0.0,0,0
noisy_step_and_pause_001,noisy_step_and_pause,1.56667,197.746,0.0,0,0
noisy_step_and_pause_001,noisy_step_and_pause,1.58333,197.746,0.0,0,1
noisy_step_and_pause_001,noisy_step_and_pause,1.6,199.246,90.0,0,1
noisy_step_and_pause_001,noisy_step_and_pause,1.61667,200.746,90.0,0,1
noisy_step_and_pause_001,noisy_step_and_pause,1.63333,202.246,90.0,0,1
noisy_step_and_pause_001,noisy_step_and_pause,1.65,203.746,90.0,0,0
noisy_step_and_pause_001,noisy_step_and_pause,1.66667,203.746,0.0,0,0
noisy_step_and_pause_001,noisy_step_and_pause,1.68333,203.746,0.0,0,0
noisy_step_and_pause_001,noisy_step_and_pause,1.7,203.746,0.0,0,0
noisy_step_and_pause_001,noisy_step_and_pause,1.71667,203.746,0.0,0,0
noisy_step_and_pause_001,noisy_step_and_pause,1.73333,203.746,0.0,0,0
noisy_step_and_pause_001,noisy_step_and_pause,1.75,203.746,0.0,0,0
noisy_step_and_pause_001,noisy_step_and_pause,1.76667,203.746,0.0,0,0
noisy_step_and_pause_001,noisy_step_and_pause,1.78333,203.746,0.0,0,0
noisy_step_and_pause_001,noisy_step_and_pause,1.8,203.746,0.0,0,0
noisy_step_and_pause_001,noisy_step_and_pause,1.81667,203.746,0.0,0,0
noisy_step_and_pause_001,noisy_step_and_pause,1.83333,203.746,0.0,0,1
noisy_step_and_pause_001,noisy_step_and_pause,1.85,204,15.237,0,0
noisy_step_and_pause_001,noisy_step_and_pause,1.86667,204,0.0,0,0
noisy_step_and_pause_001,noisy_step_and_pause,1.88333,204,0.0,0,0
noisy_step_and_pause_001,noisy_step_and_pause,1.9,204,0.0,0,0
noisy_step_and_pause_001,noisy_step_and_pause,1.91667,204,0.0,0,0
noisy_step_and_pause_001,noisy_step_and_pause,1.93333,204,0.0,0,0
noisy_step_and_pause_001,noisy_step_and_pause,1.95,204,0.0,0,0
noisy_step_and_pause_001,noisy_step_and_pause,1.96667,204,0.0,0,0
noisy_step_and_pause_001,noisy_step_and_pause,1.98333,204,0.0,0,0
noisy_step_and_pause_001,noisy_step_and_pause,2.0,204,0.0,0,0
noisy_step_and_pause_001,noisy_step_and_pause,2.01667,204,0.0,0,0
noisy_step_and_pause_001,noisy_step_and_pause,2.03333,204,0.0,0,0
noisy_step_and_pause_001,noisy_step_and_pause,2.05,204,0.0,0,0
noisy_step_and_pause_001,noisy_step_and_pause,2.06667,204,0.0,0,0
noisy_step_and_pause_001,noisy_step_and_pause,2.08333,204,0.0,0,0
noisy_step_and_pause_001,noisy_step_and_pause,2.1,204,0.0,0,0
noisy_step_and_pause_001,noisy_step_and_pause,2.11667,204,0.0,0,0
noisy_step_and_pause_001,noisy_step_and_pause,2.13333,204,0.0,0,0
noisy_step_and_pause_001,noisy_step_and_pause,2.15,204,0.0,0,0
noisy_step_and_pause_001,noisy_step_and_pause,2.16667,204,0.0,0,0
noisy_step_and_pause_001,noisy_step_and_pause,2.18333,204,0.0,0,0
noisy_step_and_pause_001,noisy_step_and_pause,2.2,204,0.0,0,0
noisy_step_and_pause_001,noisy_step_and_pause,2.21667,204,0.0,0,0
noisy_step_and_pause_001,noisy_step_and_pause,2.23333,204,0.0,0,0
noisy_step_and_pause_001,noisy_step_and_pause,2.25,204,0.0,0,0
noisy_step_and_pause_001,noisy_step_and_pause,2.26667,204,0.0,0,0
noisy_step_and_pause_001,noisy_step_and_pause,2.28333,204,0.0,0,0
noisy_step_and_pause_001,noisy_step_and_pause,2.3,204,0.0,0,0
noisy_step_and_pause_001,noisy_step_and_pause,2.31667,204,0.0,0,0
noisy_step_and_pause_001,noisy_step_and_pause,2.33333,204,0.0,0,0
noisy_step_and_pause_001,noisy_step_and_pause,2.35,204,0.0,0,0
noisy_step_and_pause_001,noisy_step_and_pause,2.36667,204,0.0,0,0
noisy_step_and_pause_001,noisy_step_and_pause,2.38333,204,0.0,0,0
noisy_step_and_pause_001,noisy_step_and_pause,2.4,204,0.0,0,0
noisy_step_and_pause_001,noisy_step_and_pause,2.41667,204,0.0,0,0
noisy_step_and_pause_001,noisy_step_and_pause,2.43333,204,0.0,0,0
noisy_step_and_pause_001,noisy_step_and_pause,2.45,204,0.0,0,0
noisy_step_and_pause_001,noisy_step_and_pause,2.46667,204,0.0,0,0
noisy_step_and_pause_001,noisy_step_and_pause,2.48333,204,0.0,0,0
noisy_step_and_pause_001,noisy_step_and_pause,2.5,204,0.0,0,0
noisy_step_and_pause_001,noisy_step_and_pause,2.51667,204,0.0,0,0
noisy_step_and_pause_001,noisy_step_and_pause,2.53333,204,0.0,0,0
noisy_step_and_pause_001,noisy_step_and_pause,2.55,204,0.0,0,0
noisy_step_and_pause_001,noisy_step_and_pause,2.56667,204,0.0,0,0
noisy_step_and_pause_001,noisy_step_and_pause,2.58333,204,0.0,0,0
noisy_step_and_pause_001,noisy_step_and_pause,2.6,204,0.0,0,0
noisy_step_and_pause_001,noisy_step_and_pause,2.61667,204,0.0,0,0
noisy_step_and_pause_001,noisy_step_and_pause,2.63333,204,0.0,0,0
noisy_step_and_pause_001,noisy_step_and_pause,2.65,204,0.0,0,1
noisy_step_and_pause_001,noisy_step_and_pause,2.66667,204,0.0,0,0
noisy_step_and_pause_001,noisy_step_and_pause,2.68333,204,0.0,0,0
noisy_step_and_pause_001,noisy_step_and_pause,2.7,204,0.0,0,0
noisy_step_and_pause_001,noisy_step_and_pause,2.71667,204,0.0,0,0
noisy_step_and_pause_001,noisy_step_and_pause,2.73333,204,0.0,0,0
noisy_step_and_pause_001,noisy_step_and_pause,2.75,204,0.0,0,0
noisy_step_and_pause_001,noisy_step_and_pause,2.76667,204,0.0,0,0
noisy_step_and_pause_001,noisy_step_and_pause,2.78333,204,0.0,0,0
noisy_step_and_pause_001,noisy_step_and_pause,2.8,204,0.0,0,0
noisy_step_and_pause_001,noisy_step_and_pause,2.81667,204,0.0,0,0
noisy_step_and_pause_001,noisy_step_and_pause,2.83333,204,0.0,0,0
noisy_step_and_pause_001,noisy_step_and_pause,2.85,204,0.0,0,0
noisy_step_and_pause_001,noisy_step_and_pause,2.86667,204,0.0,0,0
noisy_step_and_pause_001,noisy_step_and_pause,2.88333,204,0.0,0,0
noisy_step_and_pause_001,noisy_step_and_pause,2.9,204,0.0,0,0
noisy_step_and_pause_001,noisy_step_and_pause,2.91667,204,0.0,0,1
noisy_step_and_pause_001,noisy_step_and_pause,2.93333,204,0.0,0,0
noisy_step_and_pause_001,noisy_step_and_pause,2.95,204,0.0,1,0
noisy_step_and_pause_001,noisy_step_and_pause,2.96667,202.5,-90.0,0,1
noisy_step_and_pause_001,noisy_step_and_pause,2.98333,204,90.0,0,0
noisy_step_and_pause_001,noisy_step_and_pause,3.0,204,0.0,0,0
noisy_step_and_pause_001,noisy_step_and_pause,3.01667,204,0.0,0,0
noisy_step_and_pause_001,noisy_step_and_pause,3.03333,204,0.0,1,0
noisy_step_and_pause_001,noisy_step_and_pause,3.05,202.5,-90.0,1,0
noisy_step_and_pause_001,noisy_step_and_pause,3.06667,201.0,-90.0,1,0
noisy_step_and_pause_001,noisy_step_and_pause,3.08333,199.5,-90.0,1,0
noisy_step_and_pause_001,noisy_step_and_pause,3.1,198.0,-90.0,1,0
noisy_step_and_pause_001,noisy_step_and_pause,3.11667,196.5,-90.0,1,0
noisy_step_and_pause_001,noisy_step_and_pause,3.13333,195.0,-90.0,0,0
noisy_step_and_pause_001,noisy_step_and_pause,3.15,195.0,0.0,1,0
noisy_step_and_pause_001,noisy_step_and_pause,3.16667,193.5,-90.0,1,0
noisy_step_and_pause_001,noisy_step_and_pause,3.18333,192.0,-90.0,1,0
noisy_step_and_pause_001,noisy_step_and_pause,3.2,190.5,-90.0,1,0
noisy_step_and_pause_001,noisy_step_and_pause,3.21667,189.0,-90.0,1,0
noisy_step_and_pause_001,noisy_step_and_pause,3.23333,187.5,-90.0,1,0
noisy_step_and_pause_001,noisy_step_and_pause,3.25,186.0,-90.0,1,0
noisy_step_and_pause_001,noisy_step_and_pause,3.26667,184.5,-90.0,1,0
noisy_step_and_pause_001,noisy_step_and_pause,3.28333,183.0,-90.0,1,0
noisy_step_and_pause_001,noisy_step_and_pause,3.3,181.5,-90.0,1,0
noisy_step_and_pause_001,noisy_step_and_pause,3.31667,180.0,-90.0,1,0
noisy_step_and_pause_001,noisy_step_and_pause,3.33333,178.5,-90.0,1,0
noisy_step_and_pause_001,noisy_step_and_pause,3.35,177.0,-90.0,1,0
noisy_step_and_pause_001,noisy_step_and_pause,3.36667,175.5,-90.0,1,0
noisy_step_and_pause_001,noisy_step_and_pause,3.38333,174.0,-90.0,1,0
noisy_step_and_pause_001,noisy_step_and_pause,3.4,172.5,-90.0,1,0
noisy_step_and_pause_001,noisy_step_and_pause,3.41667,171.0,-90.0,1,0
noisy_step_and_pause_001,noisy_step_and_pause,3.43333,169.5,-90.0,1,0
noisy_step_and_pause_001,noisy_step_and_pause,3.45,168.0,-90.0,1,0
noisy_step_and_pause_001,noisy_step_and_pause,3.46667,166.5,-90.0,1,0
noisy_step_and_pause_001,noisy_step_and_pause,3.48333,165.0,-90.0,1,0
noisy_step_and_pause_001,noisy_step_and_pause,3.5,163.5,-90.0,1,0
noisy_step_and_pause_001,noisy_step_and_pause,3.51667,162.0,-90.0,1,0
noisy_step_and_pause_001,noisy_step_and_pause,3.53333,160.5,-90.0,1,0
noisy_step_and_pause_001,noisy_step_and_pause,3.55,159.0,-90.0,1,0
noisy_step_and_pause_001,noisy_step_and_pause,3.56667,157.5,-90.0,1,0
noisy_step_and_pause_001,noisy_step_and_pause,3.58333,156.0,-90.0,1,0
noisy_step_and_pause_001,noisy_step_and_pause,3.6,154.5,-90.0,1,0
noisy_step_and_pause_001,noisy_step_and_pause,3.61667,153.0,-90.0,1,0
noisy_step_and_pause_001,noisy_step_and_pause,3.63333,151.5,-90.0,1,0
noisy_step_and_pause_001,noisy_step_and_pause,3.65,150.0,-90.0,1,0
noisy_step_and_pause_001,noisy_step_and_pause,3.66667,148.5,-90.0,1,0
noisy_step_and_pause_001,noisy_step_and_pause,3.68333,147.0,-90.0,1,0
noisy_step_and_pause_001,noisy_step_and_pause,3.7,145.5,-90.0,1,0
noisy_step_and_pause_001,noisy_step_and_pause,3.71667,144.0,-90.0,1,0
noisy_step_and_pause_001,noisy_step_and_pause,3.73333,142.5,-90.0,1,0
noisy_step_and_pause_001,noisy_step_and_pause,3.75,141.0,-90.0,1,0
noisy_step_and_pause_001,noisy_step_and_pause,3.76667,139.5,-90.0,0,0
noisy_step_and_pause_001,noisy_step_and_pause,3.78333,139.5,0.0,1,0
noisy_step_and_pause_001,noisy_step_and_pause,3.8,138.0,-90.0,1,0
noisy_step_and_pause_001,noisy_step_and_pause,3.81667,136.5,-90.0,1,0
noisy_step_and_pause_001,noisy_step_and_pause,3.83333,135.0,-90.0,0,1
noisy_step_and_pause_001,noisy_step_and_pause,3.85,136.5,90.0,1,0
noisy_step_and_pause_001,noisy_step_and_pause,3.86667,135.0,-90.0,1,0
noisy_step_and_pause_001,noisy_step_and_pause,3.88333,133.5,-90.0,1,0
noisy_step_and_pause_001,noisy_step_and_pause,3.9,132.0,-90.0,1,0
noisy_step_and_pause_001,noisy_step_and_pause,3.91667,130.5,-90.0,1,0
noisy_step_and_pause_001,noisy_step_and_pause,3.93333,129.0,-90.0,1,0
noisy_step_and_pause_001,noisy_step_and_pause,3.95,127.5,-90.0,1,0
noisy_step_and_pause_001,noisy_step_and_pause,3.96667,126.0,-90.0,1,0
noisy_step_and_pause_001,noisy_step_and_pause,3.98333,124.5,-90.0,1,0
noisy_step_and_pause_001,noisy_step_and_pause,4.0,123.0,-90.0,1,0
noisy_step_and_pause_001,noisy_step_and_pause,4.01667,121.5,-90.0,1,0
noisy_step_and_pause_001,noisy_step_and_pause,4.03333,120.0,-90.0,1,0
noisy_step_and_pause_001,noisy_step_and_pause,4.05,118.5,-90.0,1,0
noisy_step_and_pause_001,noisy_step_and_pause,4.06667,117.0,-90.0,1,0
noisy_step_and_pause_001,noisy_step_and_pause,4.08333,115.5,-90.0,1,0
noisy_step_and_pause_001,noisy_step_and_pause,4.1,114.0,-90.0,1,0
noisy_step_and_pause_001,noisy_step_and_pause,4.11667,112.5,-90.0,1,0
noisy_step_and_pause_001,noisy_step_and_pause,4.13333,111.0,-90.0,1,0
noisy_step_and_pause_001,noisy_step_and_pause,4.15,109.5,-90.0,1,0
noisy_step_and_pause_001,noisy_step_and_pause,4.16667,108.0,-90.0,1,0
noisy_step_and_pause_001,noisy_step_and_pause,4.18333,106.5,-90.0,1,0
noisy_step_and_pause_001,noisy_step_and_pause,4.2,105.0,-90.0,1,0
noisy_step_and_pause_001,noisy_step_and_pause,4.21667,103.5,-90.0,1,0
noisy_step_and_pause_001,noisy_step_and_pause,4.23333,102.0,-90.0,1,0
noisy_step_and_pause_001,noisy_step_and_pause,4.25,100.5,-90.0,1,0
noisy_step_and_pause_001,noisy_step_and_pause,4.26667,99.0,-90.0,1,0
noisy_step_and_pause_001,noisy_step_and_pause,4.28333,97.5,-90.0,1,0
noisy_step_and_pause_001,noisy_step_and_pause,4.3,96.0,-90.0,1,0
noisy_step_and_pause_001,noisy_step_and_pause,4.31667,94.5,-90.0,1,0
noisy_step_and_pause_001,noisy_step_and_pause,4.33333,93.0,-90.0,1,0
noisy_step_and_pause_001,noisy_step_and_pause,4.35,91.5,-90.0,1,0
noisy_step_and_pause_001,noisy_step_and_pause,4.36667,90.0,-90.0,1,0
noisy_step_and_pause_001,noisy_step_and_pause,4.38333,88.5,-90.0,1,0
noisy_step_and_pause_001,noisy_step_and_pause,4.4,87.0,-90.0,1,0
noisy_step_and_pause_001,noisy_step_and_pause,4.41667,85.5,-90.0,0,0
noisy_step_and_pause_001,noisy_step_and_pause,4.43333,85.5,0.0,1,0
noisy_step_and_pause_001,noisy_step_and_pause,4.45,84.0,-90.0,1,0
noisy_step_and_pause_001,noisy_step_and_pause,4.46667,82.5,-90.0,1,0
noisy_step_and_pause_001,noisy_step_and_pause,4.48333,81.0,-90.0,1,0
noisy_step_and_pause_001,noisy_step_and_pause,4.5,79.5,-90.0,1,0
noisy_step_and_pause_001,noisy_step_and_pause,4.51667,78.0,-90.0,1,0
noisy_step_and_pause_001,noisy_step_and_pause,4.53333,76.5,-90.0,1,0
noisy_step_and_pause_001,noisy_step_and_pause,4.55,75.0,-90.0,1,0
noisy_step_and_pause_001,noisy_step_and_pause,4.56667,73.5,-90.0,1,0
noisy_step_and_pause_001,noisy_step_and_pause,4.58333,72.0,-90.0,1,0
noisy_step_and_pause_001,noisy_step_and_pause,4.6,70.5,-90.0,1,0
noisy_step_and_pause_001,noisy_step_and_pause,4.61667,69.0,-90.0,1,0
noisy_step_and_pause_001,noisy_step_and_pause,4.63333,67.5,-90.0,1,0
noisy_step_and_pause_001,noisy_step_and_pause,4.65,66.0,-90.0,1,0
noisy_step_and_pause_001,noisy_step_and_pause,4.66667,64.5,-90.0,1,0
noisy_step_and_pause_001,noisy_step_and_pause,4.68333,63.0,-90.0,1,0
noisy_step_and_pause_001,noisy_step_and_pause,4.7,61.5,-90.0,1,0
noisy_step_and_pause_001,noisy_step_and_pause,4.71667,60.0,-90.0,1,0
noisy_step_and_pause_001,noisy_step_and_pause,4.73333,58.5,-90.0,1,0
noisy_step_and_pause_001,noisy_step_and_pause,4.75,57.0,-90.0,1,0
noisy_step_and_pause_001,noisy_step_and_pause,4.76667,55.5,-90.0,1,0
noisy_step_and_pause_001,noisy_step_and_pause,4.78333,54.0,-90.0,1,0
noisy_step_and_pause_001,noisy_step_and_pause,4.8,52.5,-90.0,1,0
noisy_step_and_pause_001,noisy_step_and_pause,4.81667,51.0,-90.0,1,0
noisy_step_and_pause_001,noisy_step_and_pause,4.83333,49.5,-90.0,1,0
noisy_step_and_pause_001,noisy_step_and_pause,4.85,48.0,-90.0,0,1
noisy_step_and_pause_001,noisy_step_and_pause,4.86667,49.5,90.0,1,0
noisy_step_and_pause_001,noisy_step_and_pause,4.88333,48.0,-90.0,1,0
noisy_step_and_pause_001,noisy_step_and_pause,4.9,46.5,-90.0,1,0
noisy_step_and_pause_001,noisy_step_and_pause,4.91667,45.0,-90.0,0,0
noisy_step_and_pause_001,noisy_step_and_pause,4.93333,45.0,0.0,1,0
noisy_step_and_pause_001,noisy_step_and_pause,4.95,43.5,-90.0,1,0
noisy_step_and_pause_001,noisy_step_and_pause,4.96667,42.0,-90.0,1,0
noisy_step_and_pause_001,noisy_step_and_pause,4.98333,40.5,-90.0,1,0
noisy_step_and_pause_001,noisy_step_and_pause,5.0,39.0,-90.0,1,0
noisy_step_and_pause_001,noisy_step_and_pause,5.01667,37.5,-90.0,1,0
noisy_step_and_pause_001,noisy_step_and_pause,5.03333,36.0,-90.0,1,0
noisy_step_and_pause_001,noisy_step_and_pause,5.05,34.5,-90.0,1,0
noisy_step_and_pause_001,noisy_step_and_pause,5.06667,33.0,-90.0,1,0
noisy_step_and_pause_001,noisy_step_and_pause,5.08333,31.5,-90.0,1,0
noisy_step_and_pause_001,noisy_step_and_pause,5.1,30.0,-90.0,1,0
noisy_step_and_pause_001,noisy_step_and_pause,5.11667,28.5,-90.0,1,0
noisy_step_and_pause_001,noisy_step_and_pause,5.13333,27.0,-90.0,0,1
noisy_step_and_pause_001,noisy_step_and_pause,5.15,28.5,90.0,0,1
noisy_step_and_pause_001,noisy_step_and_pause,5.16667,30.0,90.0,0,1
noisy_step_and_pause_001,noisy_step_and_pause,5.18333,31.5,90.0,0,1
noisy_step_and_pause_001,noisy_step_and_pause,5.2,33.0,90.0,0,1
noisy_step_and_pause_001,noisy_step_and_pause,5.21667,34.5,90.0,0,1
noisy_step_and_pause_001,noisy_step_and_pause,5.23333,36.0,90.0,0,1
noisy_step_and_pause_001,noisy_step_and_pause,5.25,37.5,90.0,0,1
noisy_step_and_pause_001,noisy_step_and_pause,5.26667,39.0,90.0,0,1
noisy_step_and_pause_001,noisy_step_and_pause,5.28333,40.5,90.0,0,1
noisy_step_and_pause_001,noisy_step_and_pause,5.3,42.0,90.0,0,1
noisy_step_and_pause_001,noisy_step_and_pause,5.31667,43.5,90.0,0,1
noisy_step_and_pause_001,noisy_step_and_pause,5.33333,45.0,90.0,0,1
noisy_step_and_pause_001,noisy_step_and_pause,5.35,46.5,90.0,0,1
noisy_step_and_pause_001,noisy_step_and_pause,5.36667,48.0,90.0,0,1
noisy_step_and_pause_001,noisy_step_and_pause,5.38333,49.5,90.0,0,1
noisy_step_and_pause_001,noisy_step_and_pause,5.4,51.0,90.0,0,1
noisy_step_and_pause_001,noisy_step_and_pause,5.41667,52.5,90.0,0,1
noisy_step_and_pause_001,noisy_step_and_pause,5.43333,54.0,90.0,0,1
noisy_step_and_pause_001,noisy_step_and_pause,5.45,55.5,90.0,0,1
noisy_step_and_pause_001,noisy_step_and_pause,5.46667,57.0,90.0,0,1
noisy_step_and_pause_001,noisy_step_and_pause,5.48333,58.5,90.0,0,1
noisy_step_and_pause_001,noisy_step_and_pause,5.5,60.0,90.0,0,1
noisy_step_and_pause_001,noisy_step_and_pause,5.51667,61.5,90.0,0,1
noisy_step_and_pause_001,noisy_step_and_pause,5.53333,63.0,90.0,0,1
noisy_step_and_pause_001,noisy_step_and_pause,5.55,64.5,90.0,0,1
noisy_step_and_pause_001,noisy_step_and_pause,5.56667,66.0,90.0,0,1
noisy_step_and_pause_001,noisy_step_and_pause,5.58333,67.5,90.0,0,1
noisy_step_and_pause_001,noisy_step_and_pause,5.6,69.0,90.0,0,1
noisy_step_and_pause_001,noisy_step_and_pause,5.61667,70.5,90.0,0,1
noisy_step_and_pause_001,noisy_step_and_pause,5.63333,72.0,90.0,0,1
noisy_step_and_pause_001,noisy_step_and_pause,5.65,73.5,90.0,0,1
noisy_step_and_pause_001,noisy_step_and_pause,5.66667,75.0,90.0,1,0
noisy_step_and_pause_001,noisy_step_and_pause,5.68333,73.5,-90.0,0,1
noisy_step_and_pause_001,noisy_step_and_pause,5.7,75.0,90.0,0,1
noisy_step_and_pause_001,noisy_step_and_pause,5.71667,76.5,90.0,0,1
noisy_step_and_pause_001,noisy_step_and_pause,5.73333,78.0,90.0,0,1
noisy_step_and_pause_001,noisy_step_and_pause,5.75,79.5,90.0,0,1
noisy_step_and_pause_001,noisy_step_and_pause,5.76667,81.0,90.0,0,1
noisy_step_and_pause_001,noisy_step_and_pause,5.78333,82.5,90.0,0,1
noisy_step_and_pause_001,noisy_step_and_pause,5.8,84.0,90.0,0,0
noisy_step_and_pause_001,noisy_step_and_pause,5.81667,84.0,0.0,0,1
noisy_step_and_pause_001,noisy_step_and_pause,5.83333,85.5,90.0,0,1
noisy_step_and_pause_001,noisy_step_and_pause,5.85,87.0,90.0,0,1
noisy_step_and_pause_001,noisy_step_and_pause,5.86667,88.5,90.0,0,0
noisy_step_and_pause_001,noisy_step_and_pause,5.88333,88.5,0.0,0,1
noisy_step_and_pause_001,noisy_step_and_pause,5.9,90.0,90.0,0,1
noisy_step_and_pause_001,noisy_step_and_pause,5.91667,91.5,90.0,0,1
noisy_step_and_pause_001,noisy_step_and_pause,5.93333,93.0,90.0,0,1
noisy_step_and_pause_001,noisy_step_and_pause,5.95,94.5,90.0,0,1
noisy_step_and_pause_001,noisy_step_and_pause,5.96667,96.0,90.0,0,1
noisy_step_and_pause_001,noisy_step_and_pause,5.98333,97.5,90.0,0,1
noisy_step_and_pause_001,noisy_step_and_pause,6.0,99.0,90.0,0,1
noisy_step_and_pause_001,noisy_step_and_pause,6.01667,100.5,90.0,0,1
noisy_step_and_pause_001,noisy_step_and_pause,6.03333,102.0,90.0,0,1
noisy_step_and_pause_001,noisy_step_and_pause,6.05,103.5,90.0,0,1
noisy_step_and_pause_001,noisy_step_and_pause,6.06667,105.0,90.0,0,1
noisy_step_and_pause_001,noisy_step_and_pause,6.08333,106.5,90.0,0,1
noisy_step_and_pause_001,noisy_step_and_pause,6.1,108.0,90.0,0,1
noisy_step_and_pause_001,noisy_step_and_pause,6.11667,109.5,90.0,0,1
noisy_step_and_pause_001,noisy_step_and_pause,6.13333,111.0,90.0,0,1
noisy_step_and_pause_001,noisy_step_and_pause,6.15,112.5,90.0,0,1
noisy_step_and_pause_001,noisy_step_and_pause,6.16667,114.0,90.0,0,1
noisy_step_and_pause_001,noisy_step_and_pause,6.18333,115.5,90.0,0,1
noisy_step_and_pause_001,noisy_step_and_pause,6.2,117.0,90.0,0,1
noisy_step_and_pause_001,noisy_step_and_pause,6.21667,118.5,90.0,0,1
noisy_step_and_pause_001,noisy_step_and_pause,6.23333,120.0,90.0,0,1
noisy_step_and_pause_001,noisy_step_and_pause,6.25,121.5,90.0,1,0
noisy_step_and_pause_001,noisy_step_and_pause,6.26667,120.0,-90.0,0,1
noisy_step_and_pause_001,noisy_step_and_pause,6.28333,121.5,90.0,0,1
noisy_step_and_pause_001,noisy_step_and_pause,6.3,123.0,90.0,0,1
noisy_step_and_pause_001,noisy_step_and_pause,6.31667,124.5,90.0,0,1
noisy_step_and_pause_001,noisy_step_and_pause,6.33333,126.0,90.0,0,1
noisy_step_and_pause_001,noisy_step_and_pause,6.35,127.5,90.0,0,1
noisy_step_and_pause_001,noisy_step_and_pause,6.36667,129.0,90.0,0,1
noisy_step_and_pause_001,noisy_step_and_pause,6.38333,130.5,90.0,0,1
noisy_step_and_pause_001,noisy_step_and_pause,6.4,132.0,90.0,0,1
noisy_step_and_pause_001,noisy_step_and_pause,6.41667,133.5,90.0,0,1
noisy_step_and_pause_001,noisy_step_and_pause,6.43333,135.0,90.0,0,1
noisy_step_and_pause_001,noisy_step_and_pause,6.45,136.5,90.0,0,1
noisy_step_and_pause_001,noisy_step_and_pause,6.46667,138.0,90.0,0,1
noisy_step_and_pause_001,noisy_step_and_pause,6.48333,139.5,90.0,0,1
noisy_step_and_pause_001,noisy_step_and_pause,6.5,141.0,90.0,0,1
noisy_step_and_pause_001,noisy_step_and_pause,6.51667,142.5,90.0,0,1
noisy_step_and_pause_001,noisy_step_and_pause,6.53333,144.0,90.0,0,1
noisy_step_and_pause_001,noisy_step_and_pause,6.55,145.5,90.0,0,1
noisy_step_and_pause_001,noisy_step_and_pause,6.56667,147.0,90.0,0,1
noisy_step_and_pause_001,noisy_step_and_pause,6.58333,148.5,90.0,0,1
noisy_step_and_pause_001,noisy_step_and_pause,6.6,150.0,90.0,1,0
noisy_step_and_pause_001,noisy_step_and_pause,6.61667,148.5,-90.0,0,1
noisy_step_and_pause_001,noisy_step_and_pause,6.63333,150.0,90.0,0,1
noisy_step_and_pause_001,noisy_step_and_pause,6.65,151.5,90.0,0,1
noisy_step_and_pause_001,noisy_step_and_pause,6.66667,153.0,90.0,0,1
noisy_step_and_pause_001,noisy_step_and_pause,6.68333,154.5,90.0,0,1
noisy_step_and_pause_001,noisy_step_and_pause,6.7,156.0,90.0,0,1
noisy_step_and_pause_001,noisy_step_and_pause,6.71667,157.5,90.0,0,1
noisy_step_and_pause_001,noisy_step_and_pause,6.73333,159.0,90.0,0,1
noisy_step_and_pause_001,noisy_step_and_pause,6.75,160.5,90.0,0,1
noisy_step_and_pause_001,noisy_step_and_pause,6.76667,162.0,90.0,0,1
noisy_step_and_pause_001,noisy_step_and_pause,6.78333,163.5,90.0,0,1
noisy_step_and_pause_001,noisy_step_and_pause,6.8,165.0,90.0,0,1
noisy_step_and_pause_001,noisy_step_and_pause,6.81667,166.5,90.0,0,1
noisy_step_and_pause_001,noisy_step_and_pause,6.83333,168.0,90.0,0,1
noisy_step_and_pause_001,noisy_step_and_pause,6.85,169.5,90.0,0,1
noisy_step_and_pause_001,noisy_step_and_pause,6.86667,171.0,90.0,0,1
noisy_step_and_pause_001,noisy_step_and_pause,6.88333,172.5,90.0,0,1
noisy_step_and_pause_001,noisy_step_and_pause,6.9,174.0,90.0,0,1
noisy_step_and_pause_001,noisy_step_and_pause,6.91667,175.5,90.0,0,1
noisy_step_and_pause_001,noisy_step_and_pause,6.93333,177.0,90.0,0,1
noisy_step_and_pause_001,noisy_step_and_pause,6.95,178.5,90.0,0,1
noisy_step_and_pause_001,noisy_step_and_pause,6.96667,180.0,90.0,0,1
noisy_step_and_pause_001,noisy_step_and_pause,6.98333,181.5,90.0,0,1
noisy_step_and_pause_001,noisy_step_and_pause,7.0,183.0,90.0,0,1
noisy_step_and_pause_001,noisy_step_and_pause,7.01667,184.5,90.0,0,1
noisy_step_and_pause_001,noisy_step_and_pause,7.03333,186.0,90.0,0,1
noisy_step_and_pause_001,noisy_step_and_pause,7.05,187.5,90.0,0,1
noisy_step_and_pause_001,noisy_step_and_pause,7.06667,189.0,90.0,0,1
noisy_step_and_pause_001,noisy_step_and_pause,7.08333,190.5,90.0,0,1
noisy_step_and_pause_001,noisy_step_and_pause,7.1,192.0,90.0,0,1
noisy_step_and_pause_001,noisy_step_and_pause,7.11667,193.5,90.0,0,1
noisy_step_and_pause_001,noisy_step_and_pause,7.13333,195.0,90.0,0,1
noisy_step_and_pause_001,noisy_step_and_pause,7.15,196.5,90.0,0,1
noisy_step_and_pause_001,noisy_step_and_pause,7.16667,198.0,90.0,0,1
noisy_step_and_pause_001,noisy_step_and_pause,7.18333,199.5,90.0,0,1
noisy_step_and_pause_001,noisy_step_and_pause,7.2,201.0,90.0,0,1
noisy_step_and_pause_001,noisy_step_and_pause,7.21667,202.5,90.0,0,1
noisy_step_and_pause_001,noisy_step_and_pause,7.23333,204,90.0,0,0
noisy_step_and_pause_001,noisy_step_and_pause,7.25,204,0.0,0,0
noisy_step_and_pause_001,noisy_step_and_pause,7.26667,204,0.0,0,0
noisy_step_and_pause_001,noisy_step_and_pause,7.28333,204,0.0,0,0
noisy_step_and_pause_001,noisy_step_and_pause,7.3,204,0.0,0,0
noisy_step_and_pause_001,noisy_step_and_pause,7.31667,204,0.0,0,0
noisy_step_and_pause_001,noisy_step_and_pause,7.33333,204,0.0,0,0
noisy_step_and_pause_001,noisy_step_and_pause,7.35,204,0.0,0,0
noisy_step_and_pause_001,noisy_step_and_pause,7.36667,204,0.0,0,0
noisy_step_and_pause_001,noisy_step_and_pause,7.38333,204,0.0,0,0
noisy_step_and_pause_001,noisy_step_and_pause,7.4,204,0.0,0,0
noisy_step_and_pause_001,noisy_step_and_pause,7.41667,204,0.0,0,0
noisy_step_and_pause_001,noisy_step_and_pause,7.43333,204,0.0,0,0
noisy_step_and_pause_001,noisy_step_and_pause,7.45,204,0.0,0,0
noisy_step_and_pause_001,noisy_step_and_pause,7.46667,204,0.0,0,1
noisy_step_and_pause_001,noisy_step_and_pause,7.48333,204,0.0,0,0
noisy_step_and_pause_001,noisy_step_and_pause,7.5,204,0.0,0,0
noisy_step_and_pause_001,noisy_step_and_pause,7.51667,204,0.0,0,0
noisy_step_and_pause_001,noisy_step_and_pause,7.53333,204,0.0,0,0
noisy_step_and_pause_001,noisy_step_and_pause,7.55,204,0.0,0,0
noisy_step_and_pause_001,noisy_step_and_pause,7.56667,204,0.0,0,0
noisy_step_and_pause_001,noisy_step_and_pause,7.58333,204,0.0,0,0
noisy_step_and_pause_001,noisy_step_and_pause,7.6,204,0.0,0,0
noisy_step_and_pause_001,noisy_step_and_pause,7.61667,204,0.0,0,0
noisy_step_and_pause_001,noisy_step_and_pause,7.63333,204,0.0,0,0
noisy_step_and_pause_001,noisy_step_and_pause,7.65,204,0.0,0,0
noisy_step_and_pause_001,noisy_step_and_pause,7.66667,204,0.0,0,0
noisy_step_and_pause_001,noisy_step_and_pause,7.68333,204,0.0,0,0
noisy_step_and_pause_001,noisy_step_and_pause,7.7,204,0.0,0,0
noisy_step_and_pause_001,noisy_step_and_pause,7.71667,204,0.0,0,0
noisy_step_and_pause_001,noisy_step_and_pause,7.73333,204,0.0,0,0
noisy_step_and_pause_001,noisy_step_and_pause,7.75,204,0.0,0,0
noisy_step_and_pause_001,noisy_step_and_pause,7.76667,204,0.0,0,0
noisy_step_and_pause_001,noisy_step_and_pause,7.78333,204,0.0,0,0
noisy_step_and_pause_001,noisy_step_and_pause,7.8,204,0.0,0,0
noisy_step_and_pause_001,noisy_step_and_pause,7.81667,204,0.0,0,0
noisy_step_and_pause_001,noisy_step_and_pause,7.83333,204,0.0,0,0
noisy_step_and_pause_001,noisy_step_and_pause,7.85,204,0.0,0,0
noisy_step_and_pause_001,noisy_step_and_pause,7.86667,204,0.0,0,0
noisy_step_and_pause_001,noisy_step_and_pause,7.88333,204,0.0,0,0
noisy_step_and_pause_001,noisy_step_and_pause,7.9,204,0.0,0,0
noisy_step_and_pause_001,noisy_step_and_pause,7.91667,204,0.0,0,0
noisy_step_and_pause_001,noisy_step_and_pause,7.93333,204,0.0,0,0
noisy_step_and_pause_001,noisy_step_and_pause,7.95,204,0.0,0,0
noisy_step_and_pause_001,noisy_step_and_pause,7.96667,204,0.0,0,0
noisy_step_and_pause_001,noisy_step_and_pause,7.98333,204,0.0,0,0
noisy_step_and_pause_001,noisy_step_and_pause,8.0,204,0.0,0,0
noisy_step_and_pause_001,noisy_step_and_pause,8.01667,204,0.0,0,0
noisy_step_and_pause_001,noisy_step_and_pause,8.03333,204,0.0,1,0
noisy_step_and_pause_001,noisy_step_and_pause,8.05,202.5,-90.0,0,1
noisy_step_and_pause_001,noisy_step_and_pause,8.06667,204,90.0,0,0
noisy_step_and_pause_001,noisy_step_and_pause,8.08333,204,0.0,0,0
noisy_step_and_pause_001,noisy_step_and_pause,8.1,204,0.0,0,0
noisy_step_and_pause_001,noisy_step_and_pause,8.11667,204,0.0,0,0
noisy_step_and_pause_001,noisy_step_and_pause,8.13333,204,0.0,0,0
noisy_step_and_pause_001,noisy_step_and_pause,8.15,204,0.0,0,0
noisy_step_and_pause_001,noisy_step_and_pause,8.16667,204,0.0,0,0
noisy_step_and_pause_001,noisy_step_and_pause,8.18333,204,0.0,0,0
noisy_step_and_pause_001,noisy_step_and_pause,8.2,204,0.0,0,0
noisy_step_and_pause_001,noisy_step_and_pause,8.21667,204,0.0,0,0
noisy_step_and_pause_001,noisy_step_and_pause,8.23333,204,0.0,0,0
noisy_step_and_pause_001,noisy_step_and_pause,8.25,204,0.0,0,0
noisy_step_and_pause_001,noisy_step_and_pause,8.26667,204,0.0,0,0
noisy_step_and_pause_001,noisy_step_and_pause,8.28333,204,0.0,0,0
noisy_step_and_pause_001,noisy_step_and_pause,8.3,204,0.0,1,0
noisy_step_and_pause_001,noisy_step_and_pause,8.31667,202.5,-90.0,0,1
noisy_step_and_pause_001,noisy_step_and_pause,8.33333,204,90.0,0,0
noisy_step_and_pause_001,noisy_step_and_pause,8.35,204,0.0,0,0
noisy_step_and_pause_001,noisy_step_and_pause,8.36667,204,0.0,0,1
noisy_step_and_pause_001,noisy_step_and_pause,8.38333,204,0.0,0,0
noisy_step_and_pause_001,noisy_step_and_pause,8.4,204,0.0,0,0
noisy_step_and_pause_001,noisy_step_and_pause,8.41667,204,0.0,1,0
noisy_step_and_pause_001,noisy_step_and_pause,8.43333,202.5,-90.0,0,1
noisy_step_and_pause_001,noisy_step_and_pause,8.45,204,90.0,0,0
noisy_step_and_pause_001,noisy_step_and_pause,8.46667,204,0.0,0,0
noisy_step_and_pause_001,noisy_step_and_pause,8.48333,204,0.0,0,0
noisy_step_and_pause_001,noisy_step_and_pause,8.5,204,0.0,0,0
noisy_step_and_pause_001,noisy_step_and_pause,8.51667,204,0.0,0,0
noisy_step_and_pause_001,noisy_step_and_pause,8.53333,204,0.0,0,0
noisy_step_and_pause_001,noisy_step_and_pause,8.55,204,0.0,1,0
noisy_step_and_pause_001,noisy_step_and_pause,8.56667,202.5,-90.0,0,1
noisy_step_and_pause_001,noisy_step_and_pause,8.58333,204,90.0,1,0
noisy_step_and_pause_001,noisy_step_and_pause,8.6,202.5,-90.0,1,0
noisy_step_and_pause_001,noisy_step_and_pause,8.61667,201.0,-90.0,1,0
noisy_step_and_pause_001,noisy_step_and_pause,8.63333,199.5,-90.0,1,0
noisy_step_and_pause_001,noisy_step_and_pause,8.65,198.0,-90.0,1,0
noisy_step_and_pause_001,noisy_step_and_pause,8.66667,196.5,-90.0,1,0
noisy_step_and_pause_001,noisy_step_and_pause,8.68333,195.0,-90.0,1,0
noisy_step_and_pause_001,noisy_step_and_pause,8.7,193.5,-90.0,1,0
noisy_step_and_pause_001,noisy_step_and_pause,8.71667,192.0,-90.0,1,0
noisy_step_and_pause_001,noisy_step_and_pause,8.73333,190.5,-90.0,1,0
noisy_step_and_pause_001,noisy_step_and_pause,8.75,189.0,-90.0,1,0
noisy_step_and_pause_001,noisy_step_and_pause,8.76667,187.5,-90.0,1,0
noisy_step_and_pause_001,noisy_step_and_pause,8.78333,186.0,-90.0,1,0
noisy_step_and_pause_001,noisy_step_and_pause,8.8,184.5,-90.0,1,0
noisy_step_and_pause_001,noisy_step_and_pause,8.81667,183.0,-90.0,1,0
noisy_step_and_pause_001,noisy_step_and_pause,8.83333,181.5,-90.0,1,0
noisy_step_and_pause_001,noisy_step_and_pause,8.85,180.0,-90.0,1,0
noisy_step_and_pause_001,noisy_step_and_pause,8.86667,178.5,-90.0,1,0
noisy_step_and_pause_001,noisy_step_and_pause,8.88333,177.0,-90.0,1,0
noisy_step_and_pause_001,noisy_step_and_pause,8.9,175.5,-90.0,1,0
noisy_step_and_pause_001,noisy_step_and_pause,8.91667,174.0,-90.0,1,0
noisy_step_and_pause_001,noisy_step_and_pause,8.93333,172.5,-90.0,1,0
noisy_step_and_pause_001,noisy_step_and_pause,8.95,171.0,-90.0,1,0
noisy_step_and_pause_001,noisy_step_and_pause,8.96667,169.5,-90.0,1,0
noisy_step_and_pause_001,noisy_step_and_pause,8.98333,168.0,-90.0,1,0
noisy_step_and_pause_001,noisy_step_and_pause,9.0,166.5,-90.0,1,0
noisy_step_and_pause_001,noisy_step_and_pause,9.01667,165.0,-90.0,1,0
noisy_step_and_pause_001,noisy_step_and_pause,9.03333,163.5,-90.0,1,0
noisy_step_and_pause_001,noisy_step_and_pause,9.05,162.0,-90.0,1,0
noisy_step_and_pause_001,noisy_step_and_pause,9.06667,160.5,-90.0,1,0
noisy_step_and_pause_001,noisy_step_and_pause,9.08333,159.0,-90.0,1,0
noisy_step_and_pause_001,noisy_step_and_pause,9.1,157.5,-90.0,1,0
noisy_step_and_pause_001,noisy_step_and_pause,9.11667,156.0,-90.0,0,1
noisy_step_and_pause_001,noisy_step_and_pause,9.13333,157.5,90.0,1,0
noisy_step_and_pause_001,noisy_step_and_pause,9.15,156.0,-90.0,1,0
noisy_step_and_pause_001,noisy_step_and_pause,9.16667,154.5,-90.0,1,0
noisy_step_and_pause_001,noisy_step_and_pause,9.18333,153.0,-90.0,1,0
noisy_step_and_pause_001,noisy_step_and_pause,9.2,151.5,-90.0,0,1
noisy_step_and_pause_001,noisy_step_and_pause,9.21667,153.0,90.0,1,0
noisy_step_and_pause_001,noisy_step_and_pause,9.23333,151.5,-90.0,1,0
noisy_step_and_pause_001,noisy_step_and_pause,9.25,150.0,-90.0,0,1
noisy_step_and_pause_001,noisy_step_and_pause,9.26667,151.5,90.0,1,0
noisy_step_and_pause_001,noisy_step_and_pause,9.28333,150.0,-90.0,1,0
noisy_step_and_pause_001,noisy_step_and_pause,9.3,148.5,-90.0,1,0
noisy_step_and_pause_001,noisy_step_and_pause,9.31667,147.0,-90.0,1,0
noisy_step_and_pause_001,noisy_step_and_pause,9.33333,145.5,-90.0,1,0
noisy_step_and_pause_001,noisy_step_and_pause,9.35,144.0,-90.0,1,0
noisy_step_and_pause_001,noisy_step_and_pause,9.36667,142.5,-90.0,1,0
noisy_step_and_pause_001,noisy_step_and_pause,9.38333,141.0,-90.0,1,0
noisy_step_and_pause_001,noisy_step_and_pause,9.4,139.5,-90.0,0,0
noisy_step_and_pause_001,noisy_step_and_pause,9.41667,139.5,0.0,0,0
noisy_step_and_pause_001,noisy_step_and_pause,9.43333,139.5,0.0,0,0
noisy_step_and_pause_001,noisy_step_and_pause,9.45,139.5,0.0,0,0
noisy_step_and_pause_001,noisy_step_and_pause,9.46667,139.5,0.0,0,0
noisy_step_and_pause_001,noisy_step_and_pause,9.48333,139.5,0.0,0,0
noisy_step_and_pause_001,noisy_step_and_pause,9.5,139.5,0.0,0,0
noisy_step_and_pause_001,noisy_step_and_pause,9.51667,139.5,0.0,0,0
noisy_step_and_pause_001,noisy_step_and_pause,9.53333,139.5,0.0,0,0
noisy_step_and_pause_001,noisy_step_and_pause,9.55,139.5,0.0,0,0
noisy_step_and_pause_001,noisy_step_and_pause,9.56667,139.5,0.0,0,0
noisy_step_and_pause_001,noisy_step_and_pause,9.58333,139.5,0.0,0,0
noisy_step_and_pause_001,noisy_step_and_pause,9.6,139.5,0.0,0,0
noisy_step_and_pause_001,noisy_step_and_pause,9.61667,139.5,0.0,0,0
noisy_step_and_pause_001,noisy_step_and_pause,9.63333,139.5,0.0,0,0
noisy_step_and_pause_001,noisy_step_and_pause,9.65,139.5,0.0,0,0
noisy_step_and_pause_001,noisy_step_and_pause,9.66667,139.5,0.0,0,1
noisy_step_and_pause_001,noisy_step_and_pause,9.68333,141.0,90.0,0,0
noisy_step_and_pause_001,noisy_step_and_pause,9.7,141.0,0.0,0,0
noisy_step_and_pause_001,noisy_step_and_pause,9.71667,141.0,0.0,1,0
noisy_step_and_pause_001,noisy_step_and_pause,9.73333,139.5,-90.0,0,0
noisy_step_and_pause_001,noisy_step_and_pause,9.75,139.5,0.0,0,0
noisy_step_and_pause_001,noisy_step_and_pause,9.76667,139.5,0.0,0,0
noisy_step_and_pause_001,noisy_step_and_pause,9.78333,139.5,0.0,0,0
noisy_step_and_pause_001,noisy_step_and_pause,9.8,139.5,0.0,0,0
noisy_step_and_pause_001,noisy_step_and_pause,9.81667,139.5,0.0,0,0
noisy_step_and_pause_001,noisy_step_and_pause,9.83333,139.5,0.0,0,1
noisy_step_and_pause_001,noisy_step_and_pause,9.85,141.0,90.0,0,0
noisy_step_and_pause_001,noisy_step_and_pause,9.86667,141.0,0.0,0,0
noisy_step_and_pause_001,noisy_step_and_pause,9.88333,141.0,0.0,0,0
noisy_step_and_pause_001,noisy_step_and_pause,9.9,141.0,0.0,0,0
noisy_step_and_pause_001,noisy_step_and_pause,9.91667,141.0,0.0,0,0
noisy_step_and_pause_001,noisy_step_and_pause,9.93333,141.0,0.0,0,0
noisy_step_and_pause_001,noisy_step_and_pause,9.95,141.0,0.0,0,0
noisy_step_and_pause_001,noisy_step_and_pause,9.96667,141.0,0.0,0,0
noisy_step_and_pause_001,noisy_step_and_pause,9.98333,141.0,0.0,0,0
noisy_step_and_pause_001,noisy_step_and_pause,10.0,141.0,0.0,0,0
noisy_step_and_pause_001,noisy_step_and_pause,10.01667,141.0,0.0,0,0
noisy_step_and_pause_001,noisy_step_and_pause,10.03333,141.0,0.0,0,0
noisy_step_and_pause_001,noisy_step_and_pause,10.05,141.0,0.0,0,0
noisy_step_and_pause_001,noisy_step_and_pause,10.06667,141.0,0.0,1,0
noisy_step_and_pause_001,noisy_step_and_pause,10.08333,139.5,-90.0,1,0
noisy_step_and_pause_001,noisy_step_and_pause,10.1,138.0,-90.0,1,0
noisy_step_and_pause_001,noisy_step_and_pause,10.11667,136.5,-90.0,1,0
noisy_step_and_pause_001,noisy_step_and_pause,10.13333,135.0,-90.0,0,0
noisy_step_and_pause_001,noisy_step_and_pause,10.15,135.0,0.0,1,0
noisy_step_and_pause_001,noisy_step_and_pause,10.16667,133.5,-90.0,1,0
noisy_step_and_pause_001,noisy_step_and_pause,10.18333,132.0,-90.0,1,0
noisy_step_and_pause_001,noisy_step_and_pause,10.2,130.5,-90.0,1,0
noisy_step_and_pause_001,noisy_step_and_pause,10.21667,129.0,-90.0,1,0
noisy_step_and_pause_001,noisy_step_and_pause,10.23333,127.5,-90.0,1,0
noisy_step_and_pause_001,noisy_step_and_pause,10.25,126.0,-90.0,1,0
noisy_step_and_pause_001,noisy_step_and_pause,10.26667,124.5,-90.0,1,0
noisy_step_and_pause_001,noisy_step_and_pause,10.28333,123.0,-90.0,1,0
noisy_step_and_pause_001,noisy_step_and_pause,10.3,121.5,-90.0,1,0
noisy_step_and_pause_001,noisy_step_and_pause,10.31667,120.0,-90.0,1,0
noisy_step_and_pause_001,noisy_step_and_pause,10.33333,118.5,-90.0,1,0
noisy_step_and_pause_001,noisy_step_and_pause,10.35,117.0,-90.0,1,0
noisy_step_and_pause_001,noisy_step_and_pause,10.36667,115.5,-90.0,1,0
noisy_step_and_pause_001,noisy_step_and_pause,10.38333,114.0,-90.0,1,0
noisy_step_and_pause_001,noisy_step_and_pause,10.4,112.5,-90.0,1,0
noisy_step_and_pause_001,noisy_step_and_pause,10.41667,111.0,-90.0,1,0
noisy_step_and_pause_001,noisy_step_and_pause,10.43333,109.5,-90.0,1,0
noisy_step_and_pause_001,noisy_step_and_pause,10.45,108.0,-90.0,1,0
noisy_step_and_pause_001,noisy_step_and_pause,10.46667,106.5,-90.0,1,0
noisy_step_and_pause_001,noisy_step_and_pause,10.48333,105.0,-90.0,1,0
noisy_step_and_pause_001,noisy_step_and_pause,10.5,103.5,-90.0,1,0
noisy_step_and_pause_001,noisy_step_and_pause,10.51667,102.0,-90.0,1,0
noisy_step_and_pause_001,noisy_step_and_pause,10.53333,100.5,-90.0,1,0
noisy_step_and_pause_001,noisy_step_and_pause,10.55,99.0,-90.0,1,0
noisy_step_and_pause_001,noisy_step_and_pause,10.56667,97.5,-90.0,1,0
noisy_step_and_pause_001,noisy_step_and_pause,10.58333,96.0,-90.0,1,0
noisy_step_and_pause_001,noisy_step_and_pause,10.6,94.5,-90.0,1,0
noisy_step_and_pause_001,noisy_step_and_pause,10.61667,93.0,-90.0,1,0
noisy_step_and_pause_001,noisy_step_and_pause,10.63333,91.5,-90.0,1,0
noisy_step_and_pause_001,noisy_step_and_pause,10.65,90.0,-90.0,1,0
noisy_step_and_pause_001,noisy_step_and_pause,10.66667,88.5,-90.0,0,1
noisy_step_and_pause_001,noisy_step_and_pause,10.68333,90.0,90.0,0,1
noisy_step_and_pause_001,noisy_step_and_pause,10.7,91.5,90.0,0,1
noisy_step_and_pause_001,noisy_step_and_pause,10.71667,93.0,90.0,0,1
noisy_step_and_pause_001,noisy_step_and_pause,10.73333,94.5,90.0,0,1
noisy_step_and_pause_001,noisy_step_and_pause,10.75,96.0,90.0,0,1
noisy_step_and_pause_001,noisy_step_and_pause,10.76667,97.5,90.0,0,1
noisy_step_and_pause_001,noisy_step_and_pause,10.78333,99.0,90.0,0,1
noisy_step_and_pause_001,noisy_step_and_pause,10.8,100.5,90.0,0,1
noisy_step_and_pause_001,noisy_step_and_pause,10.81667,102.0,90.0,0,1
noisy_step_and_pause_001,noisy_step_and_pause,10.83333,103.5,90.0,0,1
noisy_step_and_pause_001,noisy_step_and_pause,10.85,105.0,90.0,0,1
noisy_step_and_pause_001,noisy_step_and_pause,10.86667,106.5,90.0,0,1
noisy_step_and_pause_001,noisy_step_and_pause,10.88333,108.0,90.0,0,1
noisy_step_and_pause_001,noisy_step_and_pause,10.9,109.5,90.0,0,0
noisy_step_and_pause_001,noisy_step_and_pause,10.91667,109.5,0.0,0,1
noisy_step_and_pause_001,noisy_step_and_pause,10.93333,111.0,90.0,0,1
noisy_step_and_pause_001,noisy_step_and_pause,10.95,112.5,90.0,0,1
noisy_step_and_pause_001,noisy_step_and_pause,10.96667,114.0,90.0,0,1
noisy_step_and_pause_001,noisy_step_and_pause,10.98333,115.5,90.0,0,1
noisy_step_and_pause_001,noisy_step_and_pause,11.0,117.0,90.0,0,1
noisy_step_and_pause_001,noisy_step_and_pause,11.01667,118.5,90.0,0,1
noisy_step_and_pause_001,noisy_step_and_pause,11.03333,120.0,90.0,0,1
noisy_step_and_pause_001,noisy_step_and_pause,11.05,121.5,90.0,0,1
noisy_step_and_pause_001,noisy_step_and_pause,11.06667,123.0,90.0,0,1
noisy_step_and_pause_001,noisy_step_and_pause,11.08333,124.5,90.0,0,1
noisy_step_and_pause_001,noisy_step_and_pause,11.1,126.0,90.0,0,1
noisy_step_and_pause_001,noisy_step_and_pause,11.11667,127.5,90.0,0,1
noisy_step_and_pause_001,noisy_step_and_pause,11.13333,129.0,90.0,0,1
noisy_step_and_pause_001,noisy_step_and_pause,11.15,130.5,90.0,0,1
noisy_step_and_pause_001,noisy_step_and_pause,11.16667,132.0,90.0,0,1
noisy_step_and_pause_001,noisy_step_and_pause,11.18333,133.5,90.0,0,1
noisy_step_and_pause_001,noisy_step_and_pause,11.2,135.0,90.0,1,0
noisy_step_and_pause_001,noisy_step_and_pause,11.21667,133.5,-90.0,0,1
noisy_step_and_pause_001,noisy_step_and_pause,11.23333,135.0,90.0,0,1
noisy_step_and_pause_001,noisy_step_and_pause,11.25,136.5,90.0,0,1
noisy_step_and_pause_001,noisy_step_and_pause,11.26667,138.0,90.0,0,1
noisy_step_and_pause_001,noisy_step_and_pause,11.28333,139.5,90.0,0,1
noisy_step_and_pause_001,noisy_step_and_pause,11.3,141.0,90.0,0,1
noisy_step_and_pause_001,noisy_step_and_pause,11.31667,142.5,90.0,0,1
noisy_step_and_pause_001,noisy_step_and_pause,11.33333,144.0,90.0,0,1
noisy_step_and_pause_001,noisy_step_and_pause,11.35,145.5,90.0,0,1
noisy_step_and_pause_001,noisy_step_and_pause,11.36667,147.0,90.0,0,1
noisy_step_and_pause_001,noisy_step_and_pause,11.38333,148.5,90.0,0,1
noisy_step_and_pause_001,noisy_step_and_pause,11.4,150.0,90.0,0,1
noisy_step_and_pause_001,noisy_step_and_pause,11.41667,151.5,90.0,0,1
noisy_step_and_pause_001,noisy_step_and_pause,11.43333,153.0,90.0,0,1
noisy_step_and_pause_001,noisy_step_and_pause,11.45,154.5,90.0,0,1
noisy_step_and_pause_001,noisy_step_and_pause,11.46667,156.0,90.0,0,0
noisy_step_and_pause_001,noisy_step_and_pause,11.48333,156.0,0.0,0,1
noisy_step_and_pause_001,noisy_step_and_pause,11.5,157.5,90.0,0,1
noisy_step_and_pause_001,noisy_step_and_pause,11.51667,159.0,90.0,0,1
noisy_step_and_pause_001,noisy_step_and_pause,11.53333,160.5,90.0,0,1
noisy_step_and_pause_001,noisy_step_and_pause,11.55,162.0,90.0,0,1
noisy_step_and_pause_001,noisy_step_and_pause,11.56667,163.5,90.0,0,1
noisy_step_and_pause_001,noisy_step_and_pause,11.58333,165.0,90.0,0,1
noisy_step_and_pause_001,noisy_step_and_pause,11.6,166.5,90.0,0,1
noisy_step_and_pause_001,noisy_step_and_pause,11.61667,168.0,90.0,0,1
noisy_step_and_pause_001,noisy_step_and_pause,11.63333,169.5,90.0,1,0
noisy_step_and_pause_001,noisy_step_and_pause,11.65,168.0,-90.0,0,1
noisy_step_and_pause_001,noisy_step_and_pause,11.66667,169.5,90.0,0,0
noisy_step_and_pause_001,noisy_step_and_pause,11.68333,169.5,0.0,0,1
noisy_step_and_pause_001,noisy_step_and_pause,11.7,171.0,90.0,0,1
noisy_step_and_pause_001,noisy_step_and_pause,11.71667,172.5,90.0,0,1
noisy_step_and_pause_001,noisy_step_and_pause,11.73333,174.0,90.0,0,1
noisy_step_and_pause_001,noisy_step_and_pause,11.75,175.5,90.0,0,1
noisy_step_and_pause_001,noisy_step_and_pause,11.76667,177.0,90.0,0,1
noisy_step_and_pause_001,noisy_step_and_pause,11.78333,178.5,90.0,0,0
noisy_step_and_pause_001,noisy_step_and_pause,11.8,178.5,0.0,0,1
noisy_step_and_pause_001,noisy_step_and_pause,11.81667,180.0,90.0,0,1
noisy_step_and_pause_001,noisy_step_and_pause,11.83333,181.5,90.0,0,1
noisy_step_and_pause_001,noisy_step_and_pause,11.85,183.0,90.0,0,1
noisy_step_and_pause_001,noisy_step_and_pause,11.86667,184.5,90.0,0,1
noisy_step_and_pause_001,noisy_step_and_pause,11.88333,186.0,90.0,0,1
noisy_step_and_pause_001,noisy_step_and_pause,11.9,187.5,90.0,0,1
noisy_step_and_pause_001,noisy_step_and_pause,11.91667,189.0,90.0,0,1
noisy_step_and_pause_001,noisy_step_and_pause,11.93333,190.5,90.0,0,1
noisy_step_and_pause_001,noisy_step_and_pause,11.95,192.0,90.0,0,1
noisy_step_and_pause_001,noisy_step_and_pause,11.96667,193.5,90.0,0,1
noisy_step_and_pause_001,noisy_step_and_pause,11.98333,195.0,90.0,0,1
noisy_step_and_pause_001,noisy_step_and_pause,12.0,196.5,90.0,0,1
noisy_step_and_pause_001,noisy_step_and_pause,12.01667,198.0,90.0,0,1
noisy_step_and_pause_001,noisy_step_and_pause,12.03333,199.5,90.0,0,1
noisy_step_and_pause_001,noisy_step_and_pause,12.05,201.0,90.0,0,1
noisy_step_and_pause_001,noisy_step_and_pause,12.06667,202.5,90.0,0,1
noisy_step_and_pause_001,noisy_step_and_pause,12.08333,204,90.0,0,0
noisy_step_and_pause_001,noisy_step_and_pause,12.1,204,0.0,0,0
noisy_step_and_pause_001,noisy_step_and_pause,12.11667,204,0.0,0,0
noisy_step_and_pause_001,noisy_step_and_pause,12.13333,204,0.0,0,0
noisy_step_and_pause_001,noisy_step_and_pause,12.15,204,0.0,0,0
noisy_step_and_pause_001,noisy_step_and_pause,12.16667,204,0.0,0,0
noisy_step_and_pause_001,noisy_step_and_pause,12.18333,204,0.0,0,1
noisy_step_and_pause_001,noisy_step_and_pause,12.2,204,0.0,0,0
noisy_step_and_pause_001,noisy_step_and_pause,12.21667,204,0.0,0,0
noisy_step_and_pause_001,noisy_step_and_pause,12.23333,204,0.0,0,0
noisy_step_and_pause_001,noisy_step_and_pause,12.25,204,0.0,0,0
noisy_step_and_pause_001,noisy_step_and_pause,12.26667,204,0.0,0,0
noisy_step_and_pause_001,noisy_step_and_pause,12.28333,204,0.0,0,0
noisy_step_and_pause_001,noisy_step_and_pause,12.3,204,0.0,0,0
noisy_step_and_pause_001,noisy_step_and_pause,12.31667,204,0.0,0,0
noisy_step_and_pause_001,noisy_step_and_pause,12.33333,204,0.0,0,1
noisy_step_and_pause_001,noisy_step_and_pause,12.35,204,0.0,0,0
noisy_step_and_pause_001,noisy_step_and_pause,12.36667,204,0.0,0,0
noisy_step_and_pause_001,noisy_step_and_pause,12.38333,204,0.0,0,1
noisy_step_and_pause_001,noisy_step_and_pause,12.4,204,0.0,1,0
noisy_step_and_pause_001,noisy_step_and_pause,12.41667,202.5,-90.0,0,1
noisy_step_and_pause_001,noisy_step_and_pause,12.43333,204,90.0,0,0
noisy_step_and_pause_001,noisy_step_and_pause,12.45,204,0.0,0,0
noisy_step_and_pause_001,noisy_step_and_pause,12.46667,204,0.0,0,0
noisy_step_and_pause_001,noisy_step_and_pause,12.48333,204,0.0,0,0
noisy_step_and_pause_001,noisy_step_and_pause,12.5,204,0.0,0,0
noisy_step_and_pause_001,noisy_step_and_pause,12.51667,204,0.0,0,0
noisy_step_and_pause_001,noisy_step_and_pause,12.53333,204,0.0,0,0
noisy_step_and_pause_001,noisy_step_and_pause,12.55,204,0.0,0,0
noisy_step_and_pause_001,noisy_step_and_pause,12.56667,204,0.0,1,0
noisy_step_and_pause_001,noisy_step_and_pause,12.58333,202.5,-90.0,0,1
noisy_step_and_pause_001,noisy_step_and_pause,12.6,204,90.0,0,0
noisy_step_and_pause_001,noisy_step_and_pause,12.61667,204,0.0,0,0
noisy_step_and_pause_001,noisy_step_and_pause,12.63333,204,0.0,0,0
noisy_step_and_pause_001,noisy_step_and_pause,12.65,204,0.0,0,0
noisy_step_and_pause_001,noisy_step_and_pause,12.66667,204,0.0,0,0
noisy_step_and_pause_001,noisy_step_and_pause,12.68333,204,0.0,0,0
noisy_step_and_pause_001,noisy_step_and_pause,12.7,204,0.0,1,0
noisy_step_and_pause_001,noisy_step_and_pause,12.71667,202.5,-90.0,1,0
noisy_step_and_pause_001,noisy_step_and_pause,12.73333,201.0,-90.0,0,1
noisy_step_and_pause_001,noisy_step_and_pause,12.75,202.5,90.0,0,1
noisy_step_and_pause_001,noisy_step_and_pause,12.76667,204,90.0,0,0
noisy_step_and_pause_001,noisy_step_and_pause,12.78333,204,0.0,0,0
noisy_step_and_pause_001,noisy_step_and_pause,12.8,204,0.0,0,0
noisy_step_and_pause_001,noisy_step_and_pause,12.81667,204,0.0,0,0
noisy_step_and_pause_001,noisy_step_and_pause,12.83333,204,0.0,0,0
noisy_step_and_pause_001,noisy_step_and_pause,12.85,204,0.0,0,0
noisy_step_and_pause_001,noisy_step_and_pause,12.86667,204,0.0,1,0
noisy_step_and_pause_001,noisy_step_and_pause,12.88333,202.5,-90.0,0,1
noisy_step_and_pause_001,noisy_step_and_pause,12.9,204,90.0,0,0
noisy_step_and_pause_001,noisy_step_and_pause,12.91667,204,0.0,0,0
noisy_step_and_pause_001,noisy_step_and_pause,12.93333,204,0.0,0,0
noisy_step_and_pause_001,noisy_step_and_pause,12.95,204,0.0,0,0
noisy_step_and_pause_001,noisy_step_and_pause,12.96667,204,0.0,0,0
noisy_step_and_pause_001,noisy_step_and_pause,12.98333,204,0.0,0,0
noisy_step_and_pause_001,noisy_step_and_pause,13.0,204,0.0,0,0
noisy_step_and_pause_001,noisy_step_and_pause,13.01667,204,0.0,0,0
noisy_step_and_pause_001,noisy_step_and_pause,13.03333,204,0.0,0,0
noisy_step_and_pause_001,noisy_step_and_pause,13.05,204,0.0,0,0
noisy_step_and_pause_001,noisy_step_and_pause,13.06667,204,0.0,0,0
noisy_step_and_pause_001,noisy_step_and_pause,13.08333,204,0.0,0,0
noisy_step_and_pause_001,noisy_step_and_pause,13.1,204,0.0,0,0
noisy_step_and_pause_001,noisy_step_and_pause,13.11667,204,0.0,0,0
noisy_step_and_pause_001,noisy_step_and_pause,13.13333,204,0.0,0,0
noisy_step_and_pause_001,noisy_step_and_pause,13.15,204,0.0,0,0
noisy_step_and_pause_001,noisy_step_and_pause,13.16667,204,0.0,0,0
noisy_step_and_pause_001,noisy_step_and_pause,13.18333,204,0.0,0,0
noisy_step_and_pause_001,noisy_step_and_pause,13.2,204,0.0,0,0
noisy_step_and_pause_001,noisy_step_and_pause,13.21667,204,0.0,0,0
noisy_step_and_pause_001,noisy_step_and_pause,13.23333,204,0.0,0,0
noisy_step_and_pause_001,noisy_step_and_pause,13.25,204,0.0,0,0
noisy_step_and_pause_001,noisy_step_and_pause,13.26667,204,0.0,0,0
noisy_step_and_pause_001,noisy_step_and_pause,13.28333,204,0.0,0,0
noisy_step_and_pause_001,noisy_step_and_pause,13.3,204,0.0,0,0
noisy_step_and_pause_001,noisy_step_and_pause,13.31667,204,0.0,0,0
noisy_step_and_pause_001,noisy_step_and_pause,13.33333,204,0.0,1,0
noisy_step_and_pause_001,noisy_step_and_pause,13.35,202.5,-90.0,1,0
noisy_step_and_pause_001,noisy_step_and_pause,13.36667,201.0,-90.0,1,0
noisy_step_and_pause_001,noisy_step_and_pause,13.38333,199.5,-90.0,1,0
noisy_step_and_pause_001,noisy_step_and_pause,13.4,198.0,-90.0,1,0
noisy_step_and_pause_001,noisy_step_and_pause,13.41667,196.5,-90.0,1,0
noisy_step_and_pause_001,noisy_step_and_pause,13.43333,195.0,-90.0,1,0
noisy_step_and_pause_001,noisy_step_and_pause,13.45,193.5,-90.0,1,0
noisy_step_and_pause_001,noisy_step_and_pause,13.46667,192.0,-90.0,1,0
noisy_step_and_pause_001,noisy_step_and_pause,13.48333,190.5,-90.0,1,0
noisy_step_and_pause_001,noisy_step_and_pause,13.5,189.0,-90.0,1,0
noisy_step_and_pause_001,noisy_step_and_pause,13.51667,187.5,-90.0,1,0
noisy_step_and_pause_001,noisy_step_and_pause,13.53333,186.0,-90.0,1,0
noisy_step_and_pause_001,noisy_step_and_pause,13.55,184.5,-90.0,1,0
noisy_step_and_pause_001,noisy_step_and_pause,13.56667,183.0,-90.0,1,0
noisy_step_and_pause_001,noisy_step_and_pause,13.58333,181.5,-90.0,1,0
noisy_step_and_pause_001,noisy_step_and_pause,13.6,180.0,-90.0,1,0
noisy_step_and_pause_001,noisy_step_and_pause,13.61667,178.5,-90.0,1,0
noisy_step_and_pause_001,noisy_step_and_pause,13.63333,177.0,-90.0,1,0
noisy_step_and_pause_001,noisy_step_and_pause,13.65,175.5,-90.0,1,0
noisy_step_and_pause_001,noisy_step_and_pause,13.66667,174.0,-90.0,1,0
noisy_step_and_pause_001,noisy_step_and_pause,13.68333,172.5,-90.0,1,0
noisy_step_and_pause_001,noisy_step_and_pause,13.7,171.0,-90.0,1,0
noisy_step_and_pause_001,noisy_step_and_pause,13.71667,169.5,-90.0,1,0
noisy_step_and_pause_001,noisy_step_and_pause,13.73333,168.0,-90.0,1,0
noisy_step_and_pause_001,noisy_step_and_pause,13.75,166.5,-90.0,0,0
noisy_step_and_pause_001,noisy_step_and_pause,13.76667,166.5,0.0,1,0
noisy_step_and_pause_001,noisy_step_and_pause,13.78333,165.0,-90.0,1,0
noisy_step_and_pause_001,noisy_step_and_pause,13.8,163.5,-90.0,1,0
noisy_step_and_pause_001,noisy_step_and_pause,13.81667,162.0,-90.0,1,0
noisy_step_and_pause_001,noisy_step_and_pause,13.83333,160.5,-90.0,1,0
noisy_step_and_pause_001,noisy_step_and_pause,13.85,159.0,-90.0,1,0
noisy_step_and_pause_001,noisy_step_and_pause,13.86667,157.5,-90.0,1,0
noisy_step_and_pause_001,noisy_step_and_pause,13.88333,156.0,-90.0,1,0
noisy_step_and_pause_001,noisy_step_and_pause,13.9,154.5,-90.0,1,0
noisy_step_and_pause_001,noisy_step_and_pause,13.91667,153.0,-90.0,1,0
noisy_step_and_pause_001,noisy_step_and_pause,13.93333,151.5,-90.0,1,0
noisy_step_and_pause_001,noisy_step_and_pause,13.95,150.0,-90.0,1,0
noisy_step_and_pause_001,noisy_step_and_pause,13.96667,148.5,-90.0,1,0
noisy_step_and_pause_001,noisy_step_and_pause,13.98333,147.0,-90.0,1,0
noisy_step_and_pause_001,noisy_step_and_pause,14.0,145.5,-90.0,1,0
noisy_step_and_pause_001,noisy_step_and_pause,14.01667,144.0,-90.0,1,0
noisy_step_and_pause_001,noisy_step_and_pause,14.03333,142.5,-90.0,1,0
noisy_step_and_pause_001,noisy_step_and_pause,14.05,141.0,-90.0,1,0
noisy_step_and_pause_001,noisy_step_and_pause,14.06667,139.5,-90.0,1,0
noisy_step_and_pause_001,noisy_step_and_pause,14.08333,138.0,-90.0,0,1
noisy_step_and_pause_001,noisy_step_and_pause,14.1,139.5,90.0,1,0
noisy_step_and_pause_001,noisy_step_and_pause,14.11667,138.0,-90.0,1,0
noisy_step_and_pause_001,noisy_step_and_pause,14.13333,136.5,-90.0,1,0
noisy_step_and_pause_001,noisy_step_and_pause,14.15,135.0,-90.0,1,0
noisy_step_and_pause_001,noisy_step_and_pause,14.16667,133.5,-90.0,1,0
noisy_step_and_pause_001,noisy_step_and_pause,14.18333,132.0,-90.0,1,0
noisy_step_and_pause_001,noisy_step_and_pause,14.2,130.5,-90.0,1,0
noisy_step_and_pause_001,noisy_step_and_pause,14.21667,129.0,-90.0,1,0
noisy_step_and_pause_001,noisy_step_and_pause,14.23333,127.5,-90.0,1,0
noisy_step_and_pause_001,noisy_step_and_pause,14.25,126.0,-90.0,1,0
noisy_step_and_pause_001,noisy_step_and_pause,14.26667,124.5,-90.0,1,0
noisy_step_and_pause_001,noisy_step_and_pause,14.28333,123.0,-90.0,1,0
noisy_step_and_pause_001,noisy_step_and_pause,14.3,121.5,-90.0,1,0
noisy_step_and_pause_001,noisy_step_and_pause,14.31667,120.0,-90.0,1,0
noisy_step_and_pause_001,noisy_step_and_pause,14.33333,118.5,-90.0,1,0
noisy_step_and_pause_001,noisy_step_and_pause,14.35,117.0,-90.0,1,0
noisy_step_and_pause_001,noisy_step_and_pause,14.36667,115.5,-90.0,1,0
noisy_step_and_pause_001,noisy_step_and_pause,14.38333,114.0,-90.0,1,0
noisy_step_and_pause_001,noisy_step_and_pause,14.4,112.5,-90.0,1,0
noisy_step_and_pause_001,noisy_step_and_pause,14.41667,111.0,-90.0,1,0
noisy_step_and_pause_001,noisy_step_and_pause,14.43333,109.5,-90.0,1,0
noisy_step_and_pause_001,noisy_step_and_pause,14.45,108.0,-90.0,1,0
noisy_step_and_pause_001,noisy_step_and_pause,14.46667,106.5,-90.0,1,0
noisy_step_and_pause_001,noisy_step_and_pause,14.48333,105.0,-90.0,1,0
noisy_step_and_pause_001,noisy_step_and_pause,14.5,103.5,-90.0,1,0
noisy_step_and_pause_001,noisy_step_and_pause,14.51667,102.0,-90.0,1,0
noisy_step_and_pause_001,noisy_step_and_pause,14.53333,100.5,-90.0,0,1
noisy_step_and_pause_001,noisy_step_and_pause,14.55,102.0,90.0,1,0
noisy_step_and_pause_001,noisy_step_and_pause,14.56667,100.5,-90.0,1,0
noisy_step_and_pause_001,noisy_step_and_pause,14.58333,99.0,-90.0,1,0
noisy_step_and_pause_001,noisy_step_and_pause,14.6,97.5,-90.0,1,0
noisy_step_and_pause_001,noisy_step_and_pause,14.61667,96.0,-90.0,1,0
noisy_step_and_pause_001,noisy_step_and_pause,14.63333,94.5,-90.0,1,0
noisy_step_and_pause_001,noisy_step_and_pause,14.65,93.0,-90.0,1,0
noisy_step_and_pause_001,noisy_step_and_pause,14.66667,91.5,-90.0,1,0
noisy_step_and_pause_001,noisy_step_and_pause,14.68333,90.0,-90.0,1,0
noisy_step_and_pause_001,noisy_step_and_pause,14.7,88.5,-90.0,1,0
noisy_step_and_pause_001,noisy_step_and_pause,14.71667,87.0,-90.0,1,0
noisy_step_and_pause_001,noisy_step_and_pause,14.73333,85.5,-90.0,1,0
noisy_step_and_pause_001,noisy_step_and_pause,14.75,84.0,-90.0,1,0
noisy_step_and_pause_001,noisy_step_and_pause,14.76667,82.5,-90.0,1,0
noisy_step_and_pause_001,noisy_step_and_pause,14.78333,81.0,-90.0,1,0
noisy_step_and_pause_001,noisy_step_and_pause,14.8,79.5,-90.0,1,0
noisy_step_and_pause_001,noisy_step_and_pause,14.81667,78.0,-90.0,1,0
noisy_step_and_pause_001,noisy_step_and_pause,14.83333,76.5,-90.0,1,0
noisy_step_and_pause_001,noisy_step_and_pause,14.85,75.0,-90.0,1,0
noisy_step_and_pause_001,noisy_step_and_pause,14.86667,73.5,-90.0,0,1
noisy_step_and_pause_001,noisy_step_and_pause,14.88333,75.0,90.0,1,0
noisy_step_and_pause_001,noisy_step_and_pause,14.9,73.5,-90.0,1,0
noisy_step_and_pause_001,noisy_step_and_pause,14.91667,72.0,-90.0,1,0
noisy_step_and_pause_001,noisy_step_and_pause,14.93333,70.5,-90.0,1,0
noisy_step_and_pause_001,noisy_step_and_pause,14.95,69.0,-90.0,1,0
noisy_step_and_pause_001,noisy_step_and_pause,14.96667,67.5,-90.0,1,0
noisy_step_and_pause_001,noisy_step_and_pause,14.98333,66.0,-90.0,1,0
noisy_step_and_pause_001,noisy_step_and_pause,15.0,64.5,-90.0,1,0
noisy_step_and_pause_001,noisy_step_and_pause,15.01667,63.0,-90.0,1,0
noisy_step_and_pause_001,noisy_step_and_pause,15.03333,61.5,-90.0,1,0
noisy_step_and_pause_001,noisy_step_and_pause,15.05,60.0,-90.0,0,1
noisy_step_and_pause_001,noisy_step_and_pause,15.06667,61.5,90.0,1,0
noisy_step_and_pause_001,noisy_step_and_pause,15.08333,60.0,-90.0,1,0
noisy_step_and_pause_001,noisy_step_and_pause,15.1,58.5,-90.0,1,0
noisy_step_and_pause_001,noisy_step_and_pause,15.11667,57.0,-90.0,1,0
noisy_step_and_pause_001,noisy_step_and_pause,15.13333,55.5,-90.0,1,0
noisy_step_and_pause_001,noisy_step_and_pause,15.15,54.0,-90.0,1,0
noisy_step_and_pause_001,noisy_step_and_pause,15.16667,52.5,-90.0,1,0
noisy_step_and_pause_001,noisy_step_and_pause,15.18333,51.0,-90.0,0,1
noisy_step_and_pause_001,noisy_step_and_pause,15.2,52.5,90.0,0,1
noisy_step_and_pause_001,noisy_step_and_pause,15.21667,54.0,90.0,0,1
noisy_step_and_pause_001,noisy_step_and_pause,15.23333,55.5,90.0,0,1
noisy_step_and_pause_001,noisy_step_and_pause,15.25,57.0,90.0,0,1
noisy_step_and_pause_001,noisy_step_and_pause,15.26667,58.5,90.0,0,1
noisy_step_and_pause_001,noisy_step_and_pause,15.28333,60.0,90.0,0,1
noisy_step_and_pause_001,noisy_step_and_pause,15.3,61.5,90.0,0,1
noisy_step_and_pause_001,noisy_step_and_pause,15.31667,63.0,90.0,1,0
noisy_step_and_pause_001,noisy_step_and_pause,15.33333,61.5,-90.0,0,1
noisy_step_and_pause_001,noisy_step_and_pause,15.35,63.0,90.0,0,1
noisy_step_and_pause_001,noisy_step_and_pause,15.36667,64.5,90.0,0,1
noisy_step_and_pause_001,noisy_step_and_pause,15.38333,66.0,90.0,0,1
noisy_step_and_pause_001,noisy_step_and_pause,15.4,67.5,90.0,0,1
noisy_step_and_pause_001,noisy_step_and_pause,15.41667,69.0,90.0,0,1
noisy_step_and_pause_001,noisy_step_and_pause,15.43333,70.5,90.0,0,1
noisy_step_and_pause_001,noisy_step_and_pause,15.45,72.0,90.0,0,1
noisy_step_and_pause_001,noisy_step_and_pause,15.46667,73.5,90.0,0,1
noisy_step_and_pause_001,noisy_step_and_pause,15.48333,75.0,90.0,0,1
noisy_step_and_pause_001,noisy_step_and_pause,15.5,76.5,90.0,0,1
noisy_step_and_pause_001,noisy_step_and_pause,15.51667,78.0,90.0,0,1
noisy_step_and_pause_001,noisy_step_and_pause,15.53333,79.5,90.0,0,1
noisy_step_and_pause_001,noisy_step_and_pause,15.55,81.0,90.0,0,1
noisy_step_and_pause_001,noisy_step_and_pause,15.56667,82.5,90.0,0,1
noisy_step_and_pause_001,noisy_step_and_pause,15.58333,84.0,90.0,0,1
noisy_step_and_pause_001,noisy_step_and_pause,15.6,85.5,90.0,0,1
noisy_step_and_pause_001,noisy_step_and_pause,15.61667,87.0,90.0,0,1
noisy_step_and_pause_001,noisy_step_and_pause,15.63333,88.5,90.0,0,1
noisy_step_and_pause_001,noisy_step_and_pause,15.65,90.0,90.0,0,1
noisy_step_and_pause_001,noisy_step_and_pause,15.66667,91.5,90.0,0,1
noisy_step_and_pause_001,noisy_step_and_pause,15.68333,93.0,90.0,0,1
noisy_step_and_pause_001,noisy_step_and_pause,15.7,94.5,90.0,0,1
noisy_step_and_pause_001,noisy_step_and_pause,15.71667,96.0,90.0,0,0
noisy_step_and_pause_001,noisy_step_and_pause,15.73333,96.0,0.0,0,1
noisy_step_and_pause_001,noisy_step_and_pause,15.75,97.5,90.0,0,1
noisy_step_and_pause_001,noisy_step_and_pause,15.76667,99.0,90.0,0,1
noisy_step_and_pause_001,noisy_step_and_pause,15.78333,100.5,90.0,0,1
noisy_step_and_pause_001,noisy_step_and_pause,15.8,102.0,90.0,0,1
noisy_step_and_pause_001,noisy_step_and_pause,15.81667,103.5,90.0,0,1
noisy_step_and_pause_001,noisy_step_and_pause,15.83333,105.0,90.0,0,1
noisy_step_and_pause_001,noisy_step_and_pause,15.85,106.5,90.0,0,1
noisy_step_and_pause_001,noisy_step_and_pause,15.86667,108.0,90.0,0,1
noisy_step_and_pause_001,noisy_step_and_pause,15.88333,109.5,90.0,0,1
noisy_step_and_pause_001,noisy_step_and_pause,15.9,111.0,90.0,0,1
noisy_step_and_pause_001,noisy_step_and_pause,15.91667,112.5,90.0,0,1
noisy_step_and_pause_001,noisy_step_and_pause,15.93333,114.0,90.0,0,1
noisy_step_and_pause_001,noisy_step_and_pause,15.95,115.5,90.0,0,1
noisy_step_and_pause_001,noisy_step_and_pause,15.96667,117.0,90.0,0,1
noisy_step_and_pause_001,noisy_step_and_pause,15.98333,118.5,90.0,0,1
noisy_step_and_pause_001,noisy_step_and_pause,16.0,120.0,90.0,0,1
noisy_step_and_pause_001,noisy_step_and_pause,16.01667,121.5,90.0,0,1
noisy_step_and_pause_001,noisy_step_and_pause,16.03333,123.0,90.0,1,0
noisy_step_and_pause_001,noisy_step_and_pause,16.05,121.5,-90.0,0,1
noisy_step_and_pause_001,noisy_step_and_pause,16.06667,123.0,90.0,0,1
noisy_step_and_pause_001,noisy_step_and_pause,16.08333,124.5,90.0,0,1
noisy_step_and_pause_001,noisy_step_and_pause,16.1,126.0,90.0,0,1
noisy_step_and_pause_001,noisy_step_and_pause,16.11667,127.5,90.0,0,1
noisy_step_and_pause_001,noisy_step_and_pause,16.13333,129.0,90.0,0,1
noisy_step_and_pause_001,noisy_step_and_pause,16.15,130.5,90.0,0,1
noisy_step_and_pause_001,noisy_step_and_pause,16.16667,132.0,90.0,0,1
noisy_step_and_pause_001,noisy_step_and_pause,16.18333,133.5,90.0,0,1
noisy_step_and_pause_001,noisy_step_and_pause,16.2,135.0,90.0,0,1
noisy_step_and_pause_001,noisy_step_and_pause,16.21667,136.5,90.0,0,1
noisy_step_and_pause_001,noisy_step_and_pause,16.23333,138.0,90.0,0,1
noisy_step_and_pause_001,noisy_step_and_pause,16.25,139.5,90.0,0,1
noisy_step_and_pause_001,noisy_step_and_pause,16.26667,141.0,90.0,0,1
noisy_step_and_pause_001,noisy_step_and_pause,16.28333,142.5,90.0,0,1
noisy_step_and_pause_001,noisy_step_and_pause,16.3,144.0,90.0,0,1
noisy_step_and_pause_001,noisy_step_and_pause,16.31667,145.5,90.0,0,1
noisy_step_and_pause_001,noisy_step_and_pause,16.33333,147.0,90.0,0,1
noisy_step_and_pause_001,noisy_step_and_pause,16.35,148.5,90.0,0,1
noisy_step_and_pause_001,noisy_step_and_pause,16.36667,150.0,90.0,0,1
noisy_step_and_pause_001,noisy_step_and_pause,16.38333,151.5,90.0,0,1
noisy_step_and_pause_001,noisy_step_and_pause,16.4,153.0,90.0,0,1
noisy_step_and_pause_001,noisy_step_and_pause,16.41667,154.5,90.0,0,1
noisy_step_and_pause_001,noisy_step_and_pause,16.43333,156.0,90.0,0,1
noisy_step_and_pause_001,noisy_step_and_pause,16.45,157.5,90.0,0,0
noisy_step_and_pause_001,noisy_step_and_pause,16.46667,157.5,0.0,0,1
noisy_step_and_pause_001,noisy_step_and_pause,16.48333,159.0,90.0,0,1
noisy_step_and_pause_001,noisy_step_and_pause,16.5,160.5,90.0,0,1
noisy_step_and_pause_001,noisy_step_and_pause,16.51667,162.0,90.0,0,1
noisy_step_and_pause_001,noisy_step_and_pause,16.53333,163.5,90.0,0,1
noisy_step_and_pause_001,noisy_step_and_pause,16.55,165.0,90.0,0,1
noisy_step_and_pause_001,noisy_step_and_pause,16.56667,166.5,90.0,0,1
noisy_step_and_pause_001,noisy_step_and_pause,16.58333,168.0,90.0,0,1
noisy_step_and_pause_001,noisy_step_and_pause,16.6,169.5,90.0,0,1
noisy_step_and_pause_001,noisy_step_and_pause,16.61667,171.0,90.0,0,1
noisy_step_and_pause_001,noisy_step_and_pause,16.63333,172.5,90.0,0,0
noisy_step_and_pause_001,noisy_step_and_pause,16.65,172.5,0.0,0,0
noisy_step_and_pause_001,noisy_step_and_pause,16.66667,172.5,0.0,0,0
noisy_step_and_pause_001,noisy_step_and_pause,16.68333,172.5,0.0,0,0
noisy_step_and_pause_001,noisy_step_and_pause,16.7,172.5,0.0,0,0
noisy_step_and_pause_001,noisy_step_and_pause,16.71667,172.5,0.0,0,0
noisy_step_and_pause_001,noisy_step_and_pause,16.73333,172.5,0.0,1,0
noisy_step_and_pause_001,noisy_step_and_pause,16.75,171.0,-90.0,0,0
noisy_step_and_pause_001,noisy_step_and_pause,16.76667,171.0,0.0,0,0
noisy_step_and_pause_001,noisy_step_and_pause,16.78333,171.0,0.0,0,0
noisy_step_and_pause_001,noisy_step_and_pause,16.8,171.0,0.0,0,0
noisy_step_and_pause_001,noisy_step_and_pause,16.81667,171.0,0.0,0,0
noisy_step_and_pause_001,noisy_step_and_pause,16.83333,171.0,0.0,0,0
noisy_step_and_pause_001,noisy_step_and_pause,16.85,171.0,0.0,0,0
noisy_step_and_pause_001,noisy_step_and_pause,16.86667,171.0,0.0,0,0
noisy_step_and_pause_001,noisy_step_and_pause,16.88333,171.0,0.0,0,1
noisy_step_and_pause_001,noisy_step_and_pause,16.9,172.5,90.0,0,0
noisy_step_and_pause_001,noisy_step_and_pause,16.91667,172.5,0.0,0,0
noisy_step_and_pause_001,noisy_step_and_pause,16.93333,172.5,0.0,0,0
noisy_step_and_pause_001,noisy_step_and_pause,16.95,172.5,0.0,0,0
noisy_step_and_pause_001,noisy_step_and_pause,16.96667,172.5,0.0,0,0
noisy_step_and_pause_001,noisy_step_and_pause,16.98333,172.5,0.0,0,0
noisy_step_and_pause_001,noisy_step_and_pause,17.0,172.5,0.0,0,0
noisy_step_and_pause_001,noisy_step_and_pause,17.01667,172.5,0.0,0,0
noisy_step_and_pause_001,noisy_step_and_pause,17.03333,172.5,0.0,0,0
noisy_step_and_pause_001,noisy_step_and_pause,17.05,172.5,0.0,0,0
noisy_step_and_pause_001,noisy_step_and_pause,17.06667,172.5,0.0,0,0
noisy_step_and_pause_001,noisy_step_and_pause,17.08333,172.5,0.0,0,0
noisy_step_and_pause_001,noisy_step_and_pause,17.1,172.5,0.0,0,0
noisy_step_and_pause_001,noisy_step_and_pause,17.11667,172.5,0.0,0,0
noisy_step_and_pause_001,noisy_step_and_pause,17.13333,172.5,0.0,0,0
noisy_step_and_pause_001,noisy_step_and_pause,17.15,172.5,0.0,0,0
noisy_step_and_pause_001,noisy_step_and_pause,17.16667,172.5,0.0,0,0
noisy_step_and_pause_001,noisy_step_and_pause,17.18333,172.5,0.0,0,0
noisy_step_and_pause_001,noisy_step_and_pause,17.2,172.5,0.0,0,0
noisy_step_and_pause_001,noisy_step_and_pause,17.21667,172.5,0.0,0,0
noisy_step_and_pause_001,noisy_step_and_pause,17.23333,172.5,0.0,0,0
noisy_step_and_pause_001,noisy_step_and_pause,17.25,172.5,0.0,0,0
noisy_step_and_pause_001,noisy_step_and_pause,17.26667,172.5,0.0,0,1
noisy_step_and_pause_001,noisy_step_and_pause,17.28333,174.0,90.0,0,0
noisy_step_and_pause_001,noisy_step_and_pause,17.3,174.0,0.0,0,0
noisy_step_and_pause_001,noisy_step_and_pause,17.31667,174.0,0.0,0,0
noisy_step_and_pause_001,noisy_step_and_pause,17.33333,174.0,0.0,0,0
noisy_step_and_pause_001,noisy_step_and_pause,17.35,174.0,0.0,0,0
noisy_step_and_pause_001,noisy_step_and_pause,17.36667,174.0,0.0,0,0
noisy_step_and_pause_001,noisy_step_and_pause,17.38333,174.0,0.0,0,0
noisy_step_and_pause_001,noisy_step_and_pause,17.4,174.0,0.0,0,0
noisy_step_and_pause_001,noisy_step_and_pause,17.41667,174.0,0.0,0,0
noisy_step_and_pause_001,noisy_step_and_pause,17.43333,174.0,0.0,0,0
noisy_step_and_pause_001,noisy_step_and_pause,17.45,174.0,0.0,0,0
noisy_step_and_pause_001,noisy_step_and_pause,17.46667,174.0,0.0,0,0
noisy_step_and_pause_001,noisy_step_and_pause,17.48333,174.0,0.0,0,0
noisy_step_and_pause_001,noisy_step_and_pause,17.5,174.0,0.0,0,0
noisy_step_and_pause_001,noisy_step_and_pause,17.51667,174.0,0.0,1,0
noisy_step_and_pause_001,noisy_step_and_pause,17.53333,172.5,-90.0,0,0
noisy_step_and_pause_001,noisy_step_and_pause,17.55,172.5,0.0,0,0
noisy_step_and_pause_001,noisy_step_and_pause,17.56667,172.5,0.0,0,0
noisy_step_and_pause_001,noisy_step_and_pause,17.58333,172.5,0.0,0,0
noisy_step_and_pause_001,noisy_step_and_pause,17.6,172.5,0.0,0,0
noisy_step_and_pause_001,noisy_step_and_pause,17.61667,172.5,0.0,0,0
noisy_step_and_pause_001,noisy_step_and_pause,17.63333,172.5,0.0,0,0
noisy_step_and_pause_001,noisy_step_and_pause,17.65,172.5,0.0,0,0
noisy_step_and_pause_001,noisy_step_and_pause,17.66667,172.5,0.0,0,0
noisy_step_and_pause_001,noisy_step_and_pause,17.68333,172.5,0.0,0,1
noisy_step_and_pause_001,noisy_step_and_pause,17.7,174.0,90.0,0,0
noisy_step_and_pause_001,noisy_step_and_pause,17.71667,174.0,0.0,0,0
noisy_step_and_pause_001,noisy_step_and_pause,17.73333,174.0,0.0,0,0
noisy_step_and_pause_001,noisy_step_and_pause,17.75,174.0,0.0,0,0
noisy_step_and_pause_001,noisy_step_and_pause,17.76667,174.0,0.0,0,0
noisy_step_and_pause_001,noisy_step_and_pause,17.78333,174.0,0.0,0,0
noisy_step_and_pause_001,noisy_step_and_pause,17.8,174.0,0.0,0,0
noisy_step_and_pause_001,noisy_step_and_pause,17.81667,174.0,0.0,0,0
noisy_step_and_pause_001,noisy_step_and_pause,17.83333,174.0,0.0,0,0
noisy_step_and_pause_001,noisy_step_and_pause,17.85,174.0,0.0,0,0
noisy_step_and_pause_001,noisy_step_and_pause,17.86667,174.0,0.0,0,0
noisy_step_and_pause_001,noisy_step_and_pause,17.88333,174.0,0.0,0,0
noisy_step_and_pause_001,noisy_step_and_pause,17.9,174.0,0.0,0,1
noisy_step_and_pause_001,noisy_step_and_pause,17.91667,175.5,90.0,0,1
noisy_step_and_pause_001,noisy_step_and_pause,17.93333,177.0,90.0,0,1
noisy_step_and_pause_001,noisy_step_and_pause,17.95,178.5,90.0,0,1
noisy_step_and_pause_001,noisy_step_and_pause,17.96667,180.0,90.0,0,1
noisy_step_and_pause_001,noisy_step_and_pause,17.98333,181.5,90.0,0,1
noisy_step_and_pause_001,noisy_step_and_pause,18.0,183.0,90.0,0,1
noisy_step_and_pause_001,noisy_step_and_pause,18.01667,184.5,90.0,0,1
noisy_step_and_pause_001,noisy_step_and_pause,18.03333,186.0,90.0,0,1
noisy_step_and_pause_001,noisy_step_and_pause,18.05,187.5,90.0,0,1
noisy_step_and_pause_001,noisy_step_and_pause,18.06667,189.0,90.0,0,1
noisy_step_and_pause_001,noisy_step_and_pause,18.08333,190.5,90.0,1,0
noisy_step_and_pause_001,noisy_step_and_pause,18.1,189.0,-90.0,0,1
noisy_step_and_pause_001,noisy_step_and_pause,18.11667,190.5,90.0,0,1
noisy_step_and_pause_001,noisy_step_and_pause,18.13333,192.0,90.0,0,1
noisy_step_and_pause_001,noisy_step_and_pause,18.15,193.5,90.0,0,1
noisy_step_and_pause_001,noisy_step_and_pause,18.16667,195.0,90.0,0,1
noisy_step_and_pause_001,noisy_step_and_pause,18.18333,196.5,90.0,0,1
noisy_step_and_pause_001,noisy_step_and_pause,18.2,198.0,90.0,0,1
noisy_step_and_pause_001,noisy_step_and_pause,18.21667,199.5,90.0,0,1
noisy_step_and_pause_001,noisy_step_and_pause,18.23333,201.0,90.0,0,1
noisy_step_and_pause_001,noisy_step_and_pause,18.25,202.5,90.0,0,1
noisy_step_and_pause_001,noisy_step_and_pause,18.26667,204,90.0,0,0
noisy_step_and_pause_001,noisy_step_and_pause,18.28333,204,0.0,0,0
noisy_step_and_pause_001,noisy_step_and_pause,18.3,204,0.0,0,0
noisy_step_and_pause_001,noisy_step_and_pause,18.31667,204,0.0,0,0
noisy_step_and_pause_001,noisy_step_and_pause,18.33333,204,0.0,0,0
noisy_step_and_pause_001,noisy_step_and_pause,18.35,204,0.0,0,0
noisy_step_and_pause_001,noisy_step_and_pause,18.36667,204,0.0,0,0
noisy_step_and_pause_001,noisy_step_and_pause,18.38333,204,0.0,0,0
noisy_step_and_pause_001,noisy_step_and_pause,18.4,204,0.0,0,0
noisy_step_and_pause_001,noisy_step_and_pause,18.41667,204,0.0,0,1
noisy_step_and_pause_001,noisy_step_and_pause,18.43333,204,0.0,0,0
noisy_step_and_pause_001,noisy_step_and_pause,18.45,204,0.0,0,0
noisy_step_and_pause_001,noisy_step_and_pause,18.46667,204,0.0,0,0
noisy_step_and_pause_001,noisy_step_and_pause,18.48333,204,0.0,0,0
noisy_step_and_pause_001,noisy_step_and_pause,18.5,204,0.0,1,0
noisy_step_and_pause_001,noisy_step_and_pause,18.51667,202.5,-90.0,0,1
noisy_step_and_pause_001,noisy_step_and_pause,18.53333,204,90.0,0,0
noisy_step_and_pause_001,noisy_step_and_pause,18.55,204,0.0,0,0
noisy_step_and_pause_001,noisy_step_and_pause,18.56667,204,0.0,0,0
noisy_step_and_pause_001,noisy_step_and_pause,18.58333,204,0.0,0,0
noisy_step_and_pause_001,noisy_step_and_pause,18.6,204,0.0,0,0
noisy_step_and_pause_001,noisy_step_and_pause,18.61667,204,0.0,0,0
noisy_step_and_pause_001,noisy_step_and_pause,18.63333,204,0.0,0,0
noisy_step_and_pause_001,noisy_step_and_pause,18.65,204,0.0,0,0
noisy_step_and_pause_001,noisy_step_and_pause,18.66667,204,0.0,0,0
noisy_step_and_pause_001,noisy_step_and_pause,18.68333,204,0.0,0,0
noisy_step_and_pause_001,noisy_step_and_pause,18.7,204,0.0,0,0
noisy_step_and_pause_001,noisy_step_and_pause,18.71667,204,0.0,0,0
noisy_step_and_pause_001,noisy_step_and_pause,18.73333,204,0.0,0,0
noisy_step_and_pause_001,noisy_step_and_pause,18.75,204,0.0,0,0
noisy_step_and_pause_001,noisy_step_and_pause,18.76667,204,0.0,0,0
noisy_step_and_pause_001,noisy_step_and_pause,18.78333,204,0.0,0,0
noisy_step_and_pause_001,noisy_step_and_pause,18.8,204,0.0,0,0
noisy_step_and_pause_001,noisy_step_and_pause,18.81667,204,0.0,0,0
noisy_step_and_pause_001,noisy_step_and_pause,18.83333,204,0.0,0,0
noisy_step_and_pause_001,noisy_step_and_pause,18.85,204,0.0,1,0
noisy_step_and_pause_001,noisy_step_and_pause,18.86667,202.5,-90.0,1,0
noisy_step_and_pause_001,noisy_step_and_pause,18.88333,201.0,-90.0,1,0
noisy_step_and_pause_001,noisy_step_and_pause,18.9,199.5,-90.0,1,0
noisy_step_and_pause_001,noisy_step_and_pause,18.91667,198.0,-90.0,1,0
noisy_step_and_pause_001,noisy_step_and_pause,18.93333,196.5,-90.0,1,0
noisy_step_and_pause_001,noisy_step_and_pause,18.95,195.0,-90.0,1,0
noisy_step_and_pause_001,noisy_step_and_pause,18.96667,193.5,-90.0,1,0
noisy_step_and_pause_001,noisy_step_and_pause,18.98333,192.0,-90.0,0,0
noisy_step_and_pause_001,noisy_step_and_pause,19.0,192.0,0.0,1,0
noisy_step_and_pause_001,noisy_step_and_pause,19.01667,190.5,-90.0,1,0
noisy_step_and_pause_001,noisy_step_and_pause,19.03333,189.0,-90.0,1,0
noisy_step_and_pause_001,noisy_step_and_pause,19.05,187.5,-90.0,1,0
noisy_step_and_pause_001,noisy_step_and_pause,19.06667,186.0,-90.0,1,0
noisy_step_and_pause_001,noisy_step_and_pause,19.08333,184.5,-90.0,1,0
noisy_step_and_pause_001,noisy_step_and_pause,19.1,183.0,-90.0,1,0
noisy_step_and_pause_001,noisy_step_and_pause,19.11667,181.5,-90.0,1,0
noisy_step_and_pause_001,noisy_step_and_pause,19.13333,180.0,-90.0,1,0
noisy_step_and_pause_001,noisy_step_and_pause,19.15,178.5,-90.0,1,0
noisy_step_and_pause_001,noisy_step_and_pause,19.16667,177.0,-90.0,1,0
noisy_step_and_pause_001,noisy_step_and_pause,19.18333,175.5,-90.0,1,0
noisy_step_and_pause_001,noisy_step_and_pause,19.2,174.0,-90.0,1,0
noisy_step_and_pause_001,noisy_step_and_pause,19.21667,172.5,-90.0,1,0
noisy_step_and_pause_001,noisy_step_and_pause,19.23333,171.0,-90.0,1,0
noisy_step_and_pause_001,noisy_step_and_pause,19.25,169.5,-90.0,1,0
noisy_step_and_pause_001,noisy_step_and_pause,19.26667,168.0,-90.0,1,0
noisy_step_and_pause_001,noisy_step_and_pause,19.28333,166.5,-90.0,1,0
noisy_step_and_pause_001,noisy_step_and_pause,19.3,165.0,-90.0,1,0
noisy_step_and_pause_001,noisy_step_and_pause,19.31667,163.5,-90.0,1,0
noisy_step_and_pause_001,noisy_step_and_pause,19.33333,162.0,-90.0,1,0
noisy_step_and_pause_001,noisy_step_and_pause,19.35,160.5,-90.0,1,0
noisy_step_and_pause_001,noisy_step_and_pause,19.36667,159.0,-90.0,1,0
noisy_step_and_pause_001,noisy_step_and_pause,19.38333,157.5,-90.0,1,0
noisy_step_and_pause_001,noisy_step_and_pause,19.4,156.0,-90.0,1,0
noisy_step_and_pause_001,noisy_step_and_pause,19.41667,154.5,-90.0,1,0
noisy_step_and_pause_001,noisy_step_and_pause,19.43333,153.0,-90.0,1,0
noisy_step_and_pause_001,noisy_step_and_pause,19.45,151.5,-90.0,1,0
noisy_step_and_pause_001,noisy_step_and_pause,19.46667,150.0,-90.0,0,1
noisy_step_and_pause_001,noisy_step_and_pause,19.48333,151.5,90.0,1,0
noisy_step_and_pause_001,noisy_step_and_pause,19.5,150.0,-90.0,1,0
noisy_step_and_pause_001,noisy_step_and_pause,19.51667,148.5,-90.0,1,0
noisy_step_and_pause_001,noisy_step_and_pause,19.53333,147.0,-90.0,1,0
noisy_step_and_pause_001,noisy_step_and_pause,19.55,145.5,-90.0,1,0
noisy_step_and_pause_001,noisy_step_and_pause,19.56667,144.0,-90.0,1,0
noisy_step_and_pause_001,noisy_step_and_pause,19.58333,142.5,-90.0,1,0
noisy_step_and_pause_001,noisy_step_and_pause,19.6,141.0,-90.0,1,0
noisy_step_and_pause_001,noisy_step_and_pause,19.61667,139.5,-90.0,1,0
noisy_step_and_pause_001,noisy_step_and_pause,19.63333,138.0,-90.0,0,1
noisy_step_and_pause_001,noisy_step_and_pause,19.65,139.5,90.0,0,0
noisy_step_and_pause_001,noisy_step_and_pause,19.66667,139.5,0.0,1,0
noisy_step_and_pause_001,noisy_step_and_pause,19.68333,138.0,-90.0,1,0
noisy_step_and_pause_001,noisy_step_and_pause,19.7,136.5,-90.0,1,0
noisy_step_and_pause_001,noisy_step_and_pause,19.71667,135.0,-90.0,1,0
noisy_step_and_pause_001,noisy_step_and_pause,19.73333,133.5,-90.0,1,0
noisy_step_and_pause_001,noisy_step_and_pause,19.75,132.0,-90.0,1,0
noisy_step_and_pause_001,noisy_step_and_pause,19.76667,130.5,-90.0,1,0
noisy_step_and_pause_001,noisy_step_and_pause,19.78333,129.0,-90.0,1,0
noisy_step_and_pause_001,noisy_step_and_pause,19.8,127.5,-90.0,1,0
noisy_step_and_pause_001,noisy_step_and_pause,19.81667,126.0,-90.0,1,0
noisy_step_and_pause_001,noisy_step_and_pause,19.83333,124.5,-90.0,1,0
noisy_step_and_pause_001,noisy_step_and_pause,19.85,123.0,-90.0,0,1
noisy_step_and_pause_001,noisy_step_and_pause,19.86667,124.5,90.0,0,1
noisy_step_and_pause_001,noisy_step_and_pause,19.88333,126.0,90.0,0,1
noisy_step_and_pause_001,noisy_step_and_pause,19.9,127.5,90.0,0,1
noisy_step_and_pause_001,noisy_step_and_pause,19.91667,129.0,90.0,0,1
noisy_step_and_pause_001,noisy_step_and_pause,19.93333,130.5,90.0,0,1
noisy_step_and_pause_001,noisy_step_and_pause,19.95,132.0,90.0,0,0
noisy_step_and_pause_001,noisy_step_and_pause,19.96667,132.0,0.0,0,1
noisy_step_and_pause_001,noisy_step_and_pause,19.98333,133.5,90.0,0,1
noisy_step_and_pause_001,noisy_step_and_pause,20.0,135.0,90.0,0,1
noisy_step_and_pause_001,noisy_step_and_pause,20.01667,136.5,90.0,0,1
noisy_step_and_pause_001,noisy_step_and_pause,20.03333,138.0,90.0,0,1
noisy_step_and_pause_001,noisy_step_and_pause,20.05,139.5,90.0,0,1
noisy_step_and_pause_001,noisy_step_and_pause,20.06667,141.0,90.0,0,1
noisy_step_and_pause_001,noisy_step_and_pause,20.08333,142.5,90.0,0,1
noisy_step_and_pause_001,noisy_step_and_pause,20.1,144.0,90.0,0,0
noisy_step_and_pause_001,noisy_step_and_pause,20.11667,144.0,0.0,0,1
noisy_step_and_pause_001,noisy_step_and_pause,20.13333,145.5,90.0,0,1
noisy_step_and_pause_001,noisy_step_and_pause,20.15,147.0,90.0,0,1
noisy_step_and_pause_001,noisy_step_and_pause,20.16667,148.5,90.0,0,1
noisy_step_and_pause_001,noisy_step_and_pause,20.18333,150.0,90.0,0,1
noisy_step_and_pause_001,noisy_step_and_pause,20.2,151.5,90.0,0,1
noisy_step_and_pause_001,noisy_step_and_pause,20.21667,153.0,90.0,0,1
noisy_step_and_pause_001,noisy_step_and_pause,20.23333,154.5,90.0,0,1
noisy_step_and_pause_001,noisy_step_and_pause,20.25,156.0,90.0,0,1
noisy_step_and_pause_001,noisy_step_and_pause,20.26667,157.5,90.0,0,1
noisy_step_and_pause_001,noisy_step_and_pause,20.28333,159.0,90.0,0,1
noisy_step_and_pause_001,noisy_step_and_pause,20.3,160.5,90.0,0,1
noisy_step_and_pause_001,noisy_step_and_pause,20.31667,162.0,90.0,0,1
noisy_step_and_pause_001,noisy_step_and_pause,20.33333,163.5,90.0,0,1
noisy_step_and_pause_001,noisy_step_and_pause,20.35,165.0,90.0,0,1
noisy_step_and_pause_001,noisy_step_and_pause,20.36667,166.5,90.0,0,1
noisy_step_and_pause_001,noisy_step_and_pause,20.38333,168.0,90.0,0,1
noisy_step_and_pause_001,noisy_step_and_pause,20.4,169.5,90.0,0,1
noisy_step_and_pause_001,noisy_step_and_pause,20.41667,171.0,90.0,0,1
noisy_step_and_pause_001,noisy_step_and_pause,20.43333,172.5,90.0,0,1
noisy_step_and_pause_001,noisy_step_and_pause,20.45,174.0,90.0,0,1
noisy_step_and_pause_001,noisy_step_and_pause,20.46667,175.5,90.0,0,1
noisy_step_and_pause_001,noisy_step_and_pause,20.48333,177.0,90.0,0,1
noisy_step_and_pause_001,noisy_step_and_pause,20.5,178.5,90.0,0,1
noisy_step_and_pause_001,noisy_step_and_pause,20.51667,180.0,90.0,0,1
noisy_step_and_pause_001,noisy_step_and_pause,20.53333,181.5,90.0,0,1
noisy_step_and_pause_001,noisy_step_and_pause,20.55,183.0,90.0,0,1
noisy_step_and_pause_001,noisy_step_and_pause,20.56667,184.5,90.0,0,1
noisy_step_and_pause_001,noisy_step_and_pause,20.58333,186.0,90.0,0,1
noisy_step_and_pause_001,noisy_step_and_pause,20.6,187.5,90.0,0,1
noisy_step_and_pause_001,noisy_step_and_pause,20.61667,189.0,90.0,0,1
noisy_step_and_pause_001,noisy_step_and_pause,20.63333,190.5,90.0,0,1
noisy_step_and_pause_001,noisy_step_and_pause,20.65,192.0,90.0,0,1
noisy_step_and_pause_001,noisy_step_and_pause,20.66667,193.5,90.0,0,1
noisy_step_and_pause_001,noisy_step_and_pause,20.68333,195.0,90.0,0,1
noisy_step_and_pause_001,noisy_step_and_pause,20.7,196.5,90.0,0,1
noisy_step_and_pause_001,noisy_step_and_pause,20.71667,198.0,90.0,0,1
noisy_step_and_pause_001,noisy_step_and_pause,20.73333,199.5,90.0,0,1
noisy_step_and_pause_001,noisy_step_and_pause,20.75,201.0,90.0,0,1
noisy_step_and_pause_001,noisy_step_and_pause,20.76667,202.5,90.0,0,1
noisy_step_and_pause_001,noisy_step_and_pause,20.78333,204,90.0,0,0
noisy_step_and_pause_001,noisy_step_and_pause,20.8,204,0.0,0,0
noisy_step_and_pause_001,noisy_step_and_pause,20.81667,204,0.0,0,0
noisy_step_and_pause_001,noisy_step_and_pause,20.83333,204,0.0,0,0
noisy_step_and_pause_001,noisy_step_and_pause,20.85,204,0.0,0,0
noisy_step_and_pause_001,noisy_step_and_pause,20.86667,204,0.0,0,0
noisy_step_and_pause_001,noisy_step_and_pause,20.88333,204,0.0,0,0
noisy_step_and_pause_001,noisy_step_and_pause,20.9,204,0.0,0,0
noisy_step_and_pause_001,noisy_step_and_pause,20.91667,204,0.0,0,0
noisy_step_and_pause_001,noisy_step_and_pause,20.93333,204,0.0,0,0
noisy_step_and_pause_001,noisy_step_and_pause,20.95,204,0.0,0,0
noisy_step_and_pause_001,noisy_step_and_pause,20.96667,204,0.0,0,0
noisy_step_and_pause_001,noisy_step_and_pause,20.98333,204,0.0,0,0
noisy_step_and_pause_001,noisy_step_and_pause,21.0,204,0.0,0,0
noisy_step_and_pause_001,noisy_step_and_pause,21.01667,204,0.0,0,0
noisy_step_and_pause_001,noisy_step_and_pause,21.03333,204,0.0,0,0
noisy_step_and_pause_001,noisy_step_and_pause,21.05,204,0.0,0,0
noisy_step_and_pause_001,noisy_step_and_pause,21.06667,204,0.0,0,0
noisy_step_and_pause_001,noisy_step_and_pause,21.08333,204,0.0,0,0
noisy_step_and_pause_001,noisy_step_and_pause,21.1,204,0.0,0,0
noisy_step_and_pause_001,noisy_step_and_pause,21.11667,204,0.0,0,0
noisy_step_and_pause_001,noisy_step_and_pause,21.13333,204,0.0,0,0
noisy_step_and_pause_001,noisy_step_and_pause,21.15,204,0.0,0,0
noisy_step_and_pause_001,noisy_step_and_pause,21.16667,204,0.0,0,0
noisy_step_and_pause_001,noisy_step_and_pause,21.18333,204,0.0,0,0
noisy_step_and_pause_001,noisy_step_and_pause,21.2,204,0.0,0,0
noisy_step_and_pause_001,noisy_step_and_pause,21.21667,204,0.0,0,0
noisy_step_and_pause_001,noisy_step_and_pause,21.23333,204,0.0,0,0
noisy_step_and_pause_001,noisy_step_and_pause,21.25,204,0.0,0,0
noisy_step_and_pause_001,noisy_step_and_pause,21.26667,204,0.0,0,0
noisy_step_and_pause_001,noisy_step_and_pause,21.28333,204,0.0,0,0
noisy_step_and_pause_001,noisy_step_and_pause,21.3,204,0.0,0,0
noisy_step_and_pause_001,noisy_step_and_pause,21.31667,204,0.0,0,0
noisy_step_and_pause_001,noisy_step_and_pause,21.33333,204,0.0,0,0
noisy_step_and_pause_001,noisy_step_and_pause,21.35,204,0.0,0,0
noisy_step_and_pause_001,noisy_step_and_pause,21.36667,204,0.0,0,0
noisy_step_and_pause_001,noisy_step_and_pause,21.38333,204,0.0,0,0
noisy_step_and_pause_001,noisy_step_and_pause,21.4,204,0.0,0,0
noisy_step_and_pause_001,noisy_step_and_pause,21.41667,204,0.0,0,0
noisy_step_and_pause_001,noisy_step_and_pause,21.43333,204,0.0,0,0
noisy_step_and_pause_001,noisy_step_and_pause,21.45,204,0.0,0,0
noisy_step_and_pause_001,noisy_step_and_pause,21.46667,204,0.0,0,0
noisy_step_and_pause_001,noisy_step_and_pause,21.48333,204,0.0,0,0
noisy_step_and_pause_001,noisy_step_and_pause,21.5,204,0.0,0,1
noisy_step_and_pause_001,noisy_step_and_pause,21.51667,204,0.0,0,0
noisy_step_and_pause_001,noisy_step_and_pause,21.53333,204,0.0,0,0
noisy_step_and_pause_001,noisy_step_and_pause,21.55,204,0.0,0,0
noisy_step_and_pause_001,noisy_step_and_pause,21.56667,204,0.0,0,0
noisy_step_and_pause_001,noisy_step_and_pause,21.58333,204,0.0,0,0
noisy_step_and_pause_001,noisy_step_and_pause,21.6,204,0.0,0,0
noisy_step_and_pause_001,noisy_step_and_pause,21.61667,204,0.0,0,0
noisy_step_and_pause_001,noisy_step_and_pause,21.63333,204,0.0,0,0
noisy_step_and_pause_001,noisy_step_and_pause,21.65,204,0.0,0,0
noisy_step_and_pause_001,noisy_step_and_pause,21.66667,204,0.0,0,0
noisy_step_and_pause_001,noisy_step_and_pause,21.68333,204,0.0,0,0
noisy_step_and_pause_001,noisy_step_and_pause,21.7,204,0.0,0,0
noisy_step_and_pause_001,noisy_step_and_pause,21.71667,204,0.0,0,0
noisy_step_and_pause_001,noisy_step_and_pause,21.73333,204,0.0,0,0
noisy_step_and_pause_001,noisy_step_and_pause,21.75,204,0.0,0,0
noisy_step_and_pause_001,noisy_step_and_pause,21.76667,204,0.0,0,0
noisy_step_and_pause_001,noisy_step_and_pause,21.78333,204,0.0,0,0
noisy_step_and_pause_001,noisy_step_and_pause,21.8,204,0.0,0,0
noisy_step_and_pause_001,noisy_step_and_pause,21.81667,204,0.0,1,0
noisy_step_and_pause_001,noisy_step_and_pause,21.83333,202.5,-90.0,1,0
noisy_step_and_pause_001,noisy_step_and_pause,21.85,201.0,-90.0,1,0
noisy_step_and_pause_001,noisy_step_and_pause,21.86667,199.5,-90.0,1,0
noisy_step_and_pause_001,noisy_step_and_pause,21.88333,198.0,-90.0,1,0
noisy_step_and_pause_001,noisy_step_and_pause,21.9,196.5,-90.0,1,0
noisy_step_and_pause_001,noisy_step_and_pause,21.91667,195.0,-90.0,1,0
noisy_step_and_pause_001,noisy_step_and_pause,21.93333,193.5,-90.0,1,0
noisy_step_and_pause_001,noisy_step_and_pause,21.95,192.0,-90.0,1,0
noisy_step_and_pause_001,noisy_step_and_pause,21.96667,190.5,-90.0,1,0
noisy_step_and_pause_001,noisy_step_and_pause,21.98333,189.0,-90.0,1,0
noisy_step_and_pause_001,noisy_step_and_pause,22.0,187.5,-90.0,1,0
noisy_step_and_pause_001,noisy_step_and_pause,22.01667,186.0,-90.0,1,0
noisy_step_and_pause_001,noisy_step_and_pause,22.03333,184.5,-90.0,1,0
noisy_step_and_pause_001,noisy_step_and_pause,22.05,183.0,-90.0,1,0
noisy_step_and_pause_001,noisy_step_and_pause,22.06667,181.5,-90.0,1,0
noisy_step_and_pause_001,noisy_step_and_pause,22.08333,180.0,-90.0,1,0
noisy_step_and_pause_001,noisy_step_and_pause,22.1,178.5,-90.0,1,0
noisy_step_and_pause_001,noisy_step_and_pause,22.11667,177.0,-90.0,1,0
noisy_step_and_pause_001,noisy_step_and_pause,22.13333,175.5,-90.0,1,0
noisy_step_and_pause_001,noisy_step_and_pause,22.15,174.0,-90.0,1,0
noisy_step_and_pause_001,noisy_step_and_pause,22.16667,172.5,-90.0,1,0
noisy_step_and_pause_001,noisy_step_and_pause,22.18333,171.0,-90.0,1,0
noisy_step_and_pause_001,noisy_step_and_pause,22.2,169.5,-90.0,1,0
noisy_step_and_pause_001,noisy_step_and_pause,22.21667,168.0,-90.0,1,0
noisy_step_and_pause_001,noisy_step_and_pause,22.23333,166.5,-90.0,1,0
noisy_step_and_pause_001,noisy_step_and_pause,22.25,165.0,-90.0,1,0
noisy_step_and_pause_001,noisy_step_and_pause,22.26667,163.5,-90.0,1,0
noisy_step_and_pause_001,noisy_step_and_pause,22.28333,162.0,-90.0,1,0
noisy_step_and_pause_001,noisy_step_and_pause,22.3,160.5,-90.0,0,1
noisy_step_and_pause_001,noisy_step_and_pause,22.31667,162.0,90.0,1,0
noisy_step_and_pause_001,noisy_step_and_pause,22.33333,160.5,-90.0,1,0
noisy_step_and_pause_001,noisy_step_and_pause,22.35,159.0,-90.0,0,0
noisy_step_and_pause_001,noisy_step_and_pause,22.36667,159.0,0.0,1,0
noisy_step_and_pause_001,noisy_step_and_pause,22.38333,157.5,-90.0,1,0
noisy_step_and_pause_001,noisy_step_and_pause,22.4,156.0,-90.0,1,0
noisy_step_and_pause_001,noisy_step_and_pause,22.41667,154.5,-90.0,1,0
noisy_step_and_pause_001,noisy_step_and_pause,22.43333,153.0,-90.0,1,0
noisy_step_and_pause_001,noisy_step_and_pause,22.45,151.5,-90.0,1,0
noisy_step_and_pause_001,noisy_step_and_pause,22.46667,150.0,-90.0,1,0
noisy_step_and_pause_001,noisy_step_and_pause,22.48333,148.5,-90.0,1,0
noisy_step_and_pause_001,noisy_step_and_pause,22.5,147.0,-90.0,1,0
noisy_step_and_pause_001,noisy_step_and_pause,22.51667,145.5,-90.0,1,0
noisy_step_and_pause_001,noisy_step_and_pause,22.53333,144.0,-90.0,1,0
noisy_step_and_pause_001,noisy_step_and_pause,22.55,142.5,-90.0,1,0
noisy_step_and_pause_001,noisy_step_and_pause,22.56667,141.0,-90.0,1,0
noisy_step_and_pause_001,noisy_step_and_pause,22.58333,139.5,-90.0,1,0
noisy_step_and_pause_001,noisy_step_and_pause,22.6,138.0,-90.0,1,0
noisy_step_and_pause_001,noisy_step_and_pause,22.61667,136.5,-90.0,1,0
noisy_step_and_pause_001,noisy_step_and_pause,22.63333,135.0,-90.0,1,0
noisy_step_and_pause_001,noisy_step_and_pause,22.65,133.5,-90.0,1,0
noisy_step_and_pause_001,noisy_step_and_pause,22.66667,132.0,-90.0,1,0
noisy_step_and_pause_001,noisy_step_and_pause,22.68333,130.5,-90.0,1,0
noisy_step_and_pause_001,noisy_step_and_pause,22.7,129.0,-90.0,1,0
noisy_step_and_pause_001,noisy_step_and_pause,22.71667,127.5,-90.0,1,0
noisy_step_and_pause_001,noisy_step_and_pause,22.73333,126.0,-90.0,1,0
noisy_step_and_pause_001,noisy_step_and_pause,22.75,124.5,-90.0,1,0
noisy_step_and_pause_001,noisy_step_and_pause,22.76667,123.0,-90.0,1,0
noisy_step_and_pause_001,noisy_step_and_pause,22.78333,121.5,-90.0,0,1
noisy_step_and_pause_001,noisy_step_and_pause,22.8,123.0,90.0,0,1
noisy_step_and_pause_001,noisy_step_and_pause,22.81667,124.5,90.0,0,1
noisy_step_and_pause_001,noisy_step_and_pause,22.83333,126.0,90.0,0,1
noisy_step_and_pause_001,noisy_step_and_pause,22.85,127.5,90.0,0,1
noisy_step_and_pause_001,noisy_step_and_pause,22.86667,129.0,90.0,0,1
noisy_step_and_pause_001,noisy_step_and_pause,22.88333,130.5,90.0,0,1
noisy_step_and_pause_001,noisy_step_and_pause,22.9,132.0,90.0,0,1
noisy_step_and_pause_001,noisy_step_and_pause,22.91667,133.5,90.0,0,1
noisy_step_and_pause_001,noisy_step_and_pause,22.93333,135.0,90.0,0,1
noisy_step_and_pause_001,noisy_step_and_pause,22.95,136.5,90.0,0,1
noisy_step_and_pause_001,noisy_step_and_pause,22.96667,138.0,90.0,0,1
noisy_step_and_pause_001,noisy_step_and_pause,22.98333,139.5,90.0,0,1
noisy_step_and_pause_001,noisy_step_and_pause,23.0,141.0,90.0,0,1
noisy_step_and_pause_001,noisy_step_and_pause,23.01667,142.5,90.0,1,0
noisy_step_and_pause_001,noisy_step_and_pause,23.03333,141.0,-90.0,0,1
noisy_step_and_pause_001,noisy_step_and_pause,23.05,142.5,90.0,0,1
noisy_step_and_pause_001,noisy_step_and_pause,23.06667,144.0,90.0,0,1
noisy_step_and_pause_001,noisy_step_and_pause,23.08333,145.5,90.0,1,0
noisy_step_and_pause_001,noisy_step_and_pause,23.1,144.0,-90.0,0,1
noisy_step_and_pause_001,noisy_step_and_pause,23.11667,145.5,90.0,0,1
noisy_step_and_pause_001,noisy_step_and_pause,23.13333,147.0,90.0,0,1
noisy_step_and_pause_001,noisy_step_and_pause,23.15,148.5,90.0,0,1
noisy_step_and_pause_001,noisy_step_and_pause,23.16667,150.0,90.0,0,1
noisy_step_and_pause_001,noisy_step_and_pause,23.18333,151.5,90.0,0,0
noisy_step_and_pause_001,noisy_step_and_pause,23.2,151.5,0.0,0,1
noisy_step_and_pause_001,noisy_step_and_pause,23.21667,153.0,90.0,0,1
noisy_step_and_pause_001,noisy_step_and_pause,23.23333,154.5,90.0,0,0
noisy_step_and_pause_001,noisy_step_and_pause,23.25,154.5,0.0,0,1
noisy_step_and_pause_001,noisy_step_and_pause,23.26667,156.0,90.0,0,1
noisy_step_and_pause_001,noisy_step_and_pause,23.28333,157.5,90.0,0,1
noisy_step_and_pause_001,noisy_step_and_pause,23.3,159.0,90.0,0,1
noisy_step_and_pause_001,noisy_step_and_pause,23.31667,160.5,90.0,0,1
noisy_step_and_pause_001,noisy_step_and_pause,23.33333,162.0,90.0,0,1
noisy_step_and_pause_001,noisy_step_and_pause,23.35,163.5,90.0,0,1
noisy_step_and_pause_001,noisy_step_and_pause,23.36667,165.0,90.0,0,1
noisy_step_and_pause_001,noisy_step_and_pause,23.38333,166.5,90.0,0,1
noisy_step_and_pause_001,noisy_step_and_pause,23.4,168.0,90.0,0,1
noisy_step_and_pause_001,noisy_step_and_pause,23.41667,169.5,90.0,0,1
noisy_step_and_pause_001,noisy_step_and_pause,23.43333,171.0,90.0,0,1
noisy_step_and_pause_001,noisy_step_and_pause,23.45,172.5,90.0,0,1
noisy_step_and_pause_001,noisy_step_and_pause,23.46667,174.0,90.0,0,1
noisy_step_and_pause_001,noisy_step_and_pause,23.48333,175.5,90.0,0,1
noisy_step_and_pause_001,noisy_step_and_pause,23.5,177.0,90.0,0,0
noisy_step_and_pause_001,noisy_step_and_pause,23.51667,177.0,0.0,0,1
noisy_step_and_pause_001,noisy_step_and_pause,23.53333,178.5,90.0,0,1
noisy_step_and_pause_001,noisy_step_and_pause,23.55,180.0,90.0,0,1
noisy_step_and_pause_001,noisy_step_and_pause,23.56667,181.5,90.0,0,0
noisy_step_and_pause_001,noisy_step_and_pause,23.58333,181.5,0.0,0,1
noisy_step_and_pause_001,noisy_step_and_pause,23.6,183.0,90.0,0,1
noisy_step_and_pause_001,noisy_step_and_pause,23.61667,184.5,90.0,0,1
noisy_step_and_pause_001,noisy_step_and_pause,23.63333,186.0,90.0,0,1
noisy_step_and_pause_001,noisy_step_and_pause,23.65,187.5,90.0,0,1
noisy_step_and_pause_001,noisy_step_and_pause,23.66667,189.0,90.0,0,1
noisy_step_and_pause_001,noisy_step_and_pause,23.68333,190.5,90.0,0,1
noisy_step_and_pause_001,noisy_step_and_pause,23.7,192.0,90.0,0,1
noisy_step_and_pause_001,noisy_step_and_pause,23.71667,193.5,90.0,0,1
noisy_step_and_pause_001,noisy_step_and_pause,23.73333,195.0,90.0,0,1
noisy_step_and_pause_001,noisy_step_and_pause,23.75,196.5,90.0,0,1
noisy_step_and_pause_001,noisy_step_and_pause,23.76667,198.0,90.0,0,1
noisy_step_and_pause_001,noisy_step_and_pause,23.78333,199.5,90.0,0,1
noisy_step_and_pause_001,noisy_step_and_pause,23.8,201.0,90.0,0,1
noisy_step_and_pause_001,noisy_step_and_pause,23.81667,202.5,90.0,0,1
noisy_step_and_pause_001,noisy_step_and_pause,23.83333,204,90.0,0,0
noisy_step_and_pause_001,noisy_step_and_pause,23.85,204,0.0,0,0
noisy_step_and_pause_001,noisy_step_and_pause,23.86667,204,0.0,0,0
noisy_step_and_pause_001,noisy_step_and_pause,23.88333,204,0.0,0,0
noisy_step_and_pause_001,noisy_step_and_pause,23.9,204,0.0,0,0
noisy_step_and_pause_001,noisy_step_and_pause,23.91667,204,0.0,0,0
noisy_step_and_pause_001,noisy_step_and_pause,23.93333,204,0.0,1,0
noisy_step_and_pause_001,noisy_step_and_pause,23.95,202.5,-90.0,0,1
noisy_step_and_pause_001,noisy_step_and_pause,23.96667,204,90.0,0,0
noisy_step_and_pause_001,noisy_step_and_pause,23.98333,204,0.0,0,0
noisy_step_and_pause_001,noisy_step_and_pause,24.0,204,0.0,0,0
noisy_step_and_pause_001,noisy_step_and_pause,24.01667,204,0.0,0,0
noisy_step_and_pause_001,noisy_step_and_pause,24.03333,204,0.0,0,0
noisy_step_and_pause_001,noisy_step_and_pause,24.05,204,0.0,0,0
noisy_step_and_pause_001,noisy_step_and_pause,24.06667,204,0.0,0,1
noisy_step_and_pause_001,noisy_step_and_pause,24.08333,204,0.0,0,0
noisy_step_and_pause_001,noisy_step_and_pause,24.1,204,0.0,0,0
noisy_step_and_pause_001,noisy_step_and_pause,24.11667,204,0.0,0,0
noisy_step_and_pause_001,noisy_step_and_pause,24.13333,204,0.0,0,0
noisy_step_and_pause_001,noisy_step_and_pause,24.15,204,0.0,0,0
noisy_step_and_pause_001,noisy_step_and_pause,24.16667,204,0.0,0,0
noisy_step_and_pause_001,noisy_step_and_pause,24.18333,204,0.0,0,0
noisy_step_and_pause_001,noisy_step_and_pause,24.2,204,0.0,0,0
noisy_step_and_pause_001,noisy_step_and_pause,24.21667,204,0.0,0,0
noisy_step_and_pause_001,noisy_step_and_pause,24.23333,204,0.0,0,0
noisy_step_and_pause_001,noisy_step_and_pause,24.25,204,0.0,0,0
noisy_step_and_pause_001,noisy_step_and_pause,24.26667,204,0.0,0,0
noisy_step_and_pause_001,noisy_step_and_pause,24.28333,204,0.0,0,0
noisy_step_and_pause_001,noisy_step_and_pause,24.3,204,0.0,0,0
noisy_step_and_pause_001,noisy_step_and_pause,24.31667,204,0.0,0,0
noisy_step_and_pause_001,noisy_step_and_pause,24.33333,204,0.0,0,0
noisy_step_and_pause_001,noisy_step_and_pause,24.35,204,0.0,0,0
noisy_step_and_pause_001,noisy_step_and_pause,24.36667,204,0.0,0,0
noisy_step_and_pause_001,noisy_step_and_pause,24.38333,204,0.0,0,0
noisy_step_and_pause_001,noisy_step_and_pause,24.4,204,0.0,0,0
noisy_step_and_pause_001,noisy_step_and_pause,24.41667,204,0.0,0,0
noisy_step_and_pause_001,noisy_step_and_pause,24.43333,204,0.0,0,0
noisy_step_and_pause_001,noisy_step_and_pause,24.45,204,0.0,0,0
noisy_step_and_pause_001,noisy_step_and_pause,24.46667,204,0.0,0,0
noisy_step_and_pause_001,noisy_step_and_pause,24.48333,204,0.0,0,0
noisy_step_and_pause_001,noisy_step_and_pause,24.5,204,0.0,0,0
noisy_step_and_pause_001,noisy_step_and_pause,24.51667,204,0.0,0,0
noisy_step_and_pause_001,noisy_step_and_pause,24.53333,204,0.0,0,0
noisy_step_and_pause_001,noisy_step_and_pause,24.55,204,0.0,0,0
noisy_step_and_pause_001,noisy_step_and_pause,24.56667,204,0.0,0,0
noisy_step_and_pause_001,noisy_step_and_pause,24.58333,204,0.0,0,0
noisy_step_and_pause_001,noisy_step_and_pause,24.6,204,0.0,0,0
noisy_step_and_pause_001,noisy_step_and_pause,24.61667,204,0.0,0,0
noisy_step_and_pause_001,noisy_step_and_pause,24.63333,204,0.0,0,0
noisy_step_and_pause_001,noisy_step_and_pause,24.65,204,0.0,0,0
noisy_step_and_pause_001,noisy_step_and_pause,24.66667,204,0.0,0,0
noisy_step_and_pause_001,noisy_step_and_pause,24.68333,204,0.0,0,0
noisy_step_and_pause_001,noisy_step_and_pause,24.7,204,0.0,0,0
noisy_step_and_pause_001,noisy_step_and_pause,24.71667,204,0.0,0,0
noisy_step_and_pause_001,noisy_step_and_pause,24.73333,204,0.0,0,0
noisy_step_and_pause_001,noisy_step_and_pause,24.75,204,0.0,0,0
noisy_step_and_pause_001,noisy_step_and_pause,24.76667,204,0.0,0,0
noisy_step_and_pause_001,noisy_step_and_pause,24.78333,204,0.0,0,0
noisy_step_and_pause_001,noisy_step_and_pause,24.8,204,0.0,0,0
noisy_step_and_pause_001,noisy_step_and_pause,24.81667,204,0.0,0,0
noisy_step_and_pause_001,noisy_step_and_pause,24.83333,204,0.0,0,0
noisy_step_and_pause_001,noisy_step_and_pause,24.85,204,0.0,0,0
noisy_step_and_pause_001,noisy_step_and_pause,24.86667,204,0.0,0,0
noisy_step_and_pause_001,noisy_step_and_pause,24.88333,204,0.0,0,0
noisy_step_and_pause_001,noisy_step_and_pause,24.9,204,0.0,0,0
noisy_step_and_pause_001,noisy_step_and_pause,24.91667,204,0.0,1,0
noisy_step_and_pause_001,noisy_step_and_pause,24.93333,202.5,-90.0,1,0
noisy_step_and_pause_001,noisy_step_and_pause,24.95,201.0,-90.0,1,0
noisy_step_and_pause_001,noisy_step_and_pause,24.96667,199.5,-90.0,1,0
noisy_step_and_pause_001,noisy_step_and_pause,24.98333,198.0,-90.0,1,0
noisy_step_and_pause_001,noisy_step_and_pause,25.0,196.5,-90.0,1,0
noisy_step_and_pause_001,noisy_step_and_pause,25.01667,195.0,-90.0,1,0
noisy_step_and_pause_001,noisy_step_and_pause,25.03333,193.5,-90.0,1,0
noisy_step_and_pause_001,noisy_step_and_pause,25.05,192.0,-90.0,1,0
noisy_step_and_pause_001,noisy_step_and_pause,25.06667,190.5,-90.0,1,0
noisy_step_and_pause_001,noisy_step_and_pause,25.08333,189.0,-90.0,1,0
noisy_step_and_pause_001,noisy_step_and_pause,25.1,187.5,-90.0,1,0
noisy_step_and_pause_001,noisy_step_and_pause,25.11667,186.0,-90.0,1,0
noisy_step_and_pause_001,noisy_step_and_pause,25.13333,184.5,-90.0,1,0
noisy_step_and_pause_001,noisy_step_and_pause,25.15,183.0,-90.0,1,0
noisy_step_and_pause_001,noisy_step_and_pause,25.16667,181.5,-90.0,1,0
noisy_step_and_pause_001,noisy_step_and_pause,25.18333,180.0,-90.0,1,0
noisy_step_and_pause_001,noisy_step_and_pause,25.2,178.5,-90.0,1,0
noisy_step_and_pause_001,noisy_step_and_pause,25.21667,177.0,-90.0,1,0
noisy_step_and_pause_001,noisy_step_and_pause,25.23333,175.5,-90.0,0,1
noisy_step_and_pause_001,noisy_step_and_pause,25.25,177.0,90.0,1,0
noisy_step_and_pause_001,noisy_step_and_pause,25.26667,175.5,-90.0,1,0
noisy_step_and_pause_001,noisy_step_and_pause,25.28333,174.0,-90.0,1,0
noisy_step_and_pause_001,noisy_step_and_pause,25.3,172.5,-90.0,1,0
noisy_step_and_pause_001,noisy_step_and_pause,25.31667,171.0,-90.0,1,0
noisy_step_and_pause_001,noisy_step_and_pause,25.33333,169.5,-90.0,1,0
noisy_step_and_pause_001,noisy_step_and_pause,25.35,168.0,-90.0,0,1
noisy_step_and_pause_001,noisy_step_and_pause,25.36667,169.5,90.0,1,0
noisy_step_and_pause_001,noisy_step_and_pause,25.38333,168.0,-90.0,1,0
noisy_step_and_pause_001,noisy_step_and_pause,25.4,166.5,-90.0,1,0
noisy_step_and_pause_001,noisy_step_and_pause,25.41667,165.0,-90.0,1,0
noisy_step_and_pause_001,noisy_step_and_pause,25.43333,163.5,-90.0,1,0
noisy_step_and_pause_001,noisy_step_and_pause,25.45,162.0,-90.0,0,1
noisy_step_and_pause_001,noisy_step_and_pause,25.46667,163.5,90.0,1,0
noisy_step_and_pause_001,noisy_step_and_pause,25.48333,162.0,-90.0,1,0
noisy_step_and_pause_001,noisy_step_and_pause,25.5,160.5,-90.0,1,0
