session_id,pattern,t,x,vx,input_left,input_right
noisy_sine_002,noisy_sine,0.0,196.56,0.0,1,0
noisy_sine_002,noisy_sine,0.01667,195.06,-90.0,1,0
noisy_sine_002,noisy_sine,0.03333,193.56,-90.0,1,0
noisy_sine_002,noisy_sine,0.05,192.06,-90.0,1,0
noisy_sine_002,noisy_sine,0.06667,190.56,-90.0,1,0
noisy_sine_002,noisy_sine,0.08333,189.06,-90.0,1,0
noisy_sine_002,noisy_sine,0.1,187.56,-90.0,1,0
noisy_sine_002,noisy_sine,0.11667,186.06,-90.0,0,0
noisy_sine_002,noisy_sine,0.13333,186.06,0.0,1,0
noisy_sine_002,noisy_sine,0.15,184.56,-90.0,1,0
noisy_sine_002,noisy_sine,0.16667,183.06,-90.0,0,0
noisy_sine_002,noisy_sine,0.18333,183.06,0.0,1,0
noisy_sine_002,noisy_sine,0.2,181.56,-90.0,0,0
noisy_sine_002,noisy_sine,0.21667,181.56,0.0,1,0
noisy_sine_002,noisy_sine,0.23333,180.06,-90.0,1,0
noisy_sine_002,noisy_sine,0.25,178.56,-90.0,0,0
noisy_sine_002,noisy_sine,0.26667,178.56,0.0,1,0
noisy_sine_002,noisy_sine,0.28333,177.06,-90.0,0,0
noisy_sine_002,noisy_sine,0.3,177.06,0.0,1,0
noisy_sine_002,noisy_sine,0.31667,175.56,-90.0,1,0
noisy_sine_002,noisy_sine,0.33333,174.06,-90.0,1,0
noisy_sine_002,noisy_sine,0.35,172.56,-90.0,0,0
noisy_sine_002,noisy_sine,0.36667,172.56,0.0,1,0
noisy_sine_002,noisy_sine,0.38333,171.06,-90.0,1,0
noisy_sine_002,noisy_sine,0.4,169.56,-90.0,1,0
noisy_sine_002,noisy_sine,0.41667,168.06,-90.0,0,0
noisy_sine_002,noisy_sine,0.43333,168.06,0.0,1,0
noisy_sine_002,noisy_sine,0.45,166.56,-90.0,1,0
noisy_sine_002,noisy_sine,0.46667,165.06,-90.0,1,0
noisy_sine_002,noisy_sine,0.48333,163.56,-90.0,1,0
noisy_sine_002,noisy_sine,0.5,162.06,-90.0,1,0
noisy_sine_002,noisy_sine,0.51667,160.56,-90.0,1,0
noisy_sine_002,noisy_sine,0.53333,159.06,-90.0,0,0
noisy_sine_002,noisy_sine,0.55,159.06,0.0,1,0
noisy_sine_002,noisy_sine,0.56667,157.56,-90.0,1,0
noisy_sine_002,noisy_sine,0.58333,156.06,-90.0,1,0
noisy_sine_002,noisy_sine,0.6,154.56,-90.0,1,0
noisy_sine_002,noisy_sine,0.61667,153.06,-90.0,1,0
noisy_sine_002,noisy_sine,0.63333,151.56,-90.0,1,0
noisy_sine_002,noisy_sine,0.65,150.06,-90.0,1,0
noisy_sine_002,noisy_sine,0.66667,148.56,-90.0,1,0
noisy_sine_002,noisy_sine,0.68333,147.06,-90.0,1,0
noisy_sine_002,noisy_sine,0.7,145.56,-90.0,1,0
noisy_sine_002,noisy_sine,0.71667,144.06,-90.0,1,0
noisy_sine_002,noisy_sine,0.73333,142.56,-90.0,1,0
noisy_sine_002,noisy_sine,0.75,141.06,-90.0,1,0
noisy_sine_002,noisy_sine,0.76667,139.56,-90.0,1,0
noisy_sine_002,noisy_sine,0.78333,138.06,-90.0,1,0
noisy_sine_002,noisy_sine,0.8,136.56,-90.0,1,0
noisy_sine_002,noisy_sine,0.81667,135.06,-90.0,1,0
noisy_sine_002,noisy_sine,0.83333,133.56,-90.0,1,0
noisy_sine_002,noisy_sine,0.85,132.06,-90.0,1,0
noisy_sine_002,noisy_sine,0.86667,130.56,-90.0,1,0
noisy_sine_002,noisy_sine,0.88333,129.06,-90.0,1,0
noisy_sine_002,noisy_sine,0.9,127.56,-90.0,1,0
noisy_sine_002,noisy_sine,0.91667,126.06,-90.0,1,0
noisy_sine_002,noisy_sine,0.93333,124.56,-90.0,1,0
noisy_sine_002,noisy_sine,0.95,123.06,-90.0,1,0
noisy_sine_002,noisy_sine,0.96667,121.56,-90.0,1,0
noisy_sine_002,noisy_sine,0.98333,120.06,-90.0,1,0
noisy_sine_002,noisy_sine,1.0,118.56,-90.0,1,0
noisy_sine_002,noisy_sine,1.01667,117.06,-90.0,1,0
noisy_sine_002,noisy_sine,1.03333,115.56,-90.0,1,0
noisy_sine_002,noisy_sine,1.05,114.06,-90.0,1,0
noisy_sine_002,noisy_sine,1.06667,112.56,-90.0,1,0
noisy_sine_002,noisy_sine,1.08333,111.06,-90.0,1,0
noisy_sine_002,noisy_sine,1.1,109.56,-90.0,1,0
noisy_sine_002,noisy_sine,1.11667,108.06,-90.0,1,0
noisy_sine_002,noisy_sine,1.13333,106.56,-90.0,1,0
noisy_sine_002,noisy_sine,1.15,105.06,-90.0,1,0
noisy_sine_002,noisy_sine,1.16667,103.56,-90.0,1,0
noisy_sine_002,noisy_sine,1.18333,102.06,-90.0,1,0
noisy_sine_002,noisy_sine,1.2,100.56,-90.0,1,0
noisy_sine_002,noisy_sine,1.21667,99.06,-90.0,1,0
noisy_sine_002,noisy_sine,1.23333,97.56,-90.0,1,0
noisy_sine_002,noisy_sine,1.25,96.06,-90.0,1,0
noisy_sine_002,noisy_sine,1.26667,94.56,-90.0,1,0
noisy_sine_002,noisy_sine,1.28333,93.06,-90.0,1,0
noisy_sine_002,noisy_sine,1.3,91.56,-90.0,1,0
noisy_sine_002,noisy_sine,1.31667,90.06,-90.0,1,0
noisy_sine_002,noisy_sine,1.33333,88.56,-90.0,1,0
noisy_sine_002,noisy_sine,1.35,87.06,-90.0,1,0
noisy_sine_002,noisy_sine,1.36667,85.56,-90.0,1,0
noisy_sine_002,noisy_sine,1.38333,84.06,-90.0,1,0
noisy_sine_002,noisy_sine,1.4,82.56,-90.0,1,0
noisy_sine_002,noisy_sine,1.41667,81.06,-90.0,1,0
noisy_sine_002,noisy_sine,1.43333,79.56,-90.0,1,0
noisy_sine_002,noisy_sine,1.45,78.06,-90.0,1,0
noisy_sine_002,noisy_sine,1.46667,76.56,-90.0,1,0
noisy_sine_002,noisy_sine,1.48333,75.06,-90.0,1,0
noisy_sine_002,noisy_sine,1.5,73.56,-90.0,1,0
noisy_sine_002,noisy_sine,1.51667,72.06,-90.0,1,0
noisy_sine_002,noisy_sine,1.53333,70.56,-90.0,0,0
noisy_sine_002,noisy_sine,1.55,70.56,0.0,1,0
noisy_sine_002,noisy_sine,1.56667,69.06,-90.0,1,0
noisy_sine_002,noisy_sine,1.58333,67.56,-90.0,1,0
noisy_sine_002,noisy_sine,1.6,66.06,-90.0,1,0
noisy_sine_002,noisy_sine,1.61667,64.56,-90.0,1,0
noisy_sine_002,noisy_sine,1.63333,63.06,-90.0,1,0
noisy_sine_002,noisy_sine,1.65,61.56,-90.0,1,0
noisy_sine_002,noisy_sine,1.66667,60.06,-90.0,1,0
noisy_sine_002,noisy_sine,1.68333,58.56,-90.0,1,0
noisy_sine_002,noisy_sine,1.7,57.06,-90.0,1,0
noisy_sine_002,noisy_sine,1.71667,55.56,-90.0,1,0
noisy_sine_002,noisy_sine,1.73333,54.06,-90.0,1,0
noisy_sine_002,noisy_sine,1.75,52.56,-90.0,1,0
noisy_sine_002,noisy_sine,1.76667,51.06,-90.0,1,0
noisy_sine_002,noisy_sine,1.78333,49.56,-90.0,1,0
noisy_sine_002,noisy_sine,1.8,48.06,-90.0,1,0
noisy_sine_002,noisy_sine,1.81667,46.56,-90.0,1,0
noisy_sine_002,noisy_sine,1.83333,45.06,-90.0,0,1
noisy_sine_002,noisy_sine,1.85,46.56,90.0,1,0
noisy_sine_002,noisy_sine,1.86667,45.06,-90.0,1,0
noisy_sine_002,noisy_sine,1.88333,43.56,-90.0,1,0
noisy_sine_002,noisy_sine,1.9,42.06,-90.0,1,0
noisy_sine_002,noisy_sine,1.91667,40.56,-90.0,1,0
noisy_sine_002,noisy_sine,1.93333,39.06,-90.0,1,0
noisy_sine_002,noisy_sine,1.95,37.56,-90.0,1,0
noisy_sine_002,noisy_sine,1.96667,36.06,-90.0,1,0
noisy_sine_002,noisy_sine,1.98333,34.56,-90.0,1,0
noisy_sine_002,noisy_sine,2.0,33.06,-90.0,1,0
noisy_sine_002,noisy_sine,2.01667,31.56,-90.0,1,0
noisy_sine_002,noisy_sine,2.03333,30.06,-90.0,1,0
noisy_sine_002,noisy_sine,2.05,28.56,-90.0,1,0
noisy_sine_002,noisy_sine,2.06667,27.06,-90.0,1,0
noisy_sine_002,noisy_sine,2.08333,25.56,-90.0,1,0
noisy_sine_002,noisy_sine,2.1,24.06,-90.0,1,0
noisy_sine_002,noisy_sine,2.11667,22.56,-90.0,0,0
noisy_sine_002,noisy_sine,2.13333,22.56,0.0,0,0
noisy_sine_002,noisy_sine,2.15,22.56,0.0,0,0
noisy_sine_002,noisy_sine,2.16667,22.56,0.0,1,0
noisy_sine_002,noisy_sine,2.18333,21.06,-90.0,0,0
noisy_sine_002,noisy_sine,2.2,21.06,0.0,0,0
noisy_sine_002,noisy_sine,2.21667,21.06,0.0,0,0
noisy_sine_002,noisy_sine,2.23333,21.06,0.0,0,0
noisy_sine_002,noisy_sine,2.25,21.06,0.0,1,0
noisy_sine_002,noisy_sine,2.26667,19.56,-90.0,0,0
noisy_sine_002,noisy_sine,2.28333,19.56,0.0,0,0
noisy_sine_002,noisy_sine,2.3,19.56,0.0,0,0
noisy_sine_002,noisy_sine,2.31667,19.56,0.0,0,0
noisy_sine_002,noisy_sine,2.33333,19.56,0.0,0,0
noisy_sine_002,noisy_sine,2.35,19.56,0.0,0,0
noisy_sine_002,noisy_sine,2.36667,19.56,0.0,0,0
noisy_sine_002,noisy_sine,2.38333,19.56,0.0,0,0
noisy_sine_002,noisy_sine,2.4,19.56,0.0,0,0
noisy_sine_002,noisy_sine,2.41667,19.56,0.0,0,0
noisy_sine_002,noisy_sine,2.43333,19.56,0.0,0,0
noisy_sine_002,noisy_sine,2.45,19.56,0.0,0,1
noisy_sine_002,noisy_sine,2.46667,21.06,90.0,0,0
noisy_sine_002,noisy_sine,2.48333,21.06,0.0,0,0
noisy_sine_002,noisy_sine,2.5,21.06,0.0,0,0
noisy_sine_002,noisy_sine,2.51667,21.06,0.0,0,0
noisy_sine_002,noisy_sine,2.53333,21.06,0.0,0,0
noisy_sine_002,noisy_sine,2.55,21.06,0.0,0,0
noisy_sine_002,noisy_sine,2.56667,21.06,0.0,0,0
noisy_sine_002,noisy_sine,2.58333,21.06,0.0,0,0
noisy_sine_002,noisy_sine,2.6,21.06,0.0,0,0
noisy_sine_002,noisy_sine,2.61667,21.06,0.0,0,0
noisy_sine_002,noisy_sine,2.63333,21.06,0.0,0,0
noisy_sine_002,noisy_sine,2.65,21.06,0.0,0,0
noisy_sine_002,noisy_sine,2.66667,21.06,0.0,0,0
noisy_sine_002,noisy_sine,2.68333,21.06,0.0,0,1
noisy_sine_002,noisy_sine,2.7,22.56,90.0,0,0
noisy_sine_002,noisy_sine,2.71667,22.56,0.0,0,1
noisy_sine_002,noisy_sine,2.73333,24.06,90.0,0,0
noisy_sine_002,noisy_sine,2.75,24.06,0.0,0,1
noisy_sine_002,noisy_sine,2.76667,25.56,90.0,0,1
noisy_sine_002,noisy_sine,2.78333,27.06,90.0,0,0
noisy_sine_002,noisy_sine,2.8,27.06,0.0,0,1
noisy_sine_002,noisy_sine,2.81667,28.56,90.0,1,0
noisy_sine_002,noisy_sine,2.83333,27.06,-90.0,0,1
noisy_sine_002,noisy_sine,2.85,28.56,90.0,0,1
noisy_sine_002,noisy_sine,2.86667,30.06,90.0,0,1
noisy_sine_002,noisy_sine,2.88333,31.56,90.0,0,1
noisy_sine_002,noisy_sine,2.9,33.06,90.0,0,1
noisy_sine_002,noisy_sine,2.91667,34.56,90.0,0,1
noisy_sine_002,noisy_sine,2.93333,36.06,90.0,0,1
noisy_sine_002,noisy_sine,2.95,37.56,90.0,0,1
noisy_sine_002,noisy_sine,2.96667,39.06,90.0,0,1
noisy_sine_002,noisy_sine,2.98333,40.56,90.0,0,1
noisy_sine_002,noisy_sine,3.0,42.06,90.0,0,0
noisy_sine_002,noisy_sine,3.01667,42.06,0.0,0,1
noisy_sine_002,noisy_sine,3.03333,43.56,90.0,0,1
noisy_sine_002,noisy_sine,3.05,45.06,90.0,0,1
noisy_sine_002,noisy_sine,3.06667,46.56,90.0,0,1
noisy_sine_002,noisy_sine,3.08333,48.06,90.0,0,1
noisy_sine_002,noisy_sine,3.1,49.56,90.0,0,1
noisy_sine_002,noisy_sine,3.11667,51.06,90.0,0,1
noisy_sine_002,noisy_sine,3.13333,52.56,90.0,0,1
noisy_sine_002,noisy_sine,3.15,54.06,90.0,0,1
noisy_sine_002,noisy_sine,3.16667,55.56,90.0,0,1
noisy_sine_002,noisy_sine,3.18333,57.06,90.0,0,1
noisy_sine_002,noisy_sine,3.2,58.56,90.0,0,1
noisy_sine_002,noisy_sine,3.21667,60.06,90.0,0,1
noisy_sine_002,noisy_sine,3.23333,61.56,90.0,0,1
noisy_sine_002,noisy_sine,3.25,63.06,90.0,0,1
noisy_sine_002,noisy_sine,3.26667,64.56,90.0,0,1
noisy_sine_002,noisy_sine,3.28333,66.06,90.0,0,1
noisy_sine_002,noisy_sine,3.3,67.56,90.0,0,1
noisy_sine_002,noisy_sine,3.31667,69.06,90.0,0,1
noisy_sine_002,noisy_sine,3.33333,70.56,90.0,0,1
noisy_sine_002,noisy_sine,3.35,72.06,90.0,0,1
noisy_sine_002,noisy_sine,3.36667,73.56,90.0,0,1
noisy_sine_002,noisy_sine,3.38333,75.06,90.0,0,1
noisy_sine_002,noisy_sine,3.4,76.56,90.0,0,1
noisy_sine_002,noisy_sine,3.41667,78.06,90.0,0,1
noisy_sine_002,noisy_sine,3.43333,79.56,90.0,0,1
noisy_sine_002,noisy_sine,3.45,81.06,90.0,0,1
noisy_sine_002,noisy_sine,3.46667,82.56,90.0,0,1
noisy_sine_002,noisy_sine,3.48333,84.06,90.0,0,1
noisy_sine_002,noisy_sine,3.5,85.56,90.0,0,1
noisy_sine_002,noisy_sine,3.51667,87.06,90.0,0,1
noisy_sine_002,noisy_sine,3.53333,88.56,90.0,0,1
noisy_sine_002,noisy_sine,3.55,90.06,90.0,0,1
noisy_sine_002,noisy_sine,3.56667,91.56,90.0,0,1
noisy_sine_002,noisy_sine,3.58333,93.06,90.0,0,1
noisy_sine_002,noisy_sine,3.6,94.56,90.0,0,1
noisy_sine_002,noisy_sine,3.61667,96.06,90.0,0,1
noisy_sine_002,noisy_sine,3.63333,97.56,90.0,0,1
noisy_sine_002,noisy_sine,3.65,99.06,90.0,0,1
noisy_sine_002,noisy_sine,3.66667,100.56,90.0,0,1
noisy_sine_002,noisy_sine,3.68333,102.06,90.0,0,1
noisy_sine_002,noisy_sine,3.7,103.56,90.0,0,1
noisy_sine_002,noisy_sine,3.71667,105.06,90.0,0,1
noisy_sine_002,noisy_sine,3.73333,106.56,90.0,0,1
noisy_sine_002,noisy_sine,3.75,108.06,90.0,0,1
noisy_sine_002,noisy_sine,3.76667,109.56,90.0,0,1
noisy_sine_002,noisy_sine,3.78333,111.06,90.0,0,1
noisy_sine_002,noisy_sine,3.8,112.56,90.0,0,1
noisy_sine_002,noisy_sine,3.81667,114.06,90.0,0,1
noisy_sine_002,noisy_sine,3.83333,115.56,90.0,0,1
noisy_sine_002,noisy_sine,3.85,117.06,90.0,0,1
noisy_sine_002,noisy_sine,3.86667,118.56,90.0,0,1
noisy_sine_002,noisy_sine,3.88333,120.06,90.0,0,1
noisy_sine_002,noisy_sine,3.9,121.56,90.0,0,1
noisy_sine_002,noisy_sine,3.91667,123.06,90.0,0,1
noisy_sine_002,noisy_sine,3.93333,124.56,90.0,0,1
noisy_sine_002,noisy_sine,3.95,126.06,90.0,0,1
noisy_sine_002,noisy_sine,3.96667,127.56,90.0,0,1
noisy_sine_002,noisy_sine,3.98333,129.06,90.0,0,1
noisy_sine_002,noisy_sine,4.0,130.56,90.0,0,1
noisy_sine_002,noisy_sine,4.01667,132.06,90.0,0,1
noisy_sine_002,noisy_sine,4.03333,133.56,90.0,0,1
noisy_sine_002,noisy_sine,4.05,135.06,90.0,0,1
noisy_sine_002,noisy_sine,4.06667,136.56,90.0,0,1
noisy_sine_002,noisy_sine,4.08333,138.06,90.0,0,1
noisy_sine_002,noisy_sine,4.1,139.56,90.0,0,1
noisy_sine_002,noisy_sine,4.11667,141.06,90.0,0,1
noisy_sine_002,noisy_sine,4.13333,142.56,90.0,0,1
noisy_sine_002,noisy_sine,4.15,144.06,90.0,0,1
noisy_sine_002,noisy_sine,4.16667,145.56,90.0,0,1
noisy_sine_002,noisy_sine,4.18333,147.06,90.0,0,1
noisy_sine_002,noisy_sine,4.2,148.56,90.0,0,1
noisy_sine_002,noisy_sine,4.21667,150.06,90.0,0,1
noisy_sine_002,noisy_sine,4.23333,151.56,90.0,0,1
noisy_sine_002,noisy_sine,4.25,153.06,90.0,0,1
noisy_sine_002,noisy_sine,4.26667,154.56,90.0,0,1
noisy_sine_002,noisy_sine,4.28333,156.06,90.0,1,0
noisy_sine_002,noisy_sine,4.3,154.56,-90.0,0,1
noisy_sine_002,noisy_sine,4.31667,156.06,90.0,0,1
noisy_sine_002,noisy_sine,4.33333,157.56,90.0,0,1
noisy_sine_002,noisy_sine,4.35,159.06,90.0,0,1
noisy_sine_002,noisy_sine,4.36667,160.56,90.0,0,1
noisy_sine_002,noisy_sine,4.38333,162.06,90.0,0,1
noisy_sine_002,noisy_sine,4.4,163.56,90.0,0,1
noisy_sine_002,noisy_sine,4.41667,165.06,90.0,0,1
noisy_sine_002,noisy_sine,4.43333,166.56,90.0,0,1
noisy_sine_002,noisy_sine,4.45,168.06,90.0,0,1
noisy_sine_002,noisy_sine,4.46667,169.56,90.0,0,1
noisy_sine_002,noisy_sine,4.48333,171.06,90.0,0,1
noisy_sine_002,noisy_sine,4.5,172.56,90.0,0,1
noisy_sine_002,noisy_sine,4.51667,174.06,90.0,0,1
noisy_sine_002,noisy_sine,4.53333,175.56,90.0,0,1
noisy_sine_002,noisy_sine,4.55,177.06,90.0,0,1
noisy_sine_002,noisy_sine,4.56667,178.56,90.0,0,1
noisy_sine_002,noisy_sine,4.58333,180.06,90.0,0,0
noisy_sine_002,noisy_sine,4.6,180.06,0.0,0,0
noisy_sine_002,noisy_sine,4.61667,180.06,0.0,0,1
noisy_sine_002,noisy_sine,4.63333,181.56,90.0,0,0
noisy_sine_002,noisy_sine,4.65,181.56,0.0,0,0
noisy_sine_002,noisy_sine,4.66667,181.56,0.0,0,1
noisy_sine_002,noisy_sine,4.68333,183.06,90.0,0,0
noisy_sine_002,noisy_sine,4.7,183.06,0.0,0,0
noisy_sine_002,noisy_sine,4.71667,183.06,0.0,0,0
noisy_sine_002,noisy_sine,4.73333,183.06,0.0,0,0
noisy_sine_002,noisy_sine,4.75,183.06,0.0,0,0
noisy_sine_002,noisy_sine,4.76667,183.06,0.0,0,1
noisy_sine_002,noisy_sine,4.78333,184.56,90.0,0,0
noisy_sine_002,noisy_sine,4.8,184.56,0.0,0,0
noisy_sine_002,noisy_sine,4.81667,184.56,0.0,0,0
noisy_sine_002,noisy_sine,4.83333,184.56,0.0,0,0
noisy_sine_002,noisy_sine,4.85,184.56,0.0,0,0
noisy_sine_002,noisy_sine,4.86667,184.56,0.0,0,0
noisy_sine_002,noisy_sine,4.88333,184.56,0.0,0,0
noisy_sine_002,noisy_sine,4.9,184.56,0.0,0,0
noisy_sine_002,noisy_sine,4.91667,184.56,0.0,0,0
noisy_sine_002,noisy_sine,4.93333,184.56,0.0,0,0
noisy_sine_002,noisy_sine,4.95,184.56,0.0,1,0
noisy_sine_002,noisy_sine,4.96667,183.06,-90.0,0,0
noisy_sine_002,noisy_sine,4.98333,183.06,0.0,0,0
noisy_sine_002,noisy_sine,5.0,183.06,0.0,0,0
noisy_sine_002,noisy_sine,5.01667,183.06,0.0,1,0
noisy_sine_002,noisy_sine,5.03333,181.56,-90.0,0,0
noisy_sine_002,noisy_sine,5.05,181.56,0.0,0,0
noisy_sine_002,noisy_sine,5.06667,181.56,0.0,0,0
noisy_sine_002,noisy_sine,5.08333,181.56,0.0,0,0
noisy_sine_002,noisy_sine,5.1,181.56,0.0,0,0
noisy_sine_002,noisy_sine,5.11667,181.56,0.0,0,0
noisy_sine_002,noisy_sine,5.13333,181.56,0.0,0,0
noisy_sine_002,noisy_sine,5.15,181.56,0.0,0,0
noisy_sine_002,noisy_sine,5.16667,181.56,0.0,0,0
noisy_sine_002,noisy_sine,5.18333,181.56,0.0,0,0
noisy_sine_002,noisy_sine,5.2,181.56,0.0,0,0
noisy_sine_002,noisy_sine,5.21667,181.56,0.0,0,1
noisy_sine_002,noisy_sine,5.23333,183.06,90.0,1,0
noisy_sine_002,noisy_sine,5.25,181.56,-90.0,1,0
noisy_sine_002,noisy_sine,5.26667,180.06,-90.0,1,0
noisy_sine_002,noisy_sine,5.28333,178.56,-90.0,1,0
noisy_sine_002,noisy_sine,5.3,177.06,-90.0,1,0
noisy_sine_002,noisy_sine,5.31667,175.56,-90.0,1,0
noisy_sine_002,noisy_sine,5.33333,174.06,-90.0,0,0
noisy_sine_002,noisy_sine,5.35,174.06,0.0,1,0
noisy_sine_002,noisy_sine,5.36667,172.56,-90.0,1,0
noisy_sine_002,noisy_sine,5.38333,171.06,-90.0,1,0
noisy_sine_002,noisy_sine,5.4,169.56,-90.0,0,0
noisy_sine_002,noisy_sine,5.41667,169.56,0.0,1,0
noisy_sine_002,noisy_sine,5.43333,168.06,-90.0,0,1
noisy_sine_002,noisy_sine,5.45,169.56,90.0,1,0
noisy_sine_002,noisy_sine,5.46667,168.06,-90.0,1,0
noisy_sine_002,noisy_sine,5.48333,166.56,-90.0,1,0
noisy_sine_002,noisy_sine,5.5,165.06,-90.0,1,0
noisy_sine_002,noisy_sine,5.51667,163.56,-90.0,1,0
noisy_sine_002,noisy_sine,5.53333,162.06,-90.0,1,0
noisy_sine_002,noisy_sine,5.55,160.56,-90.0,1,0
noisy_sine_002,noisy_sine,5.56667,159.06,-90.0,1,0
noisy_sine_002,noisy_sine,5.58333,157.56,-90.0,1,0
noisy_sine_002,noisy_sine,5.6,156.06,-90.0,1,0
noisy_sine_002,noisy_sine,5.61667,154.56,-90.0,1,0
noisy_sine_002,noisy_sine,5.63333,153.06,-90.0,1,0
noisy_sine_002,noisy_sine,5.65,151.56,-90.0,1,0
noisy_sine_002,noisy_sine,5.66667,150.06,-90.0,1,0
noisy_sine_002,noisy_sine,5.68333,148.56,-90.0,1,0
noisy_sine_002,noisy_sine,5.7,147.06,-90.0,0,0
noisy_sine_002,noisy_sine,5.71667,147.06,0.0,1,0
noisy_sine_002,noisy_sine,5.73333,145.56,-90.0,1,0
noisy_sine_002,noisy_sine,5.75,144.06,-90.0,1,0
noisy_sine_002,noisy_sine,5.76667,142.56,-90.0,1,0
noisy_sine_002,noisy_sine,5.78333,141.06,-90.0,1,0
noisy_sine_002,noisy_sine,5.8,139.56,-90.0,1,0
noisy_sine_002,noisy_sine,5.81667,138.06,-90.0,1,0
noisy_sine_002,noisy_sine,5.83333,136.56,-90.0,1,0
noisy_sine_002,noisy_sine,5.85,135.06,-90.0,1,0
noisy_sine_002,noisy_sine,5.86667,133.56,-90.0,1,0
noisy_sine_002,noisy_sine,5.88333,132.06,-90.0,1,0
noisy_sine_002,noisy_sine,5.9,130.56,-90.0,1,0
noisy_sine_002,noisy_sine,5.91667,129.06,-90.0,1,0
noisy_sine_002,noisy_sine,5.93333,127.56,-90.0,1,0
noisy_sine_002,noisy_sine,5.95,126.06,-90.0,1,0
noisy_sine_002,noisy_sine,5.96667,124.56,-90.0,1,0
noisy_sine_002,noisy_sine,5.98333,123.06,-90.0,1,0
noisy_sine_002,noisy_sine,6.0,121.56,-90.0,1,0
noisy_sine_002,noisy_sine,6.01667,120.06,-90.0,1,0
noisy_sine_002,noisy_sine,6.03333,118.56,-90.0,1,0
noisy_sine_002,noisy_sine,6.05,117.06,-90.0,1,0
noisy_sine_002,noisy_sine,6.06667,115.56,-90.0,1,0
noisy_sine_002,noisy_sine,6.08333,114.06,-90.0,1,0
noisy_sine_002,noisy_sine,6.1,112.56,-90.0,1,0
noisy_sine_002,noisy_sine,6.11667,111.06,-90.0,1,0
noisy_sine_002,noisy_sine,6.13333,109.56,-90.0,1,0
noisy_sine_002,noisy_sine,6.15,108.06,-90.0,1,0
noisy_sine_002,noisy_sine,6.16667,106.56,-90.0,1,0
noisy_sine_002,noisy_sine,6.18333,105.06,-90.0,1,0
noisy_sine_002,noisy_sine,6.2,103.56,-90.0,1,0
noisy_sine_002,noisy_sine,6.21667,102.06,-90.0,1,0
noisy_sine_002,noisy_sine,6.23333,100.56,-90.0,1,0
noisy_sine_002,noisy_sine,6.25,99.06,-90.0,0,1
noisy_sine_002,noisy_sine,6.26667,100.56,90.0,1,0
noisy_sine_002,noisy_sine,6.28333,99.06,-90.0,1,0
noisy_sine_002,noisy_sine,6.3,97.56,-90.0,1,0
noisy_sine_002,noisy_sine,6.31667,96.06,-90.0,1,0
noisy_sine_002,noisy_sine,6.33333,94.56,-90.0,1,0
noisy_sine_002,noisy_sine,6.35,93.06,-90.0,1,0
noisy_sine_002,noisy_sine,6.36667,91.56,-90.0,1,0
noisy_sine_002,noisy_sine,6.38333,90.06,-90.0,1,0
noisy_sine_002,noisy_sine,6.4,88.56,-90.0,1,0
noisy_sine_002,noisy_sine,6.41667,87.06,-90.0,1,0
noisy_sine_002,noisy_sine,6.43333,85.56,-90.0,1,0
noisy_sine_002,noisy_sine,6.45,84.06,-90.0,1,0
noisy_sine_002,noisy_sine,6.46667,82.56,-90.0,1,0
noisy_sine_002,noisy_sine,6.48333,81.06,-90.0,1,0
noisy_sine_002,noisy_sine,6.5,79.56,-90.0,1,0
noisy_sine_002,noisy_sine,6.51667,78.06,-90.0,1,0
noisy_sine_002,noisy_sine,6.53333,76.56,-90.0,1,0
noisy_sine_002,noisy_sine,6.55,75.06,-90.0,1,0
noisy_sine_002,noisy_sine,6.56667,73.56,-90.0,1,0
noisy_sine_002,noisy_sine,6.58333,72.06,-90.0,1,0
noisy_sine_002,noisy_sine,6.6,70.56,-90.0,0,0
noisy_sine_002,noisy_sine,6.61667,70.56,0.0,1,0
noisy_sine_002,noisy_sine,6.63333,69.06,-90.0,1,0
noisy_sine_002,noisy_sine,6.65,67.56,-90.0,1,0
noisy_sine_002,noisy_sine,6.66667,66.06,-90.0,1,0
noisy_sine_002,noisy_sine,6.68333,64.56,-90.0,1,0
noisy_sine_002,noisy_sine,6.7,63.06,-90.0,1,0
noisy_sine_002,noisy_sine,6.71667,61.56,-90.0,1,0
noisy_sine_002,noisy_sine,6.73333,60.06,-90.0,1,0
noisy_sine_002,noisy_sine,6.75,58.56,-90.0,1,0
noisy_sine_002,noisy_sine,6.76667,57.06,-90.0,1,0
noisy_sine_002,noisy_sine,6.78333,55.56,-90.0,1,0
noisy_sine_002,noisy_sine,6.8,54.06,-90.0,1,0
noisy_sine_002,noisy_sine,6.81667,52.56,-90.0,1,0
noisy_sine_002,noisy_sine,6.83333,51.06,-90.0,1,0
noisy_sine_002,noisy_sine,6.85,49.56,-90.0,1,0
noisy_sine_002,noisy_sine,6.86667,48.06,-90.0,1,0
noisy_sine_002,noisy_sine,6.88333,46.56,-90.0,1,0
noisy_sine_002,noisy_sine,6.9,45.06,-90.0,1,0
noisy_sine_002,noisy_sine,6.91667,43.56,-90.0,1,0
noisy_sine_002,noisy_sine,6.93333,42.06,-90.0,1,0
noisy_sine_002,noisy_sine,6.95,40.56,-90.0,1,0
noisy_sine_002,noisy_sine,6.96667,39.06,-90.0,1,0
noisy_sine_002,noisy_sine,6.98333,37.56,-90.0,1,0
noisy_sine_002,noisy_sine,7.0,36.06,-90.0,1,0
noisy_sine_002,noisy_sine,7.01667,34.56,-90.0,1,0
noisy_sine_002,noisy_sine,7.03333,33.06,-90.0,1,0
noisy_sine_002,noisy_sine,7.05,31.56,-90.0,1,0
noisy_sine_002,noisy_sine,7.06667,30.06,-90.0,1,0
noisy_sine_002,noisy_sine,7.08333,28.56,-90.0,1,0
noisy_sine_002,noisy_sine,7.1,27.06,-90.0,1,0
noisy_sine_002,noisy_sine,7.11667,25.56,-90.0,1,0
noisy_sine_002,noisy_sine,7.13333,24.06,-90.0,1,0
noisy_sine_002,noisy_sine,7.15,22.56,-90.0,0,0
noisy_sine_002,noisy_sine,7.16667,22.56,0.0,1,0
noisy_sine_002,noisy_sine,7.18333,21.06,-90.0,0,0
noisy_sine_002,noisy_sine,7.2,21.06,0.0,0,0
noisy_sine_002,noisy_sine,7.21667,21.06,0.0,0,0
noisy_sine_002,noisy_sine,7.23333,21.06,0.0,0,0
noisy_sine_002,noisy_sine,7.25,21.06,0.0,1,0
noisy_sine_002,noisy_sine,7.26667,19.56,-90.0,0,0
noisy_sine_002,noisy_sine,7.28333,19.56,0.0,0,0
noisy_sine_002,noisy_sine,7.3,19.56,0.0,0,0
noisy_sine_002,noisy_sine,7.31667,19.56,0.0,0,0
noisy_sine_002,noisy_sine,7.33333,19.56,0.0,0,0
noisy_sine_002,noisy_sine,7.35,19.56,0.0,0,0
noisy_sine_002,noisy_sine,7.36667,19.56,0.0,0,0
noisy_sine_002,noisy_sine,7.38333,19.56,0.0,0,0
noisy_sine_002,noisy_sine,7.4,19.56,0.0,1,0
noisy_sine_002,noisy_sine,7.41667,18.06,-90.0,0,0
noisy_sine_002,noisy_sine,7.43333,18.06,0.0,0,0
noisy_sine_002,noisy_sine,7.45,18.06,0.0,0,0
noisy_sine_002,noisy_sine,7.46667,18.06,0.0,0,0
noisy_sine_002,noisy_sine,7.48333,18.06,0.0,0,0
noisy_sine_002,noisy_sine,7.5,18.06,0.0,0,0
noisy_sine_002,noisy_sine,7.51667,18.06,0.0,0,0
noisy_sine_002,noisy_sine,7.53333,18.06,0.0,0,0
noisy_sine_002,noisy_sine,7.55,18.06,0.0,0,0
noisy_sine_002,noisy_sine,7.56667,18.06,0.0,0,0
noisy_sine_002,noisy_sine,7.58333,18.06,0.0,0,0
noisy_sine_002,noisy_sine,7.6,18.06,0.0,0,0
noisy_sine_002,noisy_sine,7.61667,18.06,0.0,0,1
noisy_sine_002,noisy_sine,7.63333,19.56,90.0,0,0
noisy_sine_002,noisy_sine,7.65,19.56,0.0,0,1
noisy_sine_002,noisy_sine,7.66667,21.06,90.0,0,0
noisy_sine_002,noisy_sine,7.68333,21.06,0.0,0,1
noisy_sine_002,noisy_sine,7.7,22.56,90.0,0,0
noisy_sine_002,noisy_sine,7.71667,22.56,0.0,0,1
noisy_sine_002,noisy_sine,7.73333,24.06,90.0,0,0
noisy_sine_002,noisy_sine,7.75,24.06,0.0,0,1
noisy_sine_002,noisy_sine,7.76667,25.56,90.0,0,1
noisy_sine_002,noisy_sine,7.78333,27.06,90.0,0,0
noisy_sine_002,noisy_sine,7.8,27.06,0.0,0,1
noisy_sine_002,noisy_sine,7.81667,28.56,90.0,0,1
noisy_sine_002,noisy_sine,7.83333,30.06,90.0,0,0
noisy_sine_002,noisy_sine,7.85,30.06,0.0,0,1
noisy_sine_002,noisy_sine,7.86667,31.56,90.0,0,1
noisy_sine_002,noisy_sine,7.88333,33.06,90.0,0,0
noisy_sine_002,noisy_sine,7.9,33.06,0.0,0,1
noisy_sine_002,noisy_sine,7.91667,34.56,90.0,0,1
noisy_sine_002,noisy_sine,7.93333,36.06,90.0,0,1
noisy_sine_002,noisy_sine,7.95,37.56,90.0,0,1
noisy_sine_002,noisy_sine,7.96667,39.06,90.0,0,1
noisy_sine_002,noisy_sine,7.98333,40.56,90.0,0,0
noisy_sine_002,noisy_sine,8.0,40.56,0.0,0,1
noisy_sine_002,noisy_sine,8.01667,42.06,90.0,0,1
noisy_sine_002,noisy_sine,8.03333,43.56,90.0,0,1
noisy_sine_002,noisy_sine,8.05,45.06,90.0,0,1
noisy_sine_002,noisy_sine,8.06667,46.56,90.0,0,1
noisy_sine_002,noisy_sine,8.08333,48.06,90.0,0,1
noisy_sine_002,noisy_sine,8.1,49.56,90.0,0,1
noisy_sine_002,noisy_sine,8.11667,51.06,90.0,0,1
noisy_sine_002,noisy_sine,8.13333,52.56,90.0,1,0
noisy_sine_002,noisy_sine,8.15,51.06,-90.0,0,1
noisy_sine_002,noisy_sine,8.16667,52.56,90.0,0,1
noisy_sine_002,noisy_sine,8.18333,54.06,90.0,0,1
noisy_sine_002,noisy_sine,8.2,55.56,90.0,0,1
noisy_sine_002,noisy_sine,8.21667,57.06,90.0,0,1
noisy_sine_002,noisy_sine,8.23333,58.56,90.0,0,1
noisy_sine_002,noisy_sine,8.25,60.06,90.0,0,1
noisy_sine_002,noisy_sine,8.26667,61.56,90.0,0,1
noisy_sine_002,noisy_sine,8.28333,63.06,90.0,0,0
noisy_sine_002,noisy_sine,8.3,63.06,0.0,0,1
noisy_sine_002,noisy_sine,8.31667,64.56,90.0,0,1
noisy_sine_002,noisy_sine,8.33333,66.06,90.0,0,1
noisy_sine_002,noisy_sine,8.35,67.56,90.0,0,1
noisy_sine_002,noisy_sine,8.36667,69.06,90.0,0,1
noisy_sine_002,noisy_sine,8.38333,70.56,90.0,0,1
noisy_sine_002,noisy_sine,8.4,72.06,90.0,0,1
noisy_sine_002,noisy_sine,8.41667,73.56,90.0,0,1
noisy_sine_002,noisy_sine,8.43333,75.06,90.0,0,1
noisy_sine_002,noisy_sine,8.45,76.56,90.0,0,1
noisy_sine_002,noisy_sine,8.46667,78.06,90.0,0,1
noisy_sine_002,noisy_sine,8.48333,79.56,90.0,0,1
noisy_sine_002,noisy_sine,8.5,81.06,90.0,0,1
noisy_sine_002,noisy_sine,8.51667,82.56,90.0,0,1
noisy_sine_002,noisy_sine,8.53333,84.06,90.0,0,1
noisy_sine_002,noisy_sine,8.55,85.56,90.0,0,1
noisy_sine_002,noisy_sine,8.56667,87.06,90.0,0,1
noisy_sine_002,noisy_sine,8.58333,88.56,90.0,0,1
noisy_sine_002,noisy_sine,8.6,90.06,90.0,0,1
noisy_sine_002,noisy_sine,8.61667,91.56,90.0,0,1
noisy_sine_002,noisy_sine,8.63333,93.06,90.0,0,1
noisy_sine_002,noisy_sine,8.65,94.56,90.0,0,1
noisy_sine_002,noisy_sine,8.66667,96.06,90.0,0,1
noisy_sine_002,noisy_sine,8.68333,97.56,90.0,0,1
noisy_sine_002,noisy_sine,8.7,99.06,90.0,0,1
noisy_sine_002,noisy_sine,8.71667,100.56,90.0,0,0
noisy_sine_002,noisy_sine,8.73333,100.56,0.0,0,1
noisy_sine_002,noisy_sine,8.75,102.06,90.0,0,1
noisy_sine_002,noisy_sine,8.76667,103.56,90.0,0,1
noisy_sine_002,noisy_sine,8.78333,105.06,90.0,0,1
noisy_sine_002,noisy_sine,8.8,106.56,90.0,0,1
noisy_sine_002,noisy_sine,8.81667,108.06,90.0,0,1
noisy_sine_002,noisy_sine,8.83333,109.56,90.0,0,1
noisy_sine_002,noisy_sine,8.85,111.06,90.0,0,1
noisy_sine_002,noisy_sine,8.86667,112.56,90.0,0,1
noisy_sine_002,noisy_sine,8.88333,114.06,90.0,0,1
noisy_sine_002,noisy_sine,8.9,115.56,90.0,0,1
noisy_sine_002,noisy_sine,8.91667,117.06,90.0,0,1
noisy_sine_002,noisy_sine,8.93333,118.56,90.0,0,1
noisy_sine_002,noisy_sine,8.95,120.06,90.0,0,1
noisy_sine_002,noisy_sine,8.96667,121.56,90.0,0,0
noisy_sine_002,noisy_sine,8.98333,121.56,0.0,0,0
noisy_sine_002,noisy_sine,9.0,121.56,0.0,0,1
noisy_sine_002,noisy_sine,9.01667,123.06,90.0,0,1
noisy_sine_002,noisy_sine,9.03333,124.56,90.0,0,1
noisy_sine_002,noisy_sine,9.05,126.06,90.0,0,1
noisy_sine_002,noisy_sine,9.06667,127.56,90.0,0,1
noisy_sine_002,noisy_sine,9.08333,129.06,90.0,0,1
noisy_sine_002,noisy_sine,9.1,130.56,90.0,0,1
noisy_sine_002,noisy_sine,9.11667,132.06,90.0,0,1
noisy_sine_002,noisy_sine,9.13333,133.56,90.0,0,1
noisy_sine_002,noisy_sine,9.15,135.06,90.0,0,1
noisy_sine_002,noisy_sine,9.16667,136.56,90.0,0,1
noisy_sine_002,noisy_sine,9.18333,138.06,90.0,0,1
noisy_sine_002,noisy_sine,9.2,139.56,90.0,0,1
noisy_sine_002,noisy_sine,9.21667,141.06,90.0,0,1
noisy_sine_002,noisy_sine,9.23333,142.56,90.0,0,1
noisy_sine_002,noisy_sine,9.25,144.06,90.0,0,1
noisy_sine_002,noisy_sine,9.26667,145.56,90.0,0,1
noisy_sine_002,noisy_sine,9.28333,147.06,90.0,0,1
noisy_sine_002,noisy_sine,9.3,148.56,90.0,0,1
noisy_sine_002,noisy_sine,9.31667,150.06,90.0,0,1
noisy_sine_002,noisy_sine,9.33333,151.56,90.0,0,1
noisy_sine_002,noisy_sine,9.35,153.06,90.0,0,1
noisy_sine_002,noisy_sine,9.36667,154.56,90.0,0,1
noisy_sine_002,noisy_sine,9.38333,156.06,90.0,0,1
noisy_sine_002,noisy_sine,9.4,157.56,90.0,0,1
noisy_sine_002,noisy_sine,9.41667,159.06,90.0,0,1
noisy_sine_002,noisy_sine,9.43333,160.56,90.0,0,1
noisy_sine_002,noisy_sine,9.45,162.06,90.0,0,1
noisy_sine_002,noisy_sine,9.46667,163.56,90.0,0,1
noisy_sine_002,noisy_sine,9.48333,165.06,90.0,0,1
noisy_sine_002,noisy_sine,9.5,166.56,90.0,0,1
noisy_sine_002,noisy_sine,9.51667,168.06,90.0,0,1
noisy_sine_002,noisy_sine,9.53333,169.56,90.0,0,1
noisy_sine_002,noisy_sine,9.55,171.06,90.0,0,1
noisy_sine_002,noisy_sine,9.56667,172.56,90.0,0,1
noisy_sine_002,noisy_sine,9.58333,174.06,90.0,0,1
noisy_sine_002,noisy_sine,9.6,175.56,90.0,0,1
noisy_sine_002,noisy_sine,9.61667,177.06,90.0,0,1
noisy_sine_002,noisy_sine,9.63333,178.56,90.0,0,1
noisy_sine_002,noisy_sine,9.65,180.06,90.0,0,1
noisy_sine_002,noisy_sine,9.66667,181.56,90.0,0,1
noisy_sine_002,noisy_sine,9.68333,183.06,90.0,0,0
noisy_sine_002,noisy_sine,9.7,183.06,0.0,0,0
noisy_sine_002,noisy_sine,9.71667,183.06,0.0,0,0
noisy_sine_002,noisy_sine,9.73333,183.06,0.0,0,0
noisy_sine_002,noisy_sine,9.75,183.06,0.0,0,0
noisy_sine_002,noisy_sine,9.76667,183.06,0.0,0,1
noisy_sine_002,noisy_sine,9.78333,184.56,90.0,0,0
noisy_sine_002,noisy_sine,9.8,184.56,0.0,0,0
noisy_sine_002,noisy_sine,9.81667,184.56,0.0,0,0
noisy_sine_002,noisy_sine,9.83333,184.56,0.0,0,0
noisy_sine_002,noisy_sine,9.85,184.56,0.0,0,0
noisy_sine_002,noisy_sine,9.86667,184.56,0.0,0,0
noisy_sine_002,noisy_sine,9.88333,184.56,0.0,0,0
noisy_sine_002,noisy_sine,9.9,184.56,0.0,0,0
noisy_sine_002,noisy_sine,9.91667,184.56,0.0,0,0
noisy_sine_002,noisy_sine,9.93333,184.56,0.0,0,0
noisy_sine_002,noisy_sine,9.95,184.56,0.0,0,0
noisy_sine_002,noisy_sine,9.96667,184.56,0.0,0,0
noisy_sine_002,noisy_sine,9.98333,184.56,0.0,0,0
noisy_sine_002,noisy_sine,10.0,184.56,0.0,0,0
noisy_sine_002,noisy_sine,10.01667,184.56,0.0,0,0
noisy_sine_002,noisy_sine,10.03333,184.56,0.0,0,0
noisy_sine_002,noisy_sine,10.05,184.56,0.0,0,0
noisy_sine_002,noisy_sine,10.06667,184.56,0.0,0,0
noisy_sine_002,noisy_sine,10.08333,184.56,0.0,0,0
noisy_sine_002,noisy_sine,10.1,184.56,0.0,0,0
noisy_sine_002,noisy_sine,10.11667,184.56,0.0,0,0
noisy_sine_002,noisy_sine,10.13333,184.56,0.0,0,0
noisy_sine_002,noisy_sine,10.15,184.56,0.0,1,0
noisy_sine_002,noisy_sine,10.16667,183.06,-90.0,0,0
noisy_sine_002,noisy_sine,10.18333,183.06,0.0,1,0
noisy_sine_002,noisy_sine,10.2,181.56,-90.0,0,0
noisy_sine_002,noisy_sine,10.21667,181.56,0.0,1,0
noisy_sine_002,noisy_sine,10.23333,180.06,-90.0,0,0
noisy_sine_002,noisy_sine,10.25,180.06,0.0,1,0
noisy_sine_002,noisy_sine,10.26667,178.56,-90.0,1,0
noisy_sine_002,noisy_sine,10.28333,177.06,-90.0,0,0
noisy_sine_002,noisy_sine,10.3,177.06,0.0,1,0
noisy_sine_002,noisy_sine,10.31667,175.56,-90.0,1,0
noisy_sine_002,noisy_sine,10.33333,174.06,-90.0,0,0
noisy_sine_002,noisy_sine,10.35,174.06,0.0,1,0
noisy_sine_002,noisy_sine,10.36667,172.56,-90.0,1,0
noisy_sine_002,noisy_sine,10.38333,171.06,-90.0,0,0
noisy_sine_002,noisy_sine,10.4,171.06,0.0,1,0
noisy_sine_002,noisy_sine,10.41667,169.56,-90.0,1,0
noisy_sine_002,noisy_sine,10.43333,168.06,-90.0,1,0
noisy_sine_002,noisy_sine,10.45,166.56,-90.0,1,0
noisy_sine_002,noisy_sine,10.46667,165.06,-90.0,1,0
noisy_sine_002,noisy_sine,10.48333,163.56,-90.0,0,0
noisy_sine_002,noisy_sine,10.5,163.56,0.0,1,0
noisy_sine_002,noisy_sine,10.51667,162.06,-90.0,1,0
noisy_sine_002,noisy_sine,10.53333,160.56,-90.0,1,0
noisy_sine_002,noisy_sine,10.55,159.06,-90.0,1,0
noisy_sine_002,noisy_sine,10.56667,157.56,-90.0,1,0
noisy_sine_002,noisy_sine,10.58333,156.06,-90.0,1,0
noisy_sine_002,noisy_sine,10.6,154.56,-90.0,1,0
noisy_sine_002,noisy_sine,10.61667,153.06,-90.0,1,0
noisy_sine_002,noisy_sine,10.63333,151.56,-90.0,1,0
noisy_sine_002,noisy_sine,10.65,150.06,-90.0,1,0
noisy_sine_002,noisy_sine,10.66667,148.56,-90.0,1,0
noisy_sine_002,noisy_sine,10.68333,147.06,-90.0,1,0
noisy_sine_002,noisy_sine,10.7,145.56,-90.0,1,0
noisy_sine_002,noisy_sine,10.71667,144.06,-90.0,0,0
noisy_sine_002,noisy_sine,10.73333,144.06,0.0,1,0
noisy_sine_002,noisy_sine,10.75,142.56,-90.0,1,0
noisy_sine_002,noisy_sine,10.76667,141.06,-90.0,1,0
noisy_sine_002,noisy_sine,10.78333,139.56,-90.0,0,0
noisy_sine_002,noisy_sine,10.8,139.56,0.0,1,0
noisy_sine_002,noisy_sine,10.81667,138.06,-90.0,1,0
noisy_sine_002,noisy_sine,10.83333,136.56,-90.0,1,0
noisy_sine_002,noisy_sine,10.85,135.06,-90.0,1,0
noisy_sine_002,noisy_sine,10.86667,133.56,-90.0,1,0
noisy_sine_002,noisy_sine,10.88333,132.06,-90.0,1,0
noisy_sine_002,noisy_sine,10.9,130.56,-90.0,1,0
noisy_sine_002,noisy_sine,10.91667,129.06,-90.0,1,0
noisy_sine_002,noisy_sine,10.93333,127.56,-90.0,1,0
noisy_sine_002,noisy_sine,10.95,126.06,-90.0,1,0
noisy_sine_002,noisy_sine,10.96667,124.56,-90.0,0,0
noisy_sine_002,noisy_sine,10.98333,124.56,0.0,1,0
noisy_sine_002,noisy_sine,11.0,123.06,-90.0,1,0
noisy_sine_002,noisy_sine,11.01667,121.56,-90.0,1,0
noisy_sine_002,noisy_sine,11.03333,120.06,-90.0,1,0
noisy_sine_002,noisy_sine,11.05,118.56,-90.0,1,0
noisy_sine_002,noisy_sine,11.06667,117.06,-90.0,1,0
noisy_sine_002,noisy_sine,11.08333,115.56,-90.0,1,0
noisy_sine_002,noisy_sine,11.1,114.06,-90.0,1,0
noisy_sine_002,noisy_sine,11.11667,112.56,-90.0,1,0
noisy_sine_002,noisy_sine,11.13333,111.06,-90.0,1,0
noisy_sine_002,noisy_sine,11.15,109.56,-90.0,1,0
noisy_sine_002,noisy_sine,11.16667,108.06,-90.0,1,0
noisy_sine_002,noisy_sine,11.18333,106.56,-90.0,1,0
noisy_sine_002,noisy_sine,11.2,105.06,-90.0,1,0
noisy_sine_002,noisy_sine,11.21667,103.56,-90.0,1,0
noisy_sine_002,noisy_sine,11.23333,102.06,-90.0,1,0
noisy_sine_002,noisy_sine,11.25,100.56,-90.0,1,0
noisy_sine_002,noisy_sine,11.26667,99.06,-90.0,1,0
noisy_sine_002,noisy_sine,11.28333,97.56,-90.0,1,0
noisy_sine_002,noisy_sine,11.3,96.06,-90.0,1,0
noisy_sine_002,noisy_sine,11.31667,94.56,-90.0,1,0
noisy_sine_002,noisy_sine,11.33333,93.06,-90.0,1,0
noisy_sine_002,noisy_sine,11.35,91.56,-90.0,1,0
noisy_sine_002,noisy_sine,11.36667,90.06,-90.0,1,0
noisy_sine_002,noisy_sine,11.38333,88.56,-90.0,1,0
noisy_sine_002,noisy_sine,11.4,87.06,-90.0,1,0
noisy_sine_002,noisy_sine,11.41667,85.56,-90.0,1,0
noisy_sine_002,noisy_sine,11.43333,84.06,-90.0,1,0
noisy_sine_002,noisy_sine,11.45,82.56,-90.0,1,0
noisy_sine_002,noisy_sine,11.46667,81.06,-90.0,1,0
noisy_sine_002,noisy_sine,11.48333,79.56,-90.0,1,0
noisy_sine_002,noisy_sine,11.5,78.06,-90.0,1,0
noisy_sine_002,noisy_sine,11.51667,76.56,-90.0,1,0
noisy_sine_002,noisy_sine,11.53333,75.06,-90.0,1,0
noisy_sine_002,noisy_sine,11.55,73.56,-90.0,1,0
noisy_sine_002,noisy_sine,11.56667,72.06,-90.0,1,0
noisy_sine_002,noisy_sine,11.58333,70.56,-90.0,1,0
noisy_sine_002,noisy_sine,11.6,69.06,-90.0,0,1
noisy_sine_002,noisy_sine,11.61667,70.56,90.0,1,0
noisy_sine_002,noisy_sine,11.63333,69.06,-90.0,1,0
noisy_sine_002,noisy_sine,11.65,67.56,-90.0,1,0
noisy_sine_002,noisy_sine,11.66667,66.06,-90.0,1,0
noisy_sine_002,noisy_sine,11.68333,64.56,-90.0,1,0
noisy_sine_002,noisy_sine,11.7,63.06,-90.0,1,0
noisy_sine_002,noisy_sine,11.71667,61.56,-90.0,1,0
noisy_sine_002,noisy_sine,11.73333,60.06,-90.0,1,0
noisy_sine_002,noisy_sine,11.75,58.56,-90.0,1,0
noisy_sine_002,noisy_sine,11.76667,57.06,-90.0,1,0
noisy_sine_002,noisy_sine,11.78333,55.56,-90.0,1,0
noisy_sine_002,noisy_sine,11.8,54.06,-90.0,1,0
noisy_sine_002,noisy_sine,11.81667,52.56,-90.0,1,0
noisy_sine_002,noisy_sine,11.83333,51.06,-90.0,1,0
noisy_sine_002,noisy_sine,11.85,49.56,-90.0,1,0
noisy_sine_002,noisy_sine,11.86667,48.06,-90.0,1,0
noisy_sine_002,noisy_sine,11.88333,46.56,-90.0,1,0
noisy_sine_002,noisy_sine,11.9,45.06,-90.0,1,0
noisy_sine_002,noisy_sine,11.91667,43.56,-90.0,1,0
noisy_sine_002,noisy_sine,11.93333,42.06,-90.0,1,0
noisy_sine_002,noisy_sine,11.95,40.56,-90.0,1,0
noisy_sine_002,noisy_sine,11.96667,39.06,-90.0,1,0
noisy_sine_002,noisy_sine,11.98333,37.56,-90.0,1,0
noisy_sine_002,noisy_sine,12.0,36.06,-90.0,1,0
noisy_sine_002,noisy_sine,12.01667,34.56,-90.0,1,0
noisy_sine_002,noisy_sine,12.03333,33.06,-90.0,1,0
noisy_sine_002,noisy_sine,12.05,31.56,-90.0,1,0
noisy_sine_002,noisy_sine,12.06667,30.06,-90.0,1,0
noisy_sine_002,noisy_sine,12.08333,28.56,-90.0,1,0
noisy_sine_002,noisy_sine,12.1,27.06,-90.0,1,0
noisy_sine_002,noisy_sine,12.11667,25.56,-90.0,1,0
noisy_sine_002,noisy_sine,12.13333,24.06,-90.0,1,0
noisy_sine_002,noisy_sine,12.15,22.56,-90.0,0,0
noisy_sine_002,noisy_sine,12.16667,22.56,0.0,1,0
noisy_sine_002,noisy_sine,12.18333,21.06,-90.0,0,0
noisy_sine_002,noisy_sine,12.2,21.06,0.0,0,0
noisy_sine_002,noisy_sine,12.21667,21.06,0.0,0,0
noisy_sine_002,noisy_sine,12.23333,21.06,0.0,0,0
noisy_sine_002,noisy_sine,12.25,21.06,0.0,0,0
noisy_sine_002,noisy_sine,12.26667,21.06,0.0,1,0
noisy_sine_002,noisy_sine,12.28333,19.56,-90.0,0,0
noisy_sine_002,noisy_sine,12.3,19.56,0.0,0,0
noisy_sine_002,noisy_sine,12.31667,19.56,0.0,0,0
noisy_sine_002,noisy_sine,12.33333,19.56,0.0,0,0
noisy_sine_002,noisy_sine,12.35,19.56,0.0,0,0
noisy_sine_002,noisy_sine,12.36667,19.56,0.0,0,0
noisy_sine_002,noisy_sine,12.38333,19.56,0.0,0,0
noisy_sine_002,noisy_sine,12.4,19.56,0.0,0,0
noisy_sine_002,noisy_sine,12.41667,19.56,0.0,0,0
noisy_sine_002,noisy_sine,12.43333,19.56,0.0,0,0
noisy_sine_002,noisy_sine,12.45,19.56,0.0,0,0
noisy_sine_002,noisy_sine,12.46667,19.56,0.0,0,0
noisy_sine_002,noisy_sine,12.48333,19.56,0.0,0,0
noisy_sine_002,noisy_sine,12.5,19.56,0.0,0,0
noisy_sine_002,noisy_sine,12.51667,19.56,0.0,1,0
noisy_sine_002,noisy_sine,12.53333,18.06,-90.0,0,0
noisy_sine_002,noisy_sine,12.55,18.06,0.0,0,0
noisy_sine_002,noisy_sine,12.56667,18.06,0.0,1,0
noisy_sine_002,noisy_sine,12.58333,16.56,-90.0,0,1
noisy_sine_002,noisy_sine,12.6,18.06,90.0,0,0
noisy_sine_002,noisy_sine,12.61667,18.06,0.0,0,1
noisy_sine_002,noisy_sine,12.63333,19.56,90.0,0,0
noisy_sine_002,noisy_sine,12.65,19.56,0.0,0,1
noisy_sine_002,noisy_sine,12.66667,21.06,90.0,0,0
noisy_sine_002,noisy_sine,12.68333,21.06,0.0,0,1
noisy_sine_002,noisy_sine,12.7,22.56,90.0,0,0
noisy_sine_002,noisy_sine,12.71667,22.56,0.0,0,1
noisy_sine_002,noisy_sine,12.73333,24.06,90.0,0,0
noisy_sine_002,noisy_sine,12.75,24.06,0.0,0,1
noisy_sine_002,noisy_sine,12.76667,25.56,90.0,0,0
noisy_sine_002,noisy_sine,12.78333,25.56,0.0,0,1
noisy_sine_002,noisy_sine,12.8,27.06,90.0,0,1
noisy_sine_002,noisy_sine,12.81667,28.56,90.0,0,0
noisy_sine_002,noisy_sine,12.83333,28.56,0.0,0,1
noisy_sine_002,noisy_sine,12.85,30.06,90.0,0,1
noisy_sine_002,noisy_sine,12.86667,31.56,90.0,0,1
noisy_sine_002,noisy_sine,12.88333,33.06,90.0,0,0
noisy_sine_002,noisy_sine,12.9,33.06,0.0,0,1
noisy_sine_002,noisy_sine,12.91667,34.56,90.0,0,1
noisy_sine_002,noisy_sine,12.93333,36.06,90.0,0,1
noisy_sine_002,noisy_sine,12.95,37.56,90.0,0,1
noisy_sine_002,noisy_sine,12.96667,39.06,90.0,0,0
noisy_sine_002,noisy_sine,12.98333,39.06,0.0,0,1
noisy_sine_002,noisy_sine,13.0,40.56,90.0,0,1
noisy_sine_002,noisy_sine,13.01667,42.06,90.0,0,1
noisy_sine_002,noisy_sine,13.03333,43.56,90.0,0,1
noisy_sine_002,noisy_sine,13.05,45.06,90.0,0,1
noisy_sine_002,noisy_sine,13.06667,46.56,90.0,0,1
noisy_sine_002,noisy_sine,13.08333,48.06,90.0,0,1
noisy_sine_002,noisy_sine,13.1,49.56,90.0,0,1
noisy_sine_002,noisy_sine,13.11667,51.06,90.0,0,1
noisy_sine_002,noisy_sine,13.13333,52.56,90.0,0,1
noisy_sine_002,noisy_sine,13.15,54.06,90.0,0,1
noisy_sine_002,noisy_sine,13.16667,55.56,90.0,0,1
noisy_sine_002,noisy_sine,13.18333,57.06,90.0,0,1
noisy_sine_002,noisy_sine,13.2,58.56,90.0,0,1
noisy_sine_002,noisy_sine,13.21667,60.06,90.0,0,1
noisy_sine_002,noisy_sine,13.23333,61.56,90.0,0,1
noisy_sine_002,noisy_sine,13.25,63.06,90.0,0,1
noisy_sine_002,noisy_sine,13.26667,64.56,90.0,0,1
noisy_sine_002,noisy_sine,13.28333,66.06,90.0,0,1
noisy_sine_002,noisy_sine,13.3,67.56,90.0,0,1
noisy_sine_002,noisy_sine,13.31667,69.06,90.0,0,1
noisy_sine_002,noisy_sine,13.33333,70.56,90.0,0,1
noisy_sine_002,noisy_sine,13.35,72.06,90.0,0,1
noisy_sine_002,noisy_sine,13.36667,73.56,90.0,0,1
noisy_sine_002,noisy_sine,13.38333,75.06,90.0,0,1
noisy_sine_002,noisy_sine,13.4,76.56,90.0,0,1
noisy_sine_002,noisy_sine,13.41667,78.06,90.0,0,1
noisy_sine_002,noisy_sine,13.43333,79.56,90.0,0,1
noisy_sine_002,noisy_sine,13.45,81.06,90.0,0,1
noisy_sine_002,noisy_sine,13.46667,82.56,90.0,0,1
noisy_sine_002,noisy_sine,13.48333,84.06,90.0,0,1
noisy_sine_002,noisy_sine,13.5,85.56,90.0,0,1
noisy_sine_002,noisy_sine,13.51667,87.06,90.0,0,1
noisy_sine_002,noisy_sine,13.53333,88.56,90.0,0,1
noisy_sine_002,noisy_sine,13.55,90.06,90.0,0,1
noisy_sine_002,noisy_sine,13.56667,91.56,90.0,0,1
noisy_sine_002,noisy_sine,13.58333,93.06,90.0,0,1
noisy_sine_002,noisy_sine,13.6,94.56,90.0,0,1
noisy_sine_002,noisy_sine,13.61667,96.06,90.0,0,1
noisy_sine_002,noisy_sine,13.63333,97.56,90.0,0,1
noisy_sine_002,noisy_sine,13.65,99.06,90.0,0,1
noisy_sine_002,noisy_sine,13.66667,100.56,90.0,0,1
noisy_sine_002,noisy_sine,13.68333,102.06,90.0,0,1
noisy_sine_002,noisy_sine,13.7,103.56,90.0,0,1
noisy_sine_002,noisy_sine,13.71667,105.06,90.0,0,1
noisy_sine_002,noisy_sine,13.73333,106.56,90.0,0,1
noisy_sine_002,noisy_sine,13.75,108.06,90.0,0,1
noisy_sine_002,noisy_sine,13.76667,109.56,90.0,0,1
noisy_sine_002,noisy_sine,13.78333,111.06,90.0,0,1
noisy_sine_002,noisy_sine,13.8,112.56,90.0,0,1
noisy_sine_002,noisy_sine,13.81667,114.06,90.0,0,1
noisy_sine_002,noisy_sine,13.83333,115.56,90.0,0,1
noisy_sine_002,noisy_sine,13.85,117.06,90.0,0,1
noisy_sine_002,noisy_sine,13.86667,118.56,90.0,0,1
noisy_sine_002,noisy_sine,13.88333,120.06,90.0,0,1
noisy_sine_002,noisy_sine,13.9,121.56,90.0,0,1
noisy_sine_002,noisy_sine,13.91667,123.06,90.0,1,0
noisy_sine_002,noisy_sine,13.93333,121.56,-90.0,0,1
noisy_sine_002,noisy_sine,13.95,123.06,90.0,1,0
noisy_sine_002,noisy_sine,13.96667,121.56,-90.0,0,1
noisy_sine_002,noisy_sine,13.98333,123.06,90.0,0,1
noisy_sine_002,noisy_sine,14.0,124.56,90.0,0,1
noisy_sine_002,noisy_sine,14.01667,126.06,90.0,0,1
noisy_sine_002,noisy_sine,14.03333,127.56,90.0,0,1
noisy_sine_002,noisy_sine,14.05,129.06,90.0,0,1
noisy_sine_002,noisy_sine,14.06667,130.56,90.0,0,1
noisy_sine_002,noisy_sine,14.08333,132.06,90.0,0,1
noisy_sine_002,noisy_sine,14.1,133.56,90.0,0,1
noisy_sine_002,noisy_sine,14.11667,135.06,90.0,0,1
noisy_sine_002,noisy_sine,14.13333,136.56,90.0,0,1
noisy_sine_002,noisy_sine,14.15,138.06,90.0,0,1
noisy_sine_002,noisy_sine,14.16667,139.56,90.0,0,1
noisy_sine_002,noisy_sine,14.18333,141.06,90.0,0,1
noisy_sine_002,noisy_sine,14.2,142.56,90.0,0,1
noisy_sine_002,noisy_sine,14.21667,144.06,90.0,0,1
noisy_sine_002,noisy_sine,14.23333,145.56,90.0,0,1
noisy_sine_002,noisy_sine,14.25,147.06,90.0,0,1
noisy_sine_002,noisy_sine,14.26667,148.56,90.0,0,1
noisy_sine_002,noisy_sine,14.28333,150.06,90.0,0,1
noisy_sine_002,noisy_sine,14.3,151.56,90.0,0,1
noisy_sine_002,noisy_sine,14.31667,153.06,90.0,0,1
noisy_sine_002,noisy_sine,14.33333,154.56,90.0,0,1
noisy_sine_002,noisy_sine,14.35,156.06,90.0,0,1
noisy_sine_002,noisy_sine,14.36667,157.56,90.0,0,1
noisy_sine_002,noisy_sine,14.38333,159.06,90.0,0,1
noisy_sine_002,noisy_sine,14.4,160.56,90.0,0,1
noisy_sine_002,noisy_sine,14.41667,162.06,90.0,0,1
noisy_sine_002,noisy_sine,14.43333,163.56,90.0,0,1
noisy_sine_002,noisy_sine,14.45,165.06,90.0,0,0
noisy_sine_002,noisy_sine,14.46667,165.06,0.0,0,1
noisy_sine_002,noisy_sine,14.48333,166.56,90.0,0,1
noisy_sine_002,noisy_sine,14.5,168.06,90.0,0,1
noisy_sine_002,noisy_sine,14.51667,169.56,90.0,0,1
noisy_sine_002,noisy_sine,14.53333,171.06,90.0,0,1
noisy_sine_002,noisy_sine,14.55,172.56,90.0,0,1
noisy_sine_002,noisy_sine,14.56667,174.06,90.0,0,1
noisy_sine_002,noisy_sine,14.58333,175.56,90.0,0,1
noisy_sine_002,noisy_sine,14.6,177.06,90.0,0,1
noisy_sine_002,noisy_sine,14.61667,178.56,90.0,0,1
noisy_sine_002,noisy_sine,14.63333,180.06,90.0,0,1
noisy_sine_002,noisy_sine,14.65,181.56,90.0,0,0
noisy_sine_002,noisy_sine,14.66667,181.56,0.0,0,1
noisy_sine_002,noisy_sine,14.68333,183.06,90.0,0,0
noisy_sine_002,noisy_sine,14.7,183.06,0.0,0,0
noisy_sine_002,noisy_sine,14.71667,183.06,0.0,0,0
noisy_sine_002,noisy_sine,14.73333,183.06,0.0,0,0
noisy_sine_002,noisy_sine,14.75,183.06,0.0,0,0
noisy_sine_002,noisy_sine,14.76667,183.06,0.0,0,0
noisy_sine_002,noisy_sine,14.78333,183.06,0.0,0,1
noisy_sine_002,noisy_sine,14.8,184.56,90.0,0,0
noisy_sine_002,noisy_sine,14.81667,184.56,0.0,0,0
noisy_sine_002,noisy_sine,14.83333,184.56,0.0,1,0
noisy_sine_002,noisy_sine,14.85,183.06,-90.0,0,1
noisy_sine_002,noisy_sine,14.86667,184.56,90.0,0,0
noisy_sine_002,noisy_sine,14.88333,184.56,0.0,0,0
noisy_sine_002,noisy_sine,14.9,184.56,0.0,0,0
noisy_sine_002,noisy_sine,14.91667,184.56,0.0,0,0
noisy_sine_002,noisy_sine,14.93333,184.56,0.0,0,0
noisy_sine_002,noisy_sine,14.95,184.56,0.0,0,1
noisy_sine_002,noisy_sine,14.96667,186.06,90.0,0,0
noisy_sine_002,noisy_sine,14.98333,186.06,0.0,0,0
noisy_sine_002,noisy_sine,15.0,186.06,0.0,1,0
noisy_sine_002,noisy_sine,15.01667,184.56,-90.0,0,0
noisy_sine_002,noisy_sine,15.03333,184.56,0.0,0,0
noisy_sine_002,noisy_sine,15.05,184.56,0.0,0,0
noisy_sine_002,noisy_sine,15.06667,184.56,0.0,0,0
noisy_sine_002,noisy_sine,15.08333,184.56,0.0,0,0
noisy_sine_002,noisy_sine,15.1,184.56,0.0,0,0
noisy_sine_002,noisy_sine,15.11667,184.56,0.0,0,0
noisy_sine_002,noisy_sine,15.13333,184.56,0.0,0,0
noisy_sine_002,noisy_sine,15.15,184.56,0.0,1,0
noisy_sine_002,noisy_sine,15.16667,183.06,-90.0,0,0
noisy_sine_002,noisy_sine,15.18333,183.06,0.0,1,0
noisy_sine_002,noisy_sine,15.2,181.56,-90.0,0,0
noisy_sine_002,noisy_sine,15.21667,181.56,0.0,1,0
noisy_sine_002,noisy_sine,15.23333,180.06,-90.0,0,0
noisy_sine_002,noisy_sine,15.25,180.06,0.0,1,0
noisy_sine_002,noisy_sine,15.26667,178.56,-90.0,0,0
noisy_sine_002,noisy_sine,15.28333,178.56,0.0,1,0
noisy_sine_002,noisy_sine,15.3,177.06,-90.0,1,0
noisy_sine_002,noisy_sine,15.31667,175.56,-90.0,0,0
noisy_sine_002,noisy_sine,15.33333,175.56,0.0,1,0
noisy_sine_002,noisy_sine,15.35,174.06,-90.0,1,0
noisy_sine_002,noisy_sine,15.36667,172.56,-90.0,1,0
noisy_sine_002,noisy_sine,15.38333,171.06,-90.0,0,0
noisy_sine_002,noisy_sine,15.4,171.06,0.0,1,0
noisy_sine_002,noisy_sine,15.41667,169.56,-90.0,1,0
noisy_sine_002,noisy_sine,15.43333,168.06,-90.0,1,0
noisy_sine_002,noisy_sine,15.45,166.56,-90.0,1,0
noisy_sine_002,noisy_sine,15.46667,165.06,-90.0,0,0
noisy_sine_002,noisy_sine,15.48333,165.06,0.0,1,0
noisy_sine_002,noisy_sine,15.5,163.56,-90.0,1,0
noisy_sine_002,noisy_sine,15.51667,162.06,-90.0,1,0
noisy_sine_002,noisy_sine,15.53333,160.56,-90.0,1,0
noisy_sine_002,noisy_sine,15.55,159.06,-90.0,1,0
noisy_sine_002,noisy_sine,15.56667,157.56,-90.0,1,0
noisy_sine_002,noisy_sine,15.58333,156.06,-90.0,1,0
noisy_sine_002,noisy_sine,15.6,154.56,-90.0,1,0
noisy_sine_002,noisy_sine,15.61667,153.06,-90.0,1,0
noisy_sine_002,noisy_sine,15.63333,151.56,-90.0,1,0
noisy_sine_002,noisy_sine,15.65,150.06,-90.0,0,1
noisy_sine_002,noisy_sine,15.66667,151.56,90.0,1,0
noisy_sine_002,noisy_sine,15.68333,150.06,-90.0,1,0
noisy_sine_002,noisy_sine,15.7,148.56,-90.0,1,0
noisy_sine_002,noisy_sine,15.71667,147.06,-90.0,1,0
noisy_sine_002,noisy_sine,15.73333,145.56,-90.0,1,0
noisy_sine_002,noisy_sine,15.75,144.06,-90.0,1,0
noisy_sine_002,noisy_sine,15.76667,142.56,-90.0,1,0
noisy_sine_002,noisy_sine,15.78333,141.06,-90.0,1,0
noisy_sine_002,noisy_sine,15.8,139.56,-90.0,1,0
noisy_sine_002,noisy_sine,15.81667,138.06,-90.0,0,1
noisy_sine_002,noisy_sine,15.83333,139.56,90.0,1,0
noisy_sine_002,noisy_sine,15.85,138.06,-90.0,1,0
noisy_sine_002,noisy_sine,15.86667,136.56,-90.0,1,0
noisy_sine_002,noisy_sine,15.88333,135.06,-90.0,1,0
noisy_sine_002,noisy_sine,15.9,133.56,-90.0,1,0
noisy_sine_002,noisy_sine,15.91667,132.06,-90.0,1,0
noisy_sine_002,noisy_sine,15.93333,130.56,-90.0,1,0
noisy_sine_002,noisy_sine,15.95,129.06,-90.0,1,0
noisy_sine_002,noisy_sine,15.96667,127.56,-90.0,1,0
noisy_sine_002,noisy_sine,15.98333,126.06,-90.0,1,0
noisy_sine_002,noisy_sine,16.0,124.56,-90.0,1,0
noisy_sine_002,noisy_sine,16.01667,123.06,-90.0,0,1
noisy_sine_002,noisy_sine,16.03333,124.56,90.0,1,0
noisy_sine_002,noisy_sine,16.05,123.06,-90.0,1,0
noisy_sine_002,noisy_sine,16.06667,121.56,-90.0,1,0
noisy_sine_002,noisy_sine,16.08333,120.06,-90.0,1,0
noisy_sine_002,noisy_sine,16.1,118.56,-90.0,1,0
noisy_sine_002,noisy_sine,16.11667,117.06,-90.0,1,0
noisy_sine_002,noisy_sine,16.13333,115.56,-90.0,1,0
noisy_sine_002,noisy_sine,16.15,114.06,-90.0,1,0
noisy_sine_002,noisy_sine,16.16667,112.56,-90.0,1,0
noisy_sine_002,noisy_sine,16.18333,111.06,-90.0,1,0
noisy_sine_002,noisy_sine,16.2,109.56,-90.0,1,0
noisy_sine_002,noisy_sine,16.21667,108.06,-90.0,1,0
noisy_sine_002,noisy_sine,16.23333,106.56,-90.0,1,0
noisy_sine_002,noisy_sine,16.25,105.06,-90.0,0,1
noisy_sine_002,noisy_sine,16.26667,106.56,90.0,1,0
noisy_sine_002,noisy_sine,16.28333,105.06,-90.0,1,0
noisy_sine_002,noisy_sine,16.3,103.56,-90.0,1,0
noisy_sine_002,noisy_sine,16.31667,102.06,-90.0,1,0
noisy_sine_002,noisy_sine,16.33333,100.56,-90.0,1,0
noisy_sine_002,noisy_sine,16.35,99.06,-90.0,1,0
noisy_sine_002,noisy_sine,16.36667,97.56,-90.0,1,0
noisy_sine_002,noisy_sine,16.38333,96.06,-90.0,0,0
noisy_sine_002,noisy_sine,16.4,96.06,0.0,1,0
noisy_sine_002,noisy_sine,16.41667,94.56,-90.0,1,0
noisy_sine_002,noisy_sine,16.43333,93.06,-90.0,0,1
noisy_sine_002,noisy_sine,16.45,94.56,90.0,1,0
noisy_sine_002,noisy_sine,16.46667,93.06,-90.0,1,0
noisy_sine_002,noisy_sine,16.48333,91.56,-90.0,1,0
noisy_sine_002,noisy_sine,16.5,90.06,-90.0,1,0
noisy_sine_002,noisy_sine,16.51667,88.56,-90.0,1,0
noisy_sine_002,noisy_sine,16.53333,87.06,-90.0,1,0
noisy_sine_002,noisy_sine,16.55,85.56,-90.0,1,0
noisy_sine_002,noisy_sine,16.56667,84.06,-90.0,1,0
noisy_sine_002,noisy_sine,16.58333,82.56,-90.0,1,0
noisy_sine_002,noisy_sine,16.6,81.06,-90.0,1,0
noisy_sine_002,noisy_sine,16.61667,79.56,-90.0,1,0
noisy_sine_002,noisy_sine,16.63333,78.06,-90.0,1,0
noisy_sine_002,noisy_sine,16.65,76.56,-90.0,1,0
noisy_sine_002,noisy_sine,16.66667,75.06,-90.0,1,0
noisy_sine_002,noisy_sine,16.68333,73.56,-90.0,1,0
noisy_sine_002,noisy_sine,16.7,72.06,-90.0,1,0
noisy_sine_002,noisy_sine,16.71667,70.56,-90.0,1,0
noisy_sine_002,noisy_sine,16.73333,69.06,-90.0,1,0
noisy_sine_002,noisy_sine,16.75,67.56,-90.0,1,0
noisy_sine_002,noisy_sine,16.76667,66.06,-90.0,1,0
noisy_sine_002,noisy_sine,16.78333,64.56,-90.0,1,0
noisy_sine_002,noisy_sine,16.8,63.06,-90.0,1,0
noisy_sine_002,noisy_sine,16.81667,61.56,-90.0,1,0
noisy_sine_002,noisy_sine,16.83333,60.06,-90.0,1,0
noisy_sine_002,noisy_sine,16.85,58.56,-90.0,1,0
noisy_sine_002,noisy_sine,16.86667,57.06,-90.0,1,0
noisy_sine_002,noisy_sine,16.88333,55.56,-90.0,1,0
noisy_sine_002,noisy_sine,16.9,54.06,-90.0,0,1
noisy_sine_002,noisy_sine,16.91667,55.56,90.0,1,0
noisy_sine_002,noisy_sine,16.93333,54.06,-90.0,1,0
noisy_sine_002,noisy_sine,16.95,52.56,-90.0,1,0
noisy_sine_002,noisy_sine,16.96667,51.06,-90.0,1,0
noisy_sine_002,noisy_sine,16.98333,49.56,-90.0,1,0
noisy_sine_002,noisy_sine,17.0,48.06,-90.0,1,0
noisy_sine_002,noisy_sine,17.01667,46.56,-90.0,1,0
noisy_sine_002,noisy_sine,17.03333,45.06,-90.0,1,0
noisy_sine_002,noisy_sine,17.05,43.56,-90.0,1,0
noisy_sine_002,noisy_sine,17.06667,42.06,-90.0,1,0
noisy_sine_002,noisy_sine,17.08333,40.56,-90.0,1,0
noisy_sine_002,noisy_sine,17.1,39.06,-90.0,1,0
noisy_sine_002,noisy_sine,17.11667,37.56,-90.0,1,0
noisy_sine_002,noisy_sine,17.13333,36.06,-90.0,1,0
noisy_sine_002,noisy_sine,17.15,34.56,-90.0,1,0
noisy_sine_002,noisy_sine,17.16667,33.06,-90.0,1,0
noisy_sine_002,noisy_sine,17.18333,31.56,-90.0,1,0
noisy_sine_002,noisy_sine,17.2,30.06,-90.0,1,0
noisy_sine_002,noisy_sine,17.21667,28.56,-90.0,1,0
noisy_sine_002,noisy_sine,17.23333,27.06,-90.0,1,0
noisy_sine_002,noisy_sine,17.25,25.56,-90.0,1,0
noisy_sine_002,noisy_sine,17.26667,24.06,-90.0,1,0
noisy_sine_002,noisy_sine,17.28333,22.56,-90.0,1,0
noisy_sine_002,noisy_sine,17.3,21.06,-90.0,1,0
noisy_sine_002,noisy_sine,17.31667,19.56,-90.0,0,0
noisy_sine_002,noisy_sine,17.33333,19.56,0.0,0,0
noisy_sine_002,noisy_sine,17.35,19.56,0.0,0,0
noisy_sine_002,noisy_sine,17.36667,19.56,0.0,0,0
noisy_sine_002,noisy_sine,17.38333,19.56,0.0,0,0
noisy_sine_002,noisy_sine,17.4,19.56,0.0,0,0
noisy_sine_002,noisy_sine,17.41667,19.56,0.0,0,0
noisy_sine_002,noisy_sine,17.43333,19.56,0.0,0,0
noisy_sine_002,noisy_sine,17.45,19.56,0.0,0,0
noisy_sine_002,noisy_sine,17.46667,19.56,0.0,0,0
noisy_sine_002,noisy_sine,17.48333,19.56,0.0,0,0
noisy_sine_002,noisy_sine,17.5,19.56,0.0,0,0
noisy_sine_002,noisy_sine,17.51667,19.56,0.0,0,0
noisy_sine_002,noisy_sine,17.53333,19.56,0.0,0,0
noisy_sine_002,noisy_sine,17.55,19.56,0.0,0,0
noisy_sine_002,noisy_sine,17.56667,19.56,0.0,0,0
noisy_sine_002,noisy_sine,17.58333,19.56,0.0,0,0
noisy_sine_002,noisy_sine,17.6,19.56,0.0,0,0
noisy_sine_002,noisy_sine,17.61667,19.56,0.0,0,0
noisy_sine_002,noisy_sine,17.63333,19.56,0.0,0,0
noisy_sine_002,noisy_sine,17.65,19.56,0.0,0,0
noisy_sine_002,noisy_sine,17.66667,19.56,0.0,0,1
noisy_sine_002,noisy_sine,17.68333,21.06,90.0,0,0
noisy_sine_002,noisy_sine,17.7,21.06,0.0,0,1
noisy_sine_002,noisy_sine,17.71667,22.56,90.0,0,1
noisy_sine_002,noisy_sine,17.73333,24.06,90.0,0,0
noisy_sine_002,noisy_sine,17.75,24.06,0.0,0,1
noisy_sine_002,noisy_sine,17.76667,25.56,90.0,0,0
noisy_sine_002,noisy_sine,17.78333,25.56,0.0,0,1
noisy_sine_002,noisy_sine,17.8,27.06,90.0,0,1
noisy_sine_002,noisy_sine,17.81667,28.56,90.0,0,0
noisy_sine_002,noisy_sine,17.83333,28.56,0.0,0,1
noisy_sine_002,noisy_sine,17.85,30.06,90.0,0,1
noisy_sine_002,noisy_sine,17.86667,31.56,90.0,0,0
noisy_sine_002,noisy_sine,17.88333,31.56,0.0,0,1
noisy_sine_002,noisy_sine,17.9,33.06,90.0,0,1
noisy_sine_002,noisy_sine,17.91667,34.56,90.0,0,1
noisy_sine_002,noisy_sine,17.93333,36.06,90.0,0,1
noisy_sine_002,noisy_sine,17.95,37.56,90.0,0,0
noisy_sine_002,noisy_sine,17.96667,37.56,0.0,0,1
noisy_sine_002,noisy_sine,17.98333,39.06,90.0,0,1
noisy_sine_002,noisy_sine,18.0,40.56,90.0,0,1
noisy_sine_002,noisy_sine,18.01667,42.06,90.0,0,1
noisy_sine_002,noisy_sine,18.03333,43.56,90.0,0,1
noisy_sine_002,noisy_sine,18.05,45.06,90.0,0,1
noisy_sine_002,noisy_sine,18.06667,46.56,90.0,0,1
noisy_sine_002,noisy_sine,18.08333,48.06,90.0,0,1
noisy_sine_002,noisy_sine,18.1,49.56,90.0,0,1
noisy_sine_002,noisy_sine,18.11667,51.06,90.0,0,1
noisy_sine_002,noisy_sine,18.13333,52.56,90.0,0,1
noisy_sine_002,noisy_sine,18.15,54.06,90.0,0,1
noisy_sine_002,noisy_sine,18.16667,55.56,90.0,0,1
noisy_sine_002,noisy_sine,18.18333,57.06,90.0,0,1
noisy_sine_002,noisy_sine,18.2,58.56,90.0,0,1
noisy_sine_002,noisy_sine,18.21667,60.06,90.0,0,1
noisy_sine_002,noisy_sine,18.23333,61.56,90.0,0,1
noisy_sine_002,noisy_sine,18.25,63.06,90.0,0,1
noisy_sine_002,noisy_sine,18.26667,64.56,90.0,0,1
noisy_sine_002,noisy_sine,18.28333,66.06,90.0,0,1
noisy_sine_002,noisy_sine,18.3,67.56,90.0,0,1
noisy_sine_002,noisy_sine,18.31667,69.06,90.0,0,1
noisy_sine_002,noisy_sine,18.33333,70.56,90.0,0,1
noisy_sine_002,noisy_sine,18.35,72.06,90.0,0,1
noisy_sine_002,noisy_sine,18.36667,73.56,90.0,0,1
noisy_sine_002,noisy_sine,18.38333,75.06,90.0,0,1
noisy_sine_002,noisy_sine,18.4,76.56,90.0,0,1
noisy_sine_002,noisy_sine,18.41667,78.06,90.0,0,1
noisy_sine_002,noisy_sine,18.43333,79.56,90.0,0,1
noisy_sine_002,noisy_sine,18.45,81.06,90.0,0,1
noisy_sine_002,noisy_sine,18.46667,82.56,90.0,0,1
noisy_sine_002,noisy_sine,18.48333,84.06,90.0,0,1
noisy_sine_002,noisy_sine,18.5,85.56,90.0,0,1
noisy_sine_002,noisy_sine,18.51667,87.06,90.0,0,1
noisy_sine_002,noisy_sine,18.53333,88.56,90.0,0,1
noisy_sine_002,noisy_sine,18.55,90.06,90.0,0,1
noisy_sine_002,noisy_sine,18.56667,91.56,90.0,0,1
noisy_sine_002,noisy_sine,18.58333,93.06,90.0,0,1
noisy_sine_002,noisy_sine,18.6,94.56,90.0,0,1
noisy_sine_002,noisy_sine,18.61667,96.06,90.0,0,1
noisy_sine_002,noisy_sine,18.63333,97.56,90.0,0,1
noisy_sine_002,noisy_sine,18.65,99.06,90.0,0,1
noisy_sine_002,noisy_sine,18.66667,100.56,90.0,0,1
noisy_sine_002,noisy_sine,18.68333,102.06,90.0,0,1
noisy_sine_002,noisy_sine,18.7,103.56,90.0,0,1
noisy_sine_002,noisy_sine,18.71667,105.06,90.0,0,1
noisy_sine_002,noisy_sine,18.73333,106.56,90.0,0,1
noisy_sine_002,noisy_sine,18.75,108.06,90.0,0,0
noisy_sine_002,noisy_sine,18.76667,108.06,0.0,0,1
noisy_sine_002,noisy_sine,18.78333,109.56,90.0,0,1
noisy_sine_002,noisy_sine,18.8,111.06,90.0,0,1
noisy_sine_002,noisy_sine,18.81667,112.56,90.0,0,1
noisy_sine_002,noisy_sine,18.83333,114.06,90.0,0,1
noisy_sine_002,noisy_sine,18.85,115.56,90.0,0,1
noisy_sine_002,noisy_sine,18.86667,117.06,90.0,0,1
noisy_sine_002,noisy_sine,18.88333,118.56,90.0,0,1
noisy_sine_002,noisy_sine,18.9,120.06,90.0,0,1
noisy_sine_002,noisy_sine,18.91667,121.56,90.0,0,1
noisy_sine_002,noisy_sine,18.93333,123.06,90.0,0,1
noisy_sine_002,noisy_sine,18.95,124.56,90.0,0,1
noisy_sine_002,noisy_sine,18.96667,126.06,90.0,0,1
noisy_sine_002,noisy_sine,18.98333,127.56,90.0,0,1
noisy_sine_002,noisy_sine,19.0,129.06,90.0,0,1
noisy_sine_002,noisy_sine,19.01667,130.56,90.0,0,1
noisy_sine_002,noisy_sine,19.03333,132.06,90.0,0,1
noisy_sine_002,noisy_sine,19.05,133.56,90.0,0,1
noisy_sine_002,noisy_sine,19.06667,135.06,90.0,0,1
noisy_sine_002,noisy_sine,19.08333,136.56,90.0,0,1
noisy_sine_002,noisy_sine,19.1,138.06,90.0,0,1
noisy_sine_002,noisy_sine,19.11667,139.56,90.0,0,1
noisy_sine_002,noisy_sine,19.13333,141.06,90.0,0,0
noisy_sine_002,noisy_sine,19.15,141.06,0.0,0,1
noisy_sine_002,noisy_sine,19.16667,142.56,90.0,0,1
noisy_sine_002,noisy_sine,19.18333,144.06,90.0,0,1
noisy_sine_002,noisy_sine,19.2,145.56,90.0,0,1
noisy_sine_002,noisy_sine,19.21667,147.06,90.0,0,1
noisy_sine_002,noisy_sine,19.23333,148.56,90.0,0,1
noisy_sine_002,noisy_sine,19.25,150.06,90.0,0,1
noisy_sine_002,noisy_sine,19.26667,151.56,90.0,0,1
noisy_sine_002,noisy_sine,19.28333,153.06,90.0,0,1
noisy_sine_002,noisy_sine,19.3,154.56,90.0,0,1
noisy_sine_002,noisy_sine,19.31667,156.06,90.0,0,1
noisy_sine_002,noisy_sine,19.33333,157.56,90.0,0,1
noisy_sine_002,noisy_sine,19.35,159.06,90.0,0,1
noisy_sine_002,noisy_sine,19.36667,160.56,90.0,0,1
noisy_sine_002,noisy_sine,19.38333,162.06,90.0,0,1
noisy_sine_002,noisy_sine,19.4,163.56,90.0,0,1
noisy_sine_002,noisy_sine,19.41667,165.06,90.0,0,1
noisy_sine_002,noisy_sine,19.43333,166.56,90.0,0,1
noisy_sine_002,noisy_sine,19.45,168.06,90.0,0,1
noisy_sine_002,noisy_sine,19.46667,169.56,90.0,0,1
noisy_sine_002,noisy_sine,19.48333,171.06,90.0,0,1
noisy_sine_002,noisy_sine,19.5,172.56,90.0,0,1
noisy_sine_002,noisy_sine,19.51667,174.06,90.0,0,1
noisy_sine_002,noisy_sine,19.53333,175.56,90.0,0,1
noisy_sine_002,noisy_sine,19.55,177.06,90.0,0,1
noisy_sine_002,noisy_sine,19.56667,178.56,90.0,0,1
noisy_sine_002,noisy_sine,19.58333,180.06,90.0,0,0
noisy_sine_002,noisy_sine,19.6,180.06,0.0,0,0
noisy_sine_002,noisy_sine,19.61667,180.06,0.0,0,1
noisy_sine_002,noisy_sine,19.63333,181.56,90.0,0,0
noisy_sine_002,noisy_sine,19.65,181.56,0.0,0,0
noisy_sine_002,noisy_sine,19.66667,181.56,0.0,0,0
noisy_sine_002,noisy_sine,19.68333,181.56,0.0,0,1
noisy_sine_002,noisy_sine,19.7,183.06,90.0,0,0
noisy_sine_002,noisy_sine,19.71667,183.06,0.0,0,0
noisy_sine_002,noisy_sine,19.73333,183.06,0.0,0,0
noisy_sine_002,noisy_sine,19.75,183.06,0.0,0,0
noisy_sine_002,noisy_sine,19.76667,183.06,0.0,0,0
noisy_sine_002,noisy_sine,19.78333,183.06,0.0,0,1
noisy_sine_002,noisy_sine,19.8,184.56,90.0,0,0
noisy_sine_002,noisy_sine,19.81667,184.56,0.0,0,0
noisy_sine_002,noisy_sine,19.83333,184.56,0.0,0,0
noisy_sine_002,noisy_sine,19.85,184.56,0.0,0,0
noisy_sine_002,noisy_sine,19.86667,184.56,0.0,0,0
noisy_sine_002,noisy_sine,19.88333,184.56,0.0,0,0
noisy_sine_002,noisy_sine,19.9,184.56,0.0,0,0
noisy_sine_002,noisy_sine,19.91667,184.56,0.0,0,1
noisy_sine_002,noisy_sine,19.93333,186.06,90.0,0,0
noisy_sine_002,noisy_sine,19.95,186.06,0.0,0,1
noisy_sine_002,noisy_sine,19.96667,187.56,90.0,0,0
noisy_sine_002,noisy_sine,19.98333,187.56,0.0,0,0
noisy_sine_002,noisy_sine,20.0,187.56,0.0,0,0
noisy_sine_002,noisy_sine,20.01667,187.56,0.0,0,0
noisy_sine_002,noisy_sine,20.03333,187.56,0.0,0,0
noisy_sine_002,noisy_sine,20.05,187.56,0.0,0,0
noisy_sine_002,noisy_sine,20.06667,187.56,0.0,0,0
noisy_sine_002,noisy_sine,20.08333,187.56,0.0,0,0
noisy_sine_002,noisy_sine,20.1,187.56,0.0,1,0
noisy_sine_002,noisy_sine,20.11667,186.06,-90.0,1,0
noisy_sine_002,noisy_sine,20.13333,184.56,-90.0,0,0
noisy_sine_002,noisy_sine,20.15,184.56,0.0,1,0
noisy_sine_002,noisy_sine,20.16667,183.06,-90.0,0,0
noisy_sine_002,noisy_sine,20.18333,183.06,0.0,1,0
noisy_sine_002,noisy_sine,20.2,181.56,-90.0,0,1
noisy_sine_002,noisy_sine,20.21667,183.06,90.0,1,0
noisy_sine_002,noisy_sine,20.23333,181.56,-90.0,1,0
noisy_sine_002,noisy_sine,20.25,180.06,-90.0,1,0
noisy_sine_002,noisy_sine,20.26667,178.56,-90.0,0,0
noisy_sine_002,noisy_sine,20.28333,178.56,0.0,1,0
noisy_sine_002,noisy_sine,20.3,177.06,-90.0,1,0
noisy_sine_002,noisy_sine,20.31667,175.56,-90.0,0,0
noisy_sine_002,noisy_sine,20.33333,175.56,0.0,1,0
noisy_sine_002,noisy_sine,20.35,174.06,-90.0,1,0
noisy_sine_002,noisy_sine,20.36667,172.56,-90.0,0,0
noisy_sine_002,noisy_sine,20.38333,172.56,0.0,1,0
noisy_sine_002,noisy_sine,20.4,171.06,-90.0,1,0
noisy_sine_002,noisy_sine,20.41667,169.56,-90.0,1,0
noisy_sine_002,noisy_sine,20.43333,168.06,-90.0,1,0
noisy_sine_002,noisy_sine,20.45,166.56,-90.0,0,0
noisy_sine_002,noisy_sine,20.46667,166.56,0.0,1,0
noisy_sine_002,noisy_sine,20.48333,165.06,-90.0,1,0
noisy_sine_002,noisy_sine,20.5,163.56,-90.0,1,0
noisy_sine_002,noisy_sine,20.51667,162.06,-90.0,1,0
noisy_sine_002,noisy_sine,20.53333,160.56,-90.0,1,0
noisy_sine_002,noisy_sine,20.55,159.06,-90.0,1,0
noisy_sine_002,noisy_sine,20.56667,157.56,-90.0,1,0
noisy_sine_002,noisy_sine,20.58333,156.06,-90.0,1,0
noisy_sine_002,noisy_sine,20.6,154.56,-90.0,1,0
noisy_sine_002,noisy_sine,20.61667,153.06,-90.0,1,0
noisy_sine_002,noisy_sine,20.63333,151.56,-90.0,1,0
noisy_sine_002,noisy_sine,20.65,150.06,-90.0,1,0
noisy_sine_002,noisy_sine,20.66667,148.56,-90.0,1,0
noisy_sine_002,noisy_sine,20.68333,147.06,-90.0,1,0
noisy_sine_002,noisy_sine,20.7,145.56,-90.0,1,0
noisy_sine_002,noisy_sine,20.71667,144.06,-90.0,1,0
noisy_sine_002,noisy_sine,20.73333,142.56,-90.0,1,0
noisy_sine_002,noisy_sine,20.75,141.06,-90.0,1,0
noisy_sine_002,noisy_sine,20.76667,139.56,-90.0,1,0
noisy_sine_002,noisy_sine,20.78333,138.06,-90.0,0,1
noisy_sine_002,noisy_sine,20.8,139.56,90.0,1,0
noisy_sine_002,noisy_sine,20.81667,138.06,-90.0,1,0
noisy_sine_002,noisy_sine,20.83333,136.56,-90.0,1,0
noisy_sine_002,noisy_sine,20.85,135.06,-90.0,1,0
noisy_sine_002,noisy_sine,20.86667,133.56,-90.0,1,0
noisy_sine_002,noisy_sine,20.88333,132.06,-90.0,1,0
noisy_sine_002,noisy_sine,20.9,130.56,-90.0,1,0
noisy_sine_002,noisy_sine,20.91667,129.06,-90.0,1,0
noisy_sine_002,noisy_sine,20.93333,127.56,-90.0,1,0
noisy_sine_002,noisy_sine,20.95,126.06,-90.0,1,0
noisy_sine_002,noisy_sine,20.96667,124.56,-90.0,1,0
noisy_sine_002,noisy_sine,20.98333,123.06,-90.0,1,0
noisy_sine_002,noisy_sine,21.0,121.56,-90.0,1,0
noisy_sine_002,noisy_sine,21.01667,120.06,-90.0,0,1
noisy_sine_002,noisy_sine,21.03333,121.56,90.0,1,0
noisy_sine_002,noisy_sine,21.05,120.06,-90.0,1,0
noisy_sine_002,noisy_sine,21.06667,118.56,-90.0,1,0
noisy_sine_002,noisy_sine,21.08333,117.06,-90.0,1,0
noisy_sine_002,noisy_sine,21.1,115.56,-90.0,1,0
noisy_sine_002,noisy_sine,21.11667,114.06,-90.0,1,0
noisy_sine_002,noisy_sine,21.13333,112.56,-90.0,1,0
noisy_sine_002,noisy_sine,21.15,111.06,-90.0,1,0
noisy_sine_002,noisy_sine,21.16667,109.56,-90.0,1,0
noisy_sine_002,noisy_sine,21.18333,108.06,-90.0,1,0
noisy_sine_002,noisy_sine,21.2,106.56,-90.0,1,0
noisy_sine_002,noisy_sine,21.21667,105.06,-90.0,1,0
noisy_sine_002,noisy_sine,21.23333,103.56,-90.0,1,0
noisy_sine_002,noisy_sine,21.25,102.06,-90.0,1,0
noisy_sine_002,noisy_sine,21.26667,100.56,-90.0,1,0
noisy_sine_002,noisy_sine,21.28333,99.06,-90.0,1,0
noisy_sine_002,noisy_sine,21.3,97.56,-90.0,1,0
noisy_sine_002,noisy_sine,21.31667,96.06,-90.0,1,0
noisy_sine_002,noisy_sine,21.33333,94.56,-90.0,1,0
noisy_sine_002,noisy_sine,21.35,93.06,-90.0,1,0
noisy_sine_002,noisy_sine,21.36667,91.56,-90.0,1,0
noisy_sine_002,noisy_sine,21.38333,90.06,-90.0,1,0
noisy_sine_002,noisy_sine,21.4,88.56,-90.0,1,0
noisy_sine_002,noisy_sine,21.41667,87.06,-90.0,1,0
noisy_sine_002,noisy_sine,21.43333,85.56,-90.0,1,0
noisy_sine_002,noisy_sine,21.45,84.06,-90.0,1,0
noisy_sine_002,noisy_sine,21.46667,82.56,-90.0,1,0
noisy_sine_002,noisy_sine,21.48333,81.06,-90.0,1,0
noisy_sine_002,noisy_sine,21.5,79.56,-90.0,1,0
noisy_sine_002,noisy_sine,21.51667,78.06,-90.0,1,0
noisy_sine_002,noisy_sine,21.53333,76.56,-90.0,1,0
noisy_sine_002,noisy_sine,21.55,75.06,-90.0,1,0
noisy_sine_002,noisy_sine,21.56667,73.56,-90.0,0,0
noisy_sine_002,noisy_sine,21.58333,73.56,0.0,1,0
noisy_sine_002,noisy_sine,21.6,72.06,-90.0,1,0
noisy_sine_002,noisy_sine,21.61667,70.56,-90.0,1,0
noisy_sine_002,noisy_sine,21.63333,69.06,-90.0,1,0
noisy_sine_002,noisy_sine,21.65,67.56,-90.0,1,0
noisy_sine_002,noisy_sine,21.66667,66.06,-90.0,1,0
noisy_sine_002,noisy_sine,21.68333,64.56,-90.0,1,0
noisy_sine_002,noisy_sine,21.7,63.06,-90.0,1,0
noisy_sine_002,noisy_sine,21.71667,61.56,-90.0,1,0
noisy_sine_002,noisy_sine,21.73333,60.06,-90.0,1,0
noisy_sine_002,noisy_sine,21.75,58.56,-90.0,1,0
noisy_sine_002,noisy_sine,21.76667,57.06,-90.0,1,0
noisy_sine_002,noisy_sine,21.78333,55.56,-90.0,1,0
noisy_sine_002,noisy_sine,21.8,54.06,-90.0,1,0
noisy_sine_002,noisy_sine,21.81667,52.56,-90.0,1,0
noisy_sine_002,noisy_sine,21.83333,51.06,-90.0,1,0
noisy_sine_002,noisy_sine,21.85,49.56,-90.0,1,0
noisy_sine_002,noisy_sine,21.86667,48.06,-90.0,1,0
noisy_sine_002,noisy_sine,21.88333,46.56,-90.0,1,0
noisy_sine_002,noisy_sine,21.9,45.06,-90.0,1,0
noisy_sine_002,noisy_sine,21.91667,43.56,-90.0,1,0
noisy_sine_002,noisy_sine,21.93333,42.06,-90.0,1,0
noisy_sine_002,noisy_sine,21.95,40.56,-90.0,1,0
noisy_sine_002,noisy_sine,21.96667,39.06,-90.0,1,0
noisy_sine_002,noisy_sine,21.98333,37.56,-90.0,1,0
noisy_sine_002,noisy_sine,22.0,36.06,-90.0,1,0
noisy_sine_002,noisy_sine,22.01667,34.56,-90.0,1,0
noisy_sine_002,noisy_sine,22.03333,33.06,-90.0,1,0
noisy_sine_002,noisy_sine,22.05,31.56,-90.0,1,0
noisy_sine_002,noisy_sine,22.06667,30.06,-90.0,1,0
noisy_sine_002,noisy_sine,22.08333,28.56,-90.0,1,0
noisy_sine_002,noisy_sine,22.1,27.06,-90.0,1,0
noisy_sine_002,noisy_sine,22.11667,25.56,-90.0,1,0
noisy_sine_002,noisy_sine,22.13333,24.06,-90.0,1,0
noisy_sine_002,noisy_sine,22.15,22.56,-90.0,0,0
noisy_sine_002,noisy_sine,22.16667,22.56,0.0,1,0
noisy_sine_002,noisy_sine,22.18333,21.06,-90.0,0,0
noisy_sine_002,noisy_sine,22.2,21.06,0.0,0,0
noisy_sine_002,noisy_sine,22.21667,21.06,0.0,0,0
noisy_sine_002,noisy_sine,22.23333,21.06,0.0,0,0
noisy_sine_002,noisy_sine,22.25,21.06,0.0,0,0
noisy_sine_002,noisy_sine,22.26667,21.06,0.0,1,0
noisy_sine_002,noisy_sine,22.28333,19.56,-90.0,0,0
noisy_sine_002,noisy_sine,22.3,19.56,0.0,0,0
noisy_sine_002,noisy_sine,22.31667,19.56,0.0,0,0
noisy_sine_002,noisy_sine,22.33333,19.56,0.0,0,0
noisy_sine_002,noisy_sine,22.35,19.56,0.0,0,0
noisy_sine_002,noisy_sine,22.36667,19.56,0.0,0,0
noisy_sine_002,noisy_sine,22.38333,19.56,0.0,0,0
noisy_sine_002,noisy_sine,22.4,19.56,0.0,0,0
noisy_sine_002,noisy_sine,22.41667,19.56,0.0,0,0
noisy_sine_002,noisy_sine,22.43333,19.56,0.0,0,0
noisy_sine_002,noisy_sine,22.45,19.56,0.0,0,0
noisy_sine_002,noisy_sine,22.46667,19.56,0.0,0,0
noisy_sine_002,noisy_sine,22.48333,19.56,0.0,0,0
noisy_sine_002,noisy_sine,22.5,19.56,0.0,0,0
noisy_sine_002,noisy_sine,22.51667,19.56,0.0,0,0
noisy_sine_002,noisy_sine,22.53333,19.56,0.0,0,0
noisy_sine_002,noisy_sine,22.55,19.56,0.0,0,0
noisy_sine_002,noisy_sine,22.56667,19.56,0.0,0,0
noisy_sine_002,noisy_sine,22.58333,19.56,0.0,0,0
noisy_sine_002,noisy_sine,22.6,19.56,0.0,0,0
noisy_sine_002,noisy_sine,22.61667,19.56,0.0,0,0
noisy_sine_002,noisy_sine,22.63333,19.56,0.0,0,0
noisy_sine_002,noisy_sine,22.65,19.56,0.0,0,0
noisy_sine_002,noisy_sine,22.66667,19.56,0.0,0,1
noisy_sine_002,noisy_sine,22.68333,21.06,90.0,0,0
noisy_sine_002,noisy_sine,22.7,21.06,0.0,0,1
noisy_sine_002,noisy_sine,22.71667,22.56,90.0,0,0
noisy_sine_002,noisy_sine,22.73333,22.56,0.0,0,1
noisy_sine_002,noisy_sine,22.75,24.06,90.0,0,1
noisy_sine_002,noisy_sine,22.76667,25.56,90.0,0,0
noisy_sine_002,noisy_sine,22.78333,25.56,0.0,0,1
noisy_sine_002,noisy_sine,22.8,27.06,90.0,0,0
noisy_sine_002,noisy_sine,22.81667,27.06,0.0,0,1
noisy_sine_002,noisy_sine,22.83333,28.56,90.0,0,1
noisy_sine_002,noisy_sine,22.85,30.06,90.0,0,1
noisy_sine_002,noisy_sine,22.86667,31.56,90.0,0,0
noisy_sine_002,noisy_sine,22.88333,31.56,0.0,0,1
noisy_sine_002,noisy_sine,22.9,33.06,90.0,0,1
noisy_sine_002,noisy_sine,22.91667,34.56,90.0,0,1
noisy_sine_002,noisy_sine,22.93333,36.06,90.0,0,0
noisy_sine_002,noisy_sine,22.95,36.06,0.0,0,1
noisy_sine_002,noisy_sine,22.96667,37.56,90.0,0,1
noisy_sine_002,noisy_sine,22.98333,39.06,90.0,0,1
noisy_sine_002,noisy_sine,23.0,40.56,90.0,0,1
noisy_sine_002,noisy_sine,23.01667,42.06,90.0,0,1
noisy_sine_002,noisy_sine,23.03333,43.56,90.0,0,1
noisy_sine_002,noisy_sine,23.05,45.06,90.0,0,1
noisy_sine_002,noisy_sine,23.06667,46.56,90.0,0,0
noisy_sine_002,noisy_sine,23.08333,46.56,0.0,0,1
noisy_sine_002,noisy_sine,23.1,48.06,90.0,0,1
noisy_sine_002,noisy_sine,23.11667,49.56,90.0,0,1
noisy_sine_002,noisy_sine,23.13333,51.06,90.0,0,1
noisy_sine_002,noisy_sine,23.15,52.56,90.0,0,1
noisy_sine_002,noisy_sine,23.16667,54.06,90.0,0,1
noisy_sine_002,noisy_sine,23.18333,55.56,90.0,1,0
noisy_sine_002,noisy_sine,23.2,54.06,-90.0,0,1
noisy_sine_002,noisy_sine,23.21667,55.56,90.0,0,1
noisy_sine_002,noisy_sine,23.23333,57.06,90.0,0,1
noisy_sine_002,noisy_sine,23.25,58.56,90.0,0,1
noisy_sine_002,noisy_sine,23.26667,60.06,90.0,0,1
noisy_sine_002,noisy_sine,23.28333,61.56,90.0,0,1
noisy_sine_002,noisy_sine,23.3,63.06,90.0,0,1
noisy_sine_002,noisy_sine,23.31667,64.56,90.0,0,1
noisy_sine_002,noisy_sine,23.33333,66.06,90.0,0,1
noisy_sine_002,noisy_sine,23.35,67.56,90.0,0,1
noisy_sine_002,noisy_sine,23.36667,69.06,90.0,1,0
noisy_sine_002,noisy_sine,23.38333,67.56,-90.0,0,1
noisy_sine_002,noisy_sine,23.4,69.06,90.0,0,1
noisy_sine_002,noisy_sine,23.41667,70.56,90.0,0,1
noisy_sine_002,noisy_sine,23.43333,72.06,90.0,0,1
noisy_sine_002,noisy_sine,23.45,73.56,90.0,0,1
noisy_sine_002,noisy_sine,23.46667,75.06,90.0,0,1
noisy_sine_002,noisy_sine,23.48333,76.56,90.0,0,1
noisy_sine_002,noisy_sine,23.5,78.06,90.0,0,1
noisy_sine_002,noisy_sine,23.51667,79.56,90.0,0,1
noisy_sine_002,noisy_sine,23.53333,81.06,90.0,0,1
noisy_sine_002,noisy_sine,23.55,82.56,90.0,0,1
noisy_sine_002,noisy_sine,23.56667,84.06,90.0,0,1
noisy_sine_002,noisy_sine,23.58333,85.56,90.0,0,1
noisy_sine_002,noisy_sine,23.6,87.06,90.0,0,1
noisy_sine_002,noisy_sine,23.61667,88.56,90.0,0,0
noisy_sine_002,noisy_sine,23.63333,88.56,0.0,0,0
noisy_sine_002,noisy_sine,23.65,88.56,0.0,0,1
noisy_sine_002,noisy_sine,23.66667,90.06,90.0,0,0
noisy_sine_002,noisy_sine,23.68333,90.06,0.0,0,1
noisy_sine_002,noisy_sine,23.7,91.56,90.0,0,1
noisy_sine_002,noisy_sine,23.71667,93.06,90.0,0,1
noisy_sine_002,noisy_sine,23.73333,94.56,90.0,0,1
noisy_sine_002,noisy_sine,23.75,96.06,90.0,0,1
noisy_sine_002,noisy_sine,23.76667,97.56,90.0,0,1
noisy_sine_002,noisy_sine,23.78333,99.06,90.0,0,1
noisy_sine_002,noisy_sine,23.8,100.56,90.0,0,1
noisy_sine_002,noisy_sine,23.81667,102.06,90.0,0,1
noisy_sine_002,noisy_sine,23.83333,103.56,90.0,0,1
noisy_sine_002,noisy_sine,23.85,105.06,90.0,0,1
noisy_sine_002,noisy_sine,23.86667,106.56,90.0,0,1
noisy_sine_002,noisy_sine,23.88333,108.06,90.0,0,1
noisy_sine_002,noisy_sine,23.9,109.56,90.0,0,1
noisy_sine_002,noisy_sine,23.91667,111.06,90.0,0,1
noisy_sine_002,noisy_sine,23.93333,112.56,90.0,0,1
noisy_sine_002,noisy_sine,23.95,114.06,90.0,0,1
noisy_sine_002,noisy_sine,23.96667,115.56,90.0,0,1
noisy_sine_002,noisy_sine,23.98333,117.06,90.0,0,1
noisy_sine_002,noisy_sine,24.0,118.56,90.0,0,1
noisy_sine_002,noisy_sine,24.01667,120.06,90.0,0,1
noisy_sine_002,noisy_sine,24.03333,121.56,90.0,0,1
noisy_sine_002,noisy_sine,24.05,123.06,90.0,1,0
noisy_sine_002,noisy_sine,24.06667,121.56,-90.0,0,1
noisy_sine_002,noisy_sine,24.08333,123.06,90.0,0,1
noisy_sine_002,noisy_sine,24.1,124.56,90.0,0,1
noisy_sine_002,noisy_sine,24.11667,126.06,90.0,0,1
noisy_sine_002,noisy_sine,24.13333,127.56,90.0,0,1
noisy_sine_002,noisy_sine,24.15,129.06,90.0,0,1
noisy_sine_002,noisy_sine,24.16667,130.56,90.0,0,1
noisy_sine_002,noisy_sine,24.18333,132.06,90.0,0,1
noisy_sine_002,noisy_sine,24.2,133.56,90.0,1,0
noisy_sine_002,noisy_sine,24.21667,132.06,-90.0,0,1
noisy_sine_002,noisy_sine,24.23333,133.56,90.0,0,1
noisy_sine_002,noisy_sine,24.25,135.06,90.0,0,1
noisy_sine_002,noisy_sine,24.26667,136.56,90.0,0,1
noisy_sine_002,noisy_sine,24.28333,138.06,90.0,0,1
noisy_sine_002,noisy_sine,24.3,139.56,90.0,0,1
noisy_sine_002,noisy_sine,24.31667,141.06,90.0,1,0
noisy_sine_002,noisy_sine,24.33333,139.56,-90.0,0,1
noisy_sine_002,noisy_sine,24.35,141.06,90.0,0,1
noisy_sine_002,noisy_sine,24.36667,142.56,90.0,0,1
noisy_sine_002,noisy_sine,24.38333,144.06,90.0,0,1
noisy_sine_002,noisy_sine,24.4,145.56,90.0,0,1
noisy_sine_002,noisy_sine,24.41667,147.06,90.0,0,1
noisy_sine_002,noisy_sine,24.43333,148.56,90.0,0,1
noisy_sine_002,noisy_sine,24.45,150.06,90.0,0,1
noisy_sine_002,noisy_sine,24.46667,151.56,90.0,0,1
noisy_sine_002,noisy_sine,24.48333,153.06,90.0,0,1
noisy_sine_002,noisy_sine,24.5,154.56,90.0,0,1
noisy_sine_002,noisy_sine,24.51667,156.06,90.0,0,1
noisy_sine_002,noisy_sine,24.53333,157.56,90.0,0,1
noisy_sine_002,noisy_sine,24.55,159.06,90.0,0,1
noisy_sine_002,noisy_sine,24.56667,160.56,90.0,0,1
noisy_sine_002,noisy_sine,24.58333,162.06,90.0,0,1
noisy_sine_002,noisy_sine,24.6,163.56,90.0,0,1
noisy_sine_002,noisy_sine,24.61667,165.06,90.0,0,1
noisy_sine_002,noisy_sine,24.63333,166.56,90.0,0,1
noisy_sine_002,noisy_sine,24.65,168.06,90.0,0,1
noisy_sine_002,noisy_sine,24.66667,169.56,90.0,0,1
noisy_sine_002,noisy_sine,24.68333,171.06,90.0,0,1
noisy_sine_002,noisy_sine,24.7,172.56,90.0,0,1
noisy_sine_002,noisy_sine,24.71667,174.06,90.0,0,1
noisy_sine_002,noisy_sine,24.73333,175.56,90.0,0,1
noisy_sine_002,noisy_sine,24.75,177.06,90.0,0,1
noisy_sine_002,noisy_sine,24.76667,178.56,90.0,0,1
noisy_sine_002,noisy_sine,24.78333,180.06,90.0,0,1
noisy_sine_002,noisy_sine,24.8,181.56,90.0,0,1
noisy_sine_002,noisy_sine,24.81667,183.06,90.0,0,1
noisy_sine_002,noisy_sine,24.83333,184.56,90.0,0,0
noisy_sine_002,noisy_sine,24.85,184.56,0.0,1,0
noisy_sine_002,noisy_sine,24.86667,183.06,-90.0,0,1
noisy_sine_002,noisy_sine,24.88333,184.56,90.0,0,0
noisy_sine_002,noisy_sine,24.9,184.56,0.0,0,0
noisy_sine_002,noisy_sine,24.91667,184.56,0.0,0,0
noisy_sine_002,noisy_sine,24.93333,184.56,0.0,0,0
noisy_sine_002,noisy_sine,24.95,184.56,0.0,0,0
noisy_sine_002,noisy_sine,24.96667,184.56,0.0,0,0
noisy_sine_002,noisy_sine,24.98333,184.56,0.0,0,0
noisy_sine_002,noisy_sine,25.0,184.56,0.0,0,0
noisy_sine_002,noisy_sine,25.01667,184.56,0.0,0,0
noisy_sine_002,noisy_sine,25.03333,184.56,0.0,0,0
noisy_sine_002,noisy_sine,25.05,184.56,0.0,0,0
noisy_sine_002,noisy_sine,25.06667,184.56,0.0,0,0
noisy_sine_002,noisy_sine,25.08333,184.56,0.0,0,0
noisy_sine_002,noisy_sine,25.1,184.56,0.0,0,0
noisy_sine_002,noisy_sine,25.11667,184.56,0.0,0,0
noisy_sine_002,noisy_sine,25.13333,184.56,0.0,0,0
noisy_sine_002,noisy_sine,25.15,184.56,0.0,0,0
noisy_sine_002,noisy_sine,25.16667,184.56,0.0,1,0
noisy_sine_002,noisy_sine,25.18333,183.06,-90.0,0,0
noisy_sine_002,noisy_sine,25.2,183.06,0.0,1,0
noisy_sine_002,noisy_sine,25.21667,181.56,-90.0,0,0
noisy_sine_002,noisy_sine,25.23333,181.56,0.0,1,0
noisy_sine_002,noisy_sine,25.25,180.06,-90.0,1,0
noisy_sine_002,noisy_sine,25.26667,178.56,-90.0,0,0
noisy_sine_002,noisy_sine,25.28333,178.56,0.0,1,0
noisy_sine_002,noisy_sine,25.3,177.06,-90.0,0,0
noisy_sine_002,noisy_sine,25.31667,177.06,0.0,1,0
noisy_sine_002,noisy_sine,25.33333,175.56,-90.0,1,0
noisy_sine_002,noisy_sine,25.35,174.06,-90.0,1,0
noisy_sine_002,noisy_sine,25.36667,172.56,-90.0,0,0
noisy_sine_002,noisy_sine,25.38333,172.56,0.0,1,0
noisy_sine_002,noisy_sine,25.4,171.06,-90.0,1,0
noisy_sine_002,noisy_sine,25.41667,169.56,-90.0,1,0
noisy_sine_002,noisy_sine,25.43333,168.06,-90.0,0,0
noisy_sine_002,noisy_sine,25.45,168.06,0.0,1,0
noisy_sine_002,noisy_sine,25.46667,166.56,-90.0,1,0
noisy_sine_002,noisy_sine,25.48333,165.06,-90.0,1,0
noisy_sine_002,noisy_sine,25.5,163.56,-90.0,1,0
noisy_sine_002,noisy_sine,25.51667,162.06,-90.0,1,0
noisy_sine_002,noisy_sine,25.53333,160.56,-90.0,1,0
noisy_sine_002,noisy_sine,25.55,159.06,-90.0,1,0
noisy_sine_002,noisy_sine,25.56667,157.56,-90.0,0,0
noisy_sine_002,noisy_sine,25.58333,157.56,0.0,1,0
noisy_sine_002,noisy_sine,25.6,156.06,-90.0,1,0
noisy_sine_002,noisy_sine,25.61667,154.56,-90.0,1,0
noisy_sine_002,noisy_sine,25.63333,153.06,-90.0,1,0
noisy_sine_002,noisy_sine,25.65,151.56,-90.0,1,0
noisy_sine_002,noisy_sine,25.66667,150.06,-90.0,1,0
noisy_sine_002,noisy_sine,25.68333,148.56,-90.0,1,0
noisy_sine_002,noisy_sine,25.7,147.06,-90.0,1,0
noisy_sine_002,noisy_sine,25.71667,145.56,-90.0,1,0
noisy_sine_002,noisy_sine,25.73333,144.06,-90.0,1,0
noisy_sine_002,noisy_sine,25.75,142.56,-90.0,1,0
noisy_sine_002,noisy_sine,25.76667,141.06,-90.0,1,0
noisy_sine_002,noisy_sine,25.78333,139.56,-90.0,1,0
noisy_sine_002,noisy_sine,25.8,138.06,-90.0,1,0
noisy_sine_002,noisy_sine,25.81667,136.56,-90.0,1,0
noisy_sine_002,noisy_sine,25.83333,135.06,-90.0,1,0
noisy_sine_002,noisy_sine,25.85,133.56,-90.0,1,0
noisy_sine_002,noisy_sine,25.86667,132.06,-90.0,1,0
noisy_sine_002,noisy_sine,25.88333,130.56,-90.0,1,0
noisy_sine_002,noisy_sine,25.9,129.06,-90.0,1,0
noisy_sine_002,noisy_sine,25.91667,127.56,-90.0,1,0
noisy_sine_002,noisy_sine,25.93333,126.06,-90.0,1,0
noisy_sine_002,noisy_sine,25.95,124.56,-90.0,1,0
noisy_sine_002,noisy_sine,25.96667,123.06,-90.0,1,0
noisy_sine_002,noisy_sine,25.98333,121.56,-90.0,0,1
noisy_sine_002,noisy_sine,26.0,123.06,90.0,1,0
noisy_sine_002,noisy_sine,26.01667,121.56,-90.0,1,0
noisy_sine_002,noisy_sine,26.03333,120.06,-90.0,1,0
noisy_sine_002,noisy_sine,26.05,118.56,-90.0,1,0
noisy_sine_002,noisy_sine,26.06667,117.06,-90.0,1,0
noisy_sine_002,noisy_sine,26.08333,115.56,-90.0,1,0
noisy_sine_002,noisy_sine,26.1,114.06,-90.0,1,0
noisy_sine_002,noisy_sine,26.11667,112.56,-90.0,1,0
noisy_sine_002,noisy_sine,26.13333,111.06,-90.0,1,0
noisy_sine_002,noisy_sine,26.15,109.56,-90.0,0,1
noisy_sine_002,noisy_sine,26.16667,111.06,90.0,1,0
noisy_sine_002,noisy_sine,26.18333,109.56,-90.0,1,0
noisy_sine_002,noisy_sine,26.2,108.06,-90.0,1,0
noisy_sine_002,noisy_sine,26.21667,106.56,-90.0,1,0
noisy_sine_002,noisy_sine,26.23333,105.06,-90.0,1,0
noisy_sine_002,noisy_sine,26.25,103.56,-90.0,1,0
noisy_sine_002,noisy_sine,26.26667,102.06,-90.0,1,0
noisy_sine_002,noisy_sine,26.28333,100.56,-90.0,1,0
noisy_sine_002,noisy_sine,26.3,99.06,-90.0,1,0
noisy_sine_002,noisy_sine,26.31667,97.56,-90.0,1,0
noisy_sine_002,noisy_sine,26.33333,96.06,-90.0,1,0
noisy_sine_002,noisy_sine,26.35,94.56,-90.0,1,0
noisy_sine_002,noisy_sine,26.36667,93.06,-90.0,1,0
noisy_sine_002,noisy_sine,26.38333,91.56,-90.0,1,0
noisy_sine_002,noisy_sine,26.4,90.06,-90.0,1,0
noisy_sine_002,noisy_sine,26.41667,88.56,-90.0,1,0
noisy_sine_002,noisy_sine,26.43333,87.06,-90.0,0,0
noisy_sine_002,noisy_sine,26.45,87.06,0.0,1,0
noisy_sine_002,noisy_sine,26.46667,85.56,-90.0,1,0
noisy_sine_002,noisy_sine,26.48333,84.06,-90.0,1,0
noisy_sine_002,noisy_sine,26.5,82.56,-90.0,1,0
noisy_sine_002,noisy_sine,26.51667,81.06,-90.0,0,1
noisy_sine_002,noisy_sine,26.53333,82.56,90.0,1,0
noisy_sine_002,noisy_sine,26.55,81.06,-90.0,1,0
noisy_sine_002,noisy_sine,26.56667,79.56,-90.0,1,0
noisy_sine_002,noisy_sine,26.58333,78.06,-90.0,1,0
noisy_sine_002,noisy_sine,26.6,76.56,-90.0,1,0
noisy_sine_002,noisy_sine,26.61667,75.06,-90.0,1,0
noisy_sine_002,noisy_sine,26.63333,73.56,-90.0,1,0
noisy_sine_002,noisy_sine,26.65,72.06,-90.0,0,0
noisy_sine_002,noisy_sine,26.66667,72.06,0.0,1,0
noisy_sine_002,noisy_sine,26.68333,70.56,-90.0,1,0
noisy_sine_002,noisy_sine,26.7,69.06,-90.0,1,0
noisy_sine_002,noisy_sine,26.71667,67.56,-90.0,0,1
noisy_sine_002,noisy_sine,26.73333,69.06,90.0,1,0
noisy_sine_002,noisy_sine,26.75,67.56,-90.0,1,0
noisy_sine_002,noisy_sine,26.76667,66.06,-90.0,1,0
noisy_sine_002,noisy_sine,26.78333,64.56,-90.0,1,0
noisy_sine_002,noisy_sine,26.8,63.06,-90.0,1,0
noisy_sine_002,noisy_sine,26.81667,61.56,-90.0,1,0
noisy_sine_002,noisy_sine,26.83333,60.06,-90.0,1,0
noisy_sine_002,noisy_sine,26.85,58.56,-90.0,1,0
noisy_sine_002,noisy_sine,26.86667,57.06,-90.0,1,0
noisy_sine_002,noisy_sine,26.88333,55.56,-90.0,1,0
noisy_sine_002,noisy_sine,26.9,54.06,-90.0,1,0
noisy_sine_002,noisy_sine,26.91667,52.56,-90.0,1,0
noisy_sine_002,noisy_sine,26.93333,51.06,-90.0,0,1
noisy_sine_002,noisy_sine,26.95,52.56,90.0,1,0
noisy_sine_002,noisy_sine,26.96667,51.06,-90.0,1,0
noisy_sine_002,noisy_sine,26.98333,49.56,-90.0,1,0
noisy_sine_002,noisy_sine,27.0,48.06,-90.0,1,0
noisy_sine_002,noisy_sine,27.01667,46.56,-90.0,1,0
noisy_sine_002,noisy_sine,27.03333,45.06,-90.0,1,0
noisy_sine_002,noisy_sine,27.05,43.56,-90.0,1,0
noisy_sine_002,noisy_sine,27.06667,42.06,-90.0,1,0
noisy_sine_002,noisy_sine,27.08333,40.56,-90.0,1,0
noisy_sine_002,noisy_sine,27.1,39.06,-90.0,1,0
noisy_sine_002,noisy_sine,27.11667,37.56,-90.0,1,0
noisy_sine_002,noisy_sine,27.13333,36.06,-90.0,1,0
noisy_sine_002,noisy_sine,27.15,34.56,-90.0,1,0
noisy_sine_002,noisy_sine,27.16667,33.06,-90.0,1,0
noisy_sine_002,noisy_sine,27.18333,31.56,-90.0,1,0
noisy_sine_002,noisy_sine,27.2,30.06,-90.0,1,0
noisy_sine_002,noisy_sine,27.21667,28.56,-90.0,1,0
noisy_sine_002,noisy_sine,27.23333,27.06,-90.0,1,0
noisy_sine_002,noisy_sine,27.25,25.56,-90.0,1,0
noisy_sine_002,noisy_sine,27.26667,24.06,-90.0,1,0
noisy_sine_002,noisy_sine,27.28333,22.56,-90.0,1,0
noisy_sine_002,noisy_sine,27.3,21.06,-90.0,1,0
noisy_sine_002,noisy_sine,27.31667,19.56,-90.0,0,0
noisy_sine_002,noisy_sine,27.33333,19.56,0.0,0,0
noisy_sine_002,noisy_sine,27.35,19.56,0.0,0,0
noisy_sine_002,noisy_sine,27.36667,19.56,0.0,0,0
noisy_sine_002,noisy_sine,27.38333,19.56,0.0,0,0
noisy_sine_002,noisy_sine,27.4,19.56,0.0,0,0
noisy_sine_002,noisy_sine,27.41667,19.56,0.0,0,0
noisy_sine_002,noisy_sine,27.43333,19.56,0.0,0,0
noisy_sine_002,noisy_sine,27.45,19.56,0.0,0,0
noisy_sine_002,noisy_sine,27.46667,19.56,0.0,0,0
noisy_sine_002,noisy_sine,27.48333,19.56,0.0,0,0
noisy_sine_002,noisy_sine,27.5,19.56,0.0,0,0
noisy_sine_002,noisy_sine,27.51667,19.56,0.0,0,0
noisy_sine_002,noisy_sine,27.53333,19.56,0.0,0,0
noisy_sine_002,noisy_sine,27.55,19.56,0.0,0,0
noisy_sine_002,noisy_sine,27.56667,19.56,0.0,0,0
noisy_sine_002,noisy_sine,27.58333,19.56,0.0,0,0
noisy_sine_002,noisy_sine,27.6,19.56,0.0,0,0
noisy_sine_002,noisy_sine,27.61667,19.56,0.0,0,0
noisy_sine_002,noisy_sine,27.63333,19.56,0.0,0,0
noisy_sine_002,noisy_sine,27.65,19.56,0.0,0,0
noisy_sine_002,noisy_sine,27.66667,19.56,0.0,0,1
noisy_sine_002,noisy_sine,27.68333,21.06,90.0,0,0
noisy_sine_002,noisy_sine,27.7,21.06,0.0,0,1
noisy_sine_002,noisy_sine,27.71667,22.56,90.0,0,0
noisy_sine_002,noisy_sine,27.73333,22.56,0.0,0,1
noisy_sine_002,noisy_sine,27.75,24.06,90.0,0,0
noisy_sine_002,noisy_sine,27.76667,24.06,0.0,0,1
noisy_sine_002,noisy_sine,27.78333,25.56,90.0,0,1
noisy_sine_002,noisy_sine,27.8,27.06,90.0,0,0
noisy_sine_002,noisy_sine,27.81667,27.06,0.0,0,1
noisy_sine_002,noisy_sine,27.83333,28.56,90.0,0,1
noisy_sine_002,noisy_sine,27.85,30.06,90.0,0,0
noisy_sine_002,noisy_sine,27.86667,30.06,0.0,0,1
noisy_sine_002,noisy_sine,27.88333,31.56,90.0,0,1
noisy_sine_002,noisy_sine,27.9,33.06,90.0,0,1
noisy_sine_002,noisy_sine,27.91667,34.56,90.0,0,0
noisy_sine_002,noisy_sine,27.93333,34.56,0.0,0,1
noisy_sine_002,noisy_sine,27.95,36.06,90.0,0,1
noisy_sine_002,noisy_sine,27.96667,37.56,90.0,0,1
noisy_sine_002,noisy_sine,27.98333,39.06,90.0,0,1
noisy_sine_002,noisy_sine,28.0,40.56,90.0,0,1
noisy_sine_002,noisy_sine,28.01667,42.06,90.0,0,1
noisy_sine_002,noisy_sine,28.03333,43.56,90.0,0,0
noisy_sine_002,noisy_sine,28.05,43.56,0.0,0,1
noisy_sine_002,noisy_sine,28.06667,45.06,90.0,0,1
noisy_sine_002,noisy_sine,28.08333,46.56,90.0,0,1
noisy_sine_002,noisy_sine,28.1,48.06,90.0,0,1
noisy_sine_002,noisy_sine,28.11667,49.56,90.0,0,1
noisy_sine_002,noisy_sine,28.13333,51.06,90.0,0,1
noisy_sine_002,noisy_sine,28.15,52.56,90.0,0,1
noisy_sine_002,noisy_sine,28.16667,54.06,90.0,0,1
noisy_sine_002,noisy_sine,28.18333,55.56,90.0,0,1
noisy_sine_002,noisy_sine,28.2,57.06,90.0,0,1
noisy_sine_002,noisy_sine,28.21667,58.56,90.0,0,1
noisy_sine_002,noisy_sine,28.23333,60.06,90.0,0,1
noisy_sine_002,noisy_sine,28.25,61.56,90.0,0,1
noisy_sine_002,noisy_sine,28.26667,63.06,90.0,0,1
noisy_sine_002,noisy_sine,28.28333,64.56,90.0,0,1
noisy_sine_002,noisy_sine,28.3,66.06,90.0,0,1
noisy_sine_002,noisy_sine,28.31667,67.56,90.0,0,1
noisy_sine_002,noisy_sine,28.33333,69.06,90.0,0,1
noisy_sine_002,noisy_sine,28.35,70.56,90.0,0,1
noisy_sine_002,noisy_sine,28.36667,72.06,90.0,0,1
noisy_sine_002,noisy_sine,28.38333,73.56,90.0,0,1
noisy_sine_002,noisy_sine,28.4,75.06,90.0,0,1
noisy_sine_002,noisy_sine,28.41667,76.56,90.0,0,1
noisy_sine_002,noisy_sine,28.43333,78.06,90.0,0,1
noisy_sine_002,noisy_sine,28.45,79.56,90.0,0,1
noisy_sine_002,noisy_sine,28.46667,81.06,90.0,0,1
noisy_sine_002,noisy_sine,28.48333,82.56,90.0,0,1
noisy_sine_002,noisy_sine,28.5,84.06,90.0,0,1
noisy_sine_002,noisy_sine,28.51667,85.56,90.0,0,1
noisy_sine_002,noisy_sine,28.53333,87.06,90.0,0,1
noisy_sine_002,noisy_sine,28.55,88.56,90.0,0,1
noisy_sine_002,noisy_sine,28.56667,90.06,90.0,0,1
noisy_sine_002,noisy_sine,28.58333,91.56,90.0,0,1
noisy_sine_002,noisy_sine,28.6,93.06,90.0,0,1
noisy_sine_002,noisy_sine,28.61667,94.56,90.0,0,1
noisy_sine_002,noisy_sine,28.63333,96.06,90.0,0,1
noisy_sine_002,noisy_sine,28.65,97.56,90.0,0,1
noisy_sine_002,noisy_sine,28.66667,99.06,90.0,0,1
noisy_sine_002,noisy_sine,28.68333,100.56,90.0,0,1
noisy_sine_002,noisy_sine,28.7,102.06,90.0,0,1
noisy_sine_002,noisy_sine,28.71667,103.56,90.0,0,1
noisy_sine_002,noisy_sine,28.73333,105.06,90.0,0,1
noisy_sine_002,noisy_sine,28.75,106.56,90.0,0,1
noisy_sine_002,noisy_sine,28.76667,108.06,90.0,0,1
noisy_sine_002,noisy_sine,28.78333,109.56,90.0,0,1
noisy_sine_002,noisy_sine,28.8,111.06,90.0,0,1
noisy_sine_002,noisy_sine,28.81667,112.56,90.0,0,1
noisy_sine_002,noisy_sine,28.83333,114.06,90.0,0,1
noisy_sine_002,noisy_sine,28.85,115.56,90.0,0,1
noisy_sine_002,noisy_sine,28.86667,117.06,90.0,0,1
noisy_sine_002,noisy_sine,28.88333,118.56,90.0,0,1
noisy_sine_002,noisy_sine,28.9,120.06,90.0,0,1
noisy_sine_002,noisy_sine,28.91667,121.56,90.0,0,1
noisy_sine_002,noisy_sine,28.93333,123.06,90.0,0,1
noisy_sine_002,noisy_sine,28.95,124.56,90.0,0,1
noisy_sine_002,noisy_sine,28.96667,126.06,90.0,0,1
noisy_sine_002,noisy_sine,28.98333,127.56,90.0,0,1
noisy_sine_002,noisy_sine,29.0,129.06,90.0,0,1
noisy_sine_002,noisy_sine,29.01667,130.56,90.0,0,1
noisy_sine_002,noisy_sine,29.03333,132.06,90.0,0,1
noisy_sine_002,noisy_sine,29.05,133.56,90.0,0,0
noisy_sine_002,noisy_sine,29.06667,133.56,0.0,0,1
noisy_sine_002,noisy_sine,29.08333,135.06,90.0,0,1
noisy_sine_002,noisy_sine,29.1,136.56,90.0,0,1
noisy_sine_002,noisy_sine,29.11667,138.06,90.0,0,1
noisy_sine_002,noisy_sine,29.13333,139.56,90.0,0,1
noisy_sine_002,noisy_sine,29.15,141.06,90.0,0,1
noisy_sine_002,noisy_sine,29.16667,142.56,90.0,0,0
noisy_sine_002,noisy_sine,29.18333,142.56,0.0,0,1
noisy_sine_002,noisy_sine,29.2,144.06,90.0,0,1
noisy_sine_002,noisy_sine,29.21667,145.56,90.0,0,1
noisy_sine_002,noisy_sine,29.23333,147.06,90.0,0,1
noisy_sine_002,noisy_sine,29.25,148.56,90.0,0,1
noisy_sine_002,noisy_sine,29.26667,150.06,90.0,0,1
noisy_sine_002,noisy_sine,29.28333,151.56,90.0,0,1
noisy_sine_002,noisy_sine,29.3,153.06,90.0,0,1
noisy_sine_002,noisy_sine,29.31667,154.56,90.0,0,1
noisy_sine_002,noisy_sine,29.33333,156.06,90.0,0,1
noisy_sine_002,noisy_sine,29.35,157.56,90.0,0,1
noisy_sine_002,noisy_sine,29.36667,159.06,90.0,0,1
noisy_sine_002,noisy_sine,29.38333,160.56,90.0,0,1
noisy_sine_002,noisy_sine,29.4,162.06,90.0,0,1
noisy_sine_002,noisy_sine,29.41667,163.56,90.0,0,0
noisy_sine_002,noisy_sine,29.43333,163.56,0.0,0,1
noisy_sine_002,noisy_sine,29.45,165.06,90.0,0,1
noisy_sine_002,noisy_sine,29.46667,166.56,90.0,0,1
noisy_sine_002,noisy_sine,29.48333,168.06,90.0,0,1
noisy_sine_002,noisy_sine,29.5,169.56,90.0,0,1
noisy_sine_002,noisy_sine,29.51667,171.06,90.0,0,1
noisy_sine_002,noisy_sine,29.53333,172.56,90.0,0,1
noisy_sine_002,noisy_sine,29.55,174.06,90.0,0,1
noisy_sine_002,noisy_sine,29.56667,175.56,90.0,0,1
noisy_sine_002,noisy_sine,29.58333,177.06,90.0,0,1
noisy_sine_002,noisy_sine,29.6,178.56,90.0,0,1
noisy_sine_002,noisy_sine,29.61667,180.06,90.0,0,0
noisy_sine_002,noisy_sine,29.63333,180.06,0.0,0,1
noisy_sine_002,noisy_sine,29.65,181.56,90.0,0,0
noisy_sine_002,noisy_sine,29.66667,181.56,0.0,0,0
noisy_sine_002,noisy_sine,29.68333,181.56,0.0,0,1
noisy_sine_002,noisy_sine,29.7,183.06,90.0,0,0
noisy_sine_002,noisy_sine,29.71667,183.06,0.0,0,0
noisy_sine_002,noisy_sine,29.73333,183.06,0.0,0,0
noisy_sine_002,noisy_sine,29.75,183.06,0.0,0,0
noisy_sine_002,noisy_sine,29.76667,183.06,0.0,0,0
noisy_sine_002,noisy_sine,29.78333,183.06,0.0,0,1
noisy_sine_002,noisy_sine,29.8,184.56,90.0,0,0
noisy_sine_002,noisy_sine,29.81667,184.56,0.0,0,0
noisy_sine_002,noisy_sine,29.83333,184.56,0.0,0,0
noisy_sine_002,noisy_sine,29.85,184.56,0.0,0,0
noisy_sine_002,noisy_sine,29.86667,184.56,0.0,0,0
noisy_sine_002,noisy_sine,29.88333,184.56,0.0,0,0
noisy_sine_002,noisy_sine,29.9,184.56,0.0,0,0
noisy_sine_002,noisy_sine,29.91667,184.56,0.0,0,0
noisy_sine_002,noisy_sine,29.93333,184.56,0.0,0,0
noisy_sine_002,noisy_sine,29.95,184.56,0.0,0,0
noisy_sine_002,noisy_sine,29.96667,184.56,0.0,0,0
noisy_sine_002,noisy_sine,29.98333,184.56,0.0,0,0
noisy_sine_002,noisy_sine,30.0,184.56,0.0,0,0
noisy_sine_002,noisy_sine,30.01667,184.56,0.0,0,0
noisy_sine_002,noisy_sine,30.03333,184.56,0.0,0,0
noisy_sine_002,noisy_sine,30.05,184.56,0.0,0,0
noisy_sine_002,noisy_sine,30.06667,184.56,0.0,0,0
noisy_sine_002,noisy_sine,30.08333,184.56,0.0,0,0
noisy_sine_002,noisy_sine,30.1,184.56,0.0,0,1
noisy_sine_002,noisy_sine,30.11667,186.06,90.0,0,0
noisy_sine_002,noisy_sine,30.13333,186.06,0.0,1,0
noisy_sine_002,noisy_sine,30.15,184.56,-90.0,0,0
noisy_sine_002,noisy_sine,30.16667,184.56,0.0,1,0
noisy_sine_002,noisy_sine,30.18333,183.06,-90.0,1,0
noisy_sine_002,noisy_sine,30.2,181.56,-90.0,0,0
noisy_sine_002,noisy_sine,30.21667,181.56,0.0,0,0
noisy_sine_002,noisy_sine,30.23333,181.56,0.0,1,0
noisy_sine_002,noisy_sine,30.25,180.06,-90.0,0,0
noisy_sine_002,noisy_sine,30.26667,180.06,0.0,1,0
noisy_sine_002,noisy_sine,30.28333,178.56,-90.0,1,0
noisy_sine_002,noisy_sine,30.3,177.06,-90.0,0,0
noisy_sine_002,noisy_sine,30.31667,177.06,0.0,1,0
noisy_sine_002,noisy_sine,30.33333,175.56,-90.0,1,0
noisy_sine_002,noisy_sine,30.35,174.06,-90.0,0,0
noisy_sine_002,noisy_sine,30.36667,174.06,0.0,0,1
noisy_sine_002,noisy_sine,30.38333,175.56,90.0,1,0
noisy_sine_002,noisy_sine,30.4,174.06,-90.0,1,0
noisy_sine_002,noisy_sine,30.41667,172.56,-90.0,1,0
noisy_sine_002,noisy_sine,30.43333,171.06,-90.0,1,0
noisy_sine_002,noisy_sine,30.45,169.56,-90.0,1,0
noisy_sine_002,noisy_sine,30.46667,168.06,-90.0,1,0
noisy_sine_002,noisy_sine,30.48333,166.56,-90.0,1,0
noisy_sine_002,noisy_sine,30.5,165.06,-90.0,1,0
noisy_sine_002,noisy_sine,30.51667,163.56,-90.0,1,0
noisy_sine_002,noisy_sine,30.53333,162.06,-90.0,1,0
noisy_sine_002,noisy_sine,30.55,160.56,-90.0,1,0
noisy_sine_002,noisy_sine,30.56667,159.06,-90.0,1,0
noisy_sine_002,noisy_sine,30.58333,157.56,-90.0,0,1
noisy_sine_002,noisy_sine,30.6,159.06,90.0,1,0
noisy_sine_002,noisy_sine,30.61667,157.56,-90.0,0,1
noisy_sine_002,noisy_sine,30.63333,159.06,90.0,1,0
noisy_sine_002,noisy_sine,30.65,157.56,-90.0,1,0
noisy_sine_002,noisy_sine,30.66667,156.06,-90.0,1,0
noisy_sine_002,noisy_sine,30.68333,154.56,-90.0,0,1
noisy_sine_002,noisy_sine,30.7,156.06,90.0,1,0
noisy_sine_002,noisy_sine,30.71667,154.56,-90.0,1,0
noisy_sine_002,noisy_sine,30.73333,153.06,-90.0,1,0
noisy_sine_002,noisy_sine,30.75,151.56,-90.0,1,0
noisy_sine_002,noisy_sine,30.76667,150.06,-90.0,1,0
noisy_sine_002,noisy_sine,30.78333,148.56,-90.0,1,0
noisy_sine_002,noisy_sine,30.8,147.06,-90.0,1,0
noisy_sine_002,noisy_sine,30.81667,145.56,-90.0,1,0
noisy_sine_002,noisy_sine,30.83333,144.06,-90.0,1,0
noisy_sine_002,noisy_sine,30.85,142.56,-90.0,1,0
noisy_sine_002,noisy_sine,30.86667,141.06,-90.0,1,0
noisy_sine_002,noisy_sine,30.88333,139.56,-90.0,1,0
noisy_sine_002,noisy_sine,30.9,138.06,-90.0,1,0
noisy_sine_002,noisy_sine,30.91667,136.56,-90.0,1,0
noisy_sine_002,noisy_sine,30.93333,135.06,-90.0,1,0
noisy_sine_002,noisy_sine,30.95,133.56,-90.0,1,0
noisy_sine_002,noisy_sine,30.96667,132.06,-90.0,1,0
noisy_sine_002,noisy_sine,30.98333,130.56,-90.0,1,0
noisy_sine_002,noisy_sine,31.0,129.06,-90.0,1,0
noisy_sine_002,noisy_sine,31.01667,127.56,-90.0,1,0
noisy_sine_002,noisy_sine,31.03333,126.06,-90.0,1,0
noisy_sine_002,noisy_sine,31.05,124.56,-90.0,0,0
noisy_sine_002,noisy_sine,31.06667,124.56,0.0,1,0
noisy_sine_002,noisy_sine,31.08333,123.06,-90.0,1,0
noisy_sine_002,noisy_sine,31.1,121.56,-90.0,1,0
noisy_sine_002,noisy_sine,31.11667,120.06,-90.0,1,0
noisy_sine_002,noisy_sine,31.13333,118.56,-90.0,1,0
noisy_sine_002,noisy_sine,31.15,117.06,-90.0,1,0
noisy_sine_002,noisy_sine,31.16667,115.56,-90.0,1,0
noisy_sine_002,noisy_sine,31.18333,114.06,-90.0,1,0
noisy_sine_002,noisy_sine,31.2,112.56,-90.0,1,0
noisy_sine_002,noisy_sine,31.21667,111.06,-90.0,1,0
noisy_sine_002,noisy_sine,31.23333,109.56,-90.0,1,0
noisy_sine_002,noisy_sine,31.25,108.06,-90.0,1,0
noisy_sine_002,noisy_sine,31.26667,106.56,-90.0,1,0
noisy_sine_002,noisy_sine,31.28333,105.06,-90.0,1,0
noisy_sine_002,noisy_sine,31.3,103.56,-90.0,1,0
noisy_sine_002,noisy_sine,31.31667,102.06,-90.0,1,0
noisy_sine_002,noisy_sine,31.33333,100.56,-90.0,1,0
noisy_sine_002,noisy_sine,31.35,99.06,-90.0,1,0
noisy_sine_002,noisy_sine,31.36667,97.56,-90.0,1,0
noisy_sine_002,noisy_sine,31.38333,96.06,-90.0,1,0
noisy_sine_002,noisy_sine,31.4,94.56,-90.0,0,1
noisy_sine_002,noisy_sine,31.41667,96.06,90.0,1,0
noisy_sine_002,noisy_sine,31.43333,94.56,-90.0,1,0
noisy_sine_002,noisy_sine,31.45,93.06,-90.0,1,0
noisy_sine_002,noisy_sine,31.46667,91.56,-90.0,1,0
noisy_sine_002,noisy_sine,31.48333,90.06,-90.0,1,0
noisy_sine_002,noisy_sine,31.5,88.56,-90.0,1,0
noisy_sine_002,noisy_sine,31.51667,87.06,-90.0,1,0
noisy_sine_002,noisy_sine,31.53333,85.56,-90.0,1,0
noisy_sine_002,noisy_sine,31.55,84.06,-90.0,1,0
noisy_sine_002,noisy_sine,31.56667,82.56,-90.0,1,0
noisy_sine_002,noisy_sine,31.58333,81.06,-90.0,1,0
noisy_sine_002,noisy_sine,31.6,79.56,-90.0,1,0
noisy_sine_002,noisy_sine,31.61667,78.06,-90.0,1,0
noisy_sine_002,noisy_sine,31.63333,76.56,-90.0,1,0
noisy_sine_002,noisy_sine,31.65,75.06,-90.0,1,0
noisy_sine_002,noisy_sine,31.66667,73.56,-90.0,1,0
noisy_sine_002,noisy_sine,31.68333,72.06,-90.0,1,0
noisy_sine_002,noisy_sine,31.7,70.56,-90.0,1,0
noisy_sine_002,noisy_sine,31.71667,69.06,-90.0,1,0
noisy_sine_002,noisy_sine,31.73333,67.56,-90.0,1,0
noisy_sine_002,noisy_sine,31.75,66.06,-90.0,1,0
noisy_sine_002,noisy_sine,31.76667,64.56,-90.0,1,0
noisy_sine_002,noisy_sine,31.78333,63.06,-90.0,0,0
noisy_sine_002,noisy_sine,31.8,63.06,0.0,1,0
noisy_sine_002,noisy_sine,31.81667,61.56,-90.0,1,0
noisy_sine_002,noisy_sine,31.83333,60.06,-90.0,1,0
noisy_sine_002,noisy_sine,31.85,58.56,-90.0,0,1
noisy_sine_002,noisy_sine,31.86667,60.06,90.0,1,0
noisy_sine_002,noisy_sine,31.88333,58.56,-90.0,1,0
noisy_sine_002,noisy_sine,31.9,57.06,-90.0,1,0
noisy_sine_002,noisy_sine,31.91667,55.56,-90.0,1,0
noisy_sine_002,noisy_sine,31.93333,54.06,-90.0,1,0
noisy_sine_002,noisy_sine,31.95,52.56,-90.0,1,0
noisy_sine_002,noisy_sine,31.96667,51.06,-90.0,1,0
noisy_sine_002,noisy_sine,31.98333,49.56,-90.0,1,0
noisy_sine_002,noisy_sine,32.0,48.06,-90.0,1,0
noisy_sine_002,noisy_sine,32.01667,46.56,-90.0,1,0
noisy_sine_002,noisy_sine,32.03333,45.06,-90.0,1,0
noisy_sine_002,noisy_sine,32.05,43.56,-90.0,1,0
noisy_sine_002,noisy_sine,32.06667,42.06,-90.0,1,0
noisy_sine_002,noisy_sine,32.08333,40.56,-90.0,1,0
noisy_sine_002,noisy_sine,32.1,39.06,-90.0,1,0
noisy_sine_002,noisy_sine,32.11667,37.56,-90.0,1,0
noisy_sine_002,noisy_sine,32.13333,36.06,-90.0,1,0
noisy_sine_002,noisy_sine,32.15,34.56,-90.0,1,0
noisy_sine_002,noisy_sine,32.16667,33.06,-90.0,1,0
noisy_sine_002,noisy_sine,32.18333,31.56,-90.0,1,0
noisy_sine_002,noisy_sine,32.2,30.06,-90.0,1,0
noisy_sine_002,noisy_sine,32.21667,28.56,-90.0,1,0
noisy_sine_002,noisy_sine,32.23333,27.06,-90.0,1,0
noisy_sine_002,noisy_sine,32.25,25.56,-90.0,1,0
noisy_sine_002,noisy_sine,32.26667,24.06,-90.0,1,0
noisy_sine_002,noisy_sine,32.28333,22.56,-90.0,0,0
noisy_sine_002,noisy_sine,32.3,22.56,0.0,1,0
noisy_sine_002,noisy_sine,32.31667,21.06,-90.0,1,0
noisy_sine_002,noisy_sine,32.33333,19.56,-90.0,0,0
noisy_sine_002,noisy_sine,32.35,19.56,0.0,0,0
noisy_sine_002,noisy_sine,32.36667,19.56,0.0,0,0
noisy_sine_002,noisy_sine,32.38333,19.56,0.0,0,0
noisy_sine_002,noisy_sine,32.4,19.56,0.0,0,0
noisy_sine_002,noisy_sine,32.41667,19.56,0.0,0,0
noisy_sine_002,noisy_sine,32.43333,19.56,0.0,0,0
noisy_sine_002,noisy_sine,32.45,19.56,0.0,0,0
noisy_sine_002,noisy_sine,32.46667,19.56,0.0,0,0
noisy_sine_002,noisy_sine,32.48333,19.56,0.0,0,0
noisy_sine_002,noisy_sine,32.5,19.56,0.0,0,0
noisy_sine_002,noisy_sine,32.51667,19.56,0.0,0,0
noisy_sine_002,noisy_sine,32.53333,19.56,0.0,0,0
noisy_sine_002,noisy_sine,32.55,19.56,0.0,0,0
noisy_sine_002,noisy_sine,32.56667,19.56,0.0,0,0
noisy_sine_002,noisy_sine,32.58333,19.56,0.0,0,0
noisy_sine_002,noisy_sine,32.6,19.56,0.0,0,0
noisy_sine_002,noisy_sine,32.61667,19.56,0.0,0,0
noisy_sine_002,noisy_sine,32.63333,19.56,0.0,0,0
noisy_sine_002,noisy_sine,32.65,19.56,0.0,0,1
noisy_sine_002,noisy_sine,32.66667,21.06,90.0,0,0
noisy_sine_002,noisy_sine,32.68333,21.06,0.0,0,0
noisy_sine_002,noisy_sine,32.7,21.06,0.0,0,1
noisy_sine_002,noisy_sine,32.71667,22.56,90.0,0,0
noisy_sine_002,noisy_sine,32.73333,22.56,0.0,0,1
noisy_sine_002,noisy_sine,32.75,24.06,90.0,0,0
noisy_sine_002,noisy_sine,32.76667,24.06,0.0,0,1
noisy_sine_002,noisy_sine,32.78333,25.56,90.0,0,1
noisy_sine_002,noisy_sine,32.8,27.06,90.0,0,0
noisy_sine_002,noisy_sine,32.81667,27.06,0.0,0,1
noisy_sine_002,noisy_sine,32.83333,28.56,90.0,0,1
noisy_sine_002,noisy_sine,32.85,30.06,90.0,0,0
noisy_sine_002,noisy_sine,32.86667,30.06,0.0,0,1
noisy_sine_002,noisy_sine,32.88333,31.56,90.0,0,1
noisy_sine_002,noisy_sine,32.9,33.06,90.0,0,0
noisy_sine_002,noisy_sine,32.91667,33.06,0.0,0,0
noisy_sine_002,noisy_sine,32.93333,33.06,0.0,0,1
noisy_sine_002,noisy_sine,32.95,34.56,90.0,0,1
noisy_sine_002,noisy_sine,32.96667,36.06,90.0,0,1
noisy_sine_002,noisy_sine,32.98333,37.56,90.0,0,1
noisy_sine_002,noisy_sine,33.0,39.06,90.0,0,1
noisy_sine_002,noisy_sine,33.01667,40.56,90.0,0,1
noisy_sine_002,noisy_sine,33.03333,42.06,90.0,0,1
noisy_sine_002,noisy_sine,33.05,43.56,90.0,0,1
noisy_sine_002,noisy_sine,33.06667,45.06,90.0,0,1
noisy_sine_002,noisy_sine,33.08333,46.56,90.0,0,1
noisy_sine_002,noisy_sine,33.1,48.06,90.0,0,1
noisy_sine_002,noisy_sine,33.11667,49.56,90.0,0,1
noisy_sine_002,noisy_sine,33.13333,51.06,90.0,0,1
noisy_sine_002,noisy_sine,33.15,52.56,90.0,0,1
noisy_sine_002,noisy_sine,33.16667,54.06,90.0,0,1
noisy_sine_002,noisy_sine,33.18333,55.56,90.0,0,1
noisy_sine_002,noisy_sine,33.2,57.06,90.0,0,1
noisy_sine_002,noisy_sine,33.21667,58.56,90.0,0,1
noisy_sine_002,noisy_sine,33.23333,60.06,90.0,0,1
noisy_sine_002,noisy_sine,33.25,61.56,90.0,0,1
noisy_sine_002,noisy_sine,33.26667,63.06,90.0,0,1
noisy_sine_002,noisy_sine,33.28333,64.56,90.0,0,1
noisy_sine_002,noisy_sine,33.3,66.06,90.0,0,1
noisy_sine_002,noisy_sine,33.31667,67.56,90.0,0,1
noisy_sine_002,noisy_sine,33.33333,69.06,90.0,0,1
noisy_sine_002,noisy_sine,33.35,70.56,90.0,0,1
noisy_sine_002,noisy_sine,33.36667,72.06,90.0,0,1
noisy_sine_002,noisy_sine,33.38333,73.56,90.0,0,1
noisy_sine_002,noisy_sine,33.4,75.06,90.0,0,1
noisy_sine_002,noisy_sine,33.41667,76.56,90.0,0,1
noisy_sine_002,noisy_sine,33.43333,78.06,90.0,0,1
noisy_sine_002,noisy_sine,33.45,79.56,90.0,0,1
noisy_sine_002,noisy_sine,33.46667,81.06,90.0,0,1
noisy_sine_002,noisy_sine,33.48333,82.56,90.0,0,1
noisy_sine_002,noisy_sine,33.5,84.06,90.0,0,1
noisy_sine_002,noisy_sine,33.51667,85.56,90.0,0,1
noisy_sine_002,noisy_sine,33.53333,87.06,90.0,0,1
noisy_sine_002,noisy_sine,33.55,88.56,90.0,0,1
noisy_sine_002,noisy_sine,33.56667,90.06,90.0,1,0
noisy_sine_002,noisy_sine,33.58333,88.56,-90.0,0,1
