session_id,pattern,t,x,vx,input_left,input_right
noisy_step_and_pause_005,noisy_step_and_pause,0.0,26.011,0.0,0,1
noisy_step_and_pause_005,noisy_step_and_pause,0.01667,27.511,90.0,0,1
noisy_step_and_pause_005,noisy_step_and_pause,0.03333,29.011,90.0,0,1
noisy_step_and_pause_005,noisy_step_and_pause,0.05,30.511,90.0,0,1
noisy_step_and_pause_005,noisy_step_and_pause,0.06667,32.011,90.0,0,1
noisy_step_and_pause_005,noisy_step_and_pause,0.08333,33.511,90.0,0,1
noisy_step_and_pause_005,noisy_step_and_pause,0.1,35.011,90.0,0,1
noisy_step_and_pause_005,noisy_step_and_pause,0.11667,36.511,90.0,0,1
noisy_step_and_pause_005,noisy_step_and_pause,0.13333,38.011,90.0,0,1
noisy_step_and_pause_005,noisy_step_and_pause,0.15,39.511,90.0,0,1
noisy_step_and_pause_005,noisy_step_and_pause,0.16667,41.011,90.0,0,1
noisy_step_and_pause_005,noisy_step_and_pause,0.18333,42.511,90.0,0,1
noisy_step_and_pause_005,noisy_step_and_pause,0.2,44.011,90.0,0,1
noisy_step_and_pause_005,noisy_step_and_pause,0.21667,45.511,90.0,0,1
noisy_step_and_pause_005,noisy_step_and_pause,0.23333,47.011,90.0,0,1
noisy_step_and_pause_005,noisy_step_and_pause,0.25,48.511,90.0,0,1
noisy_step_and_pause_005,noisy_step_and_pause,0.26667,50.011,90.0,0,1
noisy_step_and_pause_005,noisy_step_and_pause,0.28333,51.511,90.0,0,1
noisy_step_and_pause_005,noisy_step_and_pause,0.3,53.011,90.0,0,1
noisy_step_and_pause_005,noisy_step_and_pause,0.31667,54.511,90.0,0,1
noisy_step_and_pause_005,noisy_step_and_pause,0.33333,56.011,90.0,0,1
noisy_step_and_pause_005,noisy_step_and_pause,0.35,57.511,90.0,0,1
noisy_step_and_pause_005,noisy_step_and_pause,0.36667,59.011,90.0,0,1
noisy_step_and_pause_005,noisy_step_and_pause,0.38333,60.511,90.0,0,1
noisy_step_and_pause_005,noisy_step_and_pause,0.4,62.011,90.0,0,1
noisy_step_and_pause_005,noisy_step_and_pause,0.41667,63.511,90.0,1,0
noisy_step_and_pause_005,noisy_step_and_pause,0.43333,62.011,-90.0,1,0
noisy_step_and_pause_005,noisy_step_and_pause,0.45,60.511,-90.0,1,0
noisy_step_and_pause_005,noisy_step_and_pause,0.46667,59.011,-90.0,1,0
noisy_step_and_pause_005,noisy_step_and_pause,0.48333,57.511,-90.0,1,0
noisy_step_and_pause_005,noisy_step_and_pause,0.5,56.011,-90.0,1,0
noisy_step_and_pause_005,noisy_step_and_pause,0.51667,54.511,-90.0,1,0
noisy_step_and_pause_005,noisy_step_and_pause,0.53333,53.011,-90.0,1,0
noisy_step_and_pause_005,noisy_step_and_pause,0.55,51.511,-90.0,1,0
noisy_step_and_pause_005,noisy_step_and_pause,0.56667,50.011,-90.0,1,0
noisy_step_and_pause_005,noisy_step_and_pause,0.58333,48.511,-90.0,1,0
noisy_step_and_pause_005,noisy_step_and_pause,0.6,47.011,-90.0,0,0
noisy_step_and_pause_005,noisy_step_and_pause,0.61667,47.011,0.0,1,0
noisy_step_and_pause_005,noisy_step_and_pause,0.63333,45.511,-90.0,1,0
noisy_step_and_pause_005,noisy_step_and_pause,0.65,44.011,-90.0,1,0
noisy_step_and_pause_005,noisy_step_and_pause,0.66667,42.511,-90.0,1,0
noisy_step_and_pause_005,noisy_step_and_pause,0.68333,41.011,-90.0,1,0
noisy_step_and_pause_005,noisy_step_and_pause,0.7,39.511,-90.0,1,0
noisy_step_and_pause_005,noisy_step_and_pause,0.71667,38.011,-90.0,1,0
noisy_step_and_pause_005,noisy_step_and_pause,0.73333,36.511,-90.0,1,0
noisy_step_and_pause_005,noisy_step_and_pause,0.75,35.011,-90.0,1,0
noisy_step_and_pause_005,noisy_step_and_pause,0.76667,33.511,-90.0,1,0
noisy_step_and_pause_005,noisy_step_and_pause,0.78333,32.011,-90.0,1,0
noisy_step_and_pause_005,noisy_step_and_pause,0.8,30.511,-90.0,1,0
noisy_step_and_pause_005,noisy_step_and_pause,0.81667,29.011,-90.0,1,0
noisy_step_and_pause_005,noisy_step_and_pause,0.83333,27.511,-90.0,1,0
noisy_step_and_pause_005,noisy_step_and_pause,0.85,26.011,-90.0,1,0
noisy_step_and_pause_005,noisy_step_and_pause,0.86667,24.511,-90.0,1,0
noisy_step_and_pause_005,noisy_step_and_pause,0.88333,23.011,-90.0,1,0
noisy_step_and_pause_005,noisy_step_and_pause,0.9,21.511,-90.0,1,0
noisy_step_and_pause_005,noisy_step_and_pause,0.91667,20.011,-90.0,1,0
noisy_step_and_pause_005,noisy_step_and_pause,0.93333,18.511,-90.0,1,0
noisy_step_and_pause_005,noisy_step_and_pause,0.95,17.011,-90.0,1,0
noisy_step_and_pause_005,noisy_step_and_pause,0.96667,15.511,-90.0,1,0
noisy_step_and_pause_005,noisy_step_and_pause,0.98333,14.011,-90.0,1,0
noisy_step_and_pause_005,noisy_step_and_pause,1.0,12.511,-90.0,1,0
noisy_step_and_pause_005,noisy_step_and_pause,1.01667,11.011,-90.0,1,0
noisy_step_and_pause_005,noisy_step_and_pause,1.03333,9.511,-90.0,1,0
noisy_step_and_pause_005,noisy_step_and_pause,1.05,8.011,-90.0,1,0
noisy_step_and_pause_005,noisy_step_and_pause,1.06667,6.511,-90.0,1,0
noisy_step_and_pause_005,noisy_step_and_pause,1.08333,5.011,-90.0,1,0
noisy_step_and_pause_005,noisy_step_and_pause,1.1,3.511,-90.0,1,0
noisy_step_and_pause_005,noisy_step_and_pause,1.11667,2.011,-90.0,1,0
noisy_step_and_pause_005,noisy_step_and_pause,1.13333,0.511,-90.0,0,0
noisy_step_and_pause_005,noisy_step_and_pause,1.15,0.511,0.0,0,0
noisy_step_and_pause_005,noisy_step_and_pause,1.16667,0.511,0.0,0,0
noisy_step_and_pause_005,noisy_step_and_pause,1.18333,0.511,0.0,0,0
noisy_step_and_pause_005,noisy_step_and_pause,1.2,0.511,0.0,0,0
noisy_step_and_pause_005,noisy_step_and_pause,1.21667,0.511,0.0,1,0
noisy_step_and_pause_005,noisy_step_and_pause,1.23333,0.0,-30.633,0,0
noisy_step_and_pause_005,noisy_step_and_pause,1.25,0.0,0.0,0,0
noisy_step_and_pause_005,noisy_step_and_pause,1.26667,0.0,0.0,0,0
noisy_step_and_pause_005,noisy_step_and_pause,1.28333,0.0,0.0,0,0
noisy_step_and_pause_005,noisy_step_and_pause,1.3,0.0,0.0,0,0
noisy_step_and_pause_005,noisy_step_and_pause,1.31667,0.0,0.0,0,0
noisy_step_and_pause_005,noisy_step_and_pause,1.33333,0.0,0.0,0,0
noisy_step_and_pause_005,noisy_step_and_pause,1.35,0.0,0.0,0,0
noisy_step_and_pause_005,noisy_step_and_pause,1.36667,0.0,0.0,0,0
noisy_step_and_pause_005,noisy_step_and_pause,1.38333,0.0,0.0,0,0
noisy_step_and_pause_005,noisy_step_and_pause,1.4,0.0,0.0,0,0
noisy_step_and_pause_005,noisy_step_and_pause,1.41667,0.0,0.0,1,0
noisy_step_and_pause_005,noisy_step_and_pause,1.43333,0.0,0.0,0,0
noisy_step_and_pause_005,noisy_step_and_pause,1.45,0.0,0.0,0,0
noisy_step_and_pause_005,noisy_step_and_pause,1.46667,0.0,0.0,0,0
noisy_step_and_pause_005,noisy_step_and_pause,1.48333,0.0,0.0,0,0
noisy_step_and_pause_005,noisy_step_and_pause,1.5,0.0,0.0,0,1
noisy_step_and_pause_005,noisy_step_and_pause,1.51667,1.5,90.0,1,0
noisy_step_and_pause_005,noisy_step_and_pause,1.53333,0.0,-90.0,0,0
noisy_step_and_pause_005,noisy_step_and_pause,1.55,0.0,0.0,0,0
noisy_step_and_pause_005,noisy_step_and_pause,1.56667,0.0,0.0,0,0
noisy_step_and_pause_005,noisy_step_and_pause,1.58333,0.0,0.0,0,0
noisy_step_and_pause_005,noisy_step_and_pause,1.6,0.0,0.0,0,0
noisy_step_and_pause_005,noisy_step_and_pause,1.61667,0.0,0.0,0,0
noisy_step_and_pause_005,noisy_step_and_pause,1.63333,0.0,0.0,0,0
noisy_step_and_pause_005,noisy_step_and_pause,1.65,0.0,0.0,0,0
noisy_step_and_pause_005,noisy_step_and_pause,1.66667,0.0,0.0,0,0
noisy_step_and_pause_005,noisy_step_and_pause,1.68333,0.0,0.0,0,0
noisy_step_and_pause_005,noisy_step_and_pause,1.7,0.0,0.0,0,0
noisy_step_and_pause_005,noisy_step_and_pause,1.71667,0.0,0.0,0,0
noisy_step_and_pause_005,noisy_step_and_pause,1.73333,0.0,0.0,0,0
noisy_step_and_pause_005,noisy_step_and_pause,1.75,0.0,0.0,1,0
noisy_step_and_pause_005,noisy_step_and_pause,1.76667,0.0,0.0,0,0
noisy_step_and_pause_005,noisy_step_and_pause,1.78333,0.0,0.0,0,0
noisy_step_and_pause_005,noisy_step_and_pause,1.8,0.0,0.0,0,0
noisy_step_and_pause_005,noisy_step_and_pause,1.81667,0.0,0.0,0,0
noisy_step_and_pause_005,noisy_step_and_pause,1.83333,0.0,0.0,0,0
noisy_step_and_pause_005,noisy_step_and_pause,1.85,0.0,0.0,0,0
noisy_step_and_pause_005,noisy_step_and_pause,1.86667,0.0,0.0,0,0
noisy_step_and_pause_005,noisy_step_and_pause,1.88333,0.0,0.0,0,0
noisy_step_and_pause_005,noisy_step_and_pause,1.9,0.0,0.0,0,0
noisy_step_and_pause_005,noisy_step_and_pause,1.91667,0.0,0.0,0,0
noisy_step_and_pause_005,noisy_step_and_pause,1.93333,0.0,0.0,0,1
noisy_step_and_pause_005,noisy_step_and_pause,1.95,1.5,90.0,1,0
noisy_step_and_pause_005,noisy_step_and_pause,1.96667,0.0,-90.0,0,0
noisy_step_and_pause_005,noisy_step_and_pause,1.98333,0.0,0.0,0,0
noisy_step_and_pause_005,noisy_step_and_pause,2.0,0.0,0.0,0,0
noisy_step_and_pause_005,noisy_step_and_pause,2.01667,0.0,0.0,0,0
noisy_step_and_pause_005,noisy_step_and_pause,2.03333,0.0,0.0,0,0
noisy_step_and_pause_005,noisy_step_and_pause,2.05,0.0,0.0,1,0
noisy_step_and_pause_005,noisy_step_and_pause,2.06667,0.0,0.0,0,0
noisy_step_and_pause_005,noisy_step_and_pause,2.08333,0.0,0.0,0,0
noisy_step_and_pause_005,noisy_step_and_pause,2.1,0.0,0.0,0,0
noisy_step_and_pause_005,noisy_step_and_pause,2.11667,0.0,0.0,0,0
noisy_step_and_pause_005,noisy_step_and_pause,2.13333,0.0,0.0,0,0
noisy_step_and_pause_005,noisy_step_and_pause,2.15,0.0,0.0,0,0
noisy_step_and_pause_005,noisy_step_and_pause,2.16667,0.0,0.0,0,0
noisy_step_and_pause_005,noisy_step_and_pause,2.18333,0.0,0.0,0,0
noisy_step_and_pause_005,noisy_step_and_pause,2.2,0.0,0.0,0,0
noisy_step_and_pause_005,noisy_step_and_pause,2.21667,0.0,0.0,0,0
noisy_step_and_pause_005,noisy_step_and_pause,2.23333,0.0,0.0,0,0
noisy_step_and_pause_005,noisy_step_and_pause,2.25,0.0,0.0,0,0
noisy_step_and_pause_005,noisy_step_and_pause,2.26667,0.0,0.0,0,0
noisy_step_and_pause_005,noisy_step_and_pause,2.28333,0.0,0.0,0,0
noisy_step_and_pause_005,noisy_step_and_pause,2.3,0.0,0.0,0,0
noisy_step_and_pause_005,noisy_step_and_pause,2.31667,0.0,0.0,1,0
noisy_step_and_pause_005,noisy_step_and_pause,2.33333,0.0,0.0,0,0
noisy_step_and_pause_005,noisy_step_and_pause,2.35,0.0,0.0,0,0
noisy_step_and_pause_005,noisy_step_and_pause,2.36667,0.0,0.0,0,0
noisy_step_and_pause_005,noisy_step_and_pause,2.38333,0.0,0.0,0,0
noisy_step_and_pause_005,noisy_step_and_pause,2.4,0.0,0.0,0,0
noisy_step_and_pause_005,noisy_step_and_pause,2.41667,0.0,0.0,0,0
noisy_step_and_pause_005,noisy_step_and_pause,2.43333,0.0,0.0,0,0
noisy_step_and_pause_005,noisy_step_and_pause,2.45,0.0,0.0,0,0
noisy_step_and_pause_005,noisy_step_and_pause,2.46667,0.0,0.0,0,0
noisy_step_and_pause_005,noisy_step_and_pause,2.48333,0.0,0.0,0,0
noisy_step_and_pause_005,noisy_step_and_pause,2.5,0.0,0.0,0,0
noisy_step_and_pause_005,noisy_step_and_pause,2.51667,0.0,0.0,0,0
noisy_step_and_pause_005,noisy_step_and_pause,2.53333,0.0,0.0,0,0
noisy_step_and_pause_005,noisy_step_and_pause,2.55,0.0,0.0,0,0
noisy_step_and_pause_005,noisy_step_and_pause,2.56667,0.0,0.0,0,0
noisy_step_and_pause_005,noisy_step_and_pause,2.58333,0.0,0.0,1,0
noisy_step_and_pause_005,noisy_step_and_pause,2.6,0.0,0.0,0,0
noisy_step_and_pause_005,noisy_step_and_pause,2.61667,0.0,0.0,0,0
noisy_step_and_pause_005,noisy_step_and_pause,2.63333,0.0,0.0,0,0
noisy_step_and_pause_005,noisy_step_and_pause,2.65,0.0,0.0,0,1
noisy_step_and_pause_005,noisy_step_and_pause,2.66667,1.5,90.0,1,0
noisy_step_and_pause_005,noisy_step_and_pause,2.68333,0.0,-90.0,1,0
noisy_step_and_pause_005,noisy_step_and_pause,2.7,0.0,0.0,0,0
noisy_step_and_pause_005,noisy_step_and_pause,2.71667,0.0,0.0,0,0
noisy_step_and_pause_005,noisy_step_and_pause,2.73333,0.0,0.0,0,0
noisy_step_and_pause_005,noisy_step_and_pause,2.75,0.0,0.0,0,0
noisy_step_and_pause_005,noisy_step_and_pause,2.76667,0.0,0.0,0,0
noisy_step_and_pause_005,noisy_step_and_pause,2.78333,0.0,0.0,0,0
noisy_step_and_pause_005,noisy_step_and_pause,2.8,0.0,0.0,0,0
noisy_step_and_pause_005,noisy_step_and_pause,2.81667,0.0,0.0,0,0
noisy_step_and_pause_005,noisy_step_and_pause,2.83333,0.0,0.0,0,0
noisy_step_and_pause_005,noisy_step_and_pause,2.85,0.0,0.0,0,0
noisy_step_and_pause_005,noisy_step_and_pause,2.86667,0.0,0.0,0,0
noisy_step_and_pause_005,noisy_step_and_pause,2.88333,0.0,0.0,0,0
noisy_step_and_pause_005,noisy_step_and_pause,2.9,0.0,0.0,0,0
noisy_step_and_pause_005,noisy_step_and_pause,2.91667,0.0,0.0,0,0
noisy_step_and_pause_005,noisy_step_and_pause,2.93333,0.0,0.0,0,0
noisy_step_and_pause_005,noisy_step_and_pause,2.95,0.0,0.0,0,0
noisy_step_and_pause_005,noisy_step_and_pause,2.96667,0.0,0.0,0,0
noisy_step_and_pause_005,noisy_step_and_pause,2.98333,0.0,0.0,0,0
noisy_step_and_pause_005,noisy_step_and_pause,3.0,0.0,0.0,0,0
noisy_step_and_pause_005,noisy_step_and_pause,3.01667,0.0,0.0,0,0
noisy_step_and_pause_005,noisy_step_and_pause,3.03333,0.0,0.0,0,0
noisy_step_and_pause_005,noisy_step_and_pause,3.05,0.0,0.0,0,0
noisy_step_and_pause_005,noisy_step_and_pause,3.06667,0.0,0.0,0,0
noisy_step_and_pause_005,noisy_step_and_pause,3.08333,0.0,0.0,0,0
noisy_step_and_pause_005,noisy_step_and_pause,3.1,0.0,0.0,0,0
noisy_step_and_pause_005,noisy_step_and_pause,3.11667,0.0,0.0,0,0
noisy_step_and_pause_005,noisy_step_and_pause,3.13333,0.0,0.0,0,0
noisy_step_and_pause_005,noisy_step_and_pause,3.15,0.0,0.0,0,0
noisy_step_and_pause_005,noisy_step_and_pause,3.16667,0.0,0.0,0,0
noisy_step_and_pause_005,noisy_step_and_pause,3.18333,0.0,0.0,0,0
noisy_step_and_pause_005,noisy_step_and_pause,3.2,0.0,0.0,0,0
noisy_step_and_pause_005,noisy_step_and_pause,3.21667,0.0,0.0,0,0
noisy_step_and_pause_005,noisy_step_and_pause,3.23333,0.0,0.0,0,0
noisy_step_and_pause_005,noisy_step_and_pause,3.25,0.0,0.0,0,0
noisy_step_and_pause_005,noisy_step_and_pause,3.26667,0.0,0.0,0,0
noisy_step_and_pause_005,noisy_step_and_pause,3.28333,0.0,0.0,0,0
noisy_step_and_pause_005,noisy_step_and_pause,3.3,0.0,0.0,0,0
noisy_step_and_pause_005,noisy_step_and_pause,3.31667,0.0,0.0,0,0
noisy_step_and_pause_005,noisy_step_and_pause,3.33333,0.0,0.0,0,0
noisy_step_and_pause_005,noisy_step_and_pause,3.35,0.0,0.0,0,0
noisy_step_and_pause_005,noisy_step_and_pause,3.36667,0.0,0.0,0,1
noisy_step_and_pause_005,noisy_step_and_pause,3.38333,1.5,90.0,1,0
noisy_step_and_pause_005,noisy_step_and_pause,3.4,0.0,-90.0,0,0
noisy_step_and_pause_005,noisy_step_and_pause,3.41667,0.0,0.0,0,0
noisy_step_and_pause_005,noisy_step_and_pause,3.43333,0.0,0.0,0,0
noisy_step_and_pause_005,noisy_step_and_pause,3.45,0.0,0.0,0,0
noisy_step_and_pause_005,noisy_step_and_pause,3.46667,0.0,0.0,0,0
noisy_step_and_pause_005,noisy_step_and_pause,3.48333,0.0,0.0,0,0
noisy_step_and_pause_005,noisy_step_and_pause,3.5,0.0,0.0,0,0
noisy_step_and_pause_005,noisy_step_and_pause,3.51667,0.0,0.0,0,0
noisy_step_and_pause_005,noisy_step_and_pause,3.53333,0.0,0.0,0,0
noisy_step_and_pause_005,noisy_step_and_pause,3.55,0.0,0.0,0,0
noisy_step_and_pause_005,noisy_step_and_pause,3.56667,0.0,0.0,0,0
noisy_step_and_pause_005,noisy_step_and_pause,3.58333,0.0,0.0,0,0
noisy_step_and_pause_005,noisy_step_and_pause,3.6,0.0,0.0,0,0
noisy_step_and_pause_005,noisy_step_and_pause,3.61667,0.0,0.0,0,0
noisy_step_and_pause_005,noisy_step_and_pause,3.63333,0.0,0.0,0,0
noisy_step_and_pause_005,noisy_step_and_pause,3.65,0.0,0.0,0,0
noisy_step_and_pause_005,noisy_step_and_pause,3.66667,0.0,0.0,1,0
noisy_step_and_pause_005,noisy_step_and_pause,3.68333,0.0,0.0,0,0
noisy_step_and_pause_005,noisy_step_and_pause,3.7,0.0,0.0,0,0
noisy_step_and_pause_005,noisy_step_and_pause,3.71667,0.0,0.0,0,0
noisy_step_and_pause_005,noisy_step_and_pause,3.73333,0.0,0.0,0,0
noisy_step_and_pause_005,noisy_step_and_pause,3.75,0.0,0.0,0,0
noisy_step_and_pause_005,noisy_step_and_pause,3.76667,0.0,0.0,0,0
noisy_step_and_pause_005,noisy_step_and_pause,3.78333,0.0,0.0,0,0
noisy_step_and_pause_005,noisy_step_and_pause,3.8,0.0,0.0,0,0
noisy_step_and_pause_005,noisy_step_and_pause,3.81667,0.0,0.0,0,0
noisy_step_and_pause_005,noisy_step_and_pause,3.83333,0.0,0.0,0,0
noisy_step_and_pause_005,noisy_step_and_pause,3.85,0.0,0.0,0,0
noisy_step_and_pause_005,noisy_step_and_pause,3.86667,0.0,0.0,0,0
noisy_step_and_pause_005,noisy_step_and_pause,3.88333,0.0,0.0,0,0
noisy_step_and_pause_005,noisy_step_and_pause,3.9,0.0,0.0,0,0
noisy_step_and_pause_005,noisy_step_and_pause,3.91667,0.0,0.0,0,0
noisy_step_and_pause_005,noisy_step_and_pause,3.93333,0.0,0.0,0,0
noisy_step_and_pause_005,noisy_step_and_pause,3.95,0.0,0.0,0,0
noisy_step_and_pause_005,noisy_step_and_pause,3.96667,0.0,0.0,0,0
noisy_step_and_pause_005,noisy_step_and_pause,3.98333,0.0,0.0,0,0
noisy_step_and_pause_005,noisy_step_and_pause,4.0,0.0,0.0,0,0
noisy_step_and_pause_005,noisy_step_and_pause,4.01667,0.0,0.0,0,0
noisy_step_and_pause_005,noisy_step_and_pause,4.03333,0.0,0.0,0,0
noisy_step_and_pause_005,noisy_step_and_pause,4.05,0.0,0.0,1,0
noisy_step_and_pause_005,noisy_step_and_pause,4.06667,0.0,0.0,0,0
noisy_step_and_pause_005,noisy_step_and_pause,4.08333,0.0,0.0,0,0
noisy_step_and_pause_005,noisy_step_and_pause,4.1,0.0,0.0,0,0
noisy_step_and_pause_005,noisy_step_and_pause,4.11667,0.0,0.0,0,0
noisy_step_and_pause_005,noisy_step_and_pause,4.13333,0.0,0.0,0,0
noisy_step_and_pause_005,noisy_step_and_pause,4.15,0.0,0.0,0,0
noisy_step_and_pause_005,noisy_step_and_pause,4.16667,0.0,0.0,0,0
noisy_step_and_pause_005,noisy_step_and_pause,4.18333,0.0,0.0,0,0
noisy_step_and_pause_005,noisy_step_and_pause,4.2,0.0,0.0,0,0
noisy_step_and_pause_005,noisy_step_and_pause,4.21667,0.0,0.0,0,0
noisy_step_and_pause_005,noisy_step_and_pause,4.23333,0.0,0.0,0,0
noisy_step_and_pause_005,noisy_step_and_pause,4.25,0.0,0.0,0,0
noisy_step_and_pause_005,noisy_step_and_pause,4.26667,0.0,0.0,0,0
noisy_step_and_pause_005,noisy_step_and_pause,4.28333,0.0,0.0,0,0
noisy_step_and_pause_005,noisy_step_and_pause,4.3,0.0,0.0,0,0
noisy_step_and_pause_005,noisy_step_and_pause,4.31667,0.0,0.0,0,0
noisy_step_and_pause_005,noisy_step_and_pause,4.33333,0.0,0.0,0,0
noisy_step_and_pause_005,noisy_step_and_pause,4.35,0.0,0.0,0,0
noisy_step_and_pause_005,noisy_step_and_pause,4.36667,0.0,0.0,0,0
noisy_step_and_pause_005,noisy_step_and_pause,4.38333,0.0,0.0,0,0
noisy_step_and_pause_005,noisy_step_and_pause,4.4,0.0,0.0,0,0
noisy_step_and_pause_005,noisy_step_and_pause,4.41667,0.0,0.0,0,0
noisy_step_and_pause_005,noisy_step_and_pause,4.43333,0.0,0.0,0,0
noisy_step_and_pause_005,noisy_step_and_pause,4.45,0.0,0.0,0,0
noisy_step_and_pause_005,noisy_step_and_pause,4.46667,0.0,0.0,0,0
noisy_step_and_pause_005,noisy_step_and_pause,4.48333,0.0,0.0,0,0
noisy_step_and_pause_005,noisy_step_and_pause,4.5,0.0,0.0,0,0
noisy_step_and_pause_005,noisy_step_and_pause,4.51667,0.0,0.0,0,0
noisy_step_and_pause_005,noisy_step_and_pause,4.53333,0.0,0.0,0,0
noisy_step_and_pause_005,noisy_step_and_pause,4.55,0.0,0.0,0,0
noisy_step_and_pause_005,noisy_step_and_pause,4.56667,0.0,0.0,0,0
noisy_step_and_pause_005,noisy_step_and_pause,4.58333,0.0,0.0,0,0
noisy_step_and_pause_005,noisy_step_and_pause,4.6,0.0,0.0,0,0
noisy_step_and_pause_005,noisy_step_and_pause,4.61667,0.0,0.0,0,0
noisy_step_and_pause_005,noisy_step_and_pause,4.63333,0.0,0.0,0,0
noisy_step_and_pause_005,noisy_step_and_pause,4.65,0.0,0.0,0,0
noisy_step_and_pause_005,noisy_step_and_pause,4.66667,0.0,0.0,0,0
noisy_step_and_pause_005,noisy_step_and_pause,4.68333,0.0,0.0,1,0
noisy_step_and_pause_005,noisy_step_and_pause,4.7,0.0,0.0,0,0
noisy_step_and_pause_005,noisy_step_and_pause,4.71667,0.0,0.0,0,0
noisy_step_and_pause_005,noisy_step_and_pause,4.73333,0.0,0.0,0,0
noisy_step_and_pause_005,noisy_step_and_pause,4.75,0.0,0.0,0,0
noisy_step_and_pause_005,noisy_step_and_pause,4.76667,0.0,0.0,0,0
noisy_step_and_pause_005,noisy_step_and_pause,4.78333,0.0,0.0,0,0
noisy_step_and_pause_005,noisy_step_and_pause,4.8,0.0,0.0,0,0
noisy_step_and_pause_005,noisy_step_and_pause,4.81667,0.0,0.0,0,0
noisy_step_and_pause_005,noisy_step_and_pause,4.83333,0.0,0.0,0,0
noisy_step_and_pause_005,noisy_step_and_pause,4.85,0.0,0.0,0,0
noisy_step_and_pause_005,noisy_step_and_pause,4.86667,0.0,0.0,0,0
noisy_step_and_pause_005,noisy_step_and_pause,4.88333,0.0,0.0,0,1
noisy_step_and_pause_005,noisy_step_and_pause,4.9,1.5,90.0,1,0
noisy_step_and_pause_005,noisy_step_and_pause,4.91667,0.0,-90.0,0,0
noisy_step_and_pause_005,noisy_step_and_pause,4.93333,0.0,0.0,1,0
noisy_step_and_pause_005,noisy_step_and_pause,4.95,0.0,0.0,0,0
noisy_step_and_pause_005,noisy_step_and_pause,4.96667,0.0,0.0,0,0
noisy_step_and_pause_005,noisy_step_and_pause,4.98333,0.0,0.0,0,0
noisy_step_and_pause_005,noisy_step_and_pause,5.0,0.0,0.0,0,0
noisy_step_and_pause_005,noisy_step_and_pause,5.01667,0.0,0.0,0,0
noisy_step_and_pause_005,noisy_step_and_pause,5.03333,0.0,0.0,0,0
noisy_step_and_pause_005,noisy_step_and_pause,5.05,0.0,0.0,0,0
noisy_step_and_pause_005,noisy_step_and_pause,5.06667,0.0,0.0,0,0
noisy_step_and_pause_005,noisy_step_and_pause,5.08333,0.0,0.0,0,1
noisy_step_and_pause_005,noisy_step_and_pause,5.1,1.5,90.0,0,1
noisy_step_and_pause_005,noisy_step_and_pause,5.11667,3.0,90.0,0,1
noisy_step_and_pause_005,noisy_step_and_pause,5.13333,4.5,90.0,0,0
noisy_step_and_pause_005,noisy_step_and_pause,5.15,4.5,0.0,0,1
noisy_step_and_pause_005,noisy_step_and_pause,5.16667,6.0,90.0,0,1
noisy_step_and_pause_005,noisy_step_and_pause,5.18333,7.5,90.0,0,1
noisy_step_and_pause_005,noisy_step_and_pause,5.2,9.0,90.0,0,1
noisy_step_and_pause_005,noisy_step_and_pause,5.21667,10.5,90.0,0,1
noisy_step_and_pause_005,noisy_step_and_pause,5.23333,12.0,90.0,0,1
noisy_step_and_pause_005,noisy_step_and_pause,5.25,13.5,90.0,0,1
noisy_step_and_pause_005,noisy_step_and_pause,5.26667,15.0,90.0,0,1
noisy_step_and_pause_005,noisy_step_and_pause,5.28333,16.5,90.0,0,1
noisy_step_and_pause_005,noisy_step_and_pause,5.3,18.0,90.0,0,1
noisy_step_and_pause_005,noisy_step_and_pause,5.31667,19.5,90.0,0,1
noisy_step_and_pause_005,noisy_step_and_pause,5.33333,21.0,90.0,0,1
noisy_step_and_pause_005,noisy_step_and_pause,5.35,22.5,90.0,0,1
noisy_step_and_pause_005,noisy_step_and_pause,5.36667,24.0,90.0,0,1
noisy_step_and_pause_005,noisy_step_and_pause,5.38333,25.5,90.0,0,1
noisy_step_and_pause_005,noisy_step_and_pause,5.4,27.0,90.0,0,1
noisy_step_and_pause_005,noisy_step_and_pause,5.41667,28.5,90.0,0,1
noisy_step_and_pause_005,noisy_step_and_pause,5.43333,30.0,90.0,0,1
noisy_step_and_pause_005,noisy_step_and_pause,5.45,31.5,90.0,0,1
noisy_step_and_pause_005,noisy_step_and_pause,5.46667,33.0,90.0,0,1
noisy_step_and_pause_005,noisy_step_and_pause,5.48333,34.5,90.0,0,1
noisy_step_and_pause_005,noisy_step_and_pause,5.5,36.0,90.0,0,1
noisy_step_and_pause_005,noisy_step_and_pause,5.51667,37.5,90.0,0,1
noisy_step_and_pause_005,noisy_step_and_pause,5.53333,39.0,90.0,0,1
noisy_step_and_pause_005,noisy_step_and_pause,5.55,40.5,90.0,0,0
noisy_step_and_pause_005,noisy_step_and_pause,5.56667,40.5,0.0,0,1
noisy_step_and_pause_005,noisy_step_and_pause,5.58333,42.0,90.0,0,1
noisy_step_and_pause_005,noisy_step_and_pause,5.6,43.5,90.0,0,1
noisy_step_and_pause_005,noisy_step_and_pause,5.61667,45.0,90.0,0,1
noisy_step_and_pause_005,noisy_step_and_pause,5.63333,46.5,90.0,0,1
noisy_step_and_pause_005,noisy_step_and_pause,5.65,48.0,90.0,0,1
noisy_step_and_pause_005,noisy_step_and_pause,5.66667,49.5,90.0,0,1
noisy_step_and_pause_005,noisy_step_and_pause,5.68333,51.0,90.0,0,1
noisy_step_and_pause_005,noisy_step_and_pause,5.7,52.5,90.0,0,1
noisy_step_and_pause_005,noisy_step_and_pause,5.71667,54.0,90.0,0,1
noisy_step_and_pause_005,noisy_step_and_pause,5.73333,55.5,90.0,0,1
noisy_step_and_pause_005,noisy_step_and_pause,5.75,57.0,90.0,0,1
noisy_step_and_pause_005,noisy_step_and_pause,5.76667,58.5,90.0,1,0
noisy_step_and_pause_005,noisy_step_and_pause,5.78333,57.0,-90.0,0,1
noisy_step_and_pause_005,noisy_step_and_pause,5.8,58.5,90.0,0,1
noisy_step_and_pause_005,noisy_step_and_pause,5.81667,60.0,90.0,0,1
noisy_step_and_pause_005,noisy_step_and_pause,5.83333,61.5,90.0,0,1
noisy_step_and_pause_005,noisy_step_and_pause,5.85,63.0,90.0,0,1
noisy_step_and_pause_005,noisy_step_and_pause,5.86667,64.5,90.0,0,1
noisy_step_and_pause_005,noisy_step_and_pause,5.88333,66.0,90.0,0,1
noisy_step_and_pause_005,noisy_step_and_pause,5.9,67.5,90.0,0,1
noisy_step_and_pause_005,noisy_step_and_pause,5.91667,69.0,90.0,0,1
noisy_step_and_pause_005,noisy_step_and_pause,5.93333,70.5,90.0,0,1
noisy_step_and_pause_005,noisy_step_and_pause,5.95,72.0,90.0,0,1
noisy_step_and_pause_005,noisy_step_and_pause,5.96667,73.5,90.0,0,1
noisy_step_and_pause_005,noisy_step_and_pause,5.98333,75.0,90.0,0,1
noisy_step_and_pause_005,noisy_step_and_pause,6.0,76.5,90.0,0,1
noisy_step_and_pause_005,noisy_step_and_pause,6.01667,78.0,90.0,0,1
noisy_step_and_pause_005,noisy_step_and_pause,6.03333,79.5,90.0,0,1
noisy_step_and_pause_005,noisy_step_and_pause,6.05,81.0,90.0,0,1
noisy_step_and_pause_005,noisy_step_and_pause,6.06667,82.5,90.0,0,1
noisy_step_and_pause_005,noisy_step_and_pause,6.08333,84.0,90.0,0,1
noisy_step_and_pause_005,noisy_step_and_pause,6.1,85.5,90.0,0,1
noisy_step_and_pause_005,noisy_step_and_pause,6.11667,87.0,90.0,0,1
noisy_step_and_pause_005,noisy_step_and_pause,6.13333,88.5,90.0,0,1
noisy_step_and_pause_005,noisy_step_and_pause,6.15,90.0,90.0,1,0
noisy_step_and_pause_005,noisy_step_and_pause,6.16667,88.5,-90.0,0,1
noisy_step_and_pause_005,noisy_step_and_pause,6.18333,90.0,90.0,0,1
noisy_step_and_pause_005,noisy_step_and_pause,6.2,91.5,90.0,0,1
noisy_step_and_pause_005,noisy_step_and_pause,6.21667,93.0,90.0,0,1
noisy_step_and_pause_005,noisy_step_and_pause,6.23333,94.5,90.0,0,1
noisy_step_and_pause_005,noisy_step_and_pause,6.25,96.0,90.0,0,1
noisy_step_and_pause_005,noisy_step_and_pause,6.26667,97.5,90.0,0,1
noisy_step_and_pause_005,noisy_step_and_pause,6.28333,99.0,90.0,0,1
noisy_step_and_pause_005,noisy_step_and_pause,6.3,100.5,90.0,0,1
noisy_step_and_pause_005,noisy_step_and_pause,6.31667,102.0,90.0,0,1
noisy_step_and_pause_005,noisy_step_and_pause,6.33333,103.5,90.0,0,1
noisy_step_and_pause_005,noisy_step_and_pause,6.35,105.0,90.0,0,1
noisy_step_and_pause_005,noisy_step_and_pause,6.36667,106.5,90.0,0,1
noisy_step_and_pause_005,noisy_step_and_pause,6.38333,108.0,90.0,0,1
noisy_step_and_pause_005,noisy_step_and_pause,6.4,109.5,90.0,0,1
noisy_step_and_pause_005,noisy_step_and_pause,6.41667,111.0,90.0,0,1
noisy_step_and_pause_005,noisy_step_and_pause,6.43333,112.5,90.0,0,0
noisy_step_and_pause_005,noisy_step_and_pause,6.45,112.5,0.0,0,1
noisy_step_and_pause_005,noisy_step_and_pause,6.46667,114.0,90.0,0,1
noisy_step_and_pause_005,noisy_step_and_pause,6.48333,115.5,90.0,0,1
noisy_step_and_pause_005,noisy_step_and_pause,6.5,117.0,90.0,0,1
noisy_step_and_pause_005,noisy_step_and_pause,6.51667,118.5,90.0,0,1
noisy_step_and_pause_005,noisy_step_and_pause,6.53333,120.0,90.0,0,1
noisy_step_and_pause_005,noisy_step_and_pause,6.55,121.5,90.0,0,1
noisy_step_and_pause_005,noisy_step_and_pause,6.56667,123.0,90.0,0,1
noisy_step_and_pause_005,noisy_step_and_pause,6.58333,124.5,90.0,0,1
noisy_step_and_pause_005,noisy_step_and_pause,6.6,126.0,90.0,0,1
noisy_step_and_pause_005,noisy_step_and_pause,6.61667,127.5,90.0,0,1
noisy_step_and_pause_005,noisy_step_and_pause,6.63333,129.0,90.0,0,1
noisy_step_and_pause_005,noisy_step_and_pause,6.65,130.5,90.0,0,1
noisy_step_and_pause_005,noisy_step_and_pause,6.66667,132.0,90.0,0,1
noisy_step_and_pause_005,noisy_step_and_pause,6.68333,133.5,90.0,0,1
noisy_step_and_pause_005,noisy_step_and_pause,6.7,135.0,90.0,0,1
noisy_step_and_pause_005,noisy_step_and_pause,6.71667,136.5,90.0,1,0
noisy_step_and_pause_005,noisy_step_and_pause,6.73333,135.0,-90.0,0,1
noisy_step_and_pause_005,noisy_step_and_pause,6.75,136.5,90.0,0,1
noisy_step_and_pause_005,noisy_step_and_pause,6.76667,138.0,90.0,0,1
noisy_step_and_pause_005,noisy_step_and_pause,6.78333,139.5,90.0,0,1
noisy_step_and_pause_005,noisy_step_and_pause,6.8,141.0,90.0,0,1
noisy_step_and_pause_005,noisy_step_and_pause,6.81667,142.5,90.0,0,1
noisy_step_and_pause_005,noisy_step_and_pause,6.83333,144.0,90.0,0,1
noisy_step_and_pause_005,noisy_step_and_pause,6.85,145.5,90.0,0,1
noisy_step_and_pause_005,noisy_step_and_pause,6.86667,147.0,90.0,1,0
noisy_step_and_pause_005,noisy_step_and_pause,6.88333,145.5,-90.0,0,1
noisy_step_and_pause_005,noisy_step_and_pause,6.9,147.0,90.0,0,1
noisy_step_and_pause_005,noisy_step_and_pause,6.91667,148.5,90.0,0,1
noisy_step_and_pause_005,noisy_step_and_pause,6.93333,150.0,90.0,0,1
noisy_step_and_pause_005,noisy_step_and_pause,6.95,151.5,90.0,0,0
noisy_step_and_pause_005,noisy_step_and_pause,6.96667,151.5,0.0,0,1
noisy_step_and_pause_005,noisy_step_and_pause,6.98333,153.0,90.0,0,1
noisy_step_and_pause_005,noisy_step_and_pause,7.0,154.5,90.0,0,1
noisy_step_and_pause_005,noisy_step_and_pause,7.01667,156.0,90.0,0,1
noisy_step_and_pause_005,noisy_step_and_pause,7.03333,157.5,90.0,0,1
noisy_step_and_pause_005,noisy_step_and_pause,7.05,159.0,90.0,0,1
noisy_step_and_pause_005,noisy_step_and_pause,7.06667,160.5,90.0,0,1
noisy_step_and_pause_005,noisy_step_and_pause,7.08333,162.0,90.0,0,1
noisy_step_and_pause_005,noisy_step_and_pause,7.1,163.5,90.0,0,0
noisy_step_and_pause_005,noisy_step_and_pause,7.11667,163.5,0.0,0,1
noisy_step_and_pause_005,noisy_step_and_pause,7.13333,165.0,90.0,0,1
noisy_step_and_pause_005,noisy_step_and_pause,7.15,166.5,90.0,0,1
noisy_step_and_pause_005,noisy_step_and_pause,7.16667,168.0,90.0,0,1
noisy_step_and_pause_005,noisy_step_and_pause,7.18333,169.5,90.0,0,1
noisy_step_and_pause_005,noisy_step_and_pause,7.2,171.0,90.0,0,1
noisy_step_and_pause_005,noisy_step_and_pause,7.21667,172.5,90.0,1,0
noisy_step_and_pause_005,noisy_step_and_pause,7.23333,171.0,-90.0,0,1
noisy_step_and_pause_005,noisy_step_and_pause,7.25,172.5,90.0,0,1
noisy_step_and_pause_005,noisy_step_and_pause,7.26667,174.0,90.0,1,0
noisy_step_and_pause_005,noisy_step_and_pause,7.28333,172.5,-90.0,0,1
noisy_step_and_pause_005,noisy_step_and_pause,7.3,174.0,90.0,0,1
noisy_step_and_pause_005,noisy_step_and_pause,7.31667,175.5,90.0,0,1
noisy_step_and_pause_005,noisy_step_and_pause,7.33333,177.0,90.0,0,1
noisy_step_and_pause_005,noisy_step_and_pause,7.35,178.5,90.0,0,1
noisy_step_and_pause_005,noisy_step_and_pause,7.36667,180.0,90.0,0,1
noisy_step_and_pause_005,noisy_step_and_pause,7.38333,181.5,90.0,0,1
noisy_step_and_pause_005,noisy_step_and_pause,7.4,183.0,90.0,0,1
noisy_step_and_pause_005,noisy_step_and_pause,7.41667,184.5,90.0,0,1
noisy_step_and_pause_005,noisy_step_and_pause,7.43333,186.0,90.0,0,1
noisy_step_and_pause_005,noisy_step_and_pause,7.45,187.5,90.0,0,1
noisy_step_and_pause_005,noisy_step_and_pause,7.46667,189.0,90.0,0,1
noisy_step_and_pause_005,noisy_step_and_pause,7.48333,190.5,90.0,0,1
noisy_step_and_pause_005,noisy_step_and_pause,7.5,192.0,90.0,0,1
noisy_step_and_pause_005,noisy_step_and_pause,7.51667,193.5,90.0,0,1
noisy_step_and_pause_005,noisy_step_and_pause,7.53333,195.0,90.0,0,1
noisy_step_and_pause_005,noisy_step_and_pause,7.55,196.5,90.0,0,1
noisy_step_and_pause_005,noisy_step_and_pause,7.56667,198.0,90.0,0,1
noisy_step_and_pause_005,noisy_step_and_pause,7.58333,199.5,90.0,0,1
noisy_step_and_pause_005,noisy_step_and_pause,7.6,201.0,90.0,0,1
noisy_step_and_pause_005,noisy_step_and_pause,7.61667,202.5,90.0,0,1
noisy_step_and_pause_005,noisy_step_and_pause,7.63333,204,90.0,0,0
noisy_step_and_pause_005,noisy_step_and_pause,7.65,204,0.0,1,0
noisy_step_and_pause_005,noisy_step_and_pause,7.66667,202.5,-90.0,0,1
noisy_step_and_pause_005,noisy_step_and_pause,7.68333,204,90.0,0,0
noisy_step_and_pause_005,noisy_step_and_pause,7.7,204,0.0,0,1
noisy_step_and_pause_005,noisy_step_and_pause,7.71667,204,0.0,1,0
noisy_step_and_pause_005,noisy_step_and_pause,7.73333,202.5,-90.0,0,1
noisy_step_and_pause_005,noisy_step_and_pause,7.75,204,90.0,1,0
noisy_step_and_pause_005,noisy_step_and_pause,7.76667,202.5,-90.0,0,1
noisy_step_and_pause_005,noisy_step_and_pause,7.78333,204,90.0,1,0
noisy_step_and_pause_005,noisy_step_and_pause,7.8,202.5,-90.0,1,0
noisy_step_and_pause_005,noisy_step_and_pause,7.81667,201.0,-90.0,1,0
noisy_step_and_pause_005,noisy_step_and_pause,7.83333,199.5,-90.0,1,0
noisy_step_and_pause_005,noisy_step_and_pause,7.85,198.0,-90.0,1,0
noisy_step_and_pause_005,noisy_step_and_pause,7.86667,196.5,-90.0,1,0
noisy_step_and_pause_005,noisy_step_and_pause,7.88333,195.0,-90.0,1,0
noisy_step_and_pause_005,noisy_step_and_pause,7.9,193.5,-90.0,1,0
noisy_step_and_pause_005,noisy_step_and_pause,7.91667,192.0,-90.0,1,0
noisy_step_and_pause_005,noisy_step_and_pause,7.93333,190.5,-90.0,1,0
noisy_step_and_pause_005,noisy_step_and_pause,7.95,189.0,-90.0,1,0
noisy_step_and_pause_005,noisy_step_and_pause,7.96667,187.5,-90.0,1,0
noisy_step_and_pause_005,noisy_step_and_pause,7.98333,186.0,-90.0,1,0
noisy_step_and_pause_005,noisy_step_and_pause,8.0,184.5,-90.0,1,0
noisy_step_and_pause_005,noisy_step_and_pause,8.01667,183.0,-90.0,1,0
noisy_step_and_pause_005,noisy_step_and_pause,8.03333,181.5,-90.0,1,0
noisy_step_and_pause_005,noisy_step_and_pause,8.05,180.0,-90.0,1,0
noisy_step_and_pause_005,noisy_step_and_pause,8.06667,178.5,-90.0,1,0
noisy_step_and_pause_005,noisy_step_and_pause,8.08333,177.0,-90.0,1,0
noisy_step_and_pause_005,noisy_step_and_pause,8.1,175.5,-90.0,1,0
noisy_step_and_pause_005,noisy_step_and_pause,8.11667,174.0,-90.0,1,0
noisy_step_and_pause_005,noisy_step_and_pause,8.13333,172.5,-90.0,1,0
noisy_step_and_pause_005,noisy_step_and_pause,8.15,171.0,-90.0,1,0
noisy_step_and_pause_005,noisy_step_and_pause,8.16667,169.5,-90.0,0,1
noisy_step_and_pause_005,noisy_step_and_pause,8.18333,171.0,90.0,1,0
noisy_step_and_pause_005,noisy_step_and_pause,8.2,169.5,-90.0,1,0
noisy_step_and_pause_005,noisy_step_and_pause,8.21667,168.0,-90.0,1,0
noisy_step_and_pause_005,noisy_step_and_pause,8.23333,166.5,-90.0,1,0
noisy_step_and_pause_005,noisy_step_and_pause,8.25,165.0,-90.0,1,0
noisy_step_and_pause_005,noisy_step_and_pause,8.26667,163.5,-90.0,1,0
noisy_step_and_pause_005,noisy_step_and_pause,8.28333,162.0,-90.0,1,0
noisy_step_and_pause_005,noisy_step_and_pause,8.3,160.5,-90.0,1,0
noisy_step_and_pause_005,noisy_step_and_pause,8.31667,159.0,-90.0,1,0
noisy_step_and_pause_005,noisy_step_and_pause,8.33333,157.5,-90.0,1,0
noisy_step_and_pause_005,noisy_step_and_pause,8.35,156.0,-90.0,1,0
noisy_step_and_pause_005,noisy_step_and_pause,8.36667,154.5,-90.0,1,0
noisy_step_and_pause_005,noisy_step_and_pause,8.38333,153.0,-90.0,1,0
noisy_step_and_pause_005,noisy_step_and_pause,8.4,151.5,-90.0,1,0
noisy_step_and_pause_005,noisy_step_and_pause,8.41667,150.0,-90.0,1,0
noisy_step_and_pause_005,noisy_step_and_pause,8.43333,148.5,-90.0,1,0
noisy_step_and_pause_005,noisy_step_and_pause,8.45,147.0,-90.0,1,0
noisy_step_and_pause_005,noisy_step_and_pause,8.46667,145.5,-90.0,1,0
noisy_step_and_pause_005,noisy_step_and_pause,8.48333,144.0,-90.0,1,0
noisy_step_and_pause_005,noisy_step_and_pause,8.5,142.5,-90.0,1,0
noisy_step_and_pause_005,noisy_step_and_pause,8.51667,141.0,-90.0,1,0
noisy_step_and_pause_005,noisy_step_and_pause,8.53333,139.5,-90.0,1,0
noisy_step_and_pause_005,noisy_step_and_pause,8.55,138.0,-90.0,1,0
noisy_step_and_pause_005,noisy_step_and_pause,8.56667,136.5,-90.0,1,0
noisy_step_and_pause_005,noisy_step_and_pause,8.58333,135.0,-90.0,1,0
noisy_step_and_pause_005,noisy_step_and_pause,8.6,133.5,-90.0,1,0
noisy_step_and_pause_005,noisy_step_and_pause,8.61667,132.0,-90.0,1,0
noisy_step_and_pause_005,noisy_step_and_pause,8.63333,130.5,-90.0,1,0
noisy_step_and_pause_005,noisy_step_and_pause,8.65,129.0,-90.0,1,0
noisy_step_and_pause_005,noisy_step_and_pause,8.66667,127.5,-90.0,1,0
noisy_step_and_pause_005,noisy_step_and_pause,8.68333,126.0,-90.0,1,0
noisy_step_and_pause_005,noisy_step_and_pause,8.7,124.5,-90.0,1,0
noisy_step_and_pause_005,noisy_step_and_pause,8.71667,123.0,-90.0,1,0
noisy_step_and_pause_005,noisy_step_and_pause,8.73333,121.5,-90.0,1,0
noisy_step_and_pause_005,noisy_step_and_pause,8.75,120.0,-90.0,1,0
noisy_step_and_pause_005,noisy_step_and_pause,8.76667,118.5,-90.0,1,0
noisy_step_and_pause_005,noisy_step_and_pause,8.78333,117.0,-90.0,1,0
noisy_step_and_pause_005,noisy_step_and_pause,8.8,115.5,-90.0,1,0
noisy_step_and_pause_005,noisy_step_and_pause,8.81667,114.0,-90.0,1,0
noisy_step_and_pause_005,noisy_step_and_pause,8.83333,112.5,-90.0,1,0
noisy_step_and_pause_005,noisy_step_and_pause,8.85,111.0,-90.0,1,0
noisy_step_and_pause_005,noisy_step_and_pause,8.86667,109.5,-90.0,1,0
noisy_step_and_pause_005,noisy_step_and_pause,8.88333,108.0,-90.0,1,0
noisy_step_and_pause_005,noisy_step_and_pause,8.9,106.5,-90.0,1,0
noisy_step_and_pause_005,noisy_step_and_pause,8.91667,105.0,-90.0,1,0
noisy_step_and_pause_005,noisy_step_and_pause,8.93333,103.5,-90.0,1,0
noisy_step_and_pause_005,noisy_step_and_pause,8.95,102.0,-90.0,1,0
noisy_step_and_pause_005,noisy_step_and_pause,8.96667,100.5,-90.0,1,0
noisy_step_and_pause_005,noisy_step_and_pause,8.98333,99.0,-90.0,1,0
noisy_step_and_pause_005,noisy_step_and_pause,9.0,97.5,-90.0,1,0
noisy_step_and_pause_005,noisy_step_and_pause,9.01667,96.0,-90.0,1,0
noisy_step_and_pause_005,noisy_step_and_pause,9.03333,94.5,-90.0,1,0
noisy_step_and_pause_005,noisy_step_and_pause,9.05,93.0,-90.0,1,0
noisy_step_and_pause_005,noisy_step_and_pause,9.06667,91.5,-90.0,1,0
noisy_step_and_pause_005,noisy_step_and_pause,9.08333,90.0,-90.0,1,0
noisy_step_and_pause_005,noisy_step_and_pause,9.1,88.5,-90.0,1,0
noisy_step_and_pause_005,noisy_step_and_pause,9.11667,87.0,-90.0,1,0
noisy_step_and_pause_005,noisy_step_and_pause,9.13333,85.5,-90.0,0,0
noisy_step_and_pause_005,noisy_step_and_pause,9.15,85.5,0.0,1,0
noisy_step_and_pause_005,noisy_step_and_pause,9.16667,84.0,-90.0,1,0
noisy_step_and_pause_005,noisy_step_and_pause,9.18333,82.5,-90.0,1,0
noisy_step_and_pause_005,noisy_step_and_pause,9.2,81.0,-90.0,1,0
noisy_step_and_pause_005,noisy_step_and_pause,9.21667,79.5,-90.0,1,0
noisy_step_and_pause_005,noisy_step_and_pause,9.23333,78.0,-90.0,1,0
noisy_step_and_pause_005,noisy_step_and_pause,9.25,76.5,-90.0,1,0
noisy_step_and_pause_005,noisy_step_and_pause,9.26667,75.0,-90.0,1,0
noisy_step_and_pause_005,noisy_step_and_pause,9.28333,73.5,-90.0,1,0
noisy_step_and_pause_005,noisy_step_and_pause,9.3,72.0,-90.0,1,0
noisy_step_and_pause_005,noisy_step_and_pause,9.31667,70.5,-90.0,1,0
noisy_step_and_pause_005,noisy_step_and_pause,9.33333,69.0,-90.0,1,0
noisy_step_and_pause_005,noisy_step_and_pause,9.35,67.5,-90.0,1,0
noisy_step_and_pause_005,noisy_step_and_pause,9.36667,66.0,-90.0,1,0
noisy_step_and_pause_005,noisy_step_and_pause,9.38333,64.5,-90.0,1,0
noisy_step_and_pause_005,noisy_step_and_pause,9.4,63.0,-90.0,1,0
noisy_step_and_pause_005,noisy_step_and_pause,9.41667,61.5,-90.0,1,0
noisy_step_and_pause_005,noisy_step_and_pause,9.43333,60.0,-90.0,1,0
noisy_step_and_pause_005,noisy_step_and_pause,9.45,58.5,-90.0,1,0
noisy_step_and_pause_005,noisy_step_and_pause,9.46667,57.0,-90.0,1,0
noisy_step_and_pause_005,noisy_step_and_pause,9.48333,55.5,-90.0,1,0
noisy_step_and_pause_005,noisy_step_and_pause,9.5,54.0,-90.0,1,0
noisy_step_and_pause_005,noisy_step_and_pause,9.51667,52.5,-90.0,1,0
noisy_step_and_pause_005,noisy_step_and_pause,9.53333,51.0,-90.0,1,0
noisy_step_and_pause_005,noisy_step_and_pause,9.55,49.5,-90.0,1,0
noisy_step_and_pause_005,noisy_step_and_pause,9.56667,48.0,-90.0,1,0
noisy_step_and_pause_005,noisy_step_and_pause,9.58333,46.5,-90.0,1,0
noisy_step_and_pause_005,noisy_step_and_pause,9.6,45.0,-90.0,1,0
noisy_step_and_pause_005,noisy_step_and_pause,9.61667,43.5,-90.0,1,0
noisy_step_and_pause_005,noisy_step_and_pause,9.63333,42.0,-90.0,1,0
noisy_step_and_pause_005,noisy_step_and_pause,9.65,40.5,-90.0,1,0
noisy_step_and_pause_005,noisy_step_and_pause,9.66667,39.0,-90.0,1,0
noisy_step_and_pause_005,noisy_step_and_pause,9.68333,37.5,-90.0,1,0
noisy_step_and_pause_005,noisy_step_and_pause,9.7,36.0,-90.0,1,0
noisy_step_and_pause_005,noisy_step_and_pause,9.71667,34.5,-90.0,1,0
noisy_step_and_pause_005,noisy_step_and_pause,9.73333,33.0,-90.0,1,0
noisy_step_and_pause_005,noisy_step_and_pause,9.75,31.5,-90.0,0,1
noisy_step_and_pause_005,noisy_step_and_pause,9.76667,33.0,90.0,0,1
noisy_step_and_pause_005,noisy_step_and_pause,9.78333,34.5,90.0,0,1
noisy_step_and_pause_005,noisy_step_and_pause,9.8,36.0,90.0,0,1
noisy_step_and_pause_005,noisy_step_and_pause,9.81667,37.5,90.0,0,1
noisy_step_and_pause_005,noisy_step_and_pause,9.83333,39.0,90.0,0,1
noisy_step_and_pause_005,noisy_step_and_pause,9.85,40.5,90.0,0,1
noisy_step_and_pause_005,noisy_step_and_pause,9.86667,42.0,90.0,0,1
noisy_step_and_pause_005,noisy_step_and_pause,9.88333,43.5,90.0,0,1
noisy_step_and_pause_005,noisy_step_and_pause,9.9,45.0,90.0,0,1
noisy_step_and_pause_005,noisy_step_and_pause,9.91667,46.5,90.0,0,1
noisy_step_and_pause_005,noisy_step_and_pause,9.93333,48.0,90.0,0,1
noisy_step_and_pause_005,noisy_step_and_pause,9.95,49.5,90.0,0,1
noisy_step_and_pause_005,noisy_step_and_pause,9.96667,51.0,90.0,0,1
noisy_step_and_pause_005,noisy_step_and_pause,9.98333,52.5,90.0,0,1
noisy_step_and_pause_005,noisy_step_and_pause,10.0,54.0,90.0,0,1
noisy_step_and_pause_005,noisy_step_and_pause,10.01667,55.5,90.0,0,1
noisy_step_and_pause_005,noisy_step_and_pause,10.03333,57.0,90.0,0,1
noisy_step_and_pause_005,noisy_step_and_pause,10.05,58.5,90.0,0,0
noisy_step_and_pause_005,noisy_step_and_pause,10.06667,58.5,0.0,0,1
noisy_step_and_pause_005,noisy_step_and_pause,10.08333,60.0,90.0,0,1
noisy_step_and_pause_005,noisy_step_and_pause,10.1,61.5,90.0,0,1
noisy_step_and_pause_005,noisy_step_and_pause,10.11667,63.0,90.0,0,1
noisy_step_and_pause_005,noisy_step_and_pause,10.13333,64.5,90.0,0,1
noisy_step_and_pause_005,noisy_step_and_pause,10.15,66.0,90.0,0,1
noisy_step_and_pause_005,noisy_step_and_pause,10.16667,67.5,90.0,0,1
noisy_step_and_pause_005,noisy_step_and_pause,10.18333,69.0,90.0,0,1
noisy_step_and_pause_005,noisy_step_and_pause,10.2,70.5,90.0,0,1
noisy_step_and_pause_005,noisy_step_and_pause,10.21667,72.0,90.0,0,1
noisy_step_and_pause_005,noisy_step_and_pause,10.23333,73.5,90.0,0,1
noisy_step_and_pause_005,noisy_step_and_pause,10.25,75.0,90.0,0,1
noisy_step_and_pause_005,noisy_step_and_pause,10.26667,76.5,90.0,0,1
noisy_step_and_pause_005,noisy_step_and_pause,10.28333,78.0,90.0,0,1
noisy_step_and_pause_005,noisy_step_and_pause,10.3,79.5,90.0,0,1
noisy_step_and_pause_005,noisy_step_and_pause,10.31667,81.0,90.0,0,1
noisy_step_and_pause_005,noisy_step_and_pause,10.33333,82.5,90.0,0,1
noisy_step_and_pause_005,noisy_step_and_pause,10.35,84.0,90.0,0,1
noisy_step_and_pause_005,noisy_step_and_pause,10.36667,85.5,90.0,0,1
noisy_step_and_pause_005,noisy_step_and_pause,10.38333,87.0,90.0,0,1
noisy_step_and_pause_005,noisy_step_and_pause,10.4,88.5,90.0,0,1
noisy_step_and_pause_005,noisy_step_and_pause,10.41667,90.0,90.0,0,1
noisy_step_and_pause_005,noisy_step_and_pause,10.43333,91.5,90.0,0,1
noisy_step_and_pause_005,noisy_step_and_pause,10.45,93.0,90.0,0,1
noisy_step_and_pause_005,noisy_step_and_pause,10.46667,94.5,90.0,0,1
noisy_step_and_pause_005,noisy_step_and_pause,10.48333,96.0,90.0,0,1
noisy_step_and_pause_005,noisy_step_and_pause,10.5,97.5,90.0,0,1
noisy_step_and_pause_005,noisy_step_and_pause,10.51667,99.0,90.0,0,1
noisy_step_and_pause_005,noisy_step_and_pause,10.53333,100.5,90.0,0,1
noisy_step_and_pause_005,noisy_step_and_pause,10.55,102.0,90.0,0,1
noisy_step_and_pause_005,noisy_step_and_pause,10.56667,103.5,90.0,0,1
noisy_step_and_pause_005,noisy_step_and_pause,10.58333,105.0,90.0,0,0
noisy_step_and_pause_005,noisy_step_and_pause,10.6,105.0,0.0,0,1
noisy_step_and_pause_005,noisy_step_and_pause,10.61667,106.5,90.0,0,1
noisy_step_and_pause_005,noisy_step_and_pause,10.63333,108.0,90.0,0,1
noisy_step_and_pause_005,noisy_step_and_pause,10.65,109.5,90.0,0,1
noisy_step_and_pause_005,noisy_step_and_pause,10.66667,111.0,90.0,0,1
noisy_step_and_pause_005,noisy_step_and_pause,10.68333,112.5,90.0,0,1
noisy_step_and_pause_005,noisy_step_and_pause,10.7,114.0,90.0,0,1
noisy_step_and_pause_005,noisy_step_and_pause,10.71667,115.5,90.0,1,0
noisy_step_and_pause_005,noisy_step_and_pause,10.73333,114.0,-90.0,0,1
noisy_step_and_pause_005,noisy_step_and_pause,10.75,115.5,90.0,0,1
noisy_step_and_pause_005,noisy_step_and_pause,10.76667,117.0,90.0,0,1
noisy_step_and_pause_005,noisy_step_and_pause,10.78333,118.5,90.0,0,1
noisy_step_and_pause_005,noisy_step_and_pause,10.8,120.0,90.0,0,1
noisy_step_and_pause_005,noisy_step_and_pause,10.81667,121.5,90.0,0,1
noisy_step_and_pause_005,noisy_step_and_pause,10.83333,123.0,90.0,0,1
noisy_step_and_pause_005,noisy_step_and_pause,10.85,124.5,90.0,0,1
noisy_step_and_pause_005,noisy_step_and_pause,10.86667,126.0,90.0,0,1
noisy_step_and_pause_005,noisy_step_and_pause,10.88333,127.5,90.0,0,1
noisy_step_and_pause_005,noisy_step_and_pause,10.9,129.0,90.0,0,1
noisy_step_and_pause_005,noisy_step_and_pause,10.91667,130.5,90.0,0,1
noisy_step_and_pause_005,noisy_step_and_pause,10.93333,132.0,90.0,0,1
noisy_step_and_pause_005,noisy_step_and_pause,10.95,133.5,90.0,0,1
noisy_step_and_pause_005,noisy_step_and_pause,10.96667,135.0,90.0,0,1
noisy_step_and_pause_005,noisy_step_and_pause,10.98333,136.5,90.0,0,1
noisy_step_and_pause_005,noisy_step_and_pause,11.0,138.0,90.0,0,1
noisy_step_and_pause_005,noisy_step_and_pause,11.01667,139.5,90.0,0,1
noisy_step_and_pause_005,noisy_step_and_pause,11.03333,141.0,90.0,0,1
noisy_step_and_pause_005,noisy_step_and_pause,11.05,142.5,90.0,0,1
noisy_step_and_pause_005,noisy_step_and_pause,11.06667,144.0,90.0,0,1
noisy_step_and_pause_005,noisy_step_and_pause,11.08333,145.5,90.0,0,1
noisy_step_and_pause_005,noisy_step_and_pause,11.1,147.0,90.0,0,1
noisy_step_and_pause_005,noisy_step_and_pause,11.11667,148.5,90.0,0,1
noisy_step_and_pause_005,noisy_step_and_pause,11.13333,150.0,90.0,0,1
noisy_step_and_pause_005,noisy_step_and_pause,11.15,151.5,90.0,0,1
noisy_step_and_pause_005,noisy_step_and_pause,11.16667,153.0,90.0,0,1
noisy_step_and_pause_005,noisy_step_and_pause,11.18333,154.5,90.0,0,1
noisy_step_and_pause_005,noisy_step_and_pause,11.2,156.0,90.0,0,1
noisy_step_and_pause_005,noisy_step_and_pause,11.21667,157.5,90.0,0,1
noisy_step_and_pause_005,noisy_step_and_pause,11.23333,159.0,90.0,0,1
noisy_step_and_pause_005,noisy_step_and_pause,11.25,160.5,90.0,0,1
noisy_step_and_pause_005,noisy_step_and_pause,11.26667,162.0,90.0,0,1
noisy_step_and_pause_005,noisy_step_and_pause,11.28333,163.5,90.0,0,1
noisy_step_and_pause_005,noisy_step_and_pause,11.3,165.0,90.0,0,1
noisy_step_and_pause_005,noisy_step_and_pause,11.31667,166.5,90.0,0,1
noisy_step_and_pause_005,noisy_step_and_pause,11.33333,168.0,90.0,0,1
noisy_step_and_pause_005,noisy_step_and_pause,11.35,169.5,90.0,0,1
noisy_step_and_pause_005,noisy_step_and_pause,11.36667,171.0,90.0,0,1
noisy_step_and_pause_005,noisy_step_and_pause,11.38333,172.5,90.0,0,1
noisy_step_and_pause_005,noisy_step_and_pause,11.4,174.0,90.0,0,1
noisy_step_and_pause_005,noisy_step_and_pause,11.41667,175.5,90.0,0,1
noisy_step_and_pause_005,noisy_step_and_pause,11.43333,177.0,90.0,0,1
noisy_step_and_pause_005,noisy_step_and_pause,11.45,178.5,90.0,0,1
noisy_step_and_pause_005,noisy_step_and_pause,11.46667,180.0,90.0,0,1
noisy_step_and_pause_005,noisy_step_and_pause,11.48333,181.5,90.0,0,1
noisy_step_and_pause_005,noisy_step_and_pause,11.5,183.0,90.0,0,1
noisy_step_and_pause_005,noisy_step_and_pause,11.51667,184.5,90.0,0,1
noisy_step_and_pause_005,noisy_step_and_pause,11.53333,186.0,90.0,0,1
noisy_step_and_pause_005,noisy_step_and_pause,11.55,187.5,90.0,0,1
noisy_step_and_pause_005,noisy_step_and_pause,11.56667,189.0,90.0,0,1
noisy_step_and_pause_005,noisy_step_and_pause,11.58333,190.5,90.0,0,1
noisy_step_and_pause_005,noisy_step_and_pause,11.6,192.0,90.0,0,1
noisy_step_and_pause_005,noisy_step_and_pause,11.61667,193.5,90.0,0,1
noisy_step_and_pause_005,noisy_step_and_pause,11.63333,195.0,90.0,0,1
noisy_step_and_pause_005,noisy_step_and_pause,11.65,196.5,90.0,1,0
noisy_step_and_pause_005,noisy_step_and_pause,11.66667,195.0,-90.0,0,1
noisy_step_and_pause_005,noisy_step_and_pause,11.68333,196.5,90.0,0,1
noisy_step_and_pause_005,noisy_step_and_pause,11.7,198.0,90.0,0,1
noisy_step_and_pause_005,noisy_step_and_pause,11.71667,199.5,90.0,0,1
noisy_step_and_pause_005,noisy_step_and_pause,11.73333,201.0,90.0,0,1
noisy_step_and_pause_005,noisy_step_and_pause,11.75,202.5,90.0,0,1
noisy_step_and_pause_005,noisy_step_and_pause,11.76667,204,90.0,0,0
noisy_step_and_pause_005,noisy_step_and_pause,11.78333,204,0.0,0,0
noisy_step_and_pause_005,noisy_step_and_pause,11.8,204,0.0,0,0
noisy_step_and_pause_005,noisy_step_and_pause,11.81667,204,0.0,0,0
noisy_step_and_pause_005,noisy_step_and_pause,11.83333,204,0.0,0,0
noisy_step_and_pause_005,noisy_step_and_pause,11.85,204,0.0,0,0
noisy_step_and_pause_005,noisy_step_and_pause,11.86667,204,0.0,0,0
noisy_step_and_pause_005,noisy_step_and_pause,11.88333,204,0.0,0,0
noisy_step_and_pause_005,noisy_step_and_pause,11.9,204,0.0,0,0
noisy_step_and_pause_005,noisy_step_and_pause,11.91667,204,0.0,0,0
noisy_step_and_pause_005,noisy_step_and_pause,11.93333,204,0.0,0,0
noisy_step_and_pause_005,noisy_step_and_pause,11.95,204,0.0,0,0
noisy_step_and_pause_005,noisy_step_and_pause,11.96667,204,0.0,0,0
noisy_step_and_pause_005,noisy_step_and_pause,11.98333,204,0.0,0,0
noisy_step_and_pause_005,noisy_step_and_pause,12.0,204,0.0,0,0
noisy_step_and_pause_005,noisy_step_and_pause,12.01667,204,0.0,0,0
noisy_step_and_pause_005,noisy_step_and_pause,12.03333,204,0.0,0,0
noisy_step_and_pause_005,noisy_step_and_pause,12.05,204,0.0,0,0
noisy_step_and_pause_005,noisy_step_and_pause,12.06667,204,0.0,0,0
noisy_step_and_pause_005,noisy_step_and_pause,12.08333,204,0.0,0,0
noisy_step_and_pause_005,noisy_step_and_pause,12.1,204,0.0,0,0
noisy_step_and_pause_005,noisy_step_and_pause,12.11667,204,0.0,0,0
noisy_step_and_pause_005,noisy_step_and_pause,12.13333,204,0.0,0,0
noisy_step_and_pause_005,noisy_step_and_pause,12.15,204,0.0,0,0
noisy_step_and_pause_005,noisy_step_and_pause,12.16667,204,0.0,0,0
noisy_step_and_pause_005,noisy_step_and_pause,12.18333,204,0.0,0,0
noisy_step_and_pause_005,noisy_step_and_pause,12.2,204,0.0,0,0
noisy_step_and_pause_005,noisy_step_and_pause,12.21667,204,0.0,0,0
noisy_step_and_pause_005,noisy_step_and_pause,12.23333,204,0.0,0,0
noisy_step_and_pause_005,noisy_step_and_pause,12.25,204,0.0,0,0
noisy_step_and_pause_005,noisy_step_and_pause,12.26667,204,0.0,0,0
noisy_step_and_pause_005,noisy_step_and_pause,12.28333,204,0.0,0,0
noisy_step_and_pause_005,noisy_step_and_pause,12.3,204,0.0,0,1
noisy_step_and_pause_005,noisy_step_and_pause,12.31667,204,0.0,0,0
noisy_step_and_pause_005,noisy_step_and_pause,12.33333,204,0.0,0,1
noisy_step_and_pause_005,noisy_step_and_pause,12.35,204,0.0,0,0
noisy_step_and_pause_005,noisy_step_and_pause,12.36667,204,0.0,0,0
noisy_step_and_pause_005,noisy_step_and_pause,12.38333,204,0.0,0,0
noisy_step_and_pause_005,noisy_step_and_pause,12.4,204,0.0,0,0
noisy_step_and_pause_005,noisy_step_and_pause,12.41667,204,0.0,0,0
noisy_step_and_pause_005,noisy_step_and_pause,12.43333,204,0.0,0,0
noisy_step_and_pause_005,noisy_step_and_pause,12.45,204,0.0,0,0
noisy_step_and_pause_005,noisy_step_and_pause,12.46667,204,0.0,0,1
noisy_step_and_pause_005,noisy_step_and_pause,12.48333,204,0.0,0,0
noisy_step_and_pause_005,noisy_step_and_pause,12.5,204,0.0,0,0
noisy_step_and_pause_005,noisy_step_and_pause,12.51667,204,0.0,0,0
noisy_step_and_pause_005,noisy_step_and_pause,12.53333,204,0.0,0,0
noisy_step_and_pause_005,noisy_step_and_pause,12.55,204,0.0,1,0
noisy_step_and_pause_005,noisy_step_and_pause,12.56667,202.5,-90.0,1,0
noisy_step_and_pause_005,noisy_step_and_pause,12.58333,201.0,-90.0,1,0
noisy_step_and_pause_005,noisy_step_and_pause,12.6,199.5,-90.0,1,0
noisy_step_and_pause_005,noisy_step_and_pause,12.61667,198.0,-90.0,1,0
noisy_step_and_pause_005,noisy_step_and_pause,12.63333,196.5,-90.0,1,0
noisy_step_and_pause_005,noisy_step_and_pause,12.65,195.0,-90.0,1,0
noisy_step_and_pause_005,noisy_step_and_pause,12.66667,193.5,-90.0,1,0
noisy_step_and_pause_005,noisy_step_and_pause,12.68333,192.0,-90.0,1,0
noisy_step_and_pause_005,noisy_step_and_pause,12.7,190.5,-90.0,1,0
noisy_step_and_pause_005,noisy_step_and_pause,12.71667,189.0,-90.0,1,0
noisy_step_and_pause_005,noisy_step_and_pause,12.73333,187.5,-90.0,1,0
noisy_step_and_pause_005,noisy_step_and_pause,12.75,186.0,-90.0,1,0
noisy_step_and_pause_005,noisy_step_and_pause,12.76667,184.5,-90.0,1,0
noisy_step_and_pause_005,noisy_step_and_pause,12.78333,183.0,-90.0,1,0
noisy_step_and_pause_005,noisy_step_and_pause,12.8,181.5,-90.0,1,0
noisy_step_and_pause_005,noisy_step_and_pause,12.81667,180.0,-90.0,1,0
noisy_step_and_pause_005,noisy_step_and_pause,12.83333,178.5,-90.0,1,0
noisy_step_and_pause_005,noisy_step_and_pause,12.85,177.0,-90.0,1,0
noisy_step_and_pause_005,noisy_step_and_pause,12.86667,175.5,-90.0,1,0
noisy_step_and_pause_005,noisy_step_and_pause,12.88333,174.0,-90.0,1,0
noisy_step_and_pause_005,noisy_step_and_pause,12.9,172.5,-90.0,1,0
noisy_step_and_pause_005,noisy_step_and_pause,12.91667,171.0,-90.0,1,0
noisy_step_and_pause_005,noisy_step_and_pause,12.93333,169.5,-90.0,1,0
noisy_step_and_pause_005,noisy_step_and_pause,12.95,168.0,-90.0,1,0
noisy_step_and_pause_005,noisy_step_and_pause,12.96667,166.5,-90.0,1,0
noisy_step_and_pause_005,noisy_step_and_pause,12.98333,165.0,-90.0,1,0
noisy_step_and_pause_005,noisy_step_and_pause,13.0,163.5,-90.0,1,0
noisy_step_and_pause_005,noisy_step_and_pause,13.01667,162.0,-90.0,1,0
noisy_step_and_pause_005,noisy_step_and_pause,13.03333,160.5,-90.0,1,0
noisy_step_and_pause_005,noisy_step_and_pause,13.05,159.0,-90.0,0,1
noisy_step_and_pause_005,noisy_step_and_pause,13.06667,160.5,90.0,1,0
noisy_step_and_pause_005,noisy_step_and_pause,13.08333,159.0,-90.0,1,0
noisy_step_and_pause_005,noisy_step_and_pause,13.1,157.5,-90.0,1,0
noisy_step_and_pause_005,noisy_step_and_pause,13.11667,156.0,-90.0,1,0
noisy_step_and_pause_005,noisy_step_and_pause,13.13333,154.5,-90.0,1,0
noisy_step_and_pause_005,noisy_step_and_pause,13.15,153.0,-90.0,0,1
noisy_step_and_pause_005,noisy_step_and_pause,13.16667,154.5,90.0,1,0
noisy_step_and_pause_005,noisy_step_and_pause,13.18333,153.0,-90.0,1,0
noisy_step_and_pause_005,noisy_step_and_pause,13.2,151.5,-90.0,1,0
noisy_step_and_pause_005,noisy_step_and_pause,13.21667,150.0,-90.0,1,0
noisy_step_and_pause_005,noisy_step_and_pause,13.23333,148.5,-90.0,1,0
noisy_step_and_pause_005,noisy_step_and_pause,13.25,147.0,-90.0,1,0
noisy_step_and_pause_005,noisy_step_and_pause,13.26667,145.5,-90.0,1,0
noisy_step_and_pause_005,noisy_step_and_pause,13.28333,144.0,-90.0,1,0
noisy_step_and_pause_005,noisy_step_and_pause,13.3,142.5,-90.0,1,0
noisy_step_and_pause_005,noisy_step_and_pause,13.31667,141.0,-90.0,1,0
noisy_step_and_pause_005,noisy_step_and_pause,13.33333,139.5,-90.0,1,0
noisy_step_and_pause_005,noisy_step_and_pause,13.35,138.0,-90.0,1,0
noisy_step_and_pause_005,noisy_step_and_pause,13.36667,136.5,-90.0,1,0
noisy_step_and_pause_005,noisy_step_and_pause,13.38333,135.0,-90.0,1,0
noisy_step_and_pause_005,noisy_step_and_pause,13.4,133.5,-90.0,1,0
noisy_step_and_pause_005,noisy_step_and_pause,13.41667,132.0,-90.0,1,0
noisy_step_and_pause_005,noisy_step_and_pause,13.43333,130.5,-90.0,1,0
noisy_step_and_pause_005,noisy_step_and_pause,13.45,129.0,-90.0,1,0
noisy_step_and_pause_005,noisy_step_and_pause,13.46667,127.5,-90.0,0,0
noisy_step_and_pause_005,noisy_step_and_pause,13.48333,127.5,0.0,0,0
noisy_step_and_pause_005,noisy_step_and_pause,13.5,127.5,0.0,0,0
noisy_step_and_pause_005,noisy_step_and_pause,13.51667,127.5,0.0,1,0
noisy_step_and_pause_005,noisy_step_and_pause,13.53333,126.0,-90.0,0,0
noisy_step_and_pause_005,noisy_step_and_pause,13.55,126.0,0.0,0,0
noisy_step_and_pause_005,noisy_step_and_pause,13.56667,126.0,0.0,0,0
noisy_step_and_pause_005,noisy_step_and_pause,13.58333,126.0,0.0,0,0
noisy_step_and_pause_005,noisy_step_and_pause,13.6,126.0,0.0,0,0
noisy_step_and_pause_005,noisy_step_and_pause,13.61667,126.0,0.0,0,0
noisy_step_and_pause_005,noisy_step_and_pause,13.63333,126.0,0.0,0,0
noisy_step_and_pause_005,noisy_step_and_pause,13.65,126.0,0.0,0,0
noisy_step_and_pause_005,noisy_step_and_pause,13.66667,126.0,0.0,0,0
noisy_step_and_pause_005,noisy_step_and_pause,13.68333,126.0,0.0,0,0
noisy_step_and_pause_005,noisy_step_and_pause,13.7,126.0,0.0,0,0
noisy_step_and_pause_005,noisy_step_and_pause,13.71667,126.0,0.0,0,0
noisy_step_and_pause_005,noisy_step_and_pause,13.73333,126.0,0.0,0,0
noisy_step_and_pause_005,noisy_step_and_pause,13.75,126.0,0.0,0,0
noisy_step_and_pause_005,noisy_step_and_pause,13.76667,126.0,0.0,0,0
noisy_step_and_pause_005,noisy_step_and_pause,13.78333,126.0,0.0,0,0
noisy_step_and_pause_005,noisy_step_and_pause,13.8,126.0,0.0,0,0
noisy_step_and_pause_005,noisy_step_and_pause,13.81667,126.0,0.0,0,1
noisy_step_and_pause_005,noisy_step_and_pause,13.83333,127.5,90.0,0,0
noisy_step_and_pause_005,noisy_step_and_pause,13.85,127.5,0.0,0,0
noisy_step_and_pause_005,noisy_step_and_pause,13.86667,127.5,0.0,0,0
noisy_step_and_pause_005,noisy_step_and_pause,13.88333,127.5,0.0,0,0
noisy_step_and_pause_005,noisy_step_and_pause,13.9,127.5,0.0,0,0
noisy_step_and_pause_005,noisy_step_and_pause,13.91667,127.5,0.0,0,0
noisy_step_and_pause_005,noisy_step_and_pause,13.93333,127.5,0.0,0,0
noisy_step_and_pause_005,noisy_step_and_pause,13.95,127.5,0.0,0,0
noisy_step_and_pause_005,noisy_step_and_pause,13.96667,127.5,0.0,0,0
noisy_step_and_pause_005,noisy_step_and_pause,13.98333,127.5,0.0,0,0
noisy_step_and_pause_005,noisy_step_and_pause,14.0,127.5,0.0,0,0
noisy_step_and_pause_005,noisy_step_and_pause,14.01667,127.5,0.0,0,0
noisy_step_and_pause_005,noisy_step_and_pause,14.03333,127.5,0.0,0,0
noisy_step_and_pause_005,noisy_step_and_pause,14.05,127.5,0.0,0,0
noisy_step_and_pause_005,noisy_step_and_pause,14.06667,127.5,0.0,0,0
noisy_step_and_pause_005,noisy_step_and_pause,14.08333,127.5,0.0,0,0
noisy_step_and_pause_005,noisy_step_and_pause,14.1,127.5,0.0,0,0
noisy_step_and_pause_005,noisy_step_and_pause,14.11667,127.5,0.0,0,0
noisy_step_and_pause_005,noisy_step_and_pause,14.13333,127.5,0.0,0,0
noisy_step_and_pause_005,noisy_step_and_pause,14.15,127.5,0.0,0,0
noisy_step_and_pause_005,noisy_step_and_pause,14.16667,127.5,0.0,0,0
noisy_step_and_pause_005,noisy_step_and_pause,14.18333,127.5,0.0,0,0
noisy_step_and_pause_005,noisy_step_and_pause,14.2,127.5,0.0,0,0
noisy_step_and_pause_005,noisy_step_and_pause,14.21667,127.5,0.0,0,0
noisy_step_and_pause_005,noisy_step_and_pause,14.23333,127.5,0.0,1,0
noisy_step_and_pause_005,noisy_step_and_pause,14.25,126.0,-90.0,1,0
noisy_step_and_pause_005,noisy_step_and_pause,14.26667,124.5,-90.0,1,0
noisy_step_and_pause_005,noisy_step_and_pause,14.28333,123.0,-90.0,1,0
noisy_step_and_pause_005,noisy_step_and_pause,14.3,121.5,-90.0,1,0
noisy_step_and_pause_005,noisy_step_and_pause,14.31667,120.0,-90.0,1,0
noisy_step_and_pause_005,noisy_step_and_pause,14.33333,118.5,-90.0,1,0
noisy_step_and_pause_005,noisy_step_and_pause,14.35,117.0,-90.0,1,0
noisy_step_and_pause_005,noisy_step_and_pause,14.36667,115.5,-90.0,1,0
noisy_step_and_pause_005,noisy_step_and_pause,14.38333,114.0,-90.0,1,0
noisy_step_and_pause_005,noisy_step_and_pause,14.4,112.5,-90.0,1,0
noisy_step_and_pause_005,noisy_step_and_pause,14.41667,111.0,-90.0,1,0
noisy_step_and_pause_005,noisy_step_and_pause,14.43333,109.5,-90.0,1,0
noisy_step_and_pause_005,noisy_step_and_pause,14.45,108.0,-90.0,1,0
noisy_step_and_pause_005,noisy_step_and_pause,14.46667,106.5,-90.0,1,0
noisy_step_and_pause_005,noisy_step_and_pause,14.48333,105.0,-90.0,1,0
noisy_step_and_pause_005,noisy_step_and_pause,14.5,103.5,-90.0,1,0
noisy_step_and_pause_005,noisy_step_and_pause,14.51667,102.0,-90.0,1,0
noisy_step_and_pause_005,noisy_step_and_pause,14.53333,100.5,-90.0,0,1
noisy_step_and_pause_005,noisy_step_and_pause,14.55,102.0,90.0,1,0
noisy_step_and_pause_005,noisy_step_and_pause,14.56667,100.5,-90.0,1,0
noisy_step_and_pause_005,noisy_step_and_pause,14.58333,99.0,-90.0,1,0
noisy_step_and_pause_005,noisy_step_and_pause,14.6,97.5,-90.0,1,0
noisy_step_and_pause_005,noisy_step_and_pause,14.61667,96.0,-90.0,1,0
noisy_step_and_pause_005,noisy_step_and_pause,14.63333,94.5,-90.0,1,0
noisy_step_and_pause_005,noisy_step_and_pause,14.65,93.0,-90.0,1,0
noisy_step_and_pause_005,noisy_step_and_pause,14.66667,91.5,-90.0,1,0
noisy_step_and_pause_005,noisy_step_and_pause,14.68333,90.0,-90.0,1,0
noisy_step_and_pause_005,noisy_step_and_pause,14.7,88.5,-90.0,1,0
noisy_step_and_pause_005,noisy_step_and_pause,14.71667,87.0,-90.0,1,0
noisy_step_and_pause_005,noisy_step_and_pause,14.73333,85.5,-90.0,1,0
noisy_step_and_pause_005,noisy_step_and_pause,14.75,84.0,-90.0,1,0
noisy_step_and_pause_005,noisy_step_and_pause,14.76667,82.5,-90.0,1,0
noisy_step_and_pause_005,noisy_step_and_pause,14.78333,81.0,-90.0,1,0
noisy_step_and_pause_005,noisy_step_and_pause,14.8,79.5,-90.0,1,0
noisy_step_and_pause_005,noisy_step_and_pause,14.81667,78.0,-90.0,1,0
noisy_step_and_pause_005,noisy_step_and_pause,14.83333,76.5,-90.0,1,0
noisy_step_and_pause_005,noisy_step_and_pause,14.85,75.0,-90.0,1,0
noisy_step_and_pause_005,noisy_step_and_pause,14.86667,73.5,-90.0,1,0
noisy_step_and_pause_005,noisy_step_and_pause,14.88333,72.0,-90.0,1,0
noisy_step_and_pause_005,noisy_step_and_pause,14.9,70.5,-90.0,1,0
noisy_step_and_pause_005,noisy_step_and_pause,14.91667,69.0,-90.0,0,0
noisy_step_and_pause_005,noisy_step_and_pause,14.93333,69.0,0.0,1,0
noisy_step_and_pause_005,noisy_step_and_pause,14.95,67.5,-90.0,1,0
noisy_step_and_pause_005,noisy_step_and_pause,14.96667,66.0,-90.0,1,0
noisy_step_and_pause_005,noisy_step_and_pause,14.98333,64.5,-90.0,1,0
noisy_step_and_pause_005,noisy_step_and_pause,15.0,63.0,-90.0,1,0
noisy_step_and_pause_005,noisy_step_and_pause,15.01667,61.5,-90.0,1,0
noisy_step_and_pause_005,noisy_step_and_pause,15.03333,60.0,-90.0,1,0
noisy_step_and_pause_005,noisy_step_and_pause,15.05,58.5,-90.0,1,0
noisy_step_and_pause_005,noisy_step_and_pause,15.06667,57.0,-90.0,1,0
noisy_step_and_pause_005,noisy_step_and_pause,15.08333,55.5,-90.0,1,0
noisy_step_and_pause_005,noisy_step_and_pause,15.1,54.0,-90.0,1,0
noisy_step_and_pause_005,noisy_step_and_pause,15.11667,52.5,-90.0,1,0
noisy_step_and_pause_005,noisy_step_and_pause,15.13333,51.0,-90.0,1,0
noisy_step_and_pause_005,noisy_step_and_pause,15.15,49.5,-90.0,1,0
noisy_step_and_pause_005,noisy_step_and_pause,15.16667,48.0,-90.0,1,0
noisy_step_and_pause_005,noisy_step_and_pause,15.18333,46.5,-90.0,1,0
noisy_step_and_pause_005,noisy_step_and_pause,15.2,45.0,-90.0,1,0
noisy_step_and_pause_005,noisy_step_and_pause,15.21667,43.5,-90.0,0,1
noisy_step_and_pause_005,noisy_step_and_pause,15.23333,45.0,90.0,1,0
noisy_step_and_pause_005,noisy_step_and_pause,15.25,43.5,-90.0,0,0
noisy_step_and_pause_005,noisy_step_and_pause,15.26667,43.5,0.0,0,0
noisy_step_and_pause_005,noisy_step_and_pause,15.28333,43.5,0.0,0,0
noisy_step_and_pause_005,noisy_step_and_pause,15.3,43.5,0.0,0,0
noisy_step_and_pause_005,noisy_step_and_pause,15.31667,43.5,0.0,0,0
noisy_step_and_pause_005,noisy_step_and_pause,15.33333,43.5,0.0,0,0
noisy_step_and_pause_005,noisy_step_and_pause,15.35,43.5,0.0,0,0
noisy_step_and_pause_005,noisy_step_and_pause,15.36667,43.5,0.0,0,0
noisy_step_and_pause_005,noisy_step_and_pause,15.38333,43.5,0.0,0,0
noisy_step_and_pause_005,noisy_step_and_pause,15.4,43.5,0.0,0,0
noisy_step_and_pause_005,noisy_step_and_pause,15.41667,43.5,0.0,0,0
noisy_step_and_pause_005,noisy_step_and_pause,15.43333,43.5,0.0,0,0
noisy_step_and_pause_005,noisy_step_and_pause,15.45,43.5,0.0,0,0
noisy_step_and_pause_005,noisy_step_and_pause,15.46667,43.5,0.0,0,0
noisy_step_and_pause_005,noisy_step_and_pause,15.48333,43.5,0.0,0,0
noisy_step_and_pause_005,noisy_step_and_pause,15.5,43.5,0.0,0,0
noisy_step_and_pause_005,noisy_step_and_pause,15.51667,43.5,0.0,0,0
noisy_step_and_pause_005,noisy_step_and_pause,15.53333,43.5,0.0,0,1
noisy_step_and_pause_005,noisy_step_and_pause,15.55,45.0,90.0,0,0
noisy_step_and_pause_005,noisy_step_and_pause,15.56667,45.0,0.0,0,0
noisy_step_and_pause_005,noisy_step_and_pause,15.58333,45.0,0.0,0,0
noisy_step_and_pause_005,noisy_step_and_pause,15.6,45.0,0.0,0,0
noisy_step_and_pause_005,noisy_step_and_pause,15.61667,45.0,0.0,0,0
noisy_step_and_pause_005,noisy_step_and_pause,15.63333,45.0,0.0,0,0
noisy_step_and_pause_005,noisy_step_and_pause,15.65,45.0,0.0,0,0
noisy_step_and_pause_005,noisy_step_and_pause,15.66667,45.0,0.0,0,0
noisy_step_and_pause_005,noisy_step_and_pause,15.68333,45.0,0.0,1,0
noisy_step_and_pause_005,noisy_step_and_pause,15.7,43.5,-90.0,1,0
noisy_step_and_pause_005,noisy_step_and_pause,15.71667,42.0,-90.0,1,0
noisy_step_and_pause_005,noisy_step_and_pause,15.73333,40.5,-90.0,1,0
noisy_step_and_pause_005,noisy_step_and_pause,15.75,39.0,-90.0,1,0
noisy_step_and_pause_005,noisy_step_and_pause,15.76667,37.5,-90.0,1,0
noisy_step_and_pause_005,noisy_step_and_pause,15.78333,36.0,-90.0,1,0
noisy_step_and_pause_005,noisy_step_and_pause,15.8,34.5,-90.0,1,0
noisy_step_and_pause_005,noisy_step_and_pause,15.81667,33.0,-90.0,1,0
noisy_step_and_pause_005,noisy_step_and_pause,15.83333,31.5,-90.0,1,0
noisy_step_and_pause_005,noisy_step_and_pause,15.85,30.0,-90.0,1,0
noisy_step_and_pause_005,noisy_step_and_pause,15.86667,28.5,-90.0,1,0
noisy_step_and_pause_005,noisy_step_and_pause,15.88333,27.0,-90.0,1,0
noisy_step_and_pause_005,noisy_step_and_pause,15.9,25.5,-90.0,1,0
noisy_step_and_pause_005,noisy_step_and_pause,15.91667,24.0,-90.0,1,0
noisy_step_and_pause_005,noisy_step_and_pause,15.93333,22.5,-90.0,1,0
noisy_step_and_pause_005,noisy_step_and_pause,15.95,21.0,-90.0,1,0
noisy_step_and_pause_005,noisy_step_and_pause,15.96667,19.5,-90.0,1,0
noisy_step_and_pause_005,noisy_step_and_pause,15.98333,18.0,-90.0,1,0
noisy_step_and_pause_005,noisy_step_and_pause,16.0,16.5,-90.0,1,0
noisy_step_and_pause_005,noisy_step_and_pause,16.01667,15.0,-90.0,1,0
noisy_step_and_pause_005,noisy_step_and_pause,16.03333,13.5,-90.0,1,0
noisy_step_and_pause_005,noisy_step_and_pause,16.05,12.0,-90.0,1,0
noisy_step_and_pause_005,noisy_step_and_pause,16.06667,10.5,-90.0,1,0
noisy_step_and_pause_005,noisy_step_and_pause,16.08333,9.0,-90.0,1,0
noisy_step_and_pause_005,noisy_step_and_pause,16.1,7.5,-90.0,1,0
noisy_step_and_pause_005,noisy_step_and_pause,16.11667,6.0,-90.0,1,0
noisy_step_and_pause_005,noisy_step_and_pause,16.13333,4.5,-90.0,1,0
noisy_step_and_pause_005,noisy_step_and_pause,16.15,3.0,-90.0,1,0
noisy_step_and_pause_005,noisy_step_and_pause,16.16667,1.5,-90.0,1,0
noisy_step_and_pause_005,noisy_step_and_pause,16.18333,0.0,-90.0,0,0
noisy_step_and_pause_005,noisy_step_and_pause,16.2,0.0,0.0,0,0
noisy_step_and_pause_005,noisy_step_and_pause,16.21667,0.0,0.0,0,0
noisy_step_and_pause_005,noisy_step_and_pause,16.23333,0.0,0.0,0,0
noisy_step_and_pause_005,noisy_step_and_pause,16.25,0.0,0.0,0,0
noisy_step_and_pause_005,noisy_step_and_pause,16.26667,0.0,0.0,0,0
noisy_step_and_pause_005,noisy_step_and_pause,16.28333,0.0,0.0,0,0
noisy_step_and_pause_005,noisy_step_and_pause,16.3,0.0,0.0,0,0
noisy_step_and_pause_005,noisy_step_and_pause,16.31667,0.0,0.0,0,0
noisy_step_and_pause_005,noisy_step_and_pause,16.33333,0.0,0.0,0,0
noisy_step_and_pause_005,noisy_step_and_pause,16.35,0.0,0.0,0,0
noisy_step_and_pause_005,noisy_step_and_pause,16.36667,0.0,0.0,0,0
noisy_step_and_pause_005,noisy_step_and_pause,16.38333,0.0,0.0,0,0
noisy_step_and_pause_005,noisy_step_and_pause,16.4,0.0,0.0,0,0
noisy_step_and_pause_005,noisy_step_and_pause,16.41667,0.0,0.0,0,0
noisy_step_and_pause_005,noisy_step_and_pause,16.43333,0.0,0.0,0,0
noisy_step_and_pause_005,noisy_step_and_pause,16.45,0.0,0.0,0,0
noisy_step_and_pause_005,noisy_step_and_pause,16.46667,0.0,0.0,0,0
noisy_step_and_pause_005,noisy_step_and_pause,16.48333,0.0,0.0,0,0
noisy_step_and_pause_005,noisy_step_and_pause,16.5,0.0,0.0,0,0
noisy_step_and_pause_005,noisy_step_and_pause,16.51667,0.0,0.0,0,0
noisy_step_and_pause_005,noisy_step_and_pause,16.53333,0.0,0.0,0,0
noisy_step_and_pause_005,noisy_step_and_pause,16.55,0.0,0.0,0,0
noisy_step_and_pause_005,noisy_step_and_pause,16.56667,0.0,0.0,0,0
noisy_step_and_pause_005,noisy_step_and_pause,16.58333,0.0,0.0,0,0
noisy_step_and_pause_005,noisy_step_and_pause,16.6,0.0,0.0,0,0
noisy_step_and_pause_005,noisy_step_and_pause,16.61667,0.0,0.0,0,0
noisy_step_and_pause_005,noisy_step_and_pause,16.63333,0.0,0.0,0,0
noisy_step_and_pause_005,noisy_step_and_pause,16.65,0.0,0.0,0,1
noisy_step_and_pause_005,noisy_step_and_pause,16.66667,1.5,90.0,0,1
noisy_step_and_pause_005,noisy_step_and_pause,16.68333,3.0,90.0,0,1
noisy_step_and_pause_005,noisy_step_and_pause,16.7,4.5,90.0,0,1
noisy_step_and_pause_005,noisy_step_and_pause,16.71667,6.0,90.0,0,1
noisy_step_and_pause_005,noisy_step_and_pause,16.73333,7.5,90.0,0,1
noisy_step_and_pause_005,noisy_step_and_pause,16.75,9.0,90.0,0,1
noisy_step_and_pause_005,noisy_step_and_pause,16.76667,10.5,90.0,0,1
noisy_step_and_pause_005,noisy_step_and_pause,16.78333,12.0,90.0,0,1
noisy_step_and_pause_005,noisy_step_and_pause,16.8,13.5,90.0,0,1
noisy_step_and_pause_005,noisy_step_and_pause,16.81667,15.0,90.0,0,1
noisy_step_and_pause_005,noisy_step_and_pause,16.83333,16.5,90.0,0,1
noisy_step_and_pause_005,noisy_step_and_pause,16.85,18.0,90.0,0,1
noisy_step_and_pause_005,noisy_step_and_pause,16.86667,19.5,90.0,0,1
noisy_step_and_pause_005,noisy_step_and_pause,16.88333,21.0,90.0,0,1
noisy_step_and_pause_005,noisy_step_and_pause,16.9,22.5,90.0,0,1
noisy_step_and_pause_005,noisy_step_and_pause,16.91667,24.0,90.0,0,1
noisy_step_and_pause_005,noisy_step_and_pause,16.93333,25.5,90.0,0,1
noisy_step_and_pause_005,noisy_step_and_pause,16.95,27.0,90.0,0,1
noisy_step_and_pause_005,noisy_step_and_pause,16.96667,28.5,90.0,0,1
noisy_step_and_pause_005,noisy_step_and_pause,16.98333,30.0,90.0,0,1
noisy_step_and_pause_005,noisy_step_and_pause,17.0,31.5,90.0,0,1
noisy_step_and_pause_005,noisy_step_and_pause,17.01667,33.0,90.0,0,1
noisy_step_and_pause_005,noisy_step_and_pause,17.03333,34.5,90.0,0,1
noisy_step_and_pause_005,noisy_step_and_pause,17.05,36.0,90.0,0,1
noisy_step_and_pause_005,noisy_step_and_pause,17.06667,37.5,90.0,0,1
noisy_step_and_pause_005,noisy_step_and_pause,17.08333,39.0,90.0,0,1
noisy_step_and_pause_005,noisy_step_and_pause,17.1,40.5,90.0,0,1
noisy_step_and_pause_005,noisy_step_and_pause,17.11667,42.0,90.0,0,1
noisy_step_and_pause_005,noisy_step_and_pause,17.13333,43.5,90.0,0,1
noisy_step_and_pause_005,noisy_step_and_pause,17.15,45.0,90.0,0,1
noisy_step_and_pause_005,noisy_step_and_pause,17.16667,46.5,90.0,0,1
noisy_step_and_pause_005,noisy_step_and_pause,17.18333,48.0,90.0,0,1
noisy_step_and_pause_005,noisy_step_and_pause,17.2,49.5,90.0,0,1
noisy_step_and_pause_005,noisy_step_and_pause,17.21667,51.0,90.0,0,1
noisy_step_and_pause_005,noisy_step_and_pause,17.23333,52.5,90.0,0,1
noisy_step_and_pause_005,noisy_step_and_pause,17.25,54.0,90.0,0,1
noisy_step_and_pause_005,noisy_step_and_pause,17.26667,55.5,90.0,0,1
noisy_step_and_pause_005,noisy_step_and_pause,17.28333,57.0,90.0,0,1
noisy_step_and_pause_005,noisy_step_and_pause,17.3,58.5,90.0,0,1
noisy_step_and_pause_005,noisy_step_and_pause,17.31667,60.0,90.0,1,0
noisy_step_and_pause_005,noisy_step_and_pause,17.33333,58.5,-90.0,0,1
noisy_step_and_pause_005,noisy_step_and_pause,17.35,60.0,90.0,0,1
noisy_step_and_pause_005,noisy_step_and_pause,17.36667,61.5,90.0,0,1
noisy_step_and_pause_005,noisy_step_and_pause,17.38333,63.0,90.0,0,1
noisy_step_and_pause_005,noisy_step_and_pause,17.4,64.5,90.0,0,1
noisy_step_and_pause_005,noisy_step_and_pause,17.41667,66.0,90.0,0,1
noisy_step_and_pause_005,noisy_step_and_pause,17.43333,67.5,90.0,0,1
noisy_step_and_pause_005,noisy_step_and_pause,17.45,69.0,90.0,0,1
noisy_step_and_pause_005,noisy_step_and_pause,17.46667,70.5,90.0,0,1
noisy_step_and_pause_005,noisy_step_and_pause,17.48333,72.0,90.0,0,1
noisy_step_and_pause_005,noisy_step_and_pause,17.5,73.5,90.0,0,1
noisy_step_and_pause_005,noisy_step_and_pause,17.51667,75.0,90.0,0,1
noisy_step_and_pause_005,noisy_step_and_pause,17.53333,76.5,90.0,1,0
noisy_step_and_pause_005,noisy_step_and_pause,17.55,75.0,-90.0,0,1
noisy_step_and_pause_005,noisy_step_and_pause,17.56667,76.5,90.0,0,1
noisy_step_and_pause_005,noisy_step_and_pause,17.58333,78.0,90.0,0,1
noisy_step_and_pause_005,noisy_step_and_pause,17.6,79.5,90.0,0,1
noisy_step_and_pause_005,noisy_step_and_pause,17.61667,81.0,90.0,0,1
noisy_step_and_pause_005,noisy_step_and_pause,17.63333,82.5,90.0,0,1
noisy_step_and_pause_005,noisy_step_and_pause,17.65,84.0,90.0,0,1
noisy_step_and_pause_005,noisy_step_and_pause,17.66667,85.5,90.0,0,1
noisy_step_and_pause_005,noisy_step_and_pause,17.68333,87.0,90.0,0,0
noisy_step_and_pause_005,noisy_step_and_pause,17.7,87.0,0.0,0,0
noisy_step_and_pause_005,noisy_step_and_pause,17.71667,87.0,0.0,0,1
noisy_step_and_pause_005,noisy_step_and_pause,17.73333,88.5,90.0,0,0
noisy_step_and_pause_005,noisy_step_and_pause,17.75,88.5,0.0,0,0
noisy_step_and_pause_005,noisy_step_and_pause,17.76667,88.5,0.0,0,0
noisy_step_and_pause_005,noisy_step_and_pause,17.78333,88.5,0.0,0,0
noisy_step_and_pause_005,noisy_step_and_pause,17.8,88.5,0.0,0,0
noisy_step_and_pause_005,noisy_step_and_pause,17.81667,88.5,0.0,0,0
noisy_step_and_pause_005,noisy_step_and_pause,17.83333,88.5,0.0,0,0
noisy_step_and_pause_005,noisy_step_and_pause,17.85,88.5,0.0,0,0
noisy_step_and_pause_005,noisy_step_and_pause,17.86667,88.5,0.0,0,0
noisy_step_and_pause_005,noisy_step_and_pause,17.88333,88.5,0.0,0,1
noisy_step_and_pause_005,noisy_step_and_pause,17.9,90.0,90.0,0,0
noisy_step_and_pause_005,noisy_step_and_pause,17.91667,90.0,0.0,0,0
noisy_step_and_pause_005,noisy_step_and_pause,17.93333,90.0,0.0,0,0
noisy_step_and_pause_005,noisy_step_and_pause,17.95,90.0,0.0,0,0
noisy_step_and_pause_005,noisy_step_and_pause,17.96667,90.0,0.0,0,0
noisy_step_and_pause_005,noisy_step_and_pause,17.98333,90.0,0.0,0,0
noisy_step_and_pause_005,noisy_step_and_pause,18.0,90.0,0.0,0,0
noisy_step_and_pause_005,noisy_step_and_pause,18.01667,90.0,0.0,0,1
noisy_step_and_pause_005,noisy_step_and_pause,18.03333,91.5,90.0,0,1
noisy_step_and_pause_005,noisy_step_and_pause,18.05,93.0,90.0,0,1
noisy_step_and_pause_005,noisy_step_and_pause,18.06667,94.5,90.0,0,1
noisy_step_and_pause_005,noisy_step_and_pause,18.08333,96.0,90.0,0,1
noisy_step_and_pause_005,noisy_step_and_pause,18.1,97.5,90.0,0,1
noisy_step_and_pause_005,noisy_step_and_pause,18.11667,99.0,90.0,0,1
noisy_step_and_pause_005,noisy_step_and_pause,18.13333,100.5,90.0,0,0
noisy_step_and_pause_005,noisy_step_and_pause,18.15,100.5,0.0,0,1
noisy_step_and_pause_005,noisy_step_and_pause,18.16667,102.0,90.0,0,1
noisy_step_and_pause_005,noisy_step_and_pause,18.18333,103.5,90.0,0,1
noisy_step_and_pause_005,noisy_step_and_pause,18.2,105.0,90.0,1,0
noisy_step_and_pause_005,noisy_step_and_pause,18.21667,103.5,-90.0,0,1
noisy_step_and_pause_005,noisy_step_and_pause,18.23333,105.0,90.0,0,1
noisy_step_and_pause_005,noisy_step_and_pause,18.25,106.5,90.0,0,1
noisy_step_and_pause_005,noisy_step_and_pause,18.26667,108.0,90.0,0,1
noisy_step_and_pause_005,noisy_step_and_pause,18.28333,109.5,90.0,0,1
noisy_step_and_pause_005,noisy_step_and_pause,18.3,111.0,90.0,0,1
noisy_step_and_pause_005,noisy_step_and_pause,18.31667,112.5,90.0,0,1
noisy_step_and_pause_005,noisy_step_and_pause,18.33333,114.0,90.0,0,1
noisy_step_and_pause_005,noisy_step_and_pause,18.35,115.5,90.0,0,1
noisy_step_and_pause_005,noisy_step_and_pause,18.36667,117.0,90.0,0,1
noisy_step_and_pause_005,noisy_step_and_pause,18.38333,118.5,90.0,0,1
noisy_step_and_pause_005,noisy_step_and_pause,18.4,120.0,90.0,0,1
noisy_step_and_pause_005,noisy_step_and_pause,18.41667,121.5,90.0,0,1
noisy_step_and_pause_005,noisy_step_and_pause,18.43333,123.0,90.0,0,1
noisy_step_and_pause_005,noisy_step_and_pause,18.45,124.5,90.0,0,1
noisy_step_and_pause_005,noisy_step_and_pause,18.46667,126.0,90.0,1,0
noisy_step_and_pause_005,noisy_step_and_pause,18.48333,124.5,-90.0,1,0
noisy_step_and_pause_005,noisy_step_and_pause,18.5,123.0,-90.0,1,0
noisy_step_and_pause_005,noisy_step_and_pause,18.51667,121.5,-90.0,1,0
noisy_step_and_pause_005,noisy_step_and_pause,18.53333,120.0,-90.0,1,0
noisy_step_and_pause_005,noisy_step_and_pause,18.55,118.5,-90.0,1,0
noisy_step_and_pause_005,noisy_step_and_pause,18.56667,117.0,-90.0,1,0
noisy_step_and_pause_005,noisy_step_and_pause,18.58333,115.5,-90.0,1,0
noisy_step_and_pause_005,noisy_step_and_pause,18.6,114.0,-90.0,1,0
noisy_step_and_pause_005,noisy_step_and_pause,18.61667,112.5,-90.0,1,0
noisy_step_and_pause_005,noisy_step_and_pause,18.63333,111.0,-90.0,1,0
noisy_step_and_pause_005,noisy_step_and_pause,18.65,109.5,-90.0,1,0
noisy_step_and_pause_005,noisy_step_and_pause,18.66667,108.0,-90.0,1,0
noisy_step_and_pause_005,noisy_step_and_pause,18.68333,106.5,-90.0,1,0
noisy_step_and_pause_005,noisy_step_and_pause,18.7,105.0,-90.0,1,0
noisy_step_and_pause_005,noisy_step_and_pause,18.71667,103.5,-90.0,1,0
noisy_step_and_pause_005,noisy_step_and_pause,18.73333,102.0,-90.0,1,0
noisy_step_and_pause_005,noisy_step_and_pause,18.75,100.5,-90.0,1,0
noisy_step_and_pause_005,noisy_step_and_pause,18.76667,99.0,-90.0,1,0
noisy_step_and_pause_005,noisy_step_and_pause,18.78333,97.5,-90.0,1,0
noisy_step_and_pause_005,noisy_step_and_pause,18.8,96.0,-90.0,1,0
noisy_step_and_pause_005,noisy_step_and_pause,18.81667,94.5,-90.0,1,0
noisy_step_and_pause_005,noisy_step_and_pause,18.83333,93.0,-90.0,1,0
noisy_step_and_pause_005,noisy_step_and_pause,18.85,91.5,-90.0,1,0
noisy_step_and_pause_005,noisy_step_and_pause,18.86667,90.0,-90.0,1,0
noisy_step_and_pause_005,noisy_step_and_pause,18.88333,88.5,-90.0,1,0
noisy_step_and_pause_005,noisy_step_and_pause,18.9,87.0,-90.0,1,0
noisy_step_and_pause_005,noisy_step_and_pause,18.91667,85.5,-90.0,1,0
noisy_step_and_pause_005,noisy_step_and_pause,18.93333,84.0,-90.0,1,0
noisy_step_and_pause_005,noisy_step_and_pause,18.95,82.5,-90.0,1,0
noisy_step_and_pause_005,noisy_step_and_pause,18.96667,81.0,-90.0,1,0
noisy_step_and_pause_005,noisy_step_and_pause,18.98333,79.5,-90.0,1,0
noisy_step_and_pause_005,noisy_step_and_pause,19.0,78.0,-90.0,1,0
noisy_step_and_pause_005,noisy_step_and_pause,19.01667,76.5,-90.0,1,0
noisy_step_and_pause_005,noisy_step_and_pause,19.03333,75.0,-90.0,1,0
noisy_step_and_pause_005,noisy_step_and_pause,19.05,73.5,-90.0,1,0
noisy_step_and_pause_005,noisy_step_and_pause,19.06667,72.0,-90.0,1,0
noisy_step_and_pause_005,noisy_step_and_pause,19.08333,70.5,-90.0,1,0
noisy_step_and_pause_005,noisy_step_and_pause,19.1,69.0,-90.0,1,0
noisy_step_and_pause_005,noisy_step_and_pause,19.11667,67.5,-90.0,1,0
noisy_step_and_pause_005,noisy_step_and_pause,19.13333,66.0,-90.0,1,0
noisy_step_and_pause_005,noisy_step_and_pause,19.15,64.5,-90.0,1,0
noisy_step_and_pause_005,noisy_step_and_pause,19.16667,63.0,-90.0,0,0
noisy_step_and_pause_005,noisy_step_and_pause,19.18333,63.0,0.0,1,0
noisy_step_and_pause_005,noisy_step_and_pause,19.2,61.5,-90.0,1,0
noisy_step_and_pause_005,noisy_step_and_pause,19.21667,60.0,-90.0,1,0
noisy_step_and_pause_005,noisy_step_and_pause,19.23333,58.5,-90.0,1,0
noisy_step_and_pause_005,noisy_step_and_pause,19.25,57.0,-90.0,1,0
noisy_step_and_pause_005,noisy_step_and_pause,19.26667,55.5,-90.0,1,0
noisy_step_and_pause_005,noisy_step_and_pause,19.28333,54.0,-90.0,1,0
noisy_step_and_pause_005,noisy_step_and_pause,19.3,52.5,-90.0,1,0
noisy_step_and_pause_005,noisy_step_and_pause,19.31667,51.0,-90.0,1,0
noisy_step_and_pause_005,noisy_step_and_pause,19.33333,49.5,-90.0,1,0
noisy_step_and_pause_005,noisy_step_and_pause,19.35,48.0,-90.0,1,0
noisy_step_and_pause_005,noisy_step_and_pause,19.36667,46.5,-90.0,1,0
noisy_step_and_pause_005,noisy_step_and_pause,19.38333,45.0,-90.0,1,0
noisy_step_and_pause_005,noisy_step_and_pause,19.4,43.5,-90.0,1,0
noisy_step_and_pause_005,noisy_step_and_pause,19.41667,42.0,-90.0,1,0
noisy_step_and_pause_005,noisy_step_and_pause,19.43333,40.5,-90.0,1,0
noisy_step_and_pause_005,noisy_step_and_pause,19.45,39.0,-90.0,1,0
noisy_step_and_pause_005,noisy_step_and_pause,19.46667,37.5,-90.0,1,0
noisy_step_and_pause_005,noisy_step_and_pause,19.48333,36.0,-90.0,1,0
noisy_step_and_pause_005,noisy_step_and_pause,19.5,34.5,-90.0,1,0
noisy_step_and_pause_005,noisy_step_and_pause,19.51667,33.0,-90.0,1,0
noisy_step_and_pause_005,noisy_step_and_pause,19.53333,31.5,-90.0,1,0
noisy_step_and_pause_005,noisy_step_and_pause,19.55,30.0,-90.0,1,0
noisy_step_and_pause_005,noisy_step_and_pause,19.56667,28.5,-90.0,1,0
noisy_step_and_pause_005,noisy_step_and_pause,19.58333,27.0,-90.0,1,0
noisy_step_and_pause_005,noisy_step_and_pause,19.6,25.5,-90.0,1,0
noisy_step_and_pause_005,noisy_step_and_pause,19.61667,24.0,-90.0,1,0
noisy_step_and_pause_005,noisy_step_and_pause,19.63333,22.5,-90.0,1,0
noisy_step_and_pause_005,noisy_step_and_pause,19.65,21.0,-90.0,1,0
noisy_step_and_pause_005,noisy_step_and_pause,19.66667,19.5,-90.0,1,0
noisy_step_and_pause_005,noisy_step_and_pause,19.68333,18.0,-90.0,1,0
noisy_step_and_pause_005,noisy_step_and_pause,19.7,16.5,-90.0,1,0
noisy_step_and_pause_005,noisy_step_and_pause,19.71667,15.0,-90.0,0,1
noisy_step_and_pause_005,noisy_step_and_pause,19.73333,16.5,90.0,1,0
noisy_step_and_pause_005,noisy_step_and_pause,19.75,15.0,-90.0,1,0
noisy_step_and_pause_005,noisy_step_and_pause,19.76667,13.5,-90.0,1,0
noisy_step_and_pause_005,noisy_step_and_pause,19.78333,12.0,-90.0,1,0
noisy_step_and_pause_005,noisy_step_and_pause,19.8,10.5,-90.0,1,0
noisy_step_and_pause_005,noisy_step_and_pause,19.81667,9.0,-90.0,1,0
noisy_step_and_pause_005,noisy_step_and_pause,19.83333,7.5,-90.0,1,0
noisy_step_and_pause_005,noisy_step_and_pause,19.85,6.0,-90.0,0,0
noisy_step_and_pause_005,noisy_step_and_pause,19.86667,6.0,0.0,1,0
noisy_step_and_pause_005,noisy_step_and_pause,19.88333,4.5,-90.0,1,0
noisy_step_and_pause_005,noisy_step_and_pause,19.9,3.0,-90.0,0,0
noisy_step_and_pause_005,noisy_step_and_pause,19.91667,3.0,0.0,1,0
noisy_step_and_pause_005,noisy_step_and_pause,19.93333,1.5,-90.0,1,0
noisy_step_and_pause_005,noisy_step_and_pause,19.95,0.0,-90.0,0,0
noisy_step_and_pause_005,noisy_step_and_pause,19.96667,0.0,0.0,0,0
noisy_step_and_pause_005,noisy_step_and_pause,19.98333,0.0,0.0,0,0
noisy_step_and_pause_005,noisy_step_and_pause,20.0,0.0,0.0,0,0
noisy_step_and_pause_005,noisy_step_and_pause,20.01667,0.0,0.0,0,0
noisy_step_and_pause_005,noisy_step_and_pause,20.03333,0.0,0.0,0,0
noisy_step_and_pause_005,noisy_step_and_pause,20.05,0.0,0.0,0,0
noisy_step_and_pause_005,noisy_step_and_pause,20.06667,0.0,0.0,0,0
noisy_step_and_pause_005,noisy_step_and_pause,20.08333,0.0,0.0,0,0
noisy_step_and_pause_005,noisy_step_and_pause,20.1,0.0,0.0,0,0
noisy_step_and_pause_005,noisy_step_and_pause,20.11667,0.0,0.0,0,0
noisy_step_and_pause_005,noisy_step_and_pause,20.13333,0.0,0.0,0,0
noisy_step_and_pause_005,noisy_step_and_pause,20.15,0.0,0.0,0,0
noisy_step_and_pause_005,noisy_step_and_pause,20.16667,0.0,0.0,0,0
noisy_step_and_pause_005,noisy_step_and_pause,20.18333,0.0,0.0,0,0
noisy_step_and_pause_005,noisy_step_and_pause,20.2,0.0,0.0,0,0
noisy_step_and_pause_005,noisy_step_and_pause,20.21667,0.0,0.0,0,0
noisy_step_and_pause_005,noisy_step_and_pause,20.23333,0.0,0.0,0,0
noisy_step_and_pause_005,noisy_step_and_pause,20.25,0.0,0.0,0,0
noisy_step_and_pause_005,noisy_step_and_pause,20.26667,0.0,0.0,0,0
noisy_step_and_pause_005,noisy_step_and_pause,20.28333,0.0,0.0,0,0
noisy_step_and_pause_005,noisy_step_and_pause,20.3,0.0,0.0,0,0
noisy_step_and_pause_005,noisy_step_and_pause,20.31667,0.0,0.0,0,0
noisy_step_and_pause_005,noisy_step_and_pause,20.33333,0.0,0.0,0,0
noisy_step_and_pause_005,noisy_step_and_pause,20.35,0.0,0.0,0,0
noisy_step_and_pause_005,noisy_step_and_pause,20.36667,0.0,0.0,0,0
noisy_step_and_pause_005,noisy_step_and_pause,20.38333,0.0,0.0,0,0
noisy_step_and_pause_005,noisy_step_and_pause,20.4,0.0,0.0,0,0
noisy_step_and_pause_005,noisy_step_and_pause,20.41667,0.0,0.0,0,0
noisy_step_and_pause_005,noisy_step_and_pause,20.43333,0.0,0.0,0,0
noisy_step_and_pause_005,noisy_step_and_pause,20.45,0.0,0.0,0,0
noisy_step_and_pause_005,noisy_step_and_pause,20.46667,0.0,0.0,0,0
noisy_step_and_pause_005,noisy_step_and_pause,20.48333,0.0,0.0,0,0
noisy_step_and_pause_005,noisy_step_and_pause,20.5,0.0,0.0,0,0
noisy_step_and_pause_005,noisy_step_and_pause,20.51667,0.0,0.0,0,0
noisy_step_and_pause_005,noisy_step_and_pause,20.53333,0.0,0.0,0,0
noisy_step_and_pause_005,noisy_step_and_pause,20.55,0.0,0.0,1,0
noisy_step_and_pause_005,noisy_step_and_pause,20.56667,0.0,0.0,0,0
noisy_step_and_pause_005,noisy_step_and_pause,20.58333,0.0,0.0,0,0
noisy_step_and_pause_005,noisy_step_and_pause,20.6,0.0,0.0,0,0
noisy_step_and_pause_005,noisy_step_and_pause,20.61667,0.0,0.0,0,0
noisy_step_and_pause_005,noisy_step_and_pause,20.63333,0.0,0.0,0,0
noisy_step_and_pause_005,noisy_step_and_pause,20.65,0.0,0.0,0,0
noisy_step_and_pause_005,noisy_step_and_pause,20.66667,0.0,0.0,0,0
noisy_step_and_pause_005,noisy_step_and_pause,20.68333,0.0,0.0,0,0
noisy_step_and_pause_005,noisy_step_and_pause,20.7,0.0,0.0,0,0
noisy_step_and_pause_005,noisy_step_and_pause,20.71667,0.0,0.0,0,0
noisy_step_and_pause_005,noisy_step_and_pause,20.73333,0.0,0.0,0,0
noisy_step_and_pause_005,noisy_step_and_pause,20.75,0.0,0.0,0,0
noisy_step_and_pause_005,noisy_step_and_pause,20.76667,0.0,0.0,0,0
noisy_step_and_pause_005,noisy_step_and_pause,20.78333,0.0,0.0,0,0
noisy_step_and_pause_005,noisy_step_and_pause,20.8,0.0,0.0,0,0
noisy_step_and_pause_005,noisy_step_and_pause,20.81667,0.0,0.0,0,0
noisy_step_and_pause_005,noisy_step_and_pause,20.83333,0.0,0.0,0,0
noisy_step_and_pause_005,noisy_step_and_pause,20.85,0.0,0.0,0,0
noisy_step_and_pause_005,noisy_step_and_pause,20.86667,0.0,0.0,0,0
noisy_step_and_pause_005,noisy_step_and_pause,20.88333,0.0,0.0,0,1
noisy_step_and_pause_005,noisy_step_and_pause,20.9,1.5,90.0,1,0
noisy_step_and_pause_005,noisy_step_and_pause,20.91667,0.0,-90.0,0,0
noisy_step_and_pause_005,noisy_step_and_pause,20.93333,0.0,0.0,0,0
noisy_step_and_pause_005,noisy_step_and_pause,20.95,0.0,0.0,0,0
noisy_step_and_pause_005,noisy_step_and_pause,20.96667,0.0,0.0,0,0
noisy_step_and_pause_005,noisy_step_and_pause,20.98333,0.0,0.0,0,0
noisy_step_and_pause_005,noisy_step_and_pause,21.0,0.0,0.0,0,0
noisy_step_and_pause_005,noisy_step_and_pause,21.01667,0.0,0.0,0,0
noisy_step_and_pause_005,noisy_step_and_pause,21.03333,0.0,0.0,0,0
noisy_step_and_pause_005,noisy_step_and_pause,21.05,0.0,0.0,0,0
noisy_step_and_pause_005,noisy_step_and_pause,21.06667,0.0,0.0,0,0
noisy_step_and_pause_005,noisy_step_and_pause,21.08333,0.0,0.0,0,0
noisy_step_and_pause_005,noisy_step_and_pause,21.1,0.0,0.0,0,0
noisy_step_and_pause_005,noisy_step_and_pause,21.11667,0.0,0.0,0,0
noisy_step_and_pause_005,noisy_step_and_pause,21.13333,0.0,0.0,0,0
noisy_step_and_pause_005,noisy_step_and_pause,21.15,0.0,0.0,0,0
noisy_step_and_pause_005,noisy_step_and_pause,21.16667,0.0,0.0,0,0
noisy_step_and_pause_005,noisy_step_and_pause,21.18333,0.0,0.0,0,0
noisy_step_and_pause_005,noisy_step_and_pause,21.2,0.0,0.0,0,0
noisy_step_and_pause_005,noisy_step_and_pause,21.21667,0.0,0.0,0,0
noisy_step_and_pause_005,noisy_step_and_pause,21.23333,0.0,0.0,0,0
noisy_step_and_pause_005,noisy_step_and_pause,21.25,0.0,0.0,0,0
noisy_step_and_pause_005,noisy_step_and_pause,21.26667,0.0,0.0,0,0
noisy_step_and_pause_005,noisy_step_and_pause,21.28333,0.0,0.0,0,0
noisy_step_and_pause_005,noisy_step_and_pause,21.3,0.0,0.0,0,0
noisy_step_and_pause_005,noisy_step_and_pause,21.31667,0.0,0.0,0,0
noisy_step_and_pause_005,noisy_step_and_pause,21.33333,0.0,0.0,0,0
noisy_step_and_pause_005,noisy_step_and_pause,21.35,0.0,0.0,0,0
noisy_step_and_pause_005,noisy_step_and_pause,21.36667,0.0,0.0,0,0
noisy_step_and_pause_005,noisy_step_and_pause,21.38333,0.0,0.0,0,0
noisy_step_and_pause_005,noisy_step_and_pause,21.4,0.0,0.0,0,0
noisy_step_and_pause_005,noisy_step_and_pause,21.41667,0.0,0.0,0,0
noisy_step_and_pause_005,noisy_step_and_pause,21.43333,0.0,0.0,0,0
noisy_step_and_pause_005,noisy_step_and_pause,21.45,0.0,0.0,0,0
noisy_step_and_pause_005,noisy_step_and_pause,21.46667,0.0,0.0,0,0
noisy_step_and_pause_005,noisy_step_and_pause,21.48333,0.0,0.0,0,0
noisy_step_and_pause_005,noisy_step_and_pause,21.5,0.0,0.0,0,0
noisy_step_and_pause_005,noisy_step_and_pause,21.51667,0.0,0.0,0,0
noisy_step_and_pause_005,noisy_step_and_pause,21.53333,0.0,0.0,0,0
noisy_step_and_pause_005,noisy_step_and_pause,21.55,0.0,0.0,0,0
noisy_step_and_pause_005,noisy_step_and_pause,21.56667,0.0,0.0,0,1
noisy_step_and_pause_005,noisy_step_and_pause,21.58333,1.5,90.0,1,0
noisy_step_and_pause_005,noisy_step_and_pause,21.6,0.0,-90.0,0,0
noisy_step_and_pause_005,noisy_step_and_pause,21.61667,0.0,0.0,0,0
noisy_step_and_pause_005,noisy_step_and_pause,21.63333,0.0,0.0,0,0
noisy_step_and_pause_005,noisy_step_and_pause,21.65,0.0,0.0,0,0
noisy_step_and_pause_005,noisy_step_and_pause,21.66667,0.0,0.0,0,0
noisy_step_and_pause_005,noisy_step_and_pause,21.68333,0.0,0.0,0,0
noisy_step_and_pause_005,noisy_step_and_pause,21.7,0.0,0.0,0,0
noisy_step_and_pause_005,noisy_step_and_pause,21.71667,0.0,0.0,0,0
noisy_step_and_pause_005,noisy_step_and_pause,21.73333,0.0,0.0,0,0
noisy_step_and_pause_005,noisy_step_and_pause,21.75,0.0,0.0,0,0
noisy_step_and_pause_005,noisy_step_and_pause,21.76667,0.0,0.0,0,0
noisy_step_and_pause_005,noisy_step_and_pause,21.78333,0.0,0.0,0,0
noisy_step_and_pause_005,noisy_step_and_pause,21.8,0.0,0.0,0,0
noisy_step_and_pause_005,noisy_step_and_pause,21.81667,0.0,0.0,0,0
noisy_step_and_pause_005,noisy_step_and_pause,21.83333,0.0,0.0,1,0
noisy_step_and_pause_005,noisy_step_and_pause,21.85,0.0,0.0,0,0
noisy_step_and_pause_005,noisy_step_and_pause,21.86667,0.0,0.0,0,0
noisy_step_and_pause_005,noisy_step_and_pause,21.88333,0.0,0.0,0,0
noisy_step_and_pause_005,noisy_step_and_pause,21.9,0.0,0.0,0,0
noisy_step_and_pause_005,noisy_step_and_pause,21.91667,0.0,0.0,1,0
noisy_step_and_pause_005,noisy_step_and_pause,21.93333,0.0,0.0,0,0
noisy_step_and_pause_005,noisy_step_and_pause,21.95,0.0,0.0,0,0
noisy_step_and_pause_005,noisy_step_and_pause,21.96667,0.0,0.0,0,0
noisy_step_and_pause_005,noisy_step_and_pause,21.98333,0.0,0.0,0,0
noisy_step_and_pause_005,noisy_step_and_pause,22.0,0.0,0.0,0,0
noisy_step_and_pause_005,noisy_step_and_pause,22.01667,0.0,0.0,0,0
noisy_step_and_pause_005,noisy_step_and_pause,22.03333,0.0,0.0,0,0
noisy_step_and_pause_005,noisy_step_and_pause,22.05,0.0,0.0,0,0
noisy_step_and_pause_005,noisy_step_and_pause,22.06667,0.0,0.0,0,0
noisy_step_and_pause_005,noisy_step_and_pause,22.08333,0.0,0.0,0,0
noisy_step_and_pause_005,noisy_step_and_pause,22.1,0.0,0.0,0,0
noisy_step_and_pause_005,noisy_step_and_pause,22.11667,0.0,0.0,0,0
noisy_step_and_pause_005,noisy_step_and_pause,22.13333,0.0,0.0,0,0
noisy_step_and_pause_005,noisy_step_and_pause,22.15,0.0,0.0,0,0
noisy_step_and_pause_005,noisy_step_and_pause,22.16667,0.0,0.0,0,0
noisy_step_and_pause_005,noisy_step_and_pause,22.18333,0.0,0.0,0,0
noisy_step_and_pause_005,noisy_step_and_pause,22.2,0.0,0.0,0,0
noisy_step_and_pause_005,noisy_step_and_pause,22.21667,0.0,0.0,0,0
noisy_step_and_pause_005,noisy_step_and_pause,22.23333,0.0,0.0,0,0
noisy_step_and_pause_005,noisy_step_and_pause,22.25,0.0,0.0,0,0
noisy_step_and_pause_005,noisy_step_and_pause,22.26667,0.0,0.0,0,0
noisy_step_and_pause_005,noisy_step_and_pause,22.28333,0.0,0.0,0,0
noisy_step_and_pause_005,noisy_step_and_pause,22.3,0.0,0.0,0,0
noisy_step_and_pause_005,noisy_step_and_pause,22.31667,0.0,0.0,0,1
noisy_step_and_pause_005,noisy_step_and_pause,22.33333,1.5,90.0,0,0
noisy_step_and_pause_005,noisy_step_and_pause,22.35,1.5,0.0,0,0
noisy_step_and_pause_005,noisy_step_and_pause,22.36667,1.5,0.0,0,0
noisy_step_and_pause_005,noisy_step_and_pause,22.38333,1.5,0.0,0,0
noisy_step_and_pause_005,noisy_step_and_pause,22.4,1.5,0.0,0,0
noisy_step_and_pause_005,noisy_step_and_pause,22.41667,1.5,0.0,0,0
noisy_step_and_pause_005,noisy_step_and_pause,22.43333,1.5,0.0,0,0
noisy_step_and_pause_005,noisy_step_and_pause,22.45,1.5,0.0,0,0
noisy_step_and_pause_005,noisy_step_and_pause,22.46667,1.5,0.0,0,0
noisy_step_and_pause_005,noisy_step_and_pause,22.48333,1.5,0.0,0,0
noisy_step_and_pause_005,noisy_step_and_pause,22.5,1.5,0.0,0,0
noisy_step_and_pause_005,noisy_step_and_pause,22.51667,1.5,0.0,0,0
noisy_step_and_pause_005,noisy_step_and_pause,22.53333,1.5,0.0,0,0
noisy_step_and_pause_005,noisy_step_and_pause,22.55,1.5,0.0,0,1
noisy_step_and_pause_005,noisy_step_and_pause,22.56667,3.0,90.0,0,1
noisy_step_and_pause_005,noisy_step_and_pause,22.58333,4.5,90.0,0,1
noisy_step_and_pause_005,noisy_step_and_pause,22.6,6.0,90.0,0,1
noisy_step_and_pause_005,noisy_step_and_pause,22.61667,7.5,90.0,0,1
noisy_step_and_pause_005,noisy_step_and_pause,22.63333,9.0,90.0,0,1
noisy_step_and_pause_005,noisy_step_and_pause,22.65,10.5,90.0,0,1
noisy_step_and_pause_005,noisy_step_and_pause,22.66667,12.0,90.0,0,1
noisy_step_and_pause_005,noisy_step_and_pause,22.68333,13.5,90.0,0,1
noisy_step_and_pause_005,noisy_step_and_pause,22.7,15.0,90.0,0,1
noisy_step_and_pause_005,noisy_step_and_pause,22.71667,16.5,90.0,0,1
noisy_step_and_pause_005,noisy_step_and_pause,22.73333,18.0,90.0,0,0
noisy_step_and_pause_005,noisy_step_and_pause,22.75,18.0,0.0,0,1
noisy_step_and_pause_005,noisy_step_and_pause,22.76667,19.5,90.0,0,1
noisy_step_and_pause_005,noisy_step_and_pause,22.78333,21.0,90.0,0,1
noisy_step_and_pause_005,noisy_step_and_pause,22.8,22.5,90.0,0,1
noisy_step_and_pause_005,noisy_step_and_pause,22.81667,24.0,90.0,0,1
noisy_step_and_pause_005,noisy_step_and_pause,22.83333,25.5,90.0,0,1
noisy_step_and_pause_005,noisy_step_and_pause,22.85,27.0,90.0,1,0
noisy_step_and_pause_005,noisy_step_and_pause,22.86667,25.5,-90.0,0,1
noisy_step_and_pause_005,noisy_step_and_pause,22.88333,27.0,90.0,0,1
noisy_step_and_pause_005,noisy_step_and_pause,22.9,28.5,90.0,0,1
noisy_step_and_pause_005,noisy_step_and_pause,22.91667,30.0,90.0,0,1
noisy_step_and_pause_005,noisy_step_and_pause,22.93333,31.5,90.0,0,1
noisy_step_and_pause_005,noisy_step_and_pause,22.95,33.0,90.0,0,0
noisy_step_and_pause_005,noisy_step_and_pause,22.96667,33.0,0.0,0,1
noisy_step_and_pause_005,noisy_step_and_pause,22.98333,34.5,90.0,0,1
noisy_step_and_pause_005,noisy_step_and_pause,23.0,36.0,90.0,0,1
noisy_step_and_pause_005,noisy_step_and_pause,23.01667,37.5,90.0,0,1
noisy_step_and_pause_005,noisy_step_and_pause,23.03333,39.0,90.0,0,1
noisy_step_and_pause_005,noisy_step_and_pause,23.05,40.5,90.0,0,1
noisy_step_and_pause_005,noisy_step_and_pause,23.06667,42.0,90.0,0,1
noisy_step_and_pause_005,noisy_step_and_pause,23.08333,43.5,90.0,0,1
noisy_step_and_pause_005,noisy_step_and_pause,23.1,45.0,90.0,0,1
noisy_step_and_pause_005,noisy_step_and_pause,23.11667,46.5,90.0,0,1
noisy_step_and_pause_005,noisy_step_and_pause,23.13333,48.0,90.0,0,1
noisy_step_and_pause_005,noisy_step_and_pause,23.15,49.5,90.0,1,0
noisy_step_and_pause_005,noisy_step_and_pause,23.16667,48.0,-90.0,0,1
noisy_step_and_pause_005,noisy_step_and_pause,23.18333,49.5,90.0,0,1
noisy_step_and_pause_005,noisy_step_and_pause,23.2,51.0,90.0,0,1
noisy_step_and_pause_005,noisy_step_and_pause,23.21667,52.5,90.0,0,1
noisy_step_and_pause_005,noisy_step_and_pause,23.23333,54.0,90.0,0,1
noisy_step_and_pause_005,noisy_step_and_pause,23.25,55.5,90.0,0,1
noisy_step_and_pause_005,noisy_step_and_pause,23.26667,57.0,90.0,0,1
noisy_step_and_pause_005,noisy_step_and_pause,23.28333,58.5,90.0,0,1
noisy_step_and_pause_005,noisy_step_and_pause,23.3,60.0,90.0,0,1
noisy_step_and_pause_005,noisy_step_and_pause,23.31667,61.5,90.0,0,1
noisy_step_and_pause_005,noisy_step_and_pause,23.33333,63.0,90.0,0,1
noisy_step_and_pause_005,noisy_step_and_pause,23.35,64.5,90.0,0,1
noisy_step_and_pause_005,noisy_step_and_pause,23.36667,66.0,90.0,0,1
noisy_step_and_pause_005,noisy_step_and_pause,23.38333,67.5,90.0,0,1
noisy_step_and_pause_005,noisy_step_and_pause,23.4,69.0,90.0,0,1
noisy_step_and_pause_005,noisy_step_and_pause,23.41667,70.5,90.0,0,1
noisy_step_and_pause_005,noisy_step_and_pause,23.43333,72.0,90.0,0,1
noisy_step_and_pause_005,noisy_step_and_pause,23.45,73.5,90.0,0,1
noisy_step_and_pause_005,noisy_step_and_pause,23.46667,75.0,90.0,0,1
noisy_step_and_pause_005,noisy_step_and_pause,23.48333,76.5,90.0,0,1
noisy_step_and_pause_005,noisy_step_and_pause,23.5,78.0,90.0,0,1
noisy_step_and_pause_005,noisy_step_and_pause,23.51667,79.5,90.0,0,1
noisy_step_and_pause_005,noisy_step_and_pause,23.53333,81.0,90.0,0,1
noisy_step_and_pause_005,noisy_step_and_pause,23.55,82.5,90.0,0,1
noisy_step_and_pause_005,noisy_step_and_pause,23.56667,84.0,90.0,0,1
noisy_step_and_pause_005,noisy_step_and_pause,23.58333,85.5,90.0,0,1
noisy_step_and_pause_005,noisy_step_and_pause,23.6,87.0,90.0,0,1
noisy_step_and_pause_005,noisy_step_and_pause,23.61667,88.5,90.0,0,1
noisy_step_and_pause_005,noisy_step_and_pause,23.63333,90.0,90.0,0,1
noisy_step_and_pause_005,noisy_step_and_pause,23.65,91.5,90.0,0,1
noisy_step_and_pause_005,noisy_step_and_pause,23.66667,93.0,90.0,0,1
noisy_step_and_pause_005,noisy_step_and_pause,23.68333,94.5,90.0,0,1
noisy_step_and_pause_005,noisy_step_and_pause,23.7,96.0,90.0,0,1
noisy_step_and_pause_005,noisy_step_and_pause,23.71667,97.5,90.0,0,1
noisy_step_and_pause_005,noisy_step_and_pause,23.73333,99.0,90.0,0,1
noisy_step_and_pause_005,noisy_step_and_pause,23.75,100.5,90.0,0,1
noisy_step_and_pause_005,noisy_step_and_pause,23.76667,102.0,90.0,0,1
noisy_step_and_pause_005,noisy_step_and_pause,23.78333,103.5,90.0,0,1
noisy_step_and_pause_005,noisy_step_and_pause,23.8,105.0,90.0,0,1
noisy_step_and_pause_005,noisy_step_and_pause,23.81667,106.5,90.0,0,1
noisy_step_and_pause_005,noisy_step_and_pause,23.83333,108.0,90.0,0,1
noisy_step_and_pause_005,noisy_step_and_pause,23.85,109.5,90.0,0,1
noisy_step_and_pause_005,noisy_step_and_pause,23.86667,111.0,90.0,0,1
noisy_step_and_pause_005,noisy_step_and_pause,23.88333,112.5,90.0,0,1
noisy_step_and_pause_005,noisy_step_and_pause,23.9,114.0,90.0,0,1
noisy_step_and_pause_005,noisy_step_and_pause,23.91667,115.5,90.0,0,1
noisy_step_and_pause_005,noisy_step_and_pause,23.93333,117.0,90.0,0,1
noisy_step_and_pause_005,noisy_step_and_pause,23.95,118.5,90.0,0,1
noisy_step_and_pause_005,noisy_step_and_pause,23.96667,120.0,90.0,1,0
noisy_step_and_pause_005,noisy_step_and_pause,23.98333,118.5,-90.0,1,0
noisy_step_and_pause_005,noisy_step_and_pause,24.0,117.0,-90.0,1,0
noisy_step_and_pause_005,noisy_step_and_pause,24.01667,115.5,-90.0,1,0
noisy_step_and_pause_005,noisy_step_and_pause,24.03333,114.0,-90.0,1,0
noisy_step_and_pause_005,noisy_step_and_pause,24.05,112.5,-90.0,1,0
noisy_step_and_pause_005,noisy_step_and_pause,24.06667,111.0,-90.0,1,0
noisy_step_and_pause_005,noisy_step_and_pause,24.08333,109.5,-90.0,1,0
noisy_step_and_pause_005,noisy_step_and_pause,24.1,108.0,-90.0,1,0
noisy_step_and_pause_005,noisy_step_and_pause,24.11667,106.5,-90.0,0,1
noisy_step_and_pause_005,noisy_step_and_pause,24.13333,108.0,90.0,1,0
noisy_step_and_pause_005,noisy_step_and_pause,24.15,106.5,-90.0,1,0
noisy_step_and_pause_005,noisy_step_and_pause,24.16667,105.0,-90.0,1,0
noisy_step_and_pause_005,noisy_step_and_pause,24.18333,103.5,-90.0,1,0
noisy_step_and_pause_005,noisy_step_and_pause,24.2,102.0,-90.0,1,0
noisy_step_and_pause_005,noisy_step_and_pause,24.21667,100.5,-90.0,1,0
noisy_step_and_pause_005,noisy_step_and_pause,24.23333,99.0,-90.0,1,0
noisy_step_and_pause_005,noisy_step_and_pause,24.25,97.5,-90.0,1,0
noisy_step_and_pause_005,noisy_step_and_pause,24.26667,96.0,-90.0,1,0
noisy_step_and_pause_005,noisy_step_and_pause,24.28333,94.5,-90.0,1,0
noisy_step_and_pause_005,noisy_step_and_pause,24.3,93.0,-90.0,1,0
noisy_step_and_pause_005,noisy_step_and_pause,24.31667,91.5,-90.0,1,0
noisy_step_and_pause_005,noisy_step_and_pause,24.33333,90.0,-90.0,1,0
noisy_step_and_pause_005,noisy_step_and_pause,24.35,88.5,-90.0,1,0
noisy_step_and_pause_005,noisy_step_and_pause,24.36667,87.0,-90.0,1,0
noisy_step_and_pause_005,noisy_step_and_pause,24.38333,85.5,-90.0,1,0
noisy_step_and_pause_005,noisy_step_and_pause,24.4,84.0,-90.0,1,0
noisy_step_and_pause_005,noisy_step_and_pause,24.41667,82.5,-90.0,1,0
noisy_step_and_pause_005,noisy_step_and_pause,24.43333,81.0,-90.0,1,0
noisy_step_and_pause_005,noisy_step_and_pause,24.45,79.5,-90.0,1,0
noisy_step_and_pause_005,noisy_step_and_pause,24.46667,78.0,-90.0,1,0
noisy_step_and_pause_005,noisy_step_and_pause,24.48333,76.5,-90.0,1,0
noisy_step_and_pause_005,noisy_step_and_pause,24.5,75.0,-90.0,1,0
noisy_step_and_pause_005,noisy_step_and_pause,24.51667,73.5,-90.0,1,0
noisy_step_and_pause_005,noisy_step_and_pause,24.53333,72.0,-90.0,1,0
noisy_step_and_pause_005,noisy_step_and_pause,24.55,70.5,-90.0,1,0
noisy_step_and_pause_005,noisy_step_and_pause,24.56667,69.0,-90.0,1,0
noisy_step_and_pause_005,noisy_step_and_pause,24.58333,67.5,-90.0,1,0
noisy_step_and_pause_005,noisy_step_and_pause,24.6,66.0,-90.0,1,0
noisy_step_and_pause_005,noisy_step_and_pause,24.61667,64.5,-90.0,1,0
noisy_step_and_pause_005,noisy_step_and_pause,24.63333,63.0,-90.0,1,0
noisy_step_and_pause_005,noisy_step_and_pause,24.65,61.5,-90.0,1,0
noisy_step_and_pause_005,noisy_step_and_pause,24.66667,60.0,-90.0,1,0
noisy_step_and_pause_005,noisy_step_and_pause,24.68333,58.5,-90.0,1,0
noisy_step_and_pause_005,noisy_step_and_pause,24.7,57.0,-90.0,1,0
noisy_step_and_pause_005,noisy_step_and_pause,24.71667,55.5,-90.0,1,0
noisy_step_and_pause_005,noisy_step_and_pause,24.73333,54.0,-90.0,1,0
noisy_step_and_pause_005,noisy_step_and_pause,24.75,52.5,-90.0,1,0
noisy_step_and_pause_005,noisy_step_and_pause,24.76667,51.0,-90.0,1,0
noisy_step_and_pause_005,noisy_step_and_pause,24.78333,49.5,-90.0,1,0
noisy_step_and_pause_005,noisy_step_and_pause,24.8,48.0,-90.0,1,0
noisy_step_and_pause_005,noisy_step_and_pause,24.81667,46.5,-90.0,1,0
noisy_step_and_pause_005,noisy_step_and_pause,24.83333,45.0,-90.0,1,0
noisy_step_and_pause_005,noisy_step_and_pause,24.85,43.5,-90.0,1,0
noisy_step_and_pause_005,noisy_step_and_pause,24.86667,42.0,-90.0,1,0
noisy_step_and_pause_005,noisy_step_and_pause,24.88333,40.5,-90.0,1,0
noisy_step_and_pause_005,noisy_step_and_pause,24.9,39.0,-90.0,1,0
noisy_step_and_pause_005,noisy_step_and_pause,24.91667,37.5,-90.0,1,0
noisy_step_and_pause_005,noisy_step_and_pause,24.93333,36.0,-90.0,1,0
noisy_step_and_pause_005,noisy_step_and_pause,24.95,34.5,-90.0,1,0
noisy_step_and_pause_005,noisy_step_and_pause,24.96667,33.0,-90.0,1,0
noisy_step_and_pause_005,noisy_step_and_pause,24.98333,31.5,-90.0,1,0
noisy_step_and_pause_005,noisy_step_and_pause,25.0,30.0,-90.0,1,0
noisy_step_and_pause_005,noisy_step_and_pause,25.01667,28.5,-90.0,1,0
noisy_step_and_pause_005,noisy_step_and_pause,25.03333,27.0,-90.0,1,0
noisy_step_and_pause_005,noisy_step_and_pause,25.05,25.5,-90.0,1,0
noisy_step_and_pause_005,noisy_step_and_pause,25.06667,24.0,-90.0,1,0
noisy_step_and_pause_005,noisy_step_and_pause,25.08333,22.5,-90.0,1,0
noisy_step_and_pause_005,noisy_step_and_pause,25.1,21.0,-90.0,1,0
noisy_step_and_pause_005,noisy_step_and_pause,25.11667,19.5,-90.0,1,0
noisy_step_and_pause_005,noisy_step_and_pause,25.13333,18.0,-90.0,1,0
noisy_step_and_pause_005,noisy_step_and_pause,25.15,16.5,-90.0,1,0
noisy_step_and_pause_005,noisy_step_and_pause,25.16667,15.0,-90.0,1,0
noisy_step_and_pause_005,noisy_step_and_pause,25.18333,13.5,-90.0,1,0
noisy_step_and_pause_005,noisy_step_and_pause,25.2,12.0,-90.0,1,0
noisy_step_and_pause_005,noisy_step_and_pause,25.21667,10.5,-90.0,1,0
noisy_step_and_pause_005,noisy_step_and_pause,25.23333,9.0,-90.0,1,0
noisy_step_and_pause_005,noisy_step_and_pause,25.25,7.5,-90.0,1,0
noisy_step_and_pause_005,noisy_step_and_pause,25.26667,6.0,-90.0,1,0
noisy_step_and_pause_005,noisy_step_and_pause,25.28333,4.5,-90.0,1,0
noisy_step_and_pause_005,noisy_step_and_pause,25.3,3.0,-90.0,1,0
noisy_step_and_pause_005,noisy_step_and_pause,25.31667,1.5,-90.0,1,0
noisy_step_and_pause_005,noisy_step_and_pause,25.33333,0.0,-90.0,0,0
noisy_step_and_pause_005,noisy_step_and_pause,25.35,0.0,0.0,0,1
noisy_step_and_pause_005,noisy_step_and_pause,25.36667,1.5,90.0,1,0
noisy_step_and_pause_005,noisy_step_and_pause,25.38333,0.0,-90.0,0,0
noisy_step_and_pause_005,noisy_step_and_pause,25.4,0.0,0.0,1,0
noisy_step_and_pause_005,noisy_step_and_pause,25.41667,0.0,0.0,0,0
noisy_step_and_pause_005,noisy_step_and_pause,25.43333,0.0,0.0,0,0
noisy_step_and_pause_005,noisy_step_and_pause,25.45,0.0,0.0,0,0
noisy_step_and_pause_005,noisy_step_and_pause,25.46667,0.0,0.0,0,0
noisy_step_and_pause_005,noisy_step_and_pause,25.48333,0.0,0.0,0,0
noisy_step_and_pause_005,noisy_step_and_pause,25.5,0.0,0.0,0,0
noisy_step_and_pause_005,noisy_step_and_pause,25.51667,0.0,0.0,0,0
noisy_step_and_pause_005,noisy_step_and_pause,25.53333,0.0,0.0,0,0
noisy_step_and_pause_005,noisy_step_and_pause,25.55,0.0,0.0,0,0
noisy_step_and_pause_005,noisy_step_and_pause,25.56667,0.0,0.0,0,0
noisy_step_and_pause_005,noisy_step_and_pause,25.58333,0.0,0.0,0,0
noisy_step_and_pause_005,noisy_step_and_pause,25.6,0.0,0.0,0,0
noisy_step_and_pause_005,noisy_step_and_pause,25.61667,0.0,0.0,0,0
noisy_step_and_pause_005,noisy_step_and_pause,25.63333,0.0,0.0,0,0
noisy_step_and_pause_005,noisy_step_and_pause,25.65,0.0,0.0,0,0
noisy_step_and_pause_005,noisy_step_and_pause,25.66667,0.0,0.0,0,0
noisy_step_and_pause_005,noisy_step_and_pause,25.68333,0.0,0.0,0,0
noisy_step_and_pause_005,noisy_step_and_pause,25.7,0.0,0.0,0,0
noisy_step_and_pause_005,noisy_step_and_pause,25.71667,0.0,0.0,0,0
noisy_step_and_pause_005,noisy_step_and_pause,25.73333,0.0,0.0,0,0
noisy_step_and_pause_005,noisy_step_and_pause,25.75,0.0,0.0,0,0
noisy_step_and_pause_005,noisy_step_and_pause,25.76667,0.0,0.0,0,0
noisy_step_and_pause_005,noisy_step_and_pause,25.78333,0.0,0.0,0,0
noisy_step_and_pause_005,noisy_step_and_pause,25.8,0.0,0.0,0,0
noisy_step_and_pause_005,noisy_step_and_pause,25.81667,0.0,0.0,0,0
noisy_step_and_pause_005,noisy_step_and_pause,25.83333,0.0,0.0,0,0
noisy_step_and_pause_005,noisy_step_and_pause,25.85,0.0,0.0,0,0
noisy_step_and_pause_005,noisy_step_and_pause,25.86667,0.0,0.0,0,0
noisy_step_and_pause_005,noisy_step_and_pause,25.88333,0.0,0.0,0,0
noisy_step_and_pause_005,noisy_step_and_pause,25.9,0.0,0.0,1,0
noisy_step_and_pause_005,noisy_step_and_pause,25.91667,0.0,0.0,1,0
noisy_step_and_pause_005,noisy_step_and_pause,25.93333,0.0,0.0,0,0
noisy_step_and_pause_005,noisy_step_and_pause,25.95,0.0,0.0,0,0
noisy_step_and_pause_005,noisy_step_and_pause,25.96667,0.0,0.0,0,0
noisy_step_and_pause_005,noisy_step_and_pause,25.98333,0.0,0.0,0,0
noisy_step_and_pause_005,noisy_step_and_pause,26.0,0.0,0.0,0,0
noisy_step_and_pause_005,noisy_step_and_pause,26.01667,0.0,0.0,0,0
noisy_step_and_pause_005,noisy_step_and_pause,26.03333,0.0,0.0,0,0
noisy_step_and_pause_005,noisy_step_and_pause,26.05,0.0,0.0,0,0
noisy_step_and_pause_005,noisy_step_and_pause,26.06667,0.0,0.0,0,0
noisy_step_and_pause_005,noisy_step_and_pause,26.08333,0.0,0.0,0,0
noisy_step_and_pause_005,noisy_step_and_pause,26.1,0.0,0.0,0,0
noisy_step_and_pause_005,noisy_step_and_pause,26.11667,0.0,0.0,0,0
noisy_step_and_pause_005,noisy_step_and_pause,26.13333,0.0,0.0,0,0
noisy_step_and_pause_005,noisy_step_and_pause,26.15,0.0,0.0,0,0
noisy_step_and_pause_005,noisy_step_and_pause,26.16667,0.0,0.0,0,0
noisy_step_and_pause_005,noisy_step_and_pause,26.18333,0.0,0.0,0,0
noisy_step_and_pause_005,noisy_step_and_pause,26.2,0.0,0.0,0,0
noisy_step_and_pause_005,noisy_step_and_pause,26.21667,0.0,0.0,0,0
noisy_step_and_pause_005,noisy_step_and_pause,26.23333,0.0,0.0,0,0
noisy_step_and_pause_005,noisy_step_and_pause,26.25,0.0,0.0,0,0
noisy_step_and_pause_005,noisy_step_and_pause,26.26667,0.0,0.0,0,0
noisy_step_and_pause_005,noisy_step_and_pause,26.28333,0.0,0.0,0,0
noisy_step_and_pause_005,noisy_step_and_pause,26.3,0.0,0.0,0,0
noisy_step_and_pause_005,noisy_step_and_pause,26.31667,0.0,0.0,0,0
noisy_step_and_pause_005,noisy_step_and_pause,26.33333,0.0,0.0,0,0
noisy_step_and_pause_005,noisy_step_and_pause,26.35,0.0,0.0,0,0
noisy_step_and_pause_005,noisy_step_and_pause,26.36667,0.0,0.0,0,0
noisy_step_and_pause_005,noisy_step_and_pause,26.38333,0.0,0.0,0,0
noisy_step_and_pause_005,noisy_step_and_pause,26.4,0.0,0.0,0,0
noisy_step_and_pause_005,noisy_step_and_pause,26.41667,0.0,0.0,0,0
noisy_step_and_pause_005,noisy_step_and_pause,26.43333,0.0,0.0,0,0
noisy_step_and_pause_005,noisy_step_and_pause,26.45,0.0,0.0,0,0
noisy_step_and_pause_005,noisy_step_and_pause,26.46667,0.0,0.0,0,0
noisy_step_and_pause_005,noisy_step_and_pause,26.48333,0.0,0.0,0,0
noisy_step_and_pause_005,noisy_step_and_pause,26.5,0.0,0.0,0,0
noisy_step_and_pause_005,noisy_step_and_pause,26.51667,0.0,0.0,0,0
noisy_step_and_pause_005,noisy_step_and_pause,26.53333,0.0,0.0,0,0
noisy_step_and_pause_005,noisy_step_and_pause,26.55,0.0,0.0,0,0
noisy_step_and_pause_005,noisy_step_and_pause,26.56667,0.0,0.0,0,0
noisy_step_and_pause_005,noisy_step_and_pause,26.58333,0.0,0.0,0,0
noisy_step_and_pause_005,noisy_step_and_pause,26.6,0.0,0.0,0,0
noisy_step_and_pause_005,noisy_step_and_pause,26.61667,0.0,0.0,0,0
noisy_step_and_pause_005,noisy_step_and_pause,26.63333,0.0,0.0,0,0
noisy_step_and_pause_005,noisy_step_and_pause,26.65,0.0,0.0,0,0
noisy_step_and_pause_005,noisy_step_and_pause,26.66667,0.0,0.0,0,1
noisy_step_and_pause_005,noisy_step_and_pause,26.68333,1.5,90.0,0,1
noisy_step_and_pause_005,noisy_step_and_pause,26.7,3.0,90.0,0,1
noisy_step_and_pause_005,noisy_step_and_pause,26.71667,4.5,90.0,0,1
