session_id,pattern,t,x,vx,input_left,input_right
noisy_step_and_pause_002,noisy_step_and_pause,0.0,175.389,0.0,0,0
noisy_step_and_pause_002,noisy_step_and_pause,0.01667,175.389,0.0,0,0
noisy_step_and_pause_002,noisy_step_and_pause,0.03333,175.389,0.0,0,0
noisy_step_and_pause_002,noisy_step_and_pause,0.05,175.389,0.0,0,1
noisy_step_and_pause_002,noisy_step_and_pause,0.06667,176.889,90.0,0,0
noisy_step_and_pause_002,noisy_step_and_pause,0.08333,176.889,0.0,0,0
noisy_step_and_pause_002,noisy_step_and_pause,0.1,176.889,0.0,0,0
noisy_step_and_pause_002,noisy_step_and_pause,0.11667,176.889,0.0,0,0
noisy_step_and_pause_002,noisy_step_and_pause,0.13333,176.889,0.0,0,0
noisy_step_and_pause_002,noisy_step_and_pause,0.15,176.889,0.0,0,0
noisy_step_and_pause_002,noisy_step_and_pause,0.16667,176.889,0.0,0,0
noisy_step_and_pause_002,noisy_step_and_pause,0.18333,176.889,0.0,0,0
noisy_step_and_pause_002,noisy_step_and_pause,0.2,176.889,0.0,0,0
noisy_step_and_pause_002,noisy_step_and_pause,0.21667,176.889,0.0,0,0
noisy_step_and_pause_002,noisy_step_and_pause,0.23333,176.889,0.0,0,0
noisy_step_and_pause_002,noisy_step_and_pause,0.25,176.889,0.0,0,0
noisy_step_and_pause_002,noisy_step_and_pause,0.26667,176.889,0.0,0,0
noisy_step_and_pause_002,noisy_step_and_pause,0.28333,176.889,0.0,0,0
noisy_step_and_pause_002,noisy_step_and_pause,0.3,176.889,0.0,0,0
noisy_step_and_pause_002,noisy_step_and_pause,0.31667,176.889,0.0,0,1
noisy_step_and_pause_002,noisy_step_and_pause,0.33333,178.389,90.0,0,0
noisy_step_and_pause_002,noisy_step_and_pause,0.35,178.389,0.0,0,0
noisy_step_and_pause_002,noisy_step_and_pause,0.36667,178.389,0.0,0,0
noisy_step_and_pause_002,noisy_step_and_pause,0.38333,178.389,0.0,0,0
noisy_step_and_pause_002,noisy_step_and_pause,0.4,178.389,0.0,0,0
noisy_step_and_pause_002,noisy_step_and_pause,0.41667,178.389,0.0,0,0
noisy_step_and_pause_002,noisy_step_and_pause,0.43333,178.389,0.0,0,0
noisy_step_and_pause_002,noisy_step_and_pause,0.45,178.389,0.0,0,0
noisy_step_and_pause_002,noisy_step_and_pause,0.46667,178.389,0.0,0,0
noisy_step_and_pause_002,noisy_step_and_pause,0.48333,178.389,0.0,1,0
noisy_step_and_pause_002,noisy_step_and_pause,0.5,176.889,-90.0,0,0
noisy_step_and_pause_002,noisy_step_and_pause,0.51667,176.889,0.0,0,0
noisy_step_and_pause_002,noisy_step_and_pause,0.53333,176.889,0.0,0,0
noisy_step_and_pause_002,noisy_step_and_pause,0.55,176.889,0.0,0,0
noisy_step_and_pause_002,noisy_step_and_pause,0.56667,176.889,0.0,0,0
noisy_step_and_pause_002,noisy_step_and_pause,0.58333,176.889,0.0,0,0
noisy_step_and_pause_002,noisy_step_and_pause,0.6,176.889,0.0,0,0
noisy_step_and_pause_002,noisy_step_and_pause,0.61667,176.889,0.0,0,0
noisy_step_and_pause_002,noisy_step_and_pause,0.63333,176.889,0.0,0,0
noisy_step_and_pause_002,noisy_step_and_pause,0.65,176.889,0.0,0,0
noisy_step_and_pause_002,noisy_step_and_pause,0.66667,176.889,0.0,0,0
noisy_step_and_pause_002,noisy_step_and_pause,0.68333,176.889,0.0,0,0
noisy_step_and_pause_002,noisy_step_and_pause,0.7,176.889,0.0,0,0
noisy_step_and_pause_002,noisy_step_and_pause,0.71667,176.889,0.0,0,0
noisy_step_and_pause_002,noisy_step_and_pause,0.73333,176.889,0.0,0,0
noisy_step_and_pause_002,noisy_step_and_pause,0.75,176.889,0.0,0,0
noisy_step_and_pause_002,noisy_step_and_pause,0.76667,176.889,0.0,0,0
noisy_step_and_pause_002,noisy_step_and_pause,0.78333,176.889,0.0,0,0
noisy_step_and_pause_002,noisy_step_and_pause,0.8,176.889,0.0,0,0
noisy_step_and_pause_002,noisy_step_and_pause,0.81667,176.889,0.0,0,0
noisy_step_and_pause_002,noisy_step_and_pause,0.83333,176.889,0.0,0,0
noisy_step_and_pause_002,noisy_step_and_pause,0.85,176.889,0.0,0,0
noisy_step_and_pause_002,noisy_step_and_pause,0.86667,176.889,0.0,0,0
noisy_step_and_pause_002,noisy_step_and_pause,0.88333,176.889,0.0,0,0
noisy_step_and_pause_002,noisy_step_and_pause,0.9,176.889,0.0,0,0
noisy_step_and_pause_002,noisy_step_and_pause,0.91667,176.889,0.0,0,0
noisy_step_and_pause_002,noisy_step_and_pause,0.93333,176.889,0.0,0,0
noisy_step_and_pause_002,noisy_step_and_pause,0.95,176.889,0.0,0,0
noisy_step_and_pause_002,noisy_step_and_pause,0.96667,176.889,0.0,0,0
noisy_step_and_pause_002,noisy_step_and_pause,0.98333,176.889,0.0,0,0
noisy_step_and_pause_002,noisy_step_and_pause,1.0,176.889,0.0,0,0
noisy_step_and_pause_002,noisy_step_and_pause,1.01667,176.889,0.0,0,0
noisy_step_and_pause_002,noisy_step_and_pause,1.03333,176.889,0.0,0,0
noisy_step_and_pause_002,noisy_step_and_pause,1.05,176.889,0.0,0,0
noisy_step_and_pause_002,noisy_step_and_pause,1.06667,176.889,0.0,0,0
noisy_step_and_pause_002,noisy_step_and_pause,1.08333,176.889,0.0,1,0
noisy_step_and_pause_002,noisy_step_and_pause,1.1,175.389,-90.0,0,1
noisy_step_and_pause_002,noisy_step_and_pause,1.11667,176.889,90.0,0,0
noisy_step_and_pause_002,noisy_step_and_pause,1.13333,176.889,0.0,0,0
noisy_step_and_pause_002,noisy_step_and_pause,1.15,176.889,0.0,0,0
noisy_step_and_pause_002,noisy_step_and_pause,1.16667,176.889,0.0,0,0
noisy_step_and_pause_002,noisy_step_and_pause,1.18333,176.889,0.0,0,0
noisy_step_and_pause_002,noisy_step_and_pause,1.2,176.889,0.0,0,0
noisy_step_and_pause_002,noisy_step_and_pause,1.21667,176.889,0.0,0,0
noisy_step_and_pause_002,noisy_step_and_pause,1.23333,176.889,0.0,0,0
noisy_step_and_pause_002,noisy_step_and_pause,1.25,176.889,0.0,0,0
noisy_step_and_pause_002,noisy_step_and_pause,1.26667,176.889,0.0,1,0
noisy_step_and_pause_002,noisy_step_and_pause,1.28333,175.389,-90.0,1,0
noisy_step_and_pause_002,noisy_step_and_pause,1.3,173.889,-90.0,0,1
noisy_step_and_pause_002,noisy_step_and_pause,1.31667,175.389,90.0,1,0
noisy_step_and_pause_002,noisy_step_and_pause,1.33333,173.889,-90.0,1,0
noisy_step_and_pause_002,noisy_step_and_pause,1.35,172.389,-90.0,1,0
noisy_step_and_pause_002,noisy_step_and_pause,1.36667,170.889,-90.0,1,0
noisy_step_and_pause_002,noisy_step_and_pause,1.38333,169.389,-90.0,1,0
noisy_step_and_pause_002,noisy_step_and_pause,1.4,167.889,-90.0,1,0
noisy_step_and_pause_002,noisy_step_and_pause,1.41667,166.389,-90.0,1,0
noisy_step_and_pause_002,noisy_step_and_pause,1.43333,164.889,-90.0,1,0
noisy_step_and_pause_002,noisy_step_and_pause,1.45,163.389,-90.0,1,0
noisy_step_and_pause_002,noisy_step_and_pause,1.46667,161.889,-90.0,1,0
noisy_step_and_pause_002,noisy_step_and_pause,1.48333,160.389,-90.0,1,0
noisy_step_and_pause_002,noisy_step_and_pause,1.5,158.889,-90.0,1,0
noisy_step_and_pause_002,noisy_step_and_pause,1.51667,157.389,-90.0,1,0
noisy_step_and_pause_002,noisy_step_and_pause,1.53333,155.889,-90.0,1,0
noisy_step_and_pause_002,noisy_step_and_pause,1.55,154.389,-90.0,1,0
noisy_step_and_pause_002,noisy_step_and_pause,1.56667,152.889,-90.0,1,0
noisy_step_and_pause_002,noisy_step_and_pause,1.58333,151.389,-90.0,1,0
noisy_step_and_pause_002,noisy_step_and_pause,1.6,149.889,-90.0,1,0
noisy_step_and_pause_002,noisy_step_and_pause,1.61667,148.389,-90.0,1,0
noisy_step_and_pause_002,noisy_step_and_pause,1.63333,146.889,-90.0,1,0
noisy_step_and_pause_002,noisy_step_and_pause,1.65,145.389,-90.0,1,0
noisy_step_and_pause_002,noisy_step_and_pause,1.66667,143.889,-90.0,1,0
noisy_step_and_pause_002,noisy_step_and_pause,1.68333,142.389,-90.0,1,0
noisy_step_and_pause_002,noisy_step_and_pause,1.7,140.889,-90.0,1,0
noisy_step_and_pause_002,noisy_step_and_pause,1.71667,139.389,-90.0,1,0
noisy_step_and_pause_002,noisy_step_and_pause,1.73333,137.889,-90.0,1,0
noisy_step_and_pause_002,noisy_step_and_pause,1.75,136.389,-90.0,1,0
noisy_step_and_pause_002,noisy_step_and_pause,1.76667,134.889,-90.0,1,0
noisy_step_and_pause_002,noisy_step_and_pause,1.78333,133.389,-90.0,1,0
noisy_step_and_pause_002,noisy_step_and_pause,1.8,131.889,-90.0,1,0
noisy_step_and_pause_002,noisy_step_and_pause,1.81667,130.389,-90.0,1,0
noisy_step_and_pause_002,noisy_step_and_pause,1.83333,128.889,-90.0,1,0
noisy_step_and_pause_002,noisy_step_and_pause,1.85,127.389,-90.0,1,0
noisy_step_and_pause_002,noisy_step_and_pause,1.86667,125.889,-90.0,1,0
noisy_step_and_pause_002,noisy_step_and_pause,1.88333,124.389,-90.0,1,0
noisy_step_and_pause_002,noisy_step_and_pause,1.9,122.889,-90.0,1,0
noisy_step_and_pause_002,noisy_step_and_pause,1.91667,121.389,-90.0,1,0
noisy_step_and_pause_002,noisy_step_and_pause,1.93333,119.889,-90.0,1,0
noisy_step_and_pause_002,noisy_step_and_pause,1.95,118.389,-90.0,1,0
noisy_step_and_pause_002,noisy_step_and_pause,1.96667,116.889,-90.0,1,0
noisy_step_and_pause_002,noisy_step_and_pause,1.98333,115.389,-90.0,1,0
noisy_step_and_pause_002,noisy_step_and_pause,2.0,113.889,-90.0,1,0
noisy_step_and_pause_002,noisy_step_and_pause,2.01667,112.389,-90.0,1,0
noisy_step_and_pause_002,noisy_step_and_pause,2.03333,110.889,-90.0,1,0
noisy_step_and_pause_002,noisy_step_and_pause,2.05,109.389,-90.0,1,0
noisy_step_and_pause_002,noisy_step_and_pause,2.06667,107.889,-90.0,1,0
noisy_step_and_pause_002,noisy_step_and_pause,2.08333,106.389,-90.0,1,0
noisy_step_and_pause_002,noisy_step_and_pause,2.1,104.889,-90.0,1,0
noisy_step_and_pause_002,noisy_step_and_pause,2.11667,103.389,-90.0,1,0
noisy_step_and_pause_002,noisy_step_and_pause,2.13333,101.889,-90.0,1,0
noisy_step_and_pause_002,noisy_step_and_pause,2.15,100.389,-90.0,1,0
noisy_step_and_pause_002,noisy_step_and_pause,2.16667,98.889,-90.0,1,0
noisy_step_and_pause_002,noisy_step_and_pause,2.18333,97.389,-90.0,0,1
noisy_step_and_pause_002,noisy_step_and_pause,2.2,98.889,90.0,0,0
noisy_step_and_pause_002,noisy_step_and_pause,2.21667,98.889,0.0,1,0
noisy_step_and_pause_002,noisy_step_and_pause,2.23333,97.389,-90.0,1,0
noisy_step_and_pause_002,noisy_step_and_pause,2.25,95.889,-90.0,1,0
noisy_step_and_pause_002,noisy_step_and_pause,2.26667,94.389,-90.0,1,0
noisy_step_and_pause_002,noisy_step_and_pause,2.28333,92.889,-90.0,1,0
noisy_step_and_pause_002,noisy_step_and_pause,2.3,91.389,-90.0,1,0
noisy_step_and_pause_002,noisy_step_and_pause,2.31667,89.889,-90.0,1,0
noisy_step_and_pause_002,noisy_step_and_pause,2.33333,88.389,-90.0,0,0
noisy_step_and_pause_002,noisy_step_and_pause,2.35,88.389,0.0,1,0
noisy_step_and_pause_002,noisy_step_and_pause,2.36667,86.889,-90.0,1,0
noisy_step_and_pause_002,noisy_step_and_pause,2.38333,85.389,-90.0,1,0
noisy_step_and_pause_002,noisy_step_and_pause,2.4,83.889,-90.0,1,0
noisy_step_and_pause_002,noisy_step_and_pause,2.41667,82.389,-90.0,1,0
noisy_step_and_pause_002,noisy_step_and_pause,2.43333,80.889,-90.0,1,0
noisy_step_and_pause_002,noisy_step_and_pause,2.45,79.389,-90.0,1,0
noisy_step_and_pause_002,noisy_step_and_pause,2.46667,77.889,-90.0,0,1
noisy_step_and_pause_002,noisy_step_and_pause,2.48333,79.389,90.0,0,1
noisy_step_and_pause_002,noisy_step_and_pause,2.5,80.889,90.0,0,1
noisy_step_and_pause_002,noisy_step_and_pause,2.51667,82.389,90.0,0,1
noisy_step_and_pause_002,noisy_step_and_pause,2.53333,83.889,90.0,0,1
noisy_step_and_pause_002,noisy_step_and_pause,2.55,85.389,90.0,0,1
noisy_step_and_pause_002,noisy_step_and_pause,2.56667,86.889,90.0,0,1
noisy_step_and_pause_002,noisy_step_and_pause,2.58333,88.389,90.0,0,1
noisy_step_and_pause_002,noisy_step_and_pause,2.6,89.889,90.0,0,1
noisy_step_and_pause_002,noisy_step_and_pause,2.61667,91.389,90.0,0,1
noisy_step_and_pause_002,noisy_step_and_pause,2.63333,92.889,90.0,0,1
noisy_step_and_pause_002,noisy_step_and_pause,2.65,94.389,90.0,0,1
noisy_step_and_pause_002,noisy_step_and_pause,2.66667,95.889,90.0,0,1
noisy_step_and_pause_002,noisy_step_and_pause,2.68333,97.389,90.0,0,1
noisy_step_and_pause_002,noisy_step_and_pause,2.7,98.889,90.0,0,1
noisy_step_and_pause_002,noisy_step_and_pause,2.71667,100.389,90.0,0,1
noisy_step_and_pause_002,noisy_step_and_pause,2.73333,101.889,90.0,0,1
noisy_step_and_pause_002,noisy_step_and_pause,2.75,103.389,90.0,0,1
noisy_step_and_pause_002,noisy_step_and_pause,2.76667,104.889,90.0,0,1
noisy_step_and_pause_002,noisy_step_and_pause,2.78333,106.389,90.0,0,1
noisy_step_and_pause_002,noisy_step_and_pause,2.8,107.889,90.0,0,1
noisy_step_and_pause_002,noisy_step_and_pause,2.81667,109.389,90.0,0,1
noisy_step_and_pause_002,noisy_step_and_pause,2.83333,110.889,90.0,0,1
noisy_step_and_pause_002,noisy_step_and_pause,2.85,112.389,90.0,0,1
noisy_step_and_pause_002,noisy_step_and_pause,2.86667,113.889,90.0,0,1
noisy_step_and_pause_002,noisy_step_and_pause,2.88333,115.389,90.0,0,1
noisy_step_and_pause_002,noisy_step_and_pause,2.9,116.889,90.0,0,1
noisy_step_and_pause_002,noisy_step_and_pause,2.91667,118.389,90.0,0,1
noisy_step_and_pause_002,noisy_step_and_pause,2.93333,119.889,90.0,0,1
noisy_step_and_pause_002,noisy_step_and_pause,2.95,121.389,90.0,0,1
noisy_step_and_pause_002,noisy_step_and_pause,2.96667,122.889,90.0,0,1
noisy_step_and_pause_002,noisy_step_and_pause,2.98333,124.389,90.0,0,1
noisy_step_and_pause_002,noisy_step_and_pause,3.0,125.889,90.0,0,1
noisy_step_and_pause_002,noisy_step_and_pause,3.01667,127.389,90.0,0,1
noisy_step_and_pause_002,noisy_step_and_pause,3.03333,128.889,90.0,0,1
noisy_step_and_pause_002,noisy_step_and_pause,3.05,130.389,90.0,0,1
noisy_step_and_pause_002,noisy_step_and_pause,3.06667,131.889,90.0,0,1
noisy_step_and_pause_002,noisy_step_and_pause,3.08333,133.389,90.0,0,1
noisy_step_and_pause_002,noisy_step_and_pause,3.1,134.889,90.0,0,1
noisy_step_and_pause_002,noisy_step_and_pause,3.11667,136.389,90.0,0,1
noisy_step_and_pause_002,noisy_step_and_pause,3.13333,137.889,90.0,0,0
noisy_step_and_pause_002,noisy_step_and_pause,3.15,137.889,0.0,0,1
noisy_step_and_pause_002,noisy_step_and_pause,3.16667,139.389,90.0,0,1
noisy_step_and_pause_002,noisy_step_and_pause,3.18333,140.889,90.0,0,1
noisy_step_and_pause_002,noisy_step_and_pause,3.2,142.389,90.0,0,1
noisy_step_and_pause_002,noisy_step_and_pause,3.21667,143.889,90.0,0,1
noisy_step_and_pause_002,noisy_step_and_pause,3.23333,145.389,90.0,0,1
noisy_step_and_pause_002,noisy_step_and_pause,3.25,146.889,90.0,0,1
noisy_step_and_pause_002,noisy_step_and_pause,3.26667,148.389,90.0,0,1
noisy_step_and_pause_002,noisy_step_and_pause,3.28333,149.889,90.0,0,1
noisy_step_and_pause_002,noisy_step_and_pause,3.3,151.389,90.0,0,1
noisy_step_and_pause_002,noisy_step_and_pause,3.31667,152.889,90.0,0,1
noisy_step_and_pause_002,noisy_step_and_pause,3.33333,154.389,90.0,0,1
noisy_step_and_pause_002,noisy_step_and_pause,3.35,155.889,90.0,0,1
noisy_step_and_pause_002,noisy_step_and_pause,3.36667,157.389,90.0,0,1
noisy_step_and_pause_002,noisy_step_and_pause,3.38333,158.889,90.0,0,1
noisy_step_and_pause_002,noisy_step_and_pause,3.4,160.389,90.0,0,1
noisy_step_and_pause_002,noisy_step_and_pause,3.41667,161.889,90.0,0,1
noisy_step_and_pause_002,noisy_step_and_pause,3.43333,163.389,90.0,0,1
noisy_step_and_pause_002,noisy_step_and_pause,3.45,164.889,90.0,0,1
noisy_step_and_pause_002,noisy_step_and_pause,3.46667,166.389,90.0,0,1
noisy_step_and_pause_002,noisy_step_and_pause,3.48333,167.889,90.0,0,1
noisy_step_and_pause_002,noisy_step_and_pause,3.5,169.389,90.0,0,1
noisy_step_and_pause_002,noisy_step_and_pause,3.51667,170.889,90.0,0,1
noisy_step_and_pause_002,noisy_step_and_pause,3.53333,172.389,90.0,0,1
noisy_step_and_pause_002,noisy_step_and_pause,3.55,173.889,90.0,0,1
noisy_step_and_pause_002,noisy_step_and_pause,3.56667,175.389,90.0,0,1
noisy_step_and_pause_002,noisy_step_and_pause,3.58333,176.889,90.0,0,1
noisy_step_and_pause_002,noisy_step_and_pause,3.6,178.389,90.0,0,1
noisy_step_and_pause_002,noisy_step_and_pause,3.61667,179.889,90.0,0,1
noisy_step_and_pause_002,noisy_step_and_pause,3.63333,181.389,90.0,0,1
noisy_step_and_pause_002,noisy_step_and_pause,3.65,182.889,90.0,0,1
noisy_step_and_pause_002,noisy_step_and_pause,3.66667,184.389,90.0,0,1
noisy_step_and_pause_002,noisy_step_and_pause,3.68333,185.889,90.0,0,1
noisy_step_and_pause_002,noisy_step_and_pause,3.7,187.389,90.0,0,1
noisy_step_and_pause_002,noisy_step_and_pause,3.71667,188.889,90.0,0,1
noisy_step_and_pause_002,noisy_step_and_pause,3.73333,190.389,90.0,0,1
noisy_step_and_pause_002,noisy_step_and_pause,3.75,191.889,90.0,0,1
noisy_step_and_pause_002,noisy_step_and_pause,3.76667,193.389,90.0,0,1
noisy_step_and_pause_002,noisy_step_and_pause,3.78333,194.889,90.0,0,1
noisy_step_and_pause_002,noisy_step_and_pause,3.8,196.389,90.0,1,0
noisy_step_and_pause_002,noisy_step_and_pause,3.81667,194.889,-90.0,1,0
noisy_step_and_pause_002,noisy_step_and_pause,3.83333,193.389,-90.0,1,0
noisy_step_and_pause_002,noisy_step_and_pause,3.85,191.889,-90.0,1,0
noisy_step_and_pause_002,noisy_step_and_pause,3.86667,190.389,-90.0,1,0
noisy_step_and_pause_002,noisy_step_and_pause,3.88333,188.889,-90.0,1,0
noisy_step_and_pause_002,noisy_step_and_pause,3.9,187.389,-90.0,1,0
noisy_step_and_pause_002,noisy_step_and_pause,3.91667,185.889,-90.0,1,0
noisy_step_and_pause_002,noisy_step_and_pause,3.93333,184.389,-90.0,1,0
noisy_step_and_pause_002,noisy_step_and_pause,3.95,182.889,-90.0,1,0
noisy_step_and_pause_002,noisy_step_and_pause,3.96667,181.389,-90.0,1,0
noisy_step_and_pause_002,noisy_step_and_pause,3.98333,179.889,-90.0,1,0
noisy_step_and_pause_002,noisy_step_and_pause,4.0,178.389,-90.0,1,0
noisy_step_and_pause_002,noisy_step_and_pause,4.01667,176.889,-90.0,0,0
noisy_step_and_pause_002,noisy_step_and_pause,4.03333,176.889,0.0,1,0
noisy_step_and_pause_002,noisy_step_and_pause,4.05,175.389,-90.0,1,0
noisy_step_and_pause_002,noisy_step_and_pause,4.06667,173.889,-90.0,1,0
noisy_step_and_pause_002,noisy_step_and_pause,4.08333,172.389,-90.0,1,0
noisy_step_and_pause_002,noisy_step_and_pause,4.1,170.889,-90.0,1,0
noisy_step_and_pause_002,noisy_step_and_pause,4.11667,169.389,-90.0,1,0
noisy_step_and_pause_002,noisy_step_and_pause,4.13333,167.889,-90.0,1,0
noisy_step_and_pause_002,noisy_step_and_pause,4.15,166.389,-90.0,1,0
noisy_step_and_pause_002,noisy_step_and_pause,4.16667,164.889,-90.0,1,0
noisy_step_and_pause_002,noisy_step_and_pause,4.18333,163.389,-90.0,1,0
noisy_step_and_pause_002,noisy_step_and_pause,4.2,161.889,-90.0,1,0
noisy_step_and_pause_002,noisy_step_and_pause,4.21667,160.389,-90.0,1,0
noisy_step_and_pause_002,noisy_step_and_pause,4.23333,158.889,-90.0,1,0
noisy_step_and_pause_002,noisy_step_and_pause,4.25,157.389,-90.0,1,0
noisy_step_and_pause_002,noisy_step_and_pause,4.26667,155.889,-90.0,1,0
noisy_step_and_pause_002,noisy_step_and_pause,4.28333,154.389,-90.0,1,0
noisy_step_and_pause_002,noisy_step_and_pause,4.3,152.889,-90.0,1,0
noisy_step_and_pause_002,noisy_step_and_pause,4.31667,151.389,-90.0,0,1
noisy_step_and_pause_002,noisy_step_and_pause,4.33333,152.889,90.0,0,1
noisy_step_and_pause_002,noisy_step_and_pause,4.35,154.389,90.0,1,0
noisy_step_and_pause_002,noisy_step_and_pause,4.36667,152.889,-90.0,0,1
noisy_step_and_pause_002,noisy_step_and_pause,4.38333,154.389,90.0,0,1
noisy_step_and_pause_002,noisy_step_and_pause,4.4,155.889,90.0,0,1
noisy_step_and_pause_002,noisy_step_and_pause,4.41667,157.389,90.0,0,1
noisy_step_and_pause_002,noisy_step_and_pause,4.43333,158.889,90.0,0,1
noisy_step_and_pause_002,noisy_step_and_pause,4.45,160.389,90.0,0,1
noisy_step_and_pause_002,noisy_step_and_pause,4.46667,161.889,90.0,0,1
noisy_step_and_pause_002,noisy_step_and_pause,4.48333,163.389,90.0,0,1
noisy_step_and_pause_002,noisy_step_and_pause,4.5,164.889,90.0,0,1
noisy_step_and_pause_002,noisy_step_and_pause,4.51667,166.389,90.0,0,1
noisy_step_and_pause_002,noisy_step_and_pause,4.53333,167.889,90.0,0,1
noisy_step_and_pause_002,noisy_step_and_pause,4.55,169.389,90.0,0,1
noisy_step_and_pause_002,noisy_step_and_pause,4.56667,170.889,90.0,0,1
noisy_step_and_pause_002,noisy_step_and_pause,4.58333,172.389,90.0,0,1
noisy_step_and_pause_002,noisy_step_and_pause,4.6,173.889,90.0,0,1
noisy_step_and_pause_002,noisy_step_and_pause,4.61667,175.389,90.0,0,0
noisy_step_and_pause_002,noisy_step_and_pause,4.63333,175.389,0.0,0,1
noisy_step_and_pause_002,noisy_step_and_pause,4.65,176.889,90.0,0,1
noisy_step_and_pause_002,noisy_step_and_pause,4.66667,178.389,90.0,0,1
noisy_step_and_pause_002,noisy_step_and_pause,4.68333,179.889,90.0,0,1
noisy_step_and_pause_002,noisy_step_and_pause,4.7,181.389,90.0,0,1
noisy_step_and_pause_002,noisy_step_and_pause,4.71667,182.889,90.0,0,1
noisy_step_and_pause_002,noisy_step_and_pause,4.73333,184.389,90.0,0,1
noisy_step_and_pause_002,noisy_step_and_pause,4.75,185.889,90.0,0,1
noisy_step_and_pause_002,noisy_step_and_pause,4.76667,187.389,90.0,0,1
noisy_step_and_pause_002,noisy_step_and_pause,4.78333,188.889,90.0,0,1
noisy_step_and_pause_002,noisy_step_and_pause,4.8,190.389,90.0,0,1
noisy_step_and_pause_002,noisy_step_and_pause,4.81667,191.889,90.0,0,1
noisy_step_and_pause_002,noisy_step_and_pause,4.83333,193.389,90.0,0,1
noisy_step_and_pause_002,noisy_step_and_pause,4.85,194.889,90.0,0,1
noisy_step_and_pause_002,noisy_step_and_pause,4.86667,196.389,90.0,0,1
noisy_step_and_pause_002,noisy_step_and_pause,4.88333,197.889,90.0,0,1
noisy_step_and_pause_002,noisy_step_and_pause,4.9,199.389,90.0,0,1
noisy_step_and_pause_002,noisy_step_and_pause,4.91667,200.889,90.0,0,1
noisy_step_and_pause_002,noisy_step_and_pause,4.93333,202.389,90.0,0,1
noisy_step_and_pause_002,noisy_step_and_pause,4.95,203.889,90.0,0,0
noisy_step_and_pause_002,noisy_step_and_pause,4.96667,203.889,0.0,0,0
noisy_step_and_pause_002,noisy_step_and_pause,4.98333,203.889,0.0,0,0
noisy_step_and_pause_002,noisy_step_and_pause,5.0,203.889,0.0,0,0
noisy_step_and_pause_002,noisy_step_and_pause,5.01667,203.889,0.0,0,0
noisy_step_and_pause_002,noisy_step_and_pause,5.03333,203.889,0.0,0,0
noisy_step_and_pause_002,noisy_step_and_pause,5.05,203.889,0.0,0,0
noisy_step_and_pause_002,noisy_step_and_pause,5.06667,203.889,0.0,0,0
noisy_step_and_pause_002,noisy_step_and_pause,5.08333,203.889,0.0,0,0
noisy_step_and_pause_002,noisy_step_and_pause,5.1,203.889,0.0,0,0
noisy_step_and_pause_002,noisy_step_and_pause,5.11667,203.889,0.0,1,0
noisy_step_and_pause_002,noisy_step_and_pause,5.13333,202.389,-90.0,0,1
noisy_step_and_pause_002,noisy_step_and_pause,5.15,203.889,90.0,0,0
noisy_step_and_pause_002,noisy_step_and_pause,5.16667,203.889,0.0,0,0
noisy_step_and_pause_002,noisy_step_and_pause,5.18333,203.889,0.0,0,0
noisy_step_and_pause_002,noisy_step_and_pause,5.2,203.889,0.0,0,0
noisy_step_and_pause_002,noisy_step_and_pause,5.21667,203.889,0.0,0,0
noisy_step_and_pause_002,noisy_step_and_pause,5.23333,203.889,0.0,0,0
noisy_step_and_pause_002,noisy_step_and_pause,5.25,203.889,0.0,0,0
noisy_step_and_pause_002,noisy_step_and_pause,5.26667,203.889,0.0,0,0
noisy_step_and_pause_002,noisy_step_and_pause,5.28333,203.889,0.0,0,0
noisy_step_and_pause_002,noisy_step_and_pause,5.3,203.889,0.0,0,0
noisy_step_and_pause_002,noisy_step_and_pause,5.31667,203.889,0.0,0,0
noisy_step_and_pause_002,noisy_step_and_pause,5.33333,203.889,0.0,0,0
noisy_step_and_pause_002,noisy_step_and_pause,5.35,203.889,0.0,0,0
noisy_step_and_pause_002,noisy_step_and_pause,5.36667,203.889,0.0,0,0
noisy_step_and_pause_002,noisy_step_and_pause,5.38333,203.889,0.0,0,0
noisy_step_and_pause_002,noisy_step_and_pause,5.4,203.889,0.0,0,0
noisy_step_and_pause_002,noisy_step_and_pause,5.41667,203.889,0.0,0,0
noisy_step_and_pause_002,noisy_step_and_pause,5.43333,203.889,0.0,0,0
noisy_step_and_pause_002,noisy_step_and_pause,5.45,203.889,0.0,0,0
noisy_step_and_pause_002,noisy_step_and_pause,5.46667,203.889,0.0,0,0
noisy_step_and_pause_002,noisy_step_and_pause,5.48333,203.889,0.0,0,0
noisy_step_and_pause_002,noisy_step_and_pause,5.5,203.889,0.0,0,0
noisy_step_and_pause_002,noisy_step_and_pause,5.51667,203.889,0.0,0,0
noisy_step_and_pause_002,noisy_step_and_pause,5.53333,203.889,0.0,0,0
noisy_step_and_pause_002,noisy_step_and_pause,5.55,203.889,0.0,0,0
noisy_step_and_pause_002,noisy_step_and_pause,5.56667,203.889,0.0,0,0
noisy_step_and_pause_002,noisy_step_and_pause,5.58333,203.889,0.0,0,0
noisy_step_and_pause_002,noisy_step_and_pause,5.6,203.889,0.0,0,0
noisy_step_and_pause_002,noisy_step_and_pause,5.61667,203.889,0.0,1,0
noisy_step_and_pause_002,noisy_step_and_pause,5.63333,202.389,-90.0,1,0
noisy_step_and_pause_002,noisy_step_and_pause,5.65,200.889,-90.0,1,0
noisy_step_and_pause_002,noisy_step_and_pause,5.66667,199.389,-90.0,1,0
noisy_step_and_pause_002,noisy_step_and_pause,5.68333,197.889,-90.0,1,0
noisy_step_and_pause_002,noisy_step_and_pause,5.7,196.389,-90.0,1,0
noisy_step_and_pause_002,noisy_step_and_pause,5.71667,194.889,-90.0,1,0
noisy_step_and_pause_002,noisy_step_and_pause,5.73333,193.389,-90.0,1,0
noisy_step_and_pause_002,noisy_step_and_pause,5.75,191.889,-90.0,1,0
noisy_step_and_pause_002,noisy_step_and_pause,5.76667,190.389,-90.0,0,1
noisy_step_and_pause_002,noisy_step_and_pause,5.78333,191.889,90.0,1,0
noisy_step_and_pause_002,noisy_step_and_pause,5.8,190.389,-90.0,1,0
noisy_step_and_pause_002,noisy_step_and_pause,5.81667,188.889,-90.0,1,0
noisy_step_and_pause_002,noisy_step_and_pause,5.83333,187.389,-90.0,1,0
noisy_step_and_pause_002,noisy_step_and_pause,5.85,185.889,-90.0,1,0
noisy_step_and_pause_002,noisy_step_and_pause,5.86667,184.389,-90.0,1,0
noisy_step_and_pause_002,noisy_step_and_pause,5.88333,182.889,-90.0,1,0
noisy_step_and_pause_002,noisy_step_and_pause,5.9,181.389,-90.0,1,0
noisy_step_and_pause_002,noisy_step_and_pause,5.91667,179.889,-90.0,1,0
noisy_step_and_pause_002,noisy_step_and_pause,5.93333,178.389,-90.0,1,0
noisy_step_and_pause_002,noisy_step_and_pause,5.95,176.889,-90.0,1,0
noisy_step_and_pause_002,noisy_step_and_pause,5.96667,175.389,-90.0,1,0
noisy_step_and_pause_002,noisy_step_and_pause,5.98333,173.889,-90.0,1,0
noisy_step_and_pause_002,noisy_step_and_pause,6.0,172.389,-90.0,1,0
noisy_step_and_pause_002,noisy_step_and_pause,6.01667,170.889,-90.0,1,0
noisy_step_and_pause_002,noisy_step_and_pause,6.03333,169.389,-90.0,1,0
noisy_step_and_pause_002,noisy_step_and_pause,6.05,167.889,-90.0,1,0
noisy_step_and_pause_002,noisy_step_and_pause,6.06667,166.389,-90.0,1,0
noisy_step_and_pause_002,noisy_step_and_pause,6.08333,164.889,-90.0,1,0
noisy_step_and_pause_002,noisy_step_and_pause,6.1,163.389,-90.0,0,0
noisy_step_and_pause_002,noisy_step_and_pause,6.11667,163.389,0.0,0,0
noisy_step_and_pause_002,noisy_step_and_pause,6.13333,163.389,0.0,0,0
noisy_step_and_pause_002,noisy_step_and_pause,6.15,163.389,0.0,0,0
noisy_step_and_pause_002,noisy_step_and_pause,6.16667,163.389,0.0,1,0
noisy_step_and_pause_002,noisy_step_and_pause,6.18333,161.889,-90.0,0,0
noisy_step_and_pause_002,noisy_step_and_pause,6.2,161.889,0.0,0,0
noisy_step_and_pause_002,noisy_step_and_pause,6.21667,161.889,0.0,0,0
noisy_step_and_pause_002,noisy_step_and_pause,6.23333,161.889,0.0,0,0
noisy_step_and_pause_002,noisy_step_and_pause,6.25,161.889,0.0,0,0
noisy_step_and_pause_002,noisy_step_and_pause,6.26667,161.889,0.0,0,0
noisy_step_and_pause_002,noisy_step_and_pause,6.28333,161.889,0.0,0,0
noisy_step_and_pause_002,noisy_step_and_pause,6.3,161.889,0.0,0,0
noisy_step_and_pause_002,noisy_step_and_pause,6.31667,161.889,0.0,0,0
noisy_step_and_pause_002,noisy_step_and_pause,6.33333,161.889,0.0,0,0
noisy_step_and_pause_002,noisy_step_and_pause,6.35,161.889,0.0,0,0
noisy_step_and_pause_002,noisy_step_and_pause,6.36667,161.889,0.0,0,0
noisy_step_and_pause_002,noisy_step_and_pause,6.38333,161.889,0.0,0,0
noisy_step_and_pause_002,noisy_step_and_pause,6.4,161.889,0.0,0,0
noisy_step_and_pause_002,noisy_step_and_pause,6.41667,161.889,0.0,0,0
noisy_step_and_pause_002,noisy_step_and_pause,6.43333,161.889,0.0,0,0
noisy_step_and_pause_002,noisy_step_and_pause,6.45,161.889,0.0,0,0
noisy_step_and_pause_002,noisy_step_and_pause,6.46667,161.889,0.0,0,0
noisy_step_and_pause_002,noisy_step_and_pause,6.48333,161.889,0.0,0,0
noisy_step_and_pause_002,noisy_step_and_pause,6.5,161.889,0.0,0,0
noisy_step_and_pause_002,noisy_step_and_pause,6.51667,161.889,0.0,0,0
noisy_step_and_pause_002,noisy_step_and_pause,6.53333,161.889,0.0,0,0
noisy_step_and_pause_002,noisy_step_and_pause,6.55,161.889,0.0,0,0
noisy_step_and_pause_002,noisy_step_and_pause,6.56667,161.889,0.0,0,0
noisy_step_and_pause_002,noisy_step_and_pause,6.58333,161.889,0.0,0,0
noisy_step_and_pause_002,noisy_step_and_pause,6.6,161.889,0.0,0,0
noisy_step_and_pause_002,noisy_step_and_pause,6.61667,161.889,0.0,0,1
noisy_step_and_pause_002,noisy_step_and_pause,6.63333,163.389,90.0,0,0
noisy_step_and_pause_002,noisy_step_and_pause,6.65,163.389,0.0,0,0
noisy_step_and_pause_002,noisy_step_and_pause,6.66667,163.389,0.0,0,0
noisy_step_and_pause_002,noisy_step_and_pause,6.68333,163.389,0.0,0,0
noisy_step_and_pause_002,noisy_step_and_pause,6.7,163.389,0.0,0,0
noisy_step_and_pause_002,noisy_step_and_pause,6.71667,163.389,0.0,0,0
noisy_step_and_pause_002,noisy_step_and_pause,6.73333,163.389,0.0,0,0
noisy_step_and_pause_002,noisy_step_and_pause,6.75,163.389,0.0,0,0
noisy_step_and_pause_002,noisy_step_and_pause,6.76667,163.389,0.0,0,0
noisy_step_and_pause_002,noisy_step_and_pause,6.78333,163.389,0.0,0,0
noisy_step_and_pause_002,noisy_step_and_pause,6.8,163.389,0.0,0,0
noisy_step_and_pause_002,noisy_step_and_pause,6.81667,163.389,0.0,0,0
noisy_step_and_pause_002,noisy_step_and_pause,6.83333,163.389,0.0,0,0
noisy_step_and_pause_002,noisy_step_and_pause,6.85,163.389,0.0,0,0
noisy_step_and_pause_002,noisy_step_and_pause,6.86667,163.389,0.0,0,0
noisy_step_and_pause_002,noisy_step_and_pause,6.88333,163.389,0.0,0,0
noisy_step_and_pause_002,noisy_step_and_pause,6.9,163.389,0.0,0,0
noisy_step_and_pause_002,noisy_step_and_pause,6.91667,163.389,0.0,0,0
noisy_step_and_pause_002,noisy_step_and_pause,6.93333,163.389,0.0,0,0
noisy_step_and_pause_002,noisy_step_and_pause,6.95,163.389,0.0,0,0
noisy_step_and_pause_002,noisy_step_and_pause,6.96667,163.389,0.0,0,0
noisy_step_and_pause_002,noisy_step_and_pause,6.98333,163.389,0.0,0,0
noisy_step_and_pause_002,noisy_step_and_pause,7.0,163.389,0.0,0,0
noisy_step_and_pause_002,noisy_step_and_pause,7.01667,163.389,0.0,0,0
noisy_step_and_pause_002,noisy_step_and_pause,7.03333,163.389,0.0,0,0
noisy_step_and_pause_002,noisy_step_and_pause,7.05,163.389,0.0,0,0
noisy_step_and_pause_002,noisy_step_and_pause,7.06667,163.389,0.0,0,0
noisy_step_and_pause_002,noisy_step_and_pause,7.08333,163.389,0.0,0,0
noisy_step_and_pause_002,noisy_step_and_pause,7.1,163.389,0.0,0,1
noisy_step_and_pause_002,noisy_step_and_pause,7.11667,164.889,90.0,0,1
noisy_step_and_pause_002,noisy_step_and_pause,7.13333,166.389,90.0,0,1
noisy_step_and_pause_002,noisy_step_and_pause,7.15,167.889,90.0,0,1
noisy_step_and_pause_002,noisy_step_and_pause,7.16667,169.389,90.0,0,1
noisy_step_and_pause_002,noisy_step_and_pause,7.18333,170.889,90.0,0,1
noisy_step_and_pause_002,noisy_step_and_pause,7.2,172.389,90.0,0,1
noisy_step_and_pause_002,noisy_step_and_pause,7.21667,173.889,90.0,0,1
noisy_step_and_pause_002,noisy_step_and_pause,7.23333,175.389,90.0,0,1
noisy_step_and_pause_002,noisy_step_and_pause,7.25,176.889,90.0,0,1
noisy_step_and_pause_002,noisy_step_and_pause,7.26667,178.389,90.0,0,1
noisy_step_and_pause_002,noisy_step_and_pause,7.28333,179.889,90.0,0,0
noisy_step_and_pause_002,noisy_step_and_pause,7.3,179.889,0.0,0,1
noisy_step_and_pause_002,noisy_step_and_pause,7.31667,181.389,90.0,0,1
noisy_step_and_pause_002,noisy_step_and_pause,7.33333,182.889,90.0,0,1
noisy_step_and_pause_002,noisy_step_and_pause,7.35,184.389,90.0,0,1
noisy_step_and_pause_002,noisy_step_and_pause,7.36667,185.889,90.0,0,1
noisy_step_and_pause_002,noisy_step_and_pause,7.38333,187.389,90.0,0,1
noisy_step_and_pause_002,noisy_step_and_pause,7.4,188.889,90.0,0,1
noisy_step_and_pause_002,noisy_step_and_pause,7.41667,190.389,90.0,0,1
noisy_step_and_pause_002,noisy_step_and_pause,7.43333,191.889,90.0,0,1
noisy_step_and_pause_002,noisy_step_and_pause,7.45,193.389,90.0,0,1
noisy_step_and_pause_002,noisy_step_and_pause,7.46667,194.889,90.0,0,1
noisy_step_and_pause_002,noisy_step_and_pause,7.48333,196.389,90.0,0,1
noisy_step_and_pause_002,noisy_step_and_pause,7.5,197.889,90.0,0,1
noisy_step_and_pause_002,noisy_step_and_pause,7.51667,199.389,90.0,0,1
noisy_step_and_pause_002,noisy_step_and_pause,7.53333,200.889,90.0,0,1
noisy_step_and_pause_002,noisy_step_and_pause,7.55,202.389,90.0,0,1
noisy_step_and_pause_002,noisy_step_and_pause,7.56667,203.889,90.0,0,0
noisy_step_and_pause_002,noisy_step_and_pause,7.58333,203.889,0.0,0,0
noisy_step_and_pause_002,noisy_step_and_pause,7.6,203.889,0.0,0,0
noisy_step_and_pause_002,noisy_step_and_pause,7.61667,203.889,0.0,0,1
noisy_step_and_pause_002,noisy_step_and_pause,7.63333,204,6.689,0,1
noisy_step_and_pause_002,noisy_step_and_pause,7.65,204,0.0,0,0
noisy_step_and_pause_002,noisy_step_and_pause,7.66667,204,0.0,0,0
noisy_step_and_pause_002,noisy_step_and_pause,7.68333,204,0.0,0,0
noisy_step_and_pause_002,noisy_step_and_pause,7.7,204,0.0,0,0
noisy_step_and_pause_002,noisy_step_and_pause,7.71667,204,0.0,0,0
noisy_step_and_pause_002,noisy_step_and_pause,7.73333,204,0.0,0,0
noisy_step_and_pause_002,noisy_step_and_pause,7.75,204,0.0,0,0
noisy_step_and_pause_002,noisy_step_and_pause,7.76667,204,0.0,0,0
noisy_step_and_pause_002,noisy_step_and_pause,7.78333,204,0.0,0,0
noisy_step_and_pause_002,noisy_step_and_pause,7.8,204,0.0,0,0
noisy_step_and_pause_002,noisy_step_and_pause,7.81667,204,0.0,0,0
noisy_step_and_pause_002,noisy_step_and_pause,7.83333,204,0.0,0,0
noisy_step_and_pause_002,noisy_step_and_pause,7.85,204,0.0,0,0
noisy_step_and_pause_002,noisy_step_and_pause,7.86667,204,0.0,0,0
noisy_step_and_pause_002,noisy_step_and_pause,7.88333,204,0.0,0,0
noisy_step_and_pause_002,noisy_step_and_pause,7.9,204,0.0,0,0
noisy_step_and_pause_002,noisy_step_and_pause,7.91667,204,0.0,0,0
noisy_step_and_pause_002,noisy_step_and_pause,7.93333,204,0.0,0,0
noisy_step_and_pause_002,noisy_step_and_pause,7.95,204,0.0,0,0
noisy_step_and_pause_002,noisy_step_and_pause,7.96667,204,0.0,0,0
noisy_step_and_pause_002,noisy_step_and_pause,7.98333,204,0.0,0,0
noisy_step_and_pause_002,noisy_step_and_pause,8.0,204,0.0,0,0
noisy_step_and_pause_002,noisy_step_and_pause,8.01667,204,0.0,0,0
noisy_step_and_pause_002,noisy_step_and_pause,8.03333,204,0.0,0,0
noisy_step_and_pause_002,noisy_step_and_pause,8.05,204,0.0,0,0
noisy_step_and_pause_002,noisy_step_and_pause,8.06667,204,0.0,0,0
noisy_step_and_pause_002,noisy_step_and_pause,8.08333,204,0.0,0,0
noisy_step_and_pause_002,noisy_step_and_pause,8.1,204,0.0,0,0
noisy_step_and_pause_002,noisy_step_and_pause,8.11667,204,0.0,0,0
noisy_step_and_pause_002,noisy_step_and_pause,8.13333,204,0.0,0,0
noisy_step_and_pause_002,noisy_step_and_pause,8.15,204,0.0,0,0
noisy_step_and_pause_002,noisy_step_and_pause,8.16667,204,0.0,1,0
noisy_step_and_pause_002,noisy_step_and_pause,8.18333,202.5,-90.0,1,0
noisy_step_and_pause_002,noisy_step_and_pause,8.2,201.0,-90.0,1,0
noisy_step_and_pause_002,noisy_step_and_pause,8.21667,199.5,-90.0,1,0
noisy_step_and_pause_002,noisy_step_and_pause,8.23333,198.0,-90.0,1,0
noisy_step_and_pause_002,noisy_step_and_pause,8.25,196.5,-90.0,1,0
noisy_step_and_pause_002,noisy_step_and_pause,8.26667,195.0,-90.0,1,0
noisy_step_and_pause_002,noisy_step_and_pause,8.28333,193.5,-90.0,1,0
noisy_step_and_pause_002,noisy_step_and_pause,8.3,192.0,-90.0,1,0
noisy_step_and_pause_002,noisy_step_and_pause,8.31667,190.5,-90.0,1,0
noisy_step_and_pause_002,noisy_step_and_pause,8.33333,189.0,-90.0,1,0
noisy_step_and_pause_002,noisy_step_and_pause,8.35,187.5,-90.0,1,0
noisy_step_and_pause_002,noisy_step_and_pause,8.36667,186.0,-90.0,1,0
noisy_step_and_pause_002,noisy_step_and_pause,8.38333,184.5,-90.0,1,0
noisy_step_and_pause_002,noisy_step_and_pause,8.4,183.0,-90.0,0,0
noisy_step_and_pause_002,noisy_step_and_pause,8.41667,183.0,0.0,1,0
noisy_step_and_pause_002,noisy_step_and_pause,8.43333,181.5,-90.0,1,0
noisy_step_and_pause_002,noisy_step_and_pause,8.45,180.0,-90.0,1,0
noisy_step_and_pause_002,noisy_step_and_pause,8.46667,178.5,-90.0,1,0
noisy_step_and_pause_002,noisy_step_and_pause,8.48333,177.0,-90.0,1,0
noisy_step_and_pause_002,noisy_step_and_pause,8.5,175.5,-90.0,1,0
noisy_step_and_pause_002,noisy_step_and_pause,8.51667,174.0,-90.0,1,0
noisy_step_and_pause_002,noisy_step_and_pause,8.53333,172.5,-90.0,1,0
noisy_step_and_pause_002,noisy_step_and_pause,8.55,171.0,-90.0,1,0
noisy_step_and_pause_002,noisy_step_and_pause,8.56667,169.5,-90.0,1,0
noisy_step_and_pause_002,noisy_step_and_pause,8.58333,168.0,-90.0,1,0
noisy_step_and_pause_002,noisy_step_and_pause,8.6,166.5,-90.0,1,0
noisy_step_and_pause_002,noisy_step_and_pause,8.61667,165.0,-90.0,1,0
noisy_step_and_pause_002,noisy_step_and_pause,8.63333,163.5,-90.0,1,0
noisy_step_and_pause_002,noisy_step_and_pause,8.65,162.0,-90.0,1,0
noisy_step_and_pause_002,noisy_step_and_pause,8.66667,160.5,-90.0,1,0
noisy_step_and_pause_002,noisy_step_and_pause,8.68333,159.0,-90.0,1,0
noisy_step_and_pause_002,noisy_step_and_pause,8.7,157.5,-90.0,1,0
noisy_step_and_pause_002,noisy_step_and_pause,8.71667,156.0,-90.0,1,0
noisy_step_and_pause_002,noisy_step_and_pause,8.73333,154.5,-90.0,1,0
noisy_step_and_pause_002,noisy_step_and_pause,8.75,153.0,-90.0,1,0
noisy_step_and_pause_002,noisy_step_and_pause,8.76667,151.5,-90.0,0,0
noisy_step_and_pause_002,noisy_step_and_pause,8.78333,151.5,0.0,1,0
noisy_step_and_pause_002,noisy_step_and_pause,8.8,150.0,-90.0,1,0
noisy_step_and_pause_002,noisy_step_and_pause,8.81667,148.5,-90.0,1,0
noisy_step_and_pause_002,noisy_step_and_pause,8.83333,147.0,-90.0,1,0
noisy_step_and_pause_002,noisy_step_and_pause,8.85,145.5,-90.0,1,0
noisy_step_and_pause_002,noisy_step_and_pause,8.86667,144.0,-90.0,1,0
noisy_step_and_pause_002,noisy_step_and_pause,8.88333,142.5,-90.0,1,0
noisy_step_and_pause_002,noisy_step_and_pause,8.9,141.0,-90.0,1,0
noisy_step_and_pause_002,noisy_step_and_pause,8.91667,139.5,-90.0,0,1
noisy_step_and_pause_002,noisy_step_and_pause,8.93333,141.0,90.0,1,0
noisy_step_and_pause_002,noisy_step_and_pause,8.95,139.5,-90.0,1,0
noisy_step_and_pause_002,noisy_step_and_pause,8.96667,138.0,-90.0,1,0
noisy_step_and_pause_002,noisy_step_and_pause,8.98333,136.5,-90.0,1,0
noisy_step_and_pause_002,noisy_step_and_pause,9.0,135.0,-90.0,1,0
noisy_step_and_pause_002,noisy_step_and_pause,9.01667,133.5,-90.0,1,0
noisy_step_and_pause_002,noisy_step_and_pause,9.03333,132.0,-90.0,1,0
noisy_step_and_pause_002,noisy_step_and_pause,9.05,130.5,-90.0,1,0
noisy_step_and_pause_002,noisy_step_and_pause,9.06667,129.0,-90.0,1,0
noisy_step_and_pause_002,noisy_step_and_pause,9.08333,127.5,-90.0,1,0
noisy_step_and_pause_002,noisy_step_and_pause,9.1,126.0,-90.0,1,0
noisy_step_and_pause_002,noisy_step_and_pause,9.11667,124.5,-90.0,1,0
noisy_step_and_pause_002,noisy_step_and_pause,9.13333,123.0,-90.0,1,0
noisy_step_and_pause_002,noisy_step_and_pause,9.15,121.5,-90.0,1,0
noisy_step_and_pause_002,noisy_step_and_pause,9.16667,120.0,-90.0,1,0
noisy_step_and_pause_002,noisy_step_and_pause,9.18333,118.5,-90.0,1,0
noisy_step_and_pause_002,noisy_step_and_pause,9.2,117.0,-90.0,0,0
noisy_step_and_pause_002,noisy_step_and_pause,9.21667,117.0,0.0,1,0
noisy_step_and_pause_002,noisy_step_and_pause,9.23333,115.5,-90.0,0,0
noisy_step_and_pause_002,noisy_step_and_pause,9.25,115.5,0.0,0,0
noisy_step_and_pause_002,noisy_step_and_pause,9.26667,115.5,0.0,0,0
noisy_step_and_pause_002,noisy_step_and_pause,9.28333,115.5,0.0,0,0
noisy_step_and_pause_002,noisy_step_and_pause,9.3,115.5,0.0,0,0
noisy_step_and_pause_002,noisy_step_and_pause,9.31667,115.5,0.0,0,0
noisy_step_and_pause_002,noisy_step_and_pause,9.33333,115.5,0.0,0,0
noisy_step_and_pause_002,noisy_step_and_pause,9.35,115.5,0.0,0,0
noisy_step_and_pause_002,noisy_step_and_pause,9.36667,115.5,0.0,0,1
noisy_step_and_pause_002,noisy_step_and_pause,9.38333,117.0,90.0,0,0
noisy_step_and_pause_002,noisy_step_and_pause,9.4,117.0,0.0,0,0
noisy_step_and_pause_002,noisy_step_and_pause,9.41667,117.0,0.0,0,0
noisy_step_and_pause_002,noisy_step_and_pause,9.43333,117.0,0.0,0,0
noisy_step_and_pause_002,noisy_step_and_pause,9.45,117.0,0.0,0,0
noisy_step_and_pause_002,noisy_step_and_pause,9.46667,117.0,0.0,0,0
noisy_step_and_pause_002,noisy_step_and_pause,9.48333,117.0,0.0,0,0
noisy_step_and_pause_002,noisy_step_and_pause,9.5,117.0,0.0,0,0
noisy_step_and_pause_002,noisy_step_and_pause,9.51667,117.0,0.0,0,0
noisy_step_and_pause_002,noisy_step_and_pause,9.53333,117.0,0.0,0,0
noisy_step_and_pause_002,noisy_step_and_pause,9.55,117.0,0.0,0,0
noisy_step_and_pause_002,noisy_step_and_pause,9.56667,117.0,0.0,0,0
noisy_step_and_pause_002,noisy_step_and_pause,9.58333,117.0,0.0,0,0
noisy_step_and_pause_002,noisy_step_and_pause,9.6,117.0,0.0,0,0
noisy_step_and_pause_002,noisy_step_and_pause,9.61667,117.0,0.0,0,0
noisy_step_and_pause_002,noisy_step_and_pause,9.63333,117.0,0.0,0,0
noisy_step_and_pause_002,noisy_step_and_pause,9.65,117.0,0.0,0,0
noisy_step_and_pause_002,noisy_step_and_pause,9.66667,117.0,0.0,0,0
noisy_step_and_pause_002,noisy_step_and_pause,9.68333,117.0,0.0,0,0
noisy_step_and_pause_002,noisy_step_and_pause,9.7,117.0,0.0,0,0
noisy_step_and_pause_002,noisy_step_and_pause,9.71667,117.0,0.0,0,0
noisy_step_and_pause_002,noisy_step_and_pause,9.73333,117.0,0.0,0,0
noisy_step_and_pause_002,noisy_step_and_pause,9.75,117.0,0.0,0,0
noisy_step_and_pause_002,noisy_step_and_pause,9.76667,117.0,0.0,0,0
noisy_step_and_pause_002,noisy_step_and_pause,9.78333,117.0,0.0,0,0
noisy_step_and_pause_002,noisy_step_and_pause,9.8,117.0,0.0,0,0
noisy_step_and_pause_002,noisy_step_and_pause,9.81667,117.0,0.0,0,0
noisy_step_and_pause_002,noisy_step_and_pause,9.83333,117.0,0.0,0,0
noisy_step_and_pause_002,noisy_step_and_pause,9.85,117.0,0.0,0,0
noisy_step_and_pause_002,noisy_step_and_pause,9.86667,117.0,0.0,0,0
noisy_step_and_pause_002,noisy_step_and_pause,9.88333,117.0,0.0,0,0
noisy_step_and_pause_002,noisy_step_and_pause,9.9,117.0,0.0,0,0
noisy_step_and_pause_002,noisy_step_and_pause,9.91667,117.0,0.0,0,0
noisy_step_and_pause_002,noisy_step_and_pause,9.93333,117.0,0.0,0,0
noisy_step_and_pause_002,noisy_step_and_pause,9.95,117.0,0.0,0,0
noisy_step_and_pause_002,noisy_step_and_pause,9.96667,117.0,0.0,0,0
noisy_step_and_pause_002,noisy_step_and_pause,9.98333,117.0,0.0,0,0
noisy_step_and_pause_002,noisy_step_and_pause,10.0,117.0,0.0,0,0
noisy_step_and_pause_002,noisy_step_and_pause,10.01667,117.0,0.0,1,0
noisy_step_and_pause_002,noisy_step_and_pause,10.03333,115.5,-90.0,0,0
noisy_step_and_pause_002,noisy_step_and_pause,10.05,115.5,0.0,0,0
noisy_step_and_pause_002,noisy_step_and_pause,10.06667,115.5,0.0,0,0
noisy_step_and_pause_002,noisy_step_and_pause,10.08333,115.5,0.0,0,0
noisy_step_and_pause_002,noisy_step_and_pause,10.1,115.5,0.0,0,0
noisy_step_and_pause_002,noisy_step_and_pause,10.11667,115.5,0.0,0,0
noisy_step_and_pause_002,noisy_step_and_pause,10.13333,115.5,0.0,0,0
noisy_step_and_pause_002,noisy_step_and_pause,10.15,115.5,0.0,0,0
noisy_step_and_pause_002,noisy_step_and_pause,10.16667,115.5,0.0,0,0
noisy_step_and_pause_002,noisy_step_and_pause,10.18333,115.5,0.0,0,0
noisy_step_and_pause_002,noisy_step_and_pause,10.2,115.5,0.0,0,0
noisy_step_and_pause_002,noisy_step_and_pause,10.21667,115.5,0.0,0,0
noisy_step_and_pause_002,noisy_step_and_pause,10.23333,115.5,0.0,0,0
noisy_step_and_pause_002,noisy_step_and_pause,10.25,115.5,0.0,0,0
noisy_step_and_pause_002,noisy_step_and_pause,10.26667,115.5,0.0,0,0
noisy_step_and_pause_002,noisy_step_and_pause,10.28333,115.5,0.0,1,0
noisy_step_and_pause_002,noisy_step_and_pause,10.3,114.0,-90.0,1,0
noisy_step_and_pause_002,noisy_step_and_pause,10.31667,112.5,-90.0,1,0
noisy_step_and_pause_002,noisy_step_and_pause,10.33333,111.0,-90.0,1,0
noisy_step_and_pause_002,noisy_step_and_pause,10.35,109.5,-90.0,1,0
noisy_step_and_pause_002,noisy_step_and_pause,10.36667,108.0,-90.0,0,0
noisy_step_and_pause_002,noisy_step_and_pause,10.38333,108.0,0.0,1,0
noisy_step_and_pause_002,noisy_step_and_pause,10.4,106.5,-90.0,1,0
noisy_step_and_pause_002,noisy_step_and_pause,10.41667,105.0,-90.0,1,0
noisy_step_and_pause_002,noisy_step_and_pause,10.43333,103.5,-90.0,1,0
noisy_step_and_pause_002,noisy_step_and_pause,10.45,102.0,-90.0,1,0
noisy_step_and_pause_002,noisy_step_and_pause,10.46667,100.5,-90.0,1,0
noisy_step_and_pause_002,noisy_step_and_pause,10.48333,99.0,-90.0,1,0
noisy_step_and_pause_002,noisy_step_and_pause,10.5,97.5,-90.0,1,0
noisy_step_and_pause_002,noisy_step_and_pause,10.51667,96.0,-90.0,0,1
noisy_step_and_pause_002,noisy_step_and_pause,10.53333,97.5,90.0,1,0
noisy_step_and_pause_002,noisy_step_and_pause,10.55,96.0,-90.0,1,0
noisy_step_and_pause_002,noisy_step_and_pause,10.56667,94.5,-90.0,1,0
noisy_step_and_pause_002,noisy_step_and_pause,10.58333,93.0,-90.0,1,0
noisy_step_and_pause_002,noisy_step_and_pause,10.6,91.5,-90.0,1,0
noisy_step_and_pause_002,noisy_step_and_pause,10.61667,90.0,-90.0,1,0
noisy_step_and_pause_002,noisy_step_and_pause,10.63333,88.5,-90.0,1,0
noisy_step_and_pause_002,noisy_step_and_pause,10.65,87.0,-90.0,1,0
noisy_step_and_pause_002,noisy_step_and_pause,10.66667,85.5,-90.0,1,0
noisy_step_and_pause_002,noisy_step_and_pause,10.68333,84.0,-90.0,1,0
noisy_step_and_pause_002,noisy_step_and_pause,10.7,82.5,-90.0,1,0
noisy_step_and_pause_002,noisy_step_and_pause,10.71667,81.0,-90.0,1,0
noisy_step_and_pause_002,noisy_step_and_pause,10.73333,79.5,-90.0,1,0
noisy_step_and_pause_002,noisy_step_and_pause,10.75,78.0,-90.0,1,0
noisy_step_and_pause_002,noisy_step_and_pause,10.76667,76.5,-90.0,1,0
noisy_step_and_pause_002,noisy_step_and_pause,10.78333,75.0,-90.0,1,0
noisy_step_and_pause_002,noisy_step_and_pause,10.8,73.5,-90.0,1,0
noisy_step_and_pause_002,noisy_step_and_pause,10.81667,72.0,-90.0,1,0
noisy_step_and_pause_002,noisy_step_and_pause,10.83333,70.5,-90.0,1,0
noisy_step_and_pause_002,noisy_step_and_pause,10.85,69.0,-90.0,0,0
noisy_step_and_pause_002,noisy_step_and_pause,10.86667,69.0,0.0,1,0
noisy_step_and_pause_002,noisy_step_and_pause,10.88333,67.5,-90.0,0,1
noisy_step_and_pause_002,noisy_step_and_pause,10.9,69.0,90.0,1,0
noisy_step_and_pause_002,noisy_step_and_pause,10.91667,67.5,-90.0,1,0
noisy_step_and_pause_002,noisy_step_and_pause,10.93333,66.0,-90.0,1,0
noisy_step_and_pause_002,noisy_step_and_pause,10.95,64.5,-90.0,1,0
noisy_step_and_pause_002,noisy_step_and_pause,10.96667,63.0,-90.0,1,0
noisy_step_and_pause_002,noisy_step_and_pause,10.98333,61.5,-90.0,1,0
noisy_step_and_pause_002,noisy_step_and_pause,11.0,60.0,-90.0,1,0
noisy_step_and_pause_002,noisy_step_and_pause,11.01667,58.5,-90.0,1,0
noisy_step_and_pause_002,noisy_step_and_pause,11.03333,57.0,-90.0,1,0
noisy_step_and_pause_002,noisy_step_and_pause,11.05,55.5,-90.0,1,0
noisy_step_and_pause_002,noisy_step_and_pause,11.06667,54.0,-90.0,1,0
noisy_step_and_pause_002,noisy_step_and_pause,11.08333,52.5,-90.0,1,0
noisy_step_and_pause_002,noisy_step_and_pause,11.1,51.0,-90.0,1,0
noisy_step_and_pause_002,noisy_step_and_pause,11.11667,49.5,-90.0,1,0
noisy_step_and_pause_002,noisy_step_and_pause,11.13333,48.0,-90.0,1,0
noisy_step_and_pause_002,noisy_step_and_pause,11.15,46.5,-90.0,1,0
noisy_step_and_pause_002,noisy_step_and_pause,11.16667,45.0,-90.0,1,0
noisy_step_and_pause_002,noisy_step_and_pause,11.18333,43.5,-90.0,1,0
noisy_step_and_pause_002,noisy_step_and_pause,11.2,42.0,-90.0,1,0
noisy_step_and_pause_002,noisy_step_and_pause,11.21667,40.5,-90.0,1,0
noisy_step_and_pause_002,noisy_step_and_pause,11.23333,39.0,-90.0,1,0
noisy_step_and_pause_002,noisy_step_and_pause,11.25,37.5,-90.0,1,0
noisy_step_and_pause_002,noisy_step_and_pause,11.26667,36.0,-90.0,1,0
noisy_step_and_pause_002,noisy_step_and_pause,11.28333,34.5,-90.0,1,0
noisy_step_and_pause_002,noisy_step_and_pause,11.3,33.0,-90.0,1,0
noisy_step_and_pause_002,noisy_step_and_pause,11.31667,31.5,-90.0,1,0
noisy_step_and_pause_002,noisy_step_and_pause,11.33333,30.0,-90.0,1,0
noisy_step_and_pause_002,noisy_step_and_pause,11.35,28.5,-90.0,1,0
noisy_step_and_pause_002,noisy_step_and_pause,11.36667,27.0,-90.0,1,0
noisy_step_and_pause_002,noisy_step_and_pause,11.38333,25.5,-90.0,1,0
noisy_step_and_pause_002,noisy_step_and_pause,11.4,24.0,-90.0,1,0
noisy_step_and_pause_002,noisy_step_and_pause,11.41667,22.5,-90.0,1,0
noisy_step_and_pause_002,noisy_step_and_pause,11.43333,21.0,-90.0,1,0
noisy_step_and_pause_002,noisy_step_and_pause,11.45,19.5,-90.0,1,0
noisy_step_and_pause_002,noisy_step_and_pause,11.46667,18.0,-90.0,1,0
noisy_step_and_pause_002,noisy_step_and_pause,11.48333,16.5,-90.0,1,0
noisy_step_and_pause_002,noisy_step_and_pause,11.5,15.0,-90.0,1,0
noisy_step_and_pause_002,noisy_step_and_pause,11.51667,13.5,-90.0,0,1
noisy_step_and_pause_002,noisy_step_and_pause,11.53333,15.0,90.0,1,0
noisy_step_and_pause_002,noisy_step_and_pause,11.55,13.5,-90.0,1,0
noisy_step_and_pause_002,noisy_step_and_pause,11.56667,12.0,-90.0,1,0
noisy_step_and_pause_002,noisy_step_and_pause,11.58333,10.5,-90.0,1,0
noisy_step_and_pause_002,noisy_step_and_pause,11.6,9.0,-90.0,1,0
noisy_step_and_pause_002,noisy_step_and_pause,11.61667,7.5,-90.0,1,0
noisy_step_and_pause_002,noisy_step_and_pause,11.63333,6.0,-90.0,1,0
noisy_step_and_pause_002,noisy_step_and_pause,11.65,4.5,-90.0,1,0
noisy_step_and_pause_002,noisy_step_and_pause,11.66667,3.0,-90.0,1,0
noisy_step_and_pause_002,noisy_step_and_pause,11.68333,1.5,-90.0,1,0
noisy_step_and_pause_002,noisy_step_and_pause,11.7,0.0,-90.0,0,0
noisy_step_and_pause_002,noisy_step_and_pause,11.71667,0.0,0.0,1,0
noisy_step_and_pause_002,noisy_step_and_pause,11.73333,0.0,0.0,0,1
noisy_step_and_pause_002,noisy_step_and_pause,11.75,1.5,90.0,0,1
noisy_step_and_pause_002,noisy_step_and_pause,11.76667,3.0,90.0,0,1
noisy_step_and_pause_002,noisy_step_and_pause,11.78333,4.5,90.0,0,1
noisy_step_and_pause_002,noisy_step_and_pause,11.8,6.0,90.0,0,1
noisy_step_and_pause_002,noisy_step_and_pause,11.81667,7.5,90.0,0,1
noisy_step_and_pause_002,noisy_step_and_pause,11.83333,9.0,90.0,0,1
noisy_step_and_pause_002,noisy_step_and_pause,11.85,10.5,90.0,0,1
noisy_step_and_pause_002,noisy_step_and_pause,11.86667,12.0,90.0,0,1
noisy_step_and_pause_002,noisy_step_and_pause,11.88333,13.5,90.0,0,1
noisy_step_and_pause_002,noisy_step_and_pause,11.9,15.0,90.0,0,1
noisy_step_and_pause_002,noisy_step_and_pause,11.91667,16.5,90.0,0,0
noisy_step_and_pause_002,noisy_step_and_pause,11.93333,16.5,0.0,0,1
noisy_step_and_pause_002,noisy_step_and_pause,11.95,18.0,90.0,0,1
noisy_step_and_pause_002,noisy_step_and_pause,11.96667,19.5,90.0,0,1
noisy_step_and_pause_002,noisy_step_and_pause,11.98333,21.0,90.0,0,1
noisy_step_and_pause_002,noisy_step_and_pause,12.0,22.5,90.0,0,1
noisy_step_and_pause_002,noisy_step_and_pause,12.01667,24.0,90.0,0,1
noisy_step_and_pause_002,noisy_step_and_pause,12.03333,25.5,90.0,0,1
noisy_step_and_pause_002,noisy_step_and_pause,12.05,27.0,90.0,0,1
noisy_step_and_pause_002,noisy_step_and_pause,12.06667,28.5,90.0,0,1
noisy_step_and_pause_002,noisy_step_and_pause,12.08333,30.0,90.0,0,1
noisy_step_and_pause_002,noisy_step_and_pause,12.1,31.5,90.0,0,1
noisy_step_and_pause_002,noisy_step_and_pause,12.11667,33.0,90.0,1,0
noisy_step_and_pause_002,noisy_step_and_pause,12.13333,31.5,-90.0,0,1
noisy_step_and_pause_002,noisy_step_and_pause,12.15,33.0,90.0,0,1
noisy_step_and_pause_002,noisy_step_and_pause,12.16667,34.5,90.0,0,1
noisy_step_and_pause_002,noisy_step_and_pause,12.18333,36.0,90.0,0,1
noisy_step_and_pause_002,noisy_step_and_pause,12.2,37.5,90.0,0,1
noisy_step_and_pause_002,noisy_step_and_pause,12.21667,39.0,90.0,0,1
noisy_step_and_pause_002,noisy_step_and_pause,12.23333,40.5,90.0,0,1
noisy_step_and_pause_002,noisy_step_and_pause,12.25,42.0,90.0,0,1
noisy_step_and_pause_002,noisy_step_and_pause,12.26667,43.5,90.0,0,1
noisy_step_and_pause_002,noisy_step_and_pause,12.28333,45.0,90.0,0,1
noisy_step_and_pause_002,noisy_step_and_pause,12.3,46.5,90.0,0,1
noisy_step_and_pause_002,noisy_step_and_pause,12.31667,48.0,90.0,0,1
noisy_step_and_pause_002,noisy_step_and_pause,12.33333,49.5,90.0,0,1
noisy_step_and_pause_002,noisy_step_and_pause,12.35,51.0,90.0,0,1
noisy_step_and_pause_002,noisy_step_and_pause,12.36667,52.5,90.0,0,1
noisy_step_and_pause_002,noisy_step_and_pause,12.38333,54.0,90.0,0,1
noisy_step_and_pause_002,noisy_step_and_pause,12.4,55.5,90.0,0,1
noisy_step_and_pause_002,noisy_step_and_pause,12.41667,57.0,90.0,0,1
noisy_step_and_pause_002,noisy_step_and_pause,12.43333,58.5,90.0,0,1
noisy_step_and_pause_002,noisy_step_and_pause,12.45,60.0,90.0,0,1
noisy_step_and_pause_002,noisy_step_and_pause,12.46667,61.5,90.0,0,1
noisy_step_and_pause_002,noisy_step_and_pause,12.48333,63.0,90.0,0,1
noisy_step_and_pause_002,noisy_step_and_pause,12.5,64.5,90.0,0,1
noisy_step_and_pause_002,noisy_step_and_pause,12.51667,66.0,90.0,0,1
noisy_step_and_pause_002,noisy_step_and_pause,12.53333,67.5,90.0,0,1
noisy_step_and_pause_002,noisy_step_and_pause,12.55,69.0,90.0,0,1
noisy_step_and_pause_002,noisy_step_and_pause,12.56667,70.5,90.0,0,1
noisy_step_and_pause_002,noisy_step_and_pause,12.58333,72.0,90.0,0,1
noisy_step_and_pause_002,noisy_step_and_pause,12.6,73.5,90.0,0,1
noisy_step_and_pause_002,noisy_step_and_pause,12.61667,75.0,90.0,0,1
noisy_step_and_pause_002,noisy_step_and_pause,12.63333,76.5,90.0,0,1
noisy_step_and_pause_002,noisy_step_and_pause,12.65,78.0,90.0,0,0
noisy_step_and_pause_002,noisy_step_and_pause,12.66667,78.0,0.0,1,0
noisy_step_and_pause_002,noisy_step_and_pause,12.68333,76.5,-90.0,0,1
noisy_step_and_pause_002,noisy_step_and_pause,12.7,78.0,90.0,0,1
noisy_step_and_pause_002,noisy_step_and_pause,12.71667,79.5,90.0,0,1
noisy_step_and_pause_002,noisy_step_and_pause,12.73333,81.0,90.0,0,1
noisy_step_and_pause_002,noisy_step_and_pause,12.75,82.5,90.0,0,1
noisy_step_and_pause_002,noisy_step_and_pause,12.76667,84.0,90.0,0,1
noisy_step_and_pause_002,noisy_step_and_pause,12.78333,85.5,90.0,0,1
noisy_step_and_pause_002,noisy_step_and_pause,12.8,87.0,90.0,0,1
noisy_step_and_pause_002,noisy_step_and_pause,12.81667,88.5,90.0,0,0
noisy_step_and_pause_002,noisy_step_and_pause,12.83333,88.5,0.0,0,0
noisy_step_and_pause_002,noisy_step_and_pause,12.85,88.5,0.0,0,0
noisy_step_and_pause_002,noisy_step_and_pause,12.86667,88.5,0.0,0,0
noisy_step_and_pause_002,noisy_step_and_pause,12.88333,88.5,0.0,0,0
noisy_step_and_pause_002,noisy_step_and_pause,12.9,88.5,0.0,0,0
noisy_step_and_pause_002,noisy_step_and_pause,12.91667,88.5,0.0,0,0
noisy_step_and_pause_002,noisy_step_and_pause,12.93333,88.5,0.0,0,0
noisy_step_and_pause_002,noisy_step_and_pause,12.95,88.5,0.0,0,0
noisy_step_and_pause_002,noisy_step_and_pause,12.96667,88.5,0.0,0,0
noisy_step_and_pause_002,noisy_step_and_pause,12.98333,88.5,0.0,0,0
noisy_step_and_pause_002,noisy_step_and_pause,13.0,88.5,0.0,0,0
noisy_step_and_pause_002,noisy_step_and_pause,13.01667,88.5,0.0,0,0
noisy_step_and_pause_002,noisy_step_and_pause,13.03333,88.5,0.0,0,0
noisy_step_and_pause_002,noisy_step_and_pause,13.05,88.5,0.0,0,0
noisy_step_and_pause_002,noisy_step_and_pause,13.06667,88.5,0.0,0,0
noisy_step_and_pause_002,noisy_step_and_pause,13.08333,88.5,0.0,0,0
noisy_step_and_pause_002,noisy_step_and_pause,13.1,88.5,0.0,0,0
noisy_step_and_pause_002,noisy_step_and_pause,13.11667,88.5,0.0,0,0
noisy_step_and_pause_002,noisy_step_and_pause,13.13333,88.5,0.0,0,0
noisy_step_and_pause_002,noisy_step_and_pause,13.15,88.5,0.0,0,0
noisy_step_and_pause_002,noisy_step_and_pause,13.16667,88.5,0.0,0,0
noisy_step_and_pause_002,noisy_step_and_pause,13.18333,88.5,0.0,0,1
noisy_step_and_pause_002,noisy_step_and_pause,13.2,90.0,90.0,0,1
noisy_step_and_pause_002,noisy_step_and_pause,13.21667,91.5,90.0,0,1
noisy_step_and_pause_002,noisy_step_and_pause,13.23333,93.0,90.0,0,1
noisy_step_and_pause_002,noisy_step_and_pause,13.25,94.5,90.0,0,1
noisy_step_and_pause_002,noisy_step_and_pause,13.26667,96.0,90.0,0,1
noisy_step_and_pause_002,noisy_step_and_pause,13.28333,97.5,90.0,1,0
noisy_step_and_pause_002,noisy_step_and_pause,13.3,96.0,-90.0,0,1
noisy_step_and_pause_002,noisy_step_and_pause,13.31667,97.5,90.0,1,0
noisy_step_and_pause_002,noisy_step_and_pause,13.33333,96.0,-90.0,0,1
noisy_step_and_pause_002,noisy_step_and_pause,13.35,97.5,90.0,0,1
noisy_step_and_pause_002,noisy_step_and_pause,13.36667,99.0,90.0,0,1
noisy_step_and_pause_002,noisy_step_and_pause,13.38333,100.5,90.0,0,1
noisy_step_and_pause_002,noisy_step_and_pause,13.4,102.0,90.0,0,1
noisy_step_and_pause_002,noisy_step_and_pause,13.41667,103.5,90.0,0,1
noisy_step_and_pause_002,noisy_step_and_pause,13.43333,105.0,90.0,0,1
noisy_step_and_pause_002,noisy_step_and_pause,13.45,106.5,90.0,0,1
noisy_step_and_pause_002,noisy_step_and_pause,13.46667,108.0,90.0,0,1
noisy_step_and_pause_002,noisy_step_and_pause,13.48333,109.5,90.0,0,1
noisy_step_and_pause_002,noisy_step_and_pause,13.5,111.0,90.0,0,1
noisy_step_and_pause_002,noisy_step_and_pause,13.51667,112.5,90.0,0,1
noisy_step_and_pause_002,noisy_step_and_pause,13.53333,114.0,90.0,0,1
noisy_step_and_pause_002,noisy_step_and_pause,13.55,115.5,90.0,0,1
noisy_step_and_pause_002,noisy_step_and_pause,13.56667,117.0,90.0,0,0
noisy_step_and_pause_002,noisy_step_and_pause,13.58333,117.0,0.0,0,1
noisy_step_and_pause_002,noisy_step_and_pause,13.6,118.5,90.0,0,1
noisy_step_and_pause_002,noisy_step_and_pause,13.61667,120.0,90.0,0,1
noisy_step_and_pause_002,noisy_step_and_pause,13.63333,121.5,90.0,0,1
noisy_step_and_pause_002,noisy_step_and_pause,13.65,123.0,90.0,0,1
noisy_step_and_pause_002,noisy_step_and_pause,13.66667,124.5,90.0,0,1
noisy_step_and_pause_002,noisy_step_and_pause,13.68333,126.0,90.0,0,1
noisy_step_and_pause_002,noisy_step_and_pause,13.7,127.5,90.0,0,0
noisy_step_and_pause_002,noisy_step_and_pause,13.71667,127.5,0.0,0,1
noisy_step_and_pause_002,noisy_step_and_pause,13.73333,129.0,90.0,0,1
noisy_step_and_pause_002,noisy_step_and_pause,13.75,130.5,90.0,0,1
noisy_step_and_pause_002,noisy_step_and_pause,13.76667,132.0,90.0,0,1
noisy_step_and_pause_002,noisy_step_and_pause,13.78333,133.5,90.0,1,0
noisy_step_and_pause_002,noisy_step_and_pause,13.8,132.0,-90.0,0,1
noisy_step_and_pause_002,noisy_step_and_pause,13.81667,133.5,90.0,0,1
noisy_step_and_pause_002,noisy_step_and_pause,13.83333,135.0,90.0,0,1
noisy_step_and_pause_002,noisy_step_and_pause,13.85,136.5,90.0,0,1
noisy_step_and_pause_002,noisy_step_and_pause,13.86667,138.0,90.0,0,1
noisy_step_and_pause_002,noisy_step_and_pause,13.88333,139.5,90.0,0,1
noisy_step_and_pause_002,noisy_step_and_pause,13.9,141.0,90.0,0,1
noisy_step_and_pause_002,noisy_step_and_pause,13.91667,142.5,90.0,0,1
noisy_step_and_pause_002,noisy_step_and_pause,13.93333,144.0,90.0,0,1
noisy_step_and_pause_002,noisy_step_and_pause,13.95,145.5,90.0,0,1
noisy_step_and_pause_002,noisy_step_and_pause,13.96667,147.0,90.0,0,1
noisy_step_and_pause_002,noisy_step_and_pause,13.98333,148.5,90.0,1,0
noisy_step_and_pause_002,noisy_step_and_pause,14.0,147.0,-90.0,1,0
noisy_step_and_pause_002,noisy_step_and_pause,14.01667,145.5,-90.0,1,0
noisy_step_and_pause_002,noisy_step_and_pause,14.03333,144.0,-90.0,1,0
noisy_step_and_pause_002,noisy_step_and_pause,14.05,142.5,-90.0,1,0
noisy_step_and_pause_002,noisy_step_and_pause,14.06667,141.0,-90.0,1,0
noisy_step_and_pause_002,noisy_step_and_pause,14.08333,139.5,-90.0,1,0
noisy_step_and_pause_002,noisy_step_and_pause,14.1,138.0,-90.0,1,0
noisy_step_and_pause_002,noisy_step_and_pause,14.11667,136.5,-90.0,1,0
noisy_step_and_pause_002,noisy_step_and_pause,14.13333,135.0,-90.0,1,0
noisy_step_and_pause_002,noisy_step_and_pause,14.15,133.5,-90.0,1,0
noisy_step_and_pause_002,noisy_step_and_pause,14.16667,132.0,-90.0,1,0
noisy_step_and_pause_002,noisy_step_and_pause,14.18333,130.5,-90.0,1,0
noisy_step_and_pause_002,noisy_step_and_pause,14.2,129.0,-90.0,1,0
noisy_step_and_pause_002,noisy_step_and_pause,14.21667,127.5,-90.0,1,0
noisy_step_and_pause_002,noisy_step_and_pause,14.23333,126.0,-90.0,1,0
noisy_step_and_pause_002,noisy_step_and_pause,14.25,124.5,-90.0,1,0
noisy_step_and_pause_002,noisy_step_and_pause,14.26667,123.0,-90.0,1,0
noisy_step_and_pause_002,noisy_step_and_pause,14.28333,121.5,-90.0,1,0
noisy_step_and_pause_002,noisy_step_and_pause,14.3,120.0,-90.0,1,0
noisy_step_and_pause_002,noisy_step_and_pause,14.31667,118.5,-90.0,1,0
noisy_step_and_pause_002,noisy_step_and_pause,14.33333,117.0,-90.0,1,0
noisy_step_and_pause_002,noisy_step_and_pause,14.35,115.5,-90.0,1,0
noisy_step_and_pause_002,noisy_step_and_pause,14.36667,114.0,-90.0,1,0
noisy_step_and_pause_002,noisy_step_and_pause,14.38333,112.5,-90.0,1,0
noisy_step_and_pause_002,noisy_step_and_pause,14.4,111.0,-90.0,1,0
noisy_step_and_pause_002,noisy_step_and_pause,14.41667,109.5,-90.0,1,0
noisy_step_and_pause_002,noisy_step_and_pause,14.43333,108.0,-90.0,1,0
noisy_step_and_pause_002,noisy_step_and_pause,14.45,106.5,-90.0,1,0
noisy_step_and_pause_002,noisy_step_and_pause,14.46667,105.0,-90.0,1,0
noisy_step_and_pause_002,noisy_step_and_pause,14.48333,103.5,-90.0,1,0
noisy_step_and_pause_002,noisy_step_and_pause,14.5,102.0,-90.0,0,0
noisy_step_and_pause_002,noisy_step_and_pause,14.51667,102.0,0.0,1,0
noisy_step_and_pause_002,noisy_step_and_pause,14.53333,100.5,-90.0,1,0
noisy_step_and_pause_002,noisy_step_and_pause,14.55,99.0,-90.0,1,0
noisy_step_and_pause_002,noisy_step_and_pause,14.56667,97.5,-90.0,1,0
noisy_step_and_pause_002,noisy_step_and_pause,14.58333,96.0,-90.0,1,0
noisy_step_and_pause_002,noisy_step_and_pause,14.6,94.5,-90.0,1,0
noisy_step_and_pause_002,noisy_step_and_pause,14.61667,93.0,-90.0,1,0
noisy_step_and_pause_002,noisy_step_and_pause,14.63333,91.5,-90.0,1,0
noisy_step_and_pause_002,noisy_step_and_pause,14.65,90.0,-90.0,1,0
noisy_step_and_pause_002,noisy_step_and_pause,14.66667,88.5,-90.0,1,0
noisy_step_and_pause_002,noisy_step_and_pause,14.68333,87.0,-90.0,1,0
noisy_step_and_pause_002,noisy_step_and_pause,14.7,85.5,-90.0,1,0
noisy_step_and_pause_002,noisy_step_and_pause,14.71667,84.0,-90.0,1,0
noisy_step_and_pause_002,noisy_step_and_pause,14.73333,82.5,-90.0,1,0
noisy_step_and_pause_002,noisy_step_and_pause,14.75,81.0,-90.0,1,0
noisy_step_and_pause_002,noisy_step_and_pause,14.76667,79.5,-90.0,1,0
noisy_step_and_pause_002,noisy_step_and_pause,14.78333,78.0,-90.0,1,0
noisy_step_and_pause_002,noisy_step_and_pause,14.8,76.5,-90.0,1,0
noisy_step_and_pause_002,noisy_step_and_pause,14.81667,75.0,-90.0,1,0
noisy_step_and_pause_002,noisy_step_and_pause,14.83333,73.5,-90.0,1,0
noisy_step_and_pause_002,noisy_step_and_pause,14.85,72.0,-90.0,1,0
noisy_step_and_pause_002,noisy_step_and_pause,14.86667,70.5,-90.0,1,0
noisy_step_and_pause_002,noisy_step_and_pause,14.88333,69.0,-90.0,1,0
noisy_step_and_pause_002,noisy_step_and_pause,14.9,67.5,-90.0,1,0
noisy_step_and_pause_002,noisy_step_and_pause,14.91667,66.0,-90.0,1,0
noisy_step_and_pause_002,noisy_step_and_pause,14.93333,64.5,-90.0,1,0
noisy_step_and_pause_002,noisy_step_and_pause,14.95,63.0,-90.0,1,0
noisy_step_and_pause_002,noisy_step_and_pause,14.96667,61.5,-90.0,1,0
noisy_step_and_pause_002,noisy_step_and_pause,14.98333,60.0,-90.0,1,0
noisy_step_and_pause_002,noisy_step_and_pause,15.0,58.5,-90.0,1,0
noisy_step_and_pause_002,noisy_step_and_pause,15.01667,57.0,-90.0,1,0
noisy_step_and_pause_002,noisy_step_and_pause,15.03333,55.5,-90.0,1,0
noisy_step_and_pause_002,noisy_step_and_pause,15.05,54.0,-90.0,1,0
noisy_step_and_pause_002,noisy_step_and_pause,15.06667,52.5,-90.0,1,0
noisy_step_and_pause_002,noisy_step_and_pause,15.08333,51.0,-90.0,1,0
noisy_step_and_pause_002,noisy_step_and_pause,15.1,49.5,-90.0,1,0
noisy_step_and_pause_002,noisy_step_and_pause,15.11667,48.0,-90.0,1,0
noisy_step_and_pause_002,noisy_step_and_pause,15.13333,46.5,-90.0,1,0
noisy_step_and_pause_002,noisy_step_and_pause,15.15,45.0,-90.0,1,0
noisy_step_and_pause_002,noisy_step_and_pause,15.16667,43.5,-90.0,1,0
noisy_step_and_pause_002,noisy_step_and_pause,15.18333,42.0,-90.0,0,1
noisy_step_and_pause_002,noisy_step_and_pause,15.2,43.5,90.0,1,0
noisy_step_and_pause_002,noisy_step_and_pause,15.21667,42.0,-90.0,1,0
noisy_step_and_pause_002,noisy_step_and_pause,15.23333,40.5,-90.0,1,0
noisy_step_and_pause_002,noisy_step_and_pause,15.25,39.0,-90.0,1,0
noisy_step_and_pause_002,noisy_step_and_pause,15.26667,37.5,-90.0,1,0
noisy_step_and_pause_002,noisy_step_and_pause,15.28333,36.0,-90.0,1,0
noisy_step_and_pause_002,noisy_step_and_pause,15.3,34.5,-90.0,1,0
noisy_step_and_pause_002,noisy_step_and_pause,15.31667,33.0,-90.0,1,0
noisy_step_and_pause_002,noisy_step_and_pause,15.33333,31.5,-90.0,1,0
noisy_step_and_pause_002,noisy_step_and_pause,15.35,30.0,-90.0,0,1
noisy_step_and_pause_002,noisy_step_and_pause,15.36667,31.5,90.0,1,0
noisy_step_and_pause_002,noisy_step_and_pause,15.38333,30.0,-90.0,1,0
noisy_step_and_pause_002,noisy_step_and_pause,15.4,28.5,-90.0,1,0
noisy_step_and_pause_002,noisy_step_and_pause,15.41667,27.0,-90.0,1,0
noisy_step_and_pause_002,noisy_step_and_pause,15.43333,25.5,-90.0,1,0
noisy_step_and_pause_002,noisy_step_and_pause,15.45,24.0,-90.0,1,0
noisy_step_and_pause_002,noisy_step_and_pause,15.46667,22.5,-90.0,0,0
noisy_step_and_pause_002,noisy_step_and_pause,15.48333,22.5,0.0,1,0
noisy_step_and_pause_002,noisy_step_and_pause,15.5,21.0,-90.0,1,0
noisy_step_and_pause_002,noisy_step_and_pause,15.51667,19.5,-90.0,1,0
noisy_step_and_pause_002,noisy_step_and_pause,15.53333,18.0,-90.0,1,0
noisy_step_and_pause_002,noisy_step_and_pause,15.55,16.5,-90.0,1,0
noisy_step_and_pause_002,noisy_step_and_pause,15.56667,15.0,-90.0,1,0
noisy_step_and_pause_002,noisy_step_and_pause,15.58333,13.5,-90.0,1,0
noisy_step_and_pause_002,noisy_step_and_pause,15.6,12.0,-90.0,1,0
noisy_step_and_pause_002,noisy_step_and_pause,15.61667,10.5,-90.0,1,0
noisy_step_and_pause_002,noisy_step_and_pause,15.63333,9.0,-90.0,1,0
noisy_step_and_pause_002,noisy_step_and_pause,15.65,7.5,-90.0,1,0
noisy_step_and_pause_002,noisy_step_and_pause,15.66667,6.0,-90.0,1,0
noisy_step_and_pause_002,noisy_step_and_pause,15.68333,4.5,-90.0,1,0
noisy_step_and_pause_002,noisy_step_and_pause,15.7,3.0,-90.0,1,0
noisy_step_and_pause_002,noisy_step_and_pause,15.71667,1.5,-90.0,1,0
noisy_step_and_pause_002,noisy_step_and_pause,15.73333,0.0,-90.0,0,0
noisy_step_and_pause_002,noisy_step_and_pause,15.75,0.0,0.0,0,0
noisy_step_and_pause_002,noisy_step_and_pause,15.76667,0.0,0.0,0,0
noisy_step_and_pause_002,noisy_step_and_pause,15.78333,0.0,0.0,1,0
noisy_step_and_pause_002,noisy_step_and_pause,15.8,0.0,0.0,0,0
noisy_step_and_pause_002,noisy_step_and_pause,15.81667,0.0,0.0,0,0
noisy_step_and_pause_002,noisy_step_and_pause,15.83333,0.0,0.0,0,0
noisy_step_and_pause_002,noisy_step_and_pause,15.85,0.0,0.0,0,0
noisy_step_and_pause_002,noisy_step_and_pause,15.86667,0.0,0.0,0,0
noisy_step_and_pause_002,noisy_step_and_pause,15.88333,0.0,0.0,0,0
noisy_step_and_pause_002,noisy_step_and_pause,15.9,0.0,0.0,0,0
noisy_step_and_pause_002,noisy_step_and_pause,15.91667,0.0,0.0,0,0
noisy_step_and_pause_002,noisy_step_and_pause,15.93333,0.0,0.0,0,0
noisy_step_and_pause_002,noisy_step_and_pause,15.95,0.0,0.0,0,0
noisy_step_and_pause_002,noisy_step_and_pause,15.96667,0.0,0.0,0,0
noisy_step_and_pause_002,noisy_step_and_pause,15.98333,0.0,0.0,0,0
noisy_step_and_pause_002,noisy_step_and_pause,16.0,0.0,0.0,0,0
noisy_step_and_pause_002,noisy_step_and_pause,16.01667,0.0,0.0,0,0
noisy_step_and_pause_002,noisy_step_and_pause,16.03333,0.0,0.0,1,0
noisy_step_and_pause_002,noisy_step_and_pause,16.05,0.0,0.0,0,0
noisy_step_and_pause_002,noisy_step_and_pause,16.06667,0.0,0.0,0,0
noisy_step_and_pause_002,noisy_step_and_pause,16.08333,0.0,0.0,0,0
noisy_step_and_pause_002,noisy_step_and_pause,16.1,0.0,0.0,0,0
noisy_step_and_pause_002,noisy_step_and_pause,16.11667,0.0,0.0,0,0
noisy_step_and_pause_002,noisy_step_and_pause,16.13333,0.0,0.0,0,0
noisy_step_and_pause_002,noisy_step_and_pause,16.15,0.0,0.0,0,0
noisy_step_and_pause_002,noisy_step_and_pause,16.16667,0.0,0.0,0,0
noisy_step_and_pause_002,noisy_step_and_pause,16.18333,0.0,0.0,0,0
noisy_step_and_pause_002,noisy_step_and_pause,16.2,0.0,0.0,0,0
noisy_step_and_pause_002,noisy_step_and_pause,16.21667,0.0,0.0,0,0
noisy_step_and_pause_002,noisy_step_and_pause,16.23333,0.0,0.0,0,0
noisy_step_and_pause_002,noisy_step_and_pause,16.25,0.0,0.0,0,0
noisy_step_and_pause_002,noisy_step_and_pause,16.26667,0.0,0.0,0,0
noisy_step_and_pause_002,noisy_step_and_pause,16.28333,0.0,0.0,0,0
noisy_step_and_pause_002,noisy_step_and_pause,16.3,0.0,0.0,0,0
noisy_step_and_pause_002,noisy_step_and_pause,16.31667,0.0,0.0,0,0
noisy_step_and_pause_002,noisy_step_and_pause,16.33333,0.0,0.0,0,0
noisy_step_and_pause_002,noisy_step_and_pause,16.35,0.0,0.0,0,0
noisy_step_and_pause_002,noisy_step_and_pause,16.36667,0.0,0.0,0,0
noisy_step_and_pause_002,noisy_step_and_pause,16.38333,0.0,0.0,0,0
noisy_step_and_pause_002,noisy_step_and_pause,16.4,0.0,0.0,0,0
noisy_step_and_pause_002,noisy_step_and_pause,16.41667,0.0,0.0,0,0
noisy_step_and_pause_002,noisy_step_and_pause,16.43333,0.0,0.0,0,0
noisy_step_and_pause_002,noisy_step_and_pause,16.45,0.0,0.0,0,0
noisy_step_and_pause_002,noisy_step_and_pause,16.46667,0.0,0.0,0,0
noisy_step_and_pause_002,noisy_step_and_pause,16.48333,0.0,0.0,0,0
noisy_step_and_pause_002,noisy_step_and_pause,16.5,0.0,0.0,0,0
noisy_step_and_pause_002,noisy_step_and_pause,16.51667,0.0,0.0,0,0
noisy_step_and_pause_002,noisy_step_and_pause,16.53333,0.0,0.0,0,0
noisy_step_and_pause_002,noisy_step_and_pause,16.55,0.0,0.0,0,0
noisy_step_and_pause_002,noisy_step_and_pause,16.56667,0.0,0.0,0,0
noisy_step_and_pause_002,noisy_step_and_pause,16.58333,0.0,0.0,0,0
noisy_step_and_pause_002,noisy_step_and_pause,16.6,0.0,0.0,0,0
noisy_step_and_pause_002,noisy_step_and_pause,16.61667,0.0,0.0,0,0
noisy_step_and_pause_002,noisy_step_and_pause,16.63333,0.0,0.0,0,0
noisy_step_and_pause_002,noisy_step_and_pause,16.65,0.0,0.0,0,0
noisy_step_and_pause_002,noisy_step_and_pause,16.66667,0.0,0.0,0,0
noisy_step_and_pause_002,noisy_step_and_pause,16.68333,0.0,0.0,0,0
noisy_step_and_pause_002,noisy_step_and_pause,16.7,0.0,0.0,0,0
noisy_step_and_pause_002,noisy_step_and_pause,16.71667,0.0,0.0,0,0
noisy_step_and_pause_002,noisy_step_and_pause,16.73333,0.0,0.0,0,0
noisy_step_and_pause_002,noisy_step_and_pause,16.75,0.0,0.0,0,0
noisy_step_and_pause_002,noisy_step_and_pause,16.76667,0.0,0.0,0,0
noisy_step_and_pause_002,noisy_step_and_pause,16.78333,0.0,0.0,0,0
noisy_step_and_pause_002,noisy_step_and_pause,16.8,0.0,0.0,0,1
noisy_step_and_pause_002,noisy_step_and_pause,16.81667,1.5,90.0,1,0
noisy_step_and_pause_002,noisy_step_and_pause,16.83333,0.0,-90.0,0,0
noisy_step_and_pause_002,noisy_step_and_pause,16.85,0.0,0.0,0,0
noisy_step_and_pause_002,noisy_step_and_pause,16.86667,0.0,0.0,0,0
noisy_step_and_pause_002,noisy_step_and_pause,16.88333,0.0,0.0,0,0
noisy_step_and_pause_002,noisy_step_and_pause,16.9,0.0,0.0,0,0
noisy_step_and_pause_002,noisy_step_and_pause,16.91667,0.0,0.0,0,0
noisy_step_and_pause_002,noisy_step_and_pause,16.93333,0.0,0.0,0,0
noisy_step_and_pause_002,noisy_step_and_pause,16.95,0.0,0.0,0,0
noisy_step_and_pause_002,noisy_step_and_pause,16.96667,0.0,0.0,0,0
noisy_step_and_pause_002,noisy_step_and_pause,16.98333,0.0,0.0,0,1
noisy_step_and_pause_002,noisy_step_and_pause,17.0,1.5,90.0,1,0
noisy_step_and_pause_002,noisy_step_and_pause,17.01667,0.0,-90.0,0,0
noisy_step_and_pause_002,noisy_step_and_pause,17.03333,0.0,0.0,0,0
noisy_step_and_pause_002,noisy_step_and_pause,17.05,0.0,0.0,0,0
noisy_step_and_pause_002,noisy_step_and_pause,17.06667,0.0,0.0,1,0
noisy_step_and_pause_002,noisy_step_and_pause,17.08333,0.0,0.0,0,0
noisy_step_and_pause_002,noisy_step_and_pause,17.1,0.0,0.0,0,0
noisy_step_and_pause_002,noisy_step_and_pause,17.11667,0.0,0.0,0,0
noisy_step_and_pause_002,noisy_step_and_pause,17.13333,0.0,0.0,0,0
noisy_step_and_pause_002,noisy_step_and_pause,17.15,0.0,0.0,0,0
noisy_step_and_pause_002,noisy_step_and_pause,17.16667,0.0,0.0,0,0
noisy_step_and_pause_002,noisy_step_and_pause,17.18333,0.0,0.0,0,0
noisy_step_and_pause_002,noisy_step_and_pause,17.2,0.0,0.0,0,0
noisy_step_and_pause_002,noisy_step_and_pause,17.21667,0.0,0.0,0,0
noisy_step_and_pause_002,noisy_step_and_pause,17.23333,0.0,0.0,0,0
noisy_step_and_pause_002,noisy_step_and_pause,17.25,0.0,0.0,1,0
noisy_step_and_pause_002,noisy_step_and_pause,17.26667,0.0,0.0,0,0
noisy_step_and_pause_002,noisy_step_and_pause,17.28333,0.0,0.0,0,0
noisy_step_and_pause_002,noisy_step_and_pause,17.3,0.0,0.0,0,0
noisy_step_and_pause_002,noisy_step_and_pause,17.31667,0.0,0.0,0,0
noisy_step_and_pause_002,noisy_step_and_pause,17.33333,0.0,0.0,0,0
noisy_step_and_pause_002,noisy_step_and_pause,17.35,0.0,0.0,0,0
noisy_step_and_pause_002,noisy_step_and_pause,17.36667,0.0,0.0,0,0
noisy_step_and_pause_002,noisy_step_and_pause,17.38333,0.0,0.0,0,0
noisy_step_and_pause_002,noisy_step_and_pause,17.4,0.0,0.0,0,0
noisy_step_and_pause_002,noisy_step_and_pause,17.41667,0.0,0.0,0,1
noisy_step_and_pause_002,noisy_step_and_pause,17.43333,1.5,90.0,1,0
noisy_step_and_pause_002,noisy_step_and_pause,17.45,0.0,-90.0,0,0
noisy_step_and_pause_002,noisy_step_and_pause,17.46667,0.0,0.0,0,0
noisy_step_and_pause_002,noisy_step_and_pause,17.48333,0.0,0.0,0,0
noisy_step_and_pause_002,noisy_step_and_pause,17.5,0.0,0.0,0,0
noisy_step_and_pause_002,noisy_step_and_pause,17.51667,0.0,0.0,0,0
noisy_step_and_pause_002,noisy_step_and_pause,17.53333,0.0,0.0,0,0
noisy_step_and_pause_002,noisy_step_and_pause,17.55,0.0,0.0,0,0
noisy_step_and_pause_002,noisy_step_and_pause,17.56667,0.0,0.0,0,0
noisy_step_and_pause_002,noisy_step_and_pause,17.58333,0.0,0.0,0,0
noisy_step_and_pause_002,noisy_step_and_pause,17.6,0.0,0.0,0,0
noisy_step_and_pause_002,noisy_step_and_pause,17.61667,0.0,0.0,0,0
noisy_step_and_pause_002,noisy_step_and_pause,17.63333,0.0,0.0,0,0
noisy_step_and_pause_002,noisy_step_and_pause,17.65,0.0,0.0,0,0
noisy_step_and_pause_002,noisy_step_and_pause,17.66667,0.0,0.0,0,0
noisy_step_and_pause_002,noisy_step_and_pause,17.68333,0.0,0.0,0,0
noisy_step_and_pause_002,noisy_step_and_pause,17.7,0.0,0.0,0,0
noisy_step_and_pause_002,noisy_step_and_pause,17.71667,0.0,0.0,0,0
noisy_step_and_pause_002,noisy_step_and_pause,17.73333,0.0,0.0,0,0
noisy_step_and_pause_002,noisy_step_and_pause,17.75,0.0,0.0,0,0
noisy_step_and_pause_002,noisy_step_and_pause,17.76667,0.0,0.0,0,0
noisy_step_and_pause_002,noisy_step_and_pause,17.78333,0.0,0.0,0,0
noisy_step_and_pause_002,noisy_step_and_pause,17.8,0.0,0.0,0,0
noisy_step_and_pause_002,noisy_step_and_pause,17.81667,0.0,0.0,0,0
noisy_step_and_pause_002,noisy_step_and_pause,17.83333,0.0,0.0,0,0
noisy_step_and_pause_002,noisy_step_and_pause,17.85,0.0,0.0,0,0
noisy_step_and_pause_002,noisy_step_and_pause,17.86667,0.0,0.0,0,0
noisy_step_and_pause_002,noisy_step_and_pause,17.88333,0.0,0.0,0,0
noisy_step_and_pause_002,noisy_step_and_pause,17.9,0.0,0.0,0,0
noisy_step_and_pause_002,noisy_step_and_pause,17.91667,0.0,0.0,0,0
noisy_step_and_pause_002,noisy_step_and_pause,17.93333,0.0,0.0,0,0
noisy_step_and_pause_002,noisy_step_and_pause,17.95,0.0,0.0,0,0
noisy_step_and_pause_002,noisy_step_and_pause,17.96667,0.0,0.0,0,0
noisy_step_and_pause_002,noisy_step_and_pause,17.98333,0.0,0.0,0,0
noisy_step_and_pause_002,noisy_step_and_pause,18.0,0.0,0.0,0,0
noisy_step_and_pause_002,noisy_step_and_pause,18.01667,0.0,0.0,0,0
noisy_step_and_pause_002,noisy_step_and_pause,18.03333,0.0,0.0,0,0
noisy_step_and_pause_002,noisy_step_and_pause,18.05,0.0,0.0,0,0
noisy_step_and_pause_002,noisy_step_and_pause,18.06667,0.0,0.0,0,0
noisy_step_and_pause_002,noisy_step_and_pause,18.08333,0.0,0.0,0,0
noisy_step_and_pause_002,noisy_step_and_pause,18.1,0.0,0.0,0,0
noisy_step_and_pause_002,noisy_step_and_pause,18.11667,0.0,0.0,0,0
noisy_step_and_pause_002,noisy_step_and_pause,18.13333,0.0,0.0,0,0
noisy_step_and_pause_002,noisy_step_and_pause,18.15,0.0,0.0,0,0
noisy_step_and_pause_002,noisy_step_and_pause,18.16667,0.0,0.0,0,0
noisy_step_and_pause_002,noisy_step_and_pause,18.18333,0.0,0.0,0,0
noisy_step_and_pause_002,noisy_step_and_pause,18.2,0.0,0.0,0,0
noisy_step_and_pause_002,noisy_step_and_pause,18.21667,0.0,0.0,0,0
noisy_step_and_pause_002,noisy_step_and_pause,18.23333,0.0,0.0,0,0
noisy_step_and_pause_002,noisy_step_and_pause,18.25,0.0,0.0,0,0
noisy_step_and_pause_002,noisy_step_and_pause,18.26667,0.0,0.0,0,0
noisy_step_and_pause_002,noisy_step_and_pause,18.28333,0.0,0.0,0,0
noisy_step_and_pause_002,noisy_step_and_pause,18.3,0.0,0.0,0,0
noisy_step_and_pause_002,noisy_step_and_pause,18.31667,0.0,0.0,0,0
noisy_step_and_pause_002,noisy_step_and_pause,18.33333,0.0,0.0,0,0
noisy_step_and_pause_002,noisy_step_and_pause,18.35,0.0,0.0,0,0
noisy_step_and_pause_002,noisy_step_and_pause,18.36667,0.0,0.0,0,1
noisy_step_and_pause_002,noisy_step_and_pause,18.38333,1.5,90.0,0,1
noisy_step_and_pause_002,noisy_step_and_pause,18.4,3.0,90.0,0,1
noisy_step_and_pause_002,noisy_step_and_pause,18.41667,4.5,90.0,0,1
noisy_step_and_pause_002,noisy_step_and_pause,18.43333,6.0,90.0,0,1
noisy_step_and_pause_002,noisy_step_and_pause,18.45,7.5,90.0,0,1
noisy_step_and_pause_002,noisy_step_and_pause,18.46667,9.0,90.0,0,1
noisy_step_and_pause_002,noisy_step_and_pause,18.48333,10.5,90.0,1,0
noisy_step_and_pause_002,noisy_step_and_pause,18.5,9.0,-90.0,0,1
noisy_step_and_pause_002,noisy_step_and_pause,18.51667,10.5,90.0,0,1
noisy_step_and_pause_002,noisy_step_and_pause,18.53333,12.0,90.0,0,1
noisy_step_and_pause_002,noisy_step_and_pause,18.55,13.5,90.0,0,1
noisy_step_and_pause_002,noisy_step_and_pause,18.56667,15.0,90.0,0,1
noisy_step_and_pause_002,noisy_step_and_pause,18.58333,16.5,90.0,0,1
noisy_step_and_pause_002,noisy_step_and_pause,18.6,18.0,90.0,0,1
noisy_step_and_pause_002,noisy_step_and_pause,18.61667,19.5,90.0,0,1
noisy_step_and_pause_002,noisy_step_and_pause,18.63333,21.0,90.0,0,1
noisy_step_and_pause_002,noisy_step_and_pause,18.65,22.5,90.0,0,1
noisy_step_and_pause_002,noisy_step_and_pause,18.66667,24.0,90.0,0,1
noisy_step_and_pause_002,noisy_step_and_pause,18.68333,25.5,90.0,0,1
noisy_step_and_pause_002,noisy_step_and_pause,18.7,27.0,90.0,0,1
noisy_step_and_pause_002,noisy_step_and_pause,18.71667,28.5,90.0,0,1
noisy_step_and_pause_002,noisy_step_and_pause,18.73333,30.0,90.0,0,1
noisy_step_and_pause_002,noisy_step_and_pause,18.75,31.5,90.0,0,1
noisy_step_and_pause_002,noisy_step_and_pause,18.76667,33.0,90.0,0,1
noisy_step_and_pause_002,noisy_step_and_pause,18.78333,34.5,90.0,0,1
noisy_step_and_pause_002,noisy_step_and_pause,18.8,36.0,90.0,0,1
noisy_step_and_pause_002,noisy_step_and_pause,18.81667,37.5,90.0,0,1
noisy_step_and_pause_002,noisy_step_and_pause,18.83333,39.0,90.0,0,1
noisy_step_and_pause_002,noisy_step_and_pause,18.85,40.5,90.0,1,0
noisy_step_and_pause_002,noisy_step_and_pause,18.86667,39.0,-90.0,0,1
noisy_step_and_pause_002,noisy_step_and_pause,18.88333,40.5,90.0,0,1
noisy_step_and_pause_002,noisy_step_and_pause,18.9,42.0,90.0,0,1
noisy_step_and_pause_002,noisy_step_and_pause,18.91667,43.5,90.0,0,1
noisy_step_and_pause_002,noisy_step_and_pause,18.93333,45.0,90.0,0,1
noisy_step_and_pause_002,noisy_step_and_pause,18.95,46.5,90.0,0,0
noisy_step_and_pause_002,noisy_step_and_pause,18.96667,46.5,0.0,0,1
noisy_step_and_pause_002,noisy_step_and_pause,18.98333,48.0,90.0,0,1
noisy_step_and_pause_002,noisy_step_and_pause,19.0,49.5,90.0,0,1
noisy_step_and_pause_002,noisy_step_and_pause,19.01667,51.0,90.0,0,1
noisy_step_and_pause_002,noisy_step_and_pause,19.03333,52.5,90.0,0,1
noisy_step_and_pause_002,noisy_step_and_pause,19.05,54.0,90.0,0,1
noisy_step_and_pause_002,noisy_step_and_pause,19.06667,55.5,90.0,0,1
noisy_step_and_pause_002,noisy_step_and_pause,19.08333,57.0,90.0,0,1
noisy_step_and_pause_002,noisy_step_and_pause,19.1,58.5,90.0,0,1
noisy_step_and_pause_002,noisy_step_and_pause,19.11667,60.0,90.0,0,1
noisy_step_and_pause_002,noisy_step_and_pause,19.13333,61.5,90.0,0,1
noisy_step_and_pause_002,noisy_step_and_pause,19.15,63.0,90.0,0,1
noisy_step_and_pause_002,noisy_step_and_pause,19.16667,64.5,90.0,0,1
noisy_step_and_pause_002,noisy_step_and_pause,19.18333,66.0,90.0,0,1
noisy_step_and_pause_002,noisy_step_and_pause,19.2,67.5,90.0,0,1
noisy_step_and_pause_002,noisy_step_and_pause,19.21667,69.0,90.0,0,1
noisy_step_and_pause_002,noisy_step_and_pause,19.23333,70.5,90.0,0,1
noisy_step_and_pause_002,noisy_step_and_pause,19.25,72.0,90.0,0,1
noisy_step_and_pause_002,noisy_step_and_pause,19.26667,73.5,90.0,0,0
noisy_step_and_pause_002,noisy_step_and_pause,19.28333,73.5,0.0,0,0
noisy_step_and_pause_002,noisy_step_and_pause,19.3,73.5,0.0,0,0
noisy_step_and_pause_002,noisy_step_and_pause,19.31667,73.5,0.0,0,0
noisy_step_and_pause_002,noisy_step_and_pause,19.33333,73.5,0.0,0,0
noisy_step_and_pause_002,noisy_step_and_pause,19.35,73.5,0.0,0,1
noisy_step_and_pause_002,noisy_step_and_pause,19.36667,75.0,90.0,0,0
noisy_step_and_pause_002,noisy_step_and_pause,19.38333,75.0,0.0,0,0
noisy_step_and_pause_002,noisy_step_and_pause,19.4,75.0,0.0,0,0
noisy_step_and_pause_002,noisy_step_and_pause,19.41667,75.0,0.0,0,0
noisy_step_and_pause_002,noisy_step_and_pause,19.43333,75.0,0.0,0,0
noisy_step_and_pause_002,noisy_step_and_pause,19.45,75.0,0.0,0,0
noisy_step_and_pause_002,noisy_step_and_pause,19.46667,75.0,0.0,0,1
noisy_step_and_pause_002,noisy_step_and_pause,19.48333,76.5,90.0,0,0
noisy_step_and_pause_002,noisy_step_and_pause,19.5,76.5,0.0,0,0
noisy_step_and_pause_002,noisy_step_and_pause,19.51667,76.5,0.0,0,1
noisy_step_and_pause_002,noisy_step_and_pause,19.53333,78.0,90.0,0,0
noisy_step_and_pause_002,noisy_step_and_pause,19.55,78.0,0.0,0,0
noisy_step_and_pause_002,noisy_step_and_pause,19.56667,78.0,0.0,0,0
noisy_step_and_pause_002,noisy_step_and_pause,19.58333,78.0,0.0,0,0
noisy_step_and_pause_002,noisy_step_and_pause,19.6,78.0,0.0,0,0
noisy_step_and_pause_002,noisy_step_and_pause,19.61667,78.0,0.0,0,0
noisy_step_and_pause_002,noisy_step_and_pause,19.63333,78.0,0.0,0,0
noisy_step_and_pause_002,noisy_step_and_pause,19.65,78.0,0.0,0,0
noisy_step_and_pause_002,noisy_step_and_pause,19.66667,78.0,0.0,0,0
noisy_step_and_pause_002,noisy_step_and_pause,19.68333,78.0,0.0,0,0
noisy_step_and_pause_002,noisy_step_and_pause,19.7,78.0,0.0,0,0
noisy_step_and_pause_002,noisy_step_and_pause,19.71667,78.0,0.0,0,0
noisy_step_and_pause_002,noisy_step_and_pause,19.73333,78.0,0.0,0,0
noisy_step_and_pause_002,noisy_step_and_pause,19.75,78.0,0.0,0,0
noisy_step_and_pause_002,noisy_step_and_pause,19.76667,78.0,0.0,0,0
noisy_step_and_pause_002,noisy_step_and_pause,19.78333,78.0,0.0,0,0
noisy_step_and_pause_002,noisy_step_and_pause,19.8,78.0,0.0,0,0
noisy_step_and_pause_002,noisy_step_and_pause,19.81667,78.0,0.0,0,0
noisy_step_and_pause_002,noisy_step_and_pause,19.83333,78.0,0.0,0,0
noisy_step_and_pause_002,noisy_step_and_pause,19.85,78.0,0.0,0,0
noisy_step_and_pause_002,noisy_step_and_pause,19.86667,78.0,0.0,0,0
noisy_step_and_pause_002,noisy_step_and_pause,19.88333,78.0,0.0,0,0
noisy_step_and_pause_002,noisy_step_and_pause,19.9,78.0,0.0,0,0
noisy_step_and_pause_002,noisy_step_and_pause,19.91667,78.0,0.0,0,0
noisy_step_and_pause_002,noisy_step_and_pause,19.93333,78.0,0.0,0,0
noisy_step_and_pause_002,noisy_step_and_pause,19.95,78.0,0.0,0,0
noisy_step_and_pause_002,noisy_step_and_pause,19.96667,78.0,0.0,0,0
noisy_step_and_pause_002,noisy_step_and_pause,19.98333,78.0,0.0,0,0
noisy_step_and_pause_002,noisy_step_and_pause,20.0,78.0,0.0,0,0
noisy_step_and_pause_002,noisy_step_and_pause,20.01667,78.0,0.0,0,0
noisy_step_and_pause_002,noisy_step_and_pause,20.03333,78.0,0.0,0,0
noisy_step_and_pause_002,noisy_step_and_pause,20.05,78.0,0.0,0,0
noisy_step_and_pause_002,noisy_step_and_pause,20.06667,78.0,0.0,0,0
noisy_step_and_pause_002,noisy_step_and_pause,20.08333,78.0,0.0,0,1
noisy_step_and_pause_002,noisy_step_and_pause,20.1,79.5,90.0,0,1
noisy_step_and_pause_002,noisy_step_and_pause,20.11667,81.0,90.0,0,1
noisy_step_and_pause_002,noisy_step_and_pause,20.13333,82.5,90.0,0,1
noisy_step_and_pause_002,noisy_step_and_pause,20.15,84.0,90.0,0,1
noisy_step_and_pause_002,noisy_step_and_pause,20.16667,85.5,90.0,0,1
noisy_step_and_pause_002,noisy_step_and_pause,20.18333,87.0,90.0,0,1
noisy_step_and_pause_002,noisy_step_and_pause,20.2,88.5,90.0,0,1
noisy_step_and_pause_002,noisy_step_and_pause,20.21667,90.0,90.0,1,0
noisy_step_and_pause_002,noisy_step_and_pause,20.23333,88.5,-90.0,0,1
noisy_step_and_pause_002,noisy_step_and_pause,20.25,90.0,90.0,0,1
noisy_step_and_pause_002,noisy_step_and_pause,20.26667,91.5,90.0,0,1
noisy_step_and_pause_002,noisy_step_and_pause,20.28333,93.0,90.0,0,1
noisy_step_and_pause_002,noisy_step_and_pause,20.3,94.5,90.0,0,1
noisy_step_and_pause_002,noisy_step_and_pause,20.31667,96.0,90.0,0,1
noisy_step_and_pause_002,noisy_step_and_pause,20.33333,97.5,90.0,0,1
noisy_step_and_pause_002,noisy_step_and_pause,20.35,99.0,90.0,0,1
noisy_step_and_pause_002,noisy_step_and_pause,20.36667,100.5,90.0,0,1
noisy_step_and_pause_002,noisy_step_and_pause,20.38333,102.0,90.0,0,1
noisy_step_and_pause_002,noisy_step_and_pause,20.4,103.5,90.0,0,1
noisy_step_and_pause_002,noisy_step_and_pause,20.41667,105.0,90.0,0,1
noisy_step_and_pause_002,noisy_step_and_pause,20.43333,106.5,90.0,0,1
noisy_step_and_pause_002,noisy_step_and_pause,20.45,108.0,90.0,0,1
noisy_step_and_pause_002,noisy_step_and_pause,20.46667,109.5,90.0,0,1
noisy_step_and_pause_002,noisy_step_and_pause,20.48333,111.0,90.0,0,1
noisy_step_and_pause_002,noisy_step_and_pause,20.5,112.5,90.0,0,1
noisy_step_and_pause_002,noisy_step_and_pause,20.51667,114.0,90.0,0,1
noisy_step_and_pause_002,noisy_step_and_pause,20.53333,115.5,90.0,0,1
noisy_step_and_pause_002,noisy_step_and_pause,20.55,117.0,90.0,0,1
noisy_step_and_pause_002,noisy_step_and_pause,20.56667,118.5,90.0,0,1
noisy_step_and_pause_002,noisy_step_and_pause,20.58333,120.0,90.0,0,1
noisy_step_and_pause_002,noisy_step_and_pause,20.6,121.5,90.0,0,1
noisy_step_and_pause_002,noisy_step_and_pause,20.61667,123.0,90.0,0,1
noisy_step_and_pause_002,noisy_step_and_pause,20.63333,124.5,90.0,0,1
noisy_step_and_pause_002,noisy_step_and_pause,20.65,126.0,90.0,0,1
noisy_step_and_pause_002,noisy_step_and_pause,20.66667,127.5,90.0,0,1
noisy_step_and_pause_002,noisy_step_and_pause,20.68333,129.0,90.0,0,1
noisy_step_and_pause_002,noisy_step_and_pause,20.7,130.5,90.0,0,1
noisy_step_and_pause_002,noisy_step_and_pause,20.71667,132.0,90.0,0,1
noisy_step_and_pause_002,noisy_step_and_pause,20.73333,133.5,90.0,0,1
noisy_step_and_pause_002,noisy_step_and_pause,20.75,135.0,90.0,0,1
noisy_step_and_pause_002,noisy_step_and_pause,20.76667,136.5,90.0,0,1
noisy_step_and_pause_002,noisy_step_and_pause,20.78333,138.0,90.0,0,1
noisy_step_and_pause_002,noisy_step_and_pause,20.8,139.5,90.0,0,1
noisy_step_and_pause_002,noisy_step_and_pause,20.81667,141.0,90.0,0,1
noisy_step_and_pause_002,noisy_step_and_pause,20.83333,142.5,90.0,0,1
noisy_step_and_pause_002,noisy_step_and_pause,20.85,144.0,90.0,0,1
noisy_step_and_pause_002,noisy_step_and_pause,20.86667,145.5,90.0,1,0
noisy_step_and_pause_002,noisy_step_and_pause,20.88333,144.0,-90.0,0,1
noisy_step_and_pause_002,noisy_step_and_pause,20.9,145.5,90.0,0,1
noisy_step_and_pause_002,noisy_step_and_pause,20.91667,147.0,90.0,0,1
noisy_step_and_pause_002,noisy_step_and_pause,20.93333,148.5,90.0,0,1
noisy_step_and_pause_002,noisy_step_and_pause,20.95,150.0,90.0,0,1
noisy_step_and_pause_002,noisy_step_and_pause,20.96667,151.5,90.0,0,1
noisy_step_and_pause_002,noisy_step_and_pause,20.98333,153.0,90.0,0,1
noisy_step_and_pause_002,noisy_step_and_pause,21.0,154.5,90.0,0,1
noisy_step_and_pause_002,noisy_step_and_pause,21.01667,156.0,90.0,0,1
noisy_step_and_pause_002,noisy_step_and_pause,21.03333,157.5,90.0,0,1
noisy_step_and_pause_002,noisy_step_and_pause,21.05,159.0,90.0,0,0
noisy_step_and_pause_002,noisy_step_and_pause,21.06667,159.0,0.0,0,1
noisy_step_and_pause_002,noisy_step_and_pause,21.08333,160.5,90.0,0,1
noisy_step_and_pause_002,noisy_step_and_pause,21.1,162.0,90.0,0,1
noisy_step_and_pause_002,noisy_step_and_pause,21.11667,163.5,90.0,0,1
noisy_step_and_pause_002,noisy_step_and_pause,21.13333,165.0,90.0,0,1
noisy_step_and_pause_002,noisy_step_and_pause,21.15,166.5,90.0,0,1
noisy_step_and_pause_002,noisy_step_and_pause,21.16667,168.0,90.0,0,1
noisy_step_and_pause_002,noisy_step_and_pause,21.18333,169.5,90.0,0,1
noisy_step_and_pause_002,noisy_step_and_pause,21.2,171.0,90.0,0,1
noisy_step_and_pause_002,noisy_step_and_pause,21.21667,172.5,90.0,0,1
noisy_step_and_pause_002,noisy_step_and_pause,21.23333,174.0,90.0,0,1
noisy_step_and_pause_002,noisy_step_and_pause,21.25,175.5,90.0,0,0
noisy_step_and_pause_002,noisy_step_and_pause,21.26667,175.5,0.0,0,0
noisy_step_and_pause_002,noisy_step_and_pause,21.28333,175.5,0.0,0,0
noisy_step_and_pause_002,noisy_step_and_pause,21.3,175.5,0.0,0,0
noisy_step_and_pause_002,noisy_step_and_pause,21.31667,175.5,0.0,0,0
noisy_step_and_pause_002,noisy_step_and_pause,21.33333,175.5,0.0,0,0
noisy_step_and_pause_002,noisy_step_and_pause,21.35,175.5,0.0,0,0
noisy_step_and_pause_002,noisy_step_and_pause,21.36667,175.5,0.0,0,0
noisy_step_and_pause_002,noisy_step_and_pause,21.38333,175.5,0.0,0,0
noisy_step_and_pause_002,noisy_step_and_pause,21.4,175.5,0.0,0,0
noisy_step_and_pause_002,noisy_step_and_pause,21.41667,175.5,0.0,0,0
noisy_step_and_pause_002,noisy_step_and_pause,21.43333,175.5,0.0,0,0
noisy_step_and_pause_002,noisy_step_and_pause,21.45,175.5,0.0,0,0
noisy_step_and_pause_002,noisy_step_and_pause,21.46667,175.5,0.0,0,0
noisy_step_and_pause_002,noisy_step_and_pause,21.48333,175.5,0.0,0,0
noisy_step_and_pause_002,noisy_step_and_pause,21.5,175.5,0.0,0,0
noisy_step_and_pause_002,noisy_step_and_pause,21.51667,175.5,0.0,1,0
noisy_step_and_pause_002,noisy_step_and_pause,21.53333,174.0,-90.0,0,0
noisy_step_and_pause_002,noisy_step_and_pause,21.55,174.0,0.0,0,0
noisy_step_and_pause_002,noisy_step_and_pause,21.56667,174.0,0.0,0,0
noisy_step_and_pause_002,noisy_step_and_pause,21.58333,174.0,0.0,0,0
noisy_step_and_pause_002,noisy_step_and_pause,21.6,174.0,0.0,0,0
noisy_step_and_pause_002,noisy_step_and_pause,21.61667,174.0,0.0,0,0
noisy_step_and_pause_002,noisy_step_and_pause,21.63333,174.0,0.0,0,0
noisy_step_and_pause_002,noisy_step_and_pause,21.65,174.0,0.0,0,0
noisy_step_and_pause_002,noisy_step_and_pause,21.66667,174.0,0.0,0,0
noisy_step_and_pause_002,noisy_step_and_pause,21.68333,174.0,0.0,0,0
noisy_step_and_pause_002,noisy_step_and_pause,21.7,174.0,0.0,0,0
noisy_step_and_pause_002,noisy_step_and_pause,21.71667,174.0,0.0,0,0
noisy_step_and_pause_002,noisy_step_and_pause,21.73333,174.0,0.0,0,0
noisy_step_and_pause_002,noisy_step_and_pause,21.75,174.0,0.0,0,0
noisy_step_and_pause_002,noisy_step_and_pause,21.76667,174.0,0.0,0,0
noisy_step_and_pause_002,noisy_step_and_pause,21.78333,174.0,0.0,0,0
noisy_step_and_pause_002,noisy_step_and_pause,21.8,174.0,0.0,0,0
noisy_step_and_pause_002,noisy_step_and_pause,21.81667,174.0,0.0,0,0
noisy_step_and_pause_002,noisy_step_and_pause,21.83333,174.0,0.0,0,0
noisy_step_and_pause_002,noisy_step_and_pause,21.85,174.0,0.0,0,0
noisy_step_and_pause_002,noisy_step_and_pause,21.86667,174.0,0.0,0,0
noisy_step_and_pause_002,noisy_step_and_pause,21.88333,174.0,0.0,0,0
noisy_step_and_pause_002,noisy_step_and_pause,21.9,174.0,0.0,0,0
noisy_step_and_pause_002,noisy_step_and_pause,21.91667,174.0,0.0,0,0
noisy_step_and_pause_002,noisy_step_and_pause,21.93333,174.0,0.0,0,0
noisy_step_and_pause_002,noisy_step_and_pause,21.95,174.0,0.0,0,0
noisy_step_and_pause_002,noisy_step_and_pause,21.96667,174.0,0.0,0,0
noisy_step_and_pause_002,noisy_step_and_pause,21.98333,174.0,0.0,0,0
noisy_step_and_pause_002,noisy_step_and_pause,22.0,174.0,0.0,0,1
noisy_step_and_pause_002,noisy_step_and_pause,22.01667,175.5,90.0,0,1
noisy_step_and_pause_002,noisy_step_and_pause,22.03333,177.0,90.0,0,1
noisy_step_and_pause_002,noisy_step_and_pause,22.05,178.5,90.0,0,1
noisy_step_and_pause_002,noisy_step_and_pause,22.06667,180.0,90.0,0,1
noisy_step_and_pause_002,noisy_step_and_pause,22.08333,181.5,90.0,0,1
noisy_step_and_pause_002,noisy_step_and_pause,22.1,183.0,90.0,0,1
noisy_step_and_pause_002,noisy_step_and_pause,22.11667,184.5,90.0,0,1
noisy_step_and_pause_002,noisy_step_and_pause,22.13333,186.0,90.0,0,1
noisy_step_and_pause_002,noisy_step_and_pause,22.15,187.5,90.0,0,1
noisy_step_and_pause_002,noisy_step_and_pause,22.16667,189.0,90.0,0,1
noisy_step_and_pause_002,noisy_step_and_pause,22.18333,190.5,90.0,0,1
noisy_step_and_pause_002,noisy_step_and_pause,22.2,192.0,90.0,0,0
noisy_step_and_pause_002,noisy_step_and_pause,22.21667,192.0,0.0,0,1
noisy_step_and_pause_002,noisy_step_and_pause,22.23333,193.5,90.0,0,1
noisy_step_and_pause_002,noisy_step_and_pause,22.25,195.0,90.0,0,1
noisy_step_and_pause_002,noisy_step_and_pause,22.26667,196.5,90.0,0,1
noisy_step_and_pause_002,noisy_step_and_pause,22.28333,198.0,90.0,0,1
noisy_step_and_pause_002,noisy_step_and_pause,22.3,199.5,90.0,0,1
noisy_step_and_pause_002,noisy_step_and_pause,22.31667,201.0,90.0,0,1
noisy_step_and_pause_002,noisy_step_and_pause,22.33333,202.5,90.0,0,1
noisy_step_and_pause_002,noisy_step_and_pause,22.35,204,90.0,0,0
noisy_step_and_pause_002,noisy_step_and_pause,22.36667,204,0.0,0,0
noisy_step_and_pause_002,noisy_step_and_pause,22.38333,204,0.0,0,0
noisy_step_and_pause_002,noisy_step_and_pause,22.4,204,0.0,0,0
noisy_step_and_pause_002,noisy_step_and_pause,22.41667,204,0.0,0,0
noisy_step_and_pause_002,noisy_step_and_pause,22.43333,204,0.0,0,0
noisy_step_and_pause_002,noisy_step_and_pause,22.45,204,0.0,0,0
noisy_step_and_pause_002,noisy_step_and_pause,22.46667,204,0.0,0,0
noisy_step_and_pause_002,noisy_step_and_pause,22.48333,204,0.0,0,1
noisy_step_and_pause_002,noisy_step_and_pause,22.5,204,0.0,0,0
noisy_step_and_pause_002,noisy_step_and_pause,22.51667,204,0.0,0,0
noisy_step_and_pause_002,noisy_step_and_pause,22.53333,204,0.0,0,0
noisy_step_and_pause_002,noisy_step_and_pause,22.55,204,0.0,0,0
noisy_step_and_pause_002,noisy_step_and_pause,22.56667,204,0.0,0,0
noisy_step_and_pause_002,noisy_step_and_pause,22.58333,204,0.0,0,0
noisy_step_and_pause_002,noisy_step_and_pause,22.6,204,0.0,0,0
noisy_step_and_pause_002,noisy_step_and_pause,22.61667,204,0.0,0,0
noisy_step_and_pause_002,noisy_step_and_pause,22.63333,204,0.0,0,0
noisy_step_and_pause_002,noisy_step_and_pause,22.65,204,0.0,0,0
noisy_step_and_pause_002,noisy_step_and_pause,22.66667,204,0.0,0,0
noisy_step_and_pause_002,noisy_step_and_pause,22.68333,204,0.0,0,0
noisy_step_and_pause_002,noisy_step_and_pause,22.7,204,0.0,0,0
noisy_step_and_pause_002,noisy_step_and_pause,22.71667,204,0.0,0,0
noisy_step_and_pause_002,noisy_step_and_pause,22.73333,204,0.0,0,0
noisy_step_and_pause_002,noisy_step_and_pause,22.75,204,0.0,0,0
noisy_step_and_pause_002,noisy_step_and_pause,22.76667,204,0.0,0,0
noisy_step_and_pause_002,noisy_step_and_pause,22.78333,204,0.0,0,0
noisy_step_and_pause_002,noisy_step_and_pause,22.8,204,0.0,0,1
noisy_step_and_pause_002,noisy_step_and_pause,22.81667,204,0.0,0,0
noisy_step_and_pause_002,noisy_step_and_pause,22.83333,204,0.0,0,0
noisy_step_and_pause_002,noisy_step_and_pause,22.85,204,0.0,0,0
noisy_step_and_pause_002,noisy_step_and_pause,22.86667,204,0.0,0,0
noisy_step_and_pause_002,noisy_step_and_pause,22.88333,204,0.0,0,0
noisy_step_and_pause_002,noisy_step_and_pause,22.9,204,0.0,0,0
noisy_step_and_pause_002,noisy_step_and_pause,22.91667,204,0.0,0,0
noisy_step_and_pause_002,noisy_step_and_pause,22.93333,204,0.0,0,0
noisy_step_and_pause_002,noisy_step_and_pause,22.95,204,0.0,0,0
noisy_step_and_pause_002,noisy_step_and_pause,22.96667,204,0.0,0,1
noisy_step_and_pause_002,noisy_step_and_pause,22.98333,204,0.0,0,0
noisy_step_and_pause_002,noisy_step_and_pause,23.0,204,0.0,0,0
noisy_step_and_pause_002,noisy_step_and_pause,23.01667,204,0.0,0,0
noisy_step_and_pause_002,noisy_step_and_pause,23.03333,204,0.0,0,0
noisy_step_and_pause_002,noisy_step_and_pause,23.05,204,0.0,0,0
noisy_step_and_pause_002,noisy_step_and_pause,23.06667,204,0.0,0,0
noisy_step_and_pause_002,noisy_step_and_pause,23.08333,204,0.0,0,0
noisy_step_and_pause_002,noisy_step_and_pause,23.1,204,0.0,0,0
noisy_step_and_pause_002,noisy_step_and_pause,23.11667,204,0.0,0,0
noisy_step_and_pause_002,noisy_step_and_pause,23.13333,204,0.0,0,0
noisy_step_and_pause_002,noisy_step_and_pause,23.15,204,0.0,0,0
noisy_step_and_pause_002,noisy_step_and_pause,23.16667,204,0.0,0,0
noisy_step_and_pause_002,noisy_step_and_pause,23.18333,204,0.0,0,0
noisy_step_and_pause_002,noisy_step_and_pause,23.2,204,0.0,0,0
noisy_step_and_pause_002,noisy_step_and_pause,23.21667,204,0.0,0,0
noisy_step_and_pause_002,noisy_step_and_pause,23.23333,204,0.0,0,0
noisy_step_and_pause_002,noisy_step_and_pause,23.25,204,0.0,0,0
noisy_step_and_pause_002,noisy_step_and_pause,23.26667,204,0.0,1,0
noisy_step_and_pause_002,noisy_step_and_pause,23.28333,202.5,-90.0,0,0
noisy_step_and_pause_002,noisy_step_and_pause,23.3,202.5,0.0,0,0
noisy_step_and_pause_002,noisy_step_and_pause,23.31667,202.5,0.0,0,0
noisy_step_and_pause_002,noisy_step_and_pause,23.33333,202.5,0.0,0,0
noisy_step_and_pause_002,noisy_step_and_pause,23.35,202.5,0.0,0,0
noisy_step_and_pause_002,noisy_step_and_pause,23.36667,202.5,0.0,0,0
noisy_step_and_pause_002,noisy_step_and_pause,23.38333,202.5,0.0,0,0
noisy_step_and_pause_002,noisy_step_and_pause,23.4,202.5,0.0,0,0
noisy_step_and_pause_002,noisy_step_and_pause,23.41667,202.5,0.0,0,0
noisy_step_and_pause_002,noisy_step_and_pause,23.43333,202.5,0.0,0,0
noisy_step_and_pause_002,noisy_step_and_pause,23.45,202.5,0.0,0,0
noisy_step_and_pause_002,noisy_step_and_pause,23.46667,202.5,0.0,0,1
noisy_step_and_pause_002,noisy_step_and_pause,23.48333,204,90.0,0,0
noisy_step_and_pause_002,noisy_step_and_pause,23.5,204,0.0,1,0
noisy_step_and_pause_002,noisy_step_and_pause,23.51667,202.5,-90.0,0,0
noisy_step_and_pause_002,noisy_step_and_pause,23.53333,202.5,0.0,0,1
noisy_step_and_pause_002,noisy_step_and_pause,23.55,204,90.0,0,0
noisy_step_and_pause_002,noisy_step_and_pause,23.56667,204,0.0,0,1
noisy_step_and_pause_002,noisy_step_and_pause,23.58333,204,0.0,0,0
noisy_step_and_pause_002,noisy_step_and_pause,23.6,204,0.0,0,0
noisy_step_and_pause_002,noisy_step_and_pause,23.61667,204,0.0,0,0
noisy_step_and_pause_002,noisy_step_and_pause,23.63333,204,0.0,0,0
noisy_step_and_pause_002,noisy_step_and_pause,23.65,204,0.0,0,0
noisy_step_and_pause_002,noisy_step_and_pause,23.66667,204,0.0,0,0
noisy_step_and_pause_002,noisy_step_and_pause,23.68333,204,0.0,0,0
noisy_step_and_pause_002,noisy_step_and_pause,23.7,204,0.0,0,0
noisy_step_and_pause_002,noisy_step_and_pause,23.71667,204,0.0,0,0
noisy_step_and_pause_002,noisy_step_and_pause,23.73333,204,0.0,0,0
noisy_step_and_pause_002,noisy_step_and_pause,23.75,204,0.0,0,0
noisy_step_and_pause_002,noisy_step_and_pause,23.76667,204,0.0,0,0
noisy_step_and_pause_002,noisy_step_and_pause,23.78333,204,0.0,0,0
noisy_step_and_pause_002,noisy_step_and_pause,23.8,204,0.0,0,0
noisy_step_and_pause_002,noisy_step_and_pause,23.81667,204,0.0,0,0
noisy_step_and_pause_002,noisy_step_and_pause,23.83333,204,0.0,0,0
noisy_step_and_pause_002,noisy_step_and_pause,23.85,204,0.0,0,0
noisy_step_and_pause_002,noisy_step_and_pause,23.86667,204,0.0,0,0
noisy_step_and_pause_002,noisy_step_and_pause,23.88333,204,0.0,0,0
noisy_step_and_pause_002,noisy_step_and_pause,23.9,204,0.0,0,0
noisy_step_and_pause_002,noisy_step_and_pause,23.91667,204,0.0,0,0
noisy_step_and_pause_002,noisy_step_and_pause,23.93333,204,0.0,0,0
noisy_step_and_pause_002,noisy_step_and_pause,23.95,204,0.0,0,0
noisy_step_and_pause_002,noisy_step_and_pause,23.96667,204,0.0,0,0
noisy_step_and_pause_002,noisy_step_and_pause,23.98333,204,0.0,0,0
noisy_step_and_pause_002,noisy_step_and_pause,24.0,204,0.0,0,0
noisy_step_and_pause_002,noisy_step_and_pause,24.01667,204,0.0,0,0
noisy_step_and_pause_002,noisy_step_and_pause,24.03333,204,0.0,0,0
noisy_step_and_pause_002,noisy_step_and_pause,24.05,204,0.0,0,0
noisy_step_and_pause_002,noisy_step_and_pause,24.06667,204,0.0,0,0
noisy_step_and_pause_002,noisy_step_and_pause,24.08333,204,0.0,0,0
noisy_step_and_pause_002,noisy_step_and_pause,24.1,204,0.0,0,0
noisy_step_and_pause_002,noisy_step_and_pause,24.11667,204,0.0,0,0
noisy_step_and_pause_002,noisy_step_and_pause,24.13333,204,0.0,0,0
noisy_step_and_pause_002,noisy_step_and_pause,24.15,204,0.0,1,0
noisy_step_and_pause_002,noisy_step_and_pause,24.16667,202.5,-90.0,0,0
noisy_step_and_pause_002,noisy_step_and_pause,24.18333,202.5,0.0,0,1
noisy_step_and_pause_002,noisy_step_and_pause,24.2,204,90.0,0,0
noisy_step_and_pause_002,noisy_step_and_pause,24.21667,204,0.0,0,0
noisy_step_and_pause_002,noisy_step_and_pause,24.23333,204,0.0,0,0
noisy_step_and_pause_002,noisy_step_and_pause,24.25,204,0.0,0,0
noisy_step_and_pause_002,noisy_step_and_pause,24.26667,204,0.0,0,0
noisy_step_and_pause_002,noisy_step_and_pause,24.28333,204,0.0,0,0
noisy_step_and_pause_002,noisy_step_and_pause,24.3,204,0.0,0,0
noisy_step_and_pause_002,noisy_step_and_pause,24.31667,204,0.0,0,0
noisy_step_and_pause_002,noisy_step_and_pause,24.33333,204,0.0,0,0
noisy_step_and_pause_002,noisy_step_and_pause,24.35,204,0.0,0,0
noisy_step_and_pause_002,noisy_step_and_pause,24.36667,204,0.0,0,0
noisy_step_and_pause_002,noisy_step_and_pause,24.38333,204,0.0,0,0
noisy_step_and_pause_002,noisy_step_and_pause,24.4,204,0.0,0,0
noisy_step_and_pause_002,noisy_step_and_pause,24.41667,204,0.0,0,0
noisy_step_and_pause_002,noisy_step_and_pause,24.43333,204,0.0,0,0
noisy_step_and_pause_002,noisy_step_and_pause,24.45,204,0.0,0,0
noisy_step_and_pause_002,noisy_step_and_pause,24.46667,204,0.0,0,0
noisy_step_and_pause_002,noisy_step_and_pause,24.48333,204,0.0,0,0
noisy_step_and_pause_002,noisy_step_and_pause,24.5,204,0.0,0,0
noisy_step_and_pause_002,noisy_step_and_pause,24.51667,204,0.0,0,0
noisy_step_and_pause_002,noisy_step_and_pause,24.53333,204,0.0,0,0
noisy_step_and_pause_002,noisy_step_and_pause,24.55,204,0.0,0,0
noisy_step_and_pause_002,noisy_step_and_pause,24.56667,204,0.0,0,0
noisy_step_and_pause_002,noisy_step_and_pause,24.58333,204,0.0,0,0
noisy_step_and_pause_002,noisy_step_and_pause,24.6,204,0.0,0,1
noisy_step_and_pause_002,noisy_step_and_pause,24.61667,204,0.0,0,0
noisy_step_and_pause_002,noisy_step_and_pause,24.63333,204,0.0,0,0
noisy_step_and_pause_002,noisy_step_and_pause,24.65,204,0.0,0,0
noisy_step_and_pause_002,noisy_step_and_pause,24.66667,204,0.0,0,0
noisy_step_and_pause_002,noisy_step_and_pause,24.68333,204,0.0,0,0
noisy_step_and_pause_002,noisy_step_and_pause,24.7,204,0.0,0,0
noisy_step_and_pause_002,noisy_step_and_pause,24.71667,204,0.0,0,0
noisy_step_and_pause_002,noisy_step_and_pause,24.73333,204,0.0,0,0
noisy_step_and_pause_002,noisy_step_and_pause,24.75,204,0.0,0,0
noisy_step_and_pause_002,noisy_step_and_pause,24.76667,204,0.0,0,0
noisy_step_and_pause_002,noisy_step_and_pause,24.78333,204,0.0,0,0
noisy_step_and_pause_002,noisy_step_and_pause,24.8,204,0.0,0,0
noisy_step_and_pause_002,noisy_step_and_pause,24.81667,204,0.0,0,0
noisy_step_and_pause_002,noisy_step_and_pause,24.83333,204,0.0,0,0
noisy_step_and_pause_002,noisy_step_and_pause,24.85,204,0.0,0,0
noisy_step_and_pause_002,noisy_step_and_pause,24.86667,204,0.0,0,0
noisy_step_and_pause_002,noisy_step_and_pause,24.88333,204,0.0,0,0
noisy_step_and_pause_002,noisy_step_and_pause,24.9,204,0.0,0,0
noisy_step_and_pause_002,noisy_step_and_pause,24.91667,204,0.0,0,0
noisy_step_and_pause_002,noisy_step_and_pause,24.93333,204,0.0,0,0
noisy_step_and_pause_002,noisy_step_and_pause,24.95,204,0.0,0,0
noisy_step_and_pause_002,noisy_step_and_pause,24.96667,204,0.0,0,0
noisy_step_and_pause_002,noisy_step_and_pause,24.98333,204,0.0,0,0
noisy_step_and_pause_002,noisy_step_and_pause,25.0,204,0.0,0,0
noisy_step_and_pause_002,noisy_step_and_pause,25.01667,204,0.0,0,0
noisy_step_and_pause_002,noisy_step_and_pause,25.03333,204,0.0,0,0
noisy_step_and_pause_002,noisy_step_and_pause,25.05,204,0.0,0,0
noisy_step_and_pause_002,noisy_step_and_pause,25.06667,204,0.0,0,0
noisy_step_and_pause_002,noisy_step_and_pause,25.08333,204,0.0,0,0
noisy_step_and_pause_002,noisy_step_and_pause,25.1,204,0.0,0,0
noisy_step_and_pause_002,noisy_step_and_pause,25.11667,204,0.0,0,0
noisy_step_and_pause_002,noisy_step_and_pause,25.13333,204,0.0,0,0
noisy_step_and_pause_002,noisy_step_and_pause,25.15,204,0.0,0,0
noisy_step_and_pause_002,noisy_step_and_pause,25.16667,204,0.0,0,0
noisy_step_and_pause_002,noisy_step_and_pause,25.18333,204,0.0,0,0
noisy_step_and_pause_002,noisy_step_and_pause,25.2,204,0.0,0,0
noisy_step_and_pause_002,noisy_step_and_pause,25.21667,204,0.0,0,0
noisy_step_and_pause_002,noisy_step_and_pause,25.23333,204,0.0,0,0
noisy_step_and_pause_002,noisy_step_and_pause,25.25,204,0.0,0,0
noisy_step_and_pause_002,noisy_step_and_pause,25.26667,204,0.0,1,0
noisy_step_and_pause_002,noisy_step_and_pause,25.28333,202.5,-90.0,0,0
noisy_step_and_pause_002,noisy_step_and_pause,25.3,202.5,0.0,0,0
noisy_step_and_pause_002,noisy_step_and_pause,25.31667,202.5,0.0,0,0
noisy_step_and_pause_002,noisy_step_and_pause,25.33333,202.5,0.0,0,0
noisy_step_and_pause_002,noisy_step_and_pause,25.35,202.5,0.0,0,0
noisy_step_and_pause_002,noisy_step_and_pause,25.36667,202.5,0.0,0,0
noisy_step_and_pause_002,noisy_step_and_pause,25.38333,202.5,0.0,1,0
noisy_step_and_pause_002,noisy_step_and_pause,25.4,201.0,-90.0,1,0
noisy_step_and_pause_002,noisy_step_and_pause,25.41667,199.5,-90.0,1,0
noisy_step_and_pause_002,noisy_step_and_pause,25.43333,198.0,-90.0,1,0
noisy_step_and_pause_002,noisy_step_and_pause,25.45,196.5,-90.0,1,0
noisy_step_and_pause_002,noisy_step_and_pause,25.46667,195.0,-90.0,1,0
noisy_step_and_pause_002,noisy_step_and_pause,25.48333,193.5,-90.0,1,0
noisy_step_and_pause_002,noisy_step_and_pause,25.5,192.0,-90.0,1,0
noisy_step_and_pause_002,noisy_step_and_pause,25.51667,190.5,-90.0,1,0
noisy_step_and_pause_002,noisy_step_and_pause,25.53333,189.0,-90.0,1,0
noisy_step_and_pause_002,noisy_step_and_pause,25.55,187.5,-90.0,1,0
noisy_step_and_pause_002,noisy_step_and_pause,25.56667,186.0,-90.0,1,0
noisy_step_and_pause_002,noisy_step_and_pause,25.58333,184.5,-90.0,1,0
noisy_step_and_pause_002,noisy_step_and_pause,25.6,183.0,-90.0,1,0
noisy_step_and_pause_002,noisy_step_and_pause,25.61667,181.5,-90.0,1,0
noisy_step_and_pause_002,noisy_step_and_pause,25.63333,180.0,-90.0,1,0
noisy_step_and_pause_002,noisy_step_and_pause,25.65,178.5,-90.0,1,0
noisy_step_and_pause_002,noisy_step_and_pause,25.66667,177.0,-90.0,0,1
noisy_step_and_pause_002,noisy_step_and_pause,25.68333,178.5,90.0,1,0
noisy_step_and_pause_002,noisy_step_and_pause,25.7,177.0,-90.0,1,0
noisy_step_and_pause_002,noisy_step_and_pause,25.71667,175.5,-90.0,1,0
noisy_step_and_pause_002,noisy_step_and_pause,25.73333,174.0,-90.0,1,0
noisy_step_and_pause_002,noisy_step_and_pause,25.75,172.5,-90.0,1,0
noisy_step_and_pause_002,noisy_step_and_pause,25.76667,171.0,-90.0,1,0
noisy_step_and_pause_002,noisy_step_and_pause,25.78333,169.5,-90.0,1,0
noisy_step_and_pause_002,noisy_step_and_pause,25.8,168.0,-90.0,1,0
noisy_step_and_pause_002,noisy_step_and_pause,25.81667,166.5,-90.0,1,0
noisy_step_and_pause_002,noisy_step_and_pause,25.83333,165.0,-90.0,1,0
noisy_step_and_pause_002,noisy_step_and_pause,25.85,163.5,-90.0,1,0
noisy_step_and_pause_002,noisy_step_and_pause,25.86667,162.0,-90.0,1,0
noisy_step_and_pause_002,noisy_step_and_pause,25.88333,160.5,-90.0,1,0
noisy_step_and_pause_002,noisy_step_and_pause,25.9,159.0,-90.0,1,0
noisy_step_and_pause_002,noisy_step_and_pause,25.91667,157.5,-90.0,1,0
noisy_step_and_pause_002,noisy_step_and_pause,25.93333,156.0,-90.0,1,0
noisy_step_and_pause_002,noisy_step_and_pause,25.95,154.5,-90.0,1,0
noisy_step_and_pause_002,noisy_step_and_pause,25.96667,153.0,-90.0,1,0
noisy_step_and_pause_002,noisy_step_and_pause,25.98333,151.5,-90.0,1,0
noisy_step_and_pause_002,noisy_step_and_pause,26.0,150.0,-90.0,1,0
noisy_step_and_pause_002,noisy_step_and_pause,26.01667,148.5,-90.0,1,0
noisy_step_and_pause_002,noisy_step_and_pause,26.03333,147.0,-90.0,1,0
noisy_step_and_pause_002,noisy_step_and_pause,26.05,145.5,-90.0,1,0
noisy_step_and_pause_002,noisy_step_and_pause,26.06667,144.0,-90.0,1,0
noisy_step_and_pause_002,noisy_step_and_pause,26.08333,142.5,-90.0,1,0
noisy_step_and_pause_002,noisy_step_and_pause,26.1,141.0,-90.0,1,0
noisy_step_and_pause_002,noisy_step_and_pause,26.11667,139.5,-90.0,1,0
noisy_step_and_pause_002,noisy_step_and_pause,26.13333,138.0,-90.0,1,0
noisy_step_and_pause_002,noisy_step_and_pause,26.15,136.5,-90.0,1,0
noisy_step_and_pause_002,noisy_step_and_pause,26.16667,135.0,-90.0,1,0
noisy_step_and_pause_002,noisy_step_and_pause,26.18333,133.5,-90.0,0,0
noisy_step_and_pause_002,noisy_step_and_pause,26.2,133.5,0.0,1,0
noisy_step_and_pause_002,noisy_step_and_pause,26.21667,132.0,-90.0,1,0
noisy_step_and_pause_002,noisy_step_and_pause,26.23333,130.5,-90.0,1,0
noisy_step_and_pause_002,noisy_step_and_pause,26.25,129.0,-90.0,1,0
noisy_step_and_pause_002,noisy_step_and_pause,26.26667,127.5,-90.0,1,0
noisy_step_and_pause_002,noisy_step_and_pause,26.28333,126.0,-90.0,0,1
noisy_step_and_pause_002,noisy_step_and_pause,26.3,127.5,90.0,0,1
noisy_step_and_pause_002,noisy_step_and_pause,26.31667,129.0,90.0,0,1
noisy_step_and_pause_002,noisy_step_and_pause,26.33333,130.5,90.0,0,1
noisy_step_and_pause_002,noisy_step_and_pause,26.35,132.0,90.0,1,0
noisy_step_and_pause_002,noisy_step_and_pause,26.36667,130.5,-90.0,0,1
noisy_step_and_pause_002,noisy_step_and_pause,26.38333,132.0,90.0,0,1
noisy_step_and_pause_002,noisy_step_and_pause,26.4,133.5,90.0,0,1
noisy_step_and_pause_002,noisy_step_and_pause,26.41667,135.0,90.0,0,1
noisy_step_and_pause_002,noisy_step_and_pause,26.43333,136.5,90.0,0,1
noisy_step_and_pause_002,noisy_step_and_pause,26.45,138.0,90.0,0,1
noisy_step_and_pause_002,noisy_step_and_pause,26.46667,139.5,90.0,0,1
noisy_step_and_pause_002,noisy_step_and_pause,26.48333,141.0,90.0,0,1
noisy_step_and_pause_002,noisy_step_and_pause,26.5,142.5,90.0,0,1
noisy_step_and_pause_002,noisy_step_and_pause,26.51667,144.0,90.0,0,1
noisy_step_and_pause_002,noisy_step_and_pause,26.53333,145.5,90.0,0,1
noisy_step_and_pause_002,noisy_step_and_pause,26.55,147.0,90.0,0,1
noisy_step_and_pause_002,noisy_step_and_pause,26.56667,148.5,90.0,1,0
noisy_step_and_pause_002,noisy_step_and_pause,26.58333,147.0,-90.0,0,0
noisy_step_and_pause_002,noisy_step_and_pause,26.6,147.0,0.0,0,1
noisy_step_and_pause_002,noisy_step_and_pause,26.61667,148.5,90.0,0,1
noisy_step_and_pause_002,noisy_step_and_pause,26.63333,150.0,90.0,0,1
noisy_step_and_pause_002,noisy_step_and_pause,26.65,151.5,90.0,0,1
noisy_step_and_pause_002,noisy_step_and_pause,26.66667,153.0,90.0,0,1
noisy_step_and_pause_002,noisy_step_and_pause,26.68333,154.5,90.0,0,1
noisy_step_and_pause_002,noisy_step_and_pause,26.7,156.0,90.0,0,1
noisy_step_and_pause_002,noisy_step_and_pause,26.71667,157.5,90.0,0,1
noisy_step_and_pause_002,noisy_step_and_pause,26.73333,159.0,90.0,0,1
noisy_step_and_pause_002,noisy_step_and_pause,26.75,160.5,90.0,0,1
noisy_step_and_pause_002,noisy_step_and_pause,26.76667,162.0,90.0,0,1
noisy_step_and_pause_002,noisy_step_and_pause,26.78333,163.5,90.0,0,1
noisy_step_and_pause_002,noisy_step_and_pause,26.8,165.0,90.0,0,1
noisy_step_and_pause_002,noisy_step_and_pause,26.81667,166.5,90.0,0,1
noisy_step_and_pause_002,noisy_step_and_pause,26.83333,168.0,90.0,0,1
noisy_step_and_pause_002,noisy_step_and_pause,26.85,169.5,90.0,0,1
noisy_step_and_pause_002,noisy_step_and_pause,26.86667,171.0,90.0,1,0
noisy_step_and_pause_002,noisy_step_and_pause,26.88333,169.5,-90.0,0,1
noisy_step_and_pause_002,noisy_step_and_pause,26.9,171.0,90.0,0,1
noisy_step_and_pause_002,noisy_step_and_pause,26.91667,172.5,90.0,0,1
noisy_step_and_pause_002,noisy_step_and_pause,26.93333,174.0,90.0,0,1
noisy_step_and_pause_002,noisy_step_and_pause,26.95,175.5,90.0,0,1
noisy_step_and_pause_002,noisy_step_and_pause,26.96667,177.0,90.0,0,1
noisy_step_and_pause_002,noisy_step_and_pause,26.98333,178.5,90.0,0,1
noisy_step_and_pause_002,noisy_step_and_pause,27.0,180.0,90.0,0,1
noisy_step_and_pause_002,noisy_step_and_pause,27.01667,181.5,90.0,0,1
noisy_step_and_pause_002,noisy_step_and_pause,27.03333,183.0,90.0,0,0
noisy_step_and_pause_002,noisy_step_and_pause,27.05,183.0,0.0,0,1
noisy_step_and_pause_002,noisy_step_and_pause,27.06667,184.5,90.0,0,1
noisy_step_and_pause_002,noisy_step_and_pause,27.08333,186.0,90.0,1,0
noisy_step_and_pause_002,noisy_step_and_pause,27.1,184.5,-90.0,0,1
noisy_step_and_pause_002,noisy_step_and_pause,27.11667,186.0,90.0,0,1
noisy_step_and_pause_002,noisy_step_and_pause,27.13333,187.5,90.0,0,1
noisy_step_and_pause_002,noisy_step_and_pause,27.15,189.0,90.0,0,1
noisy_step_and_pause_002,noisy_step_and_pause,27.16667,190.5,90.0,0,1
noisy_step_and_pause_002,noisy_step_and_pause,27.18333,192.0,90.0,0,1
noisy_step_and_pause_002,noisy_step_and_pause,27.2,193.5,90.0,0,1
noisy_step_and_pause_002,noisy_step_and_pause,27.21667,195.0,90.0,0,1
noisy_step_and_pause_002,noisy_step_and_pause,27.23333,196.5,90.0,0,1
noisy_step_and_pause_002,noisy_step_and_pause,27.25,198.0,90.0,0,1
noisy_step_and_pause_002,noisy_step_and_pause,27.26667,199.5,90.0,0,1
noisy_step_and_pause_002,noisy_step_and_pause,27.28333,201.0,90.0,0,1
noisy_step_and_pause_002,noisy_step_and_pause,27.3,202.5,90.0,0,1
noisy_step_and_pause_002,noisy_step_and_pause,27.31667,204,90.0,0,0
noisy_step_and_pause_002,noisy_step_and_pause,27.33333,204,0.0,0,0
noisy_step_and_pause_002,noisy_step_and_pause,27.35,204,0.0,0,0
noisy_step_and_pause_002,noisy_step_and_pause,27.36667,204,0.0,0,0
noisy_step_and_pause_002,noisy_step_and_pause,27.38333,204,0.0,0,0
noisy_step_and_pause_002,noisy_step_and_pause,27.4,204,0.0,0,0
noisy_step_and_pause_002,noisy_step_and_pause,27.41667,204,0.0,0,0
noisy_step_and_pause_002,noisy_step_and_pause,27.43333,204,0.0,0,0
noisy_step_and_pause_002,noisy_step_and_pause,27.45,204,0.0,0,0
noisy_step_and_pause_002,noisy_step_and_pause,27.46667,204,0.0,0,0
noisy_step_and_pause_002,noisy_step_and_pause,27.48333,204,0.0,0,0
noisy_step_and_pause_002,noisy_step_and_pause,27.5,204,0.0,0,0
noisy_step_and_pause_002,noisy_step_and_pause,27.51667,204,0.0,0,0
noisy_step_and_pause_002,noisy_step_and_pause,27.53333,204,0.0,0,0
noisy_step_and_pause_002,noisy_step_and_pause,27.55,204,0.0,0,0
noisy_step_and_pause_002,noisy_step_and_pause,27.56667,204,0.0,0,0
noisy_step_and_pause_002,noisy_step_and_pause,27.58333,204,0.0,0,0
noisy_step_and_pause_002,noisy_step_and_pause,27.6,204,0.0,0,0
noisy_step_and_pause_002,noisy_step_and_pause,27.61667,204,0.0,0,0
noisy_step_and_pause_002,noisy_step_and_pause,27.63333,204,0.0,0,0
noisy_step_and_pause_002,noisy_step_and_pause,27.65,204,0.0,0,0
noisy_step_and_pause_002,noisy_step_and_pause,27.66667,204,0.0,0,0
noisy_step_and_pause_002,noisy_step_and_pause,27.68333,204,0.0,0,0
noisy_step_and_pause_002,noisy_step_and_pause,27.7,204,0.0,0,0
noisy_step_and_pause_002,noisy_step_and_pause,27.71667,204,0.0,0,1
noisy_step_and_pause_002,noisy_step_and_pause,27.73333,204,0.0,0,0
noisy_step_and_pause_002,noisy_step_and_pause,27.75,204,0.0,0,0
noisy_step_and_pause_002,noisy_step_and_pause,27.76667,204,0.0,0,0
noisy_step_and_pause_002,noisy_step_and_pause,27.78333,204,0.0,0,0
noisy_step_and_pause_002,noisy_step_and_pause,27.8,204,0.0,0,0
noisy_step_and_pause_002,noisy_step_and_pause,27.81667,204,0.0,0,0
noisy_step_and_pause_002,noisy_step_and_pause,27.83333,204,0.0,0,0
noisy_step_and_pause_002,noisy_step_and_pause,27.85,204,0.0,0,0
noisy_step_and_pause_002,noisy_step_and_pause,27.86667,204,0.0,0,0
noisy_step_and_pause_002,noisy_step_and_pause,27.88333,204,0.0,0,0
noisy_step_and_pause_002,noisy_step_and_pause,27.9,204,0.0,0,0
noisy_step_and_pause_002,noisy_step_and_pause,27.91667,204,0.0,0,0
noisy_step_and_pause_002,noisy_step_and_pause,27.93333,204,0.0,0,0
noisy_step_and_pause_002,noisy_step_and_pause,27.95,204,0.0,0,0
noisy_step_and_pause_002,noisy_step_and_pause,27.96667,204,0.0,0,0
noisy_step_and_pause_002,noisy_step_and_pause,27.98333,204,0.0,0,0
noisy_step_and_pause_002,noisy_step_and_pause,28.0,204,0.0,0,0
noisy_step_and_pause_002,noisy_step_and_pause,28.01667,204,0.0,0,0
noisy_step_and_pause_002,noisy_step_and_pause,28.03333,204,0.0,0,0
noisy_step_and_pause_002,noisy_step_and_pause,28.05,204,0.0,0,0
noisy_step_and_pause_002,noisy_step_and_pause,28.06667,204,0.0,0,0
noisy_step_and_pause_002,noisy_step_and_pause,28.08333,204,0.0,0,0
noisy_step_and_pause_002,noisy_step_and_pause,28.1,204,0.0,0,0
noisy_step_and_pause_002,noisy_step_and_pause,28.11667,204,0.0,0,0
noisy_step_and_pause_002,noisy_step_and_pause,28.13333,204,0.0,0,0
noisy_step_and_pause_002,noisy_step_and_pause,28.15,204,0.0,0,0
noisy_step_and_pause_002,noisy_step_and_pause,28.16667,204,0.0,1,0
noisy_step_and_pause_002,noisy_step_and_pause,28.18333,202.5,-90.0,1,0
noisy_step_and_pause_002,noisy_step_and_pause,28.2,201.0,-90.0,1,0
noisy_step_and_pause_002,noisy_step_and_pause,28.21667,199.5,-90.0,1,0
noisy_step_and_pause_002,noisy_step_and_pause,28.23333,198.0,-90.0,1,0
noisy_step_and_pause_002,noisy_step_and_pause,28.25,196.5,-90.0,1,0
noisy_step_and_pause_002,noisy_step_and_pause,28.26667,195.0,-90.0,1,0
noisy_step_and_pause_002,noisy_step_and_pause,28.28333,193.5,-90.0,1,0
noisy_step_and_pause_002,noisy_step_and_pause,28.3,192.0,-90.0,1,0
noisy_step_and_pause_002,noisy_step_and_pause,28.31667,190.5,-90.0,1,0
noisy_step_and_pause_002,noisy_step_and_pause,28.33333,189.0,-90.0,1,0
noisy_step_and_pause_002,noisy_step_and_pause,28.35,187.5,-90.0,1,0
noisy_step_and_pause_002,noisy_step_and_pause,28.36667,186.0,-90.0,1,0
noisy_step_and_pause_002,noisy_step_and_pause,28.38333,184.5,-90.0,1,0
noisy_step_and_pause_002,noisy_step_and_pause,28.4,183.0,-90.0,1,0
noisy_step_and_pause_002,noisy_step_and_pause,28.41667,181.5,-90.0,1,0
noisy_step_and_pause_002,noisy_step_and_pause,28.43333,180.0,-90.0,1,0
noisy_step_and_pause_002,noisy_step_and_pause,28.45,178.5,-90.0,1,0
noisy_step_and_pause_002,noisy_step_and_pause,28.46667,177.0,-90.0,1,0
noisy_step_and_pause_002,noisy_step_and_pause,28.48333,175.5,-90.0,1,0
noisy_step_and_pause_002,noisy_step_and_pause,28.5,174.0,-90.0,1,0
noisy_step_and_pause_002,noisy_step_and_pause,28.51667,172.5,-90.0,1,0
noisy_step_and_pause_002,noisy_step_and_pause,28.53333,171.0,-90.0,1,0
noisy_step_and_pause_002,noisy_step_and_pause,28.55,169.5,-90.0,1,0
noisy_step_and_pause_002,noisy_step_and_pause,28.56667,168.0,-90.0,1,0
noisy_step_and_pause_002,noisy_step_and_pause,28.58333,166.5,-90.0,1,0
noisy_step_and_pause_002,noisy_step_and_pause,28.6,165.0,-90.0,1,0
noisy_step_and_pause_002,noisy_step_and_pause,28.61667,163.5,-90.0,1,0
noisy_step_and_pause_002,noisy_step_and_pause,28.63333,162.0,-90.0,1,0
noisy_step_and_pause_002,noisy_step_and_pause,28.65,160.5,-90.0,1,0
noisy_step_and_pause_002,noisy_step_and_pause,28.66667,159.0,-90.0,1,0
noisy_step_and_pause_002,noisy_step_and_pause,28.68333,157.5,-90.0,1,0
noisy_step_and_pause_002,noisy_step_and_pause,28.7,156.0,-90.0,1,0
noisy_step_and_pause_002,noisy_step_and_pause,28.71667,154.5,-90.0,1,0
noisy_step_and_pause_002,noisy_step_and_pause,28.73333,153.0,-90.0,1,0
noisy_step_and_pause_002,noisy_step_and_pause,28.75,151.5,-90.0,1,0
noisy_step_and_pause_002,noisy_step_and_pause,28.76667,150.0,-90.0,1,0
noisy_step_and_pause_002,noisy_step_and_pause,28.78333,148.5,-90.0,1,0
noisy_step_and_pause_002,noisy_step_and_pause,28.8,147.0,-90.0,1,0
noisy_step_and_pause_002,noisy_step_and_pause,28.81667,145.5,-90.0,1,0
noisy_step_and_pause_002,noisy_step_and_pause,28.83333,144.0,-90.0,1,0
noisy_step_and_pause_002,noisy_step_and_pause,28.85,142.5,-90.0,1,0
noisy_step_and_pause_002,noisy_step_and_pause,28.86667,141.0,-90.0,0,1
noisy_step_and_pause_002,noisy_step_and_pause,28.88333,142.5,90.0,0,1
noisy_step_and_pause_002,noisy_step_and_pause,28.9,144.0,90.0,0,1
noisy_step_and_pause_002,noisy_step_and_pause,28.91667,145.5,90.0,0,1
noisy_step_and_pause_002,noisy_step_and_pause,28.93333,147.0,90.0,0,1
noisy_step_and_pause_002,noisy_step_and_pause,28.95,148.5,90.0,0,1
noisy_step_and_pause_002,noisy_step_and_pause,28.96667,150.0,90.0,0,1
noisy_step_and_pause_002,noisy_step_and_pause,28.98333,151.5,90.0,0,1
noisy_step_and_pause_002,noisy_step_and_pause,29.0,153.0,90.0,0,1
noisy_step_and_pause_002,noisy_step_and_pause,29.01667,154.5,90.0,0,1
noisy_step_and_pause_002,noisy_step_and_pause,29.03333,156.0,90.0,0,1
noisy_step_and_pause_002,noisy_step_and_pause,29.05,157.5,90.0,0,1
noisy_step_and_pause_002,noisy_step_and_pause,29.06667,159.0,90.0,0,1
noisy_step_and_pause_002,noisy_step_and_pause,29.08333,160.5,90.0,0,1
noisy_step_and_pause_002,noisy_step_and_pause,29.1,162.0,90.0,1,0
noisy_step_and_pause_002,noisy_step_and_pause,29.11667,160.5,-90.0,0,1
noisy_step_and_pause_002,noisy_step_and_pause,29.13333,162.0,90.0,0,1
noisy_step_and_pause_002,noisy_step_and_pause,29.15,163.5,90.0,0,1
noisy_step_and_pause_002,noisy_step_and_pause,29.16667,165.0,90.0,0,1
noisy_step_and_pause_002,noisy_step_and_pause,29.18333,166.5,90.0,0,1
noisy_step_and_pause_002,noisy_step_and_pause,29.2,168.0,90.0,0,1
noisy_step_and_pause_002,noisy_step_and_pause,29.21667,169.5,90.0,0,1
noisy_step_and_pause_002,noisy_step_and_pause,29.23333,171.0,90.0,0,1
noisy_step_and_pause_002,noisy_step_and_pause,29.25,172.5,90.0,0,1
noisy_step_and_pause_002,noisy_step_and_pause,29.26667,174.0,90.0,0,1
noisy_step_and_pause_002,noisy_step_and_pause,29.28333,175.5,90.0,0,1
noisy_step_and_pause_002,noisy_step_and_pause,29.3,177.0,90.0,0,1
noisy_step_and_pause_002,noisy_step_and_pause,29.31667,178.5,90.0,0,1
noisy_step_and_pause_002,noisy_step_and_pause,29.33333,180.0,90.0,0,1
noisy_step_and_pause_002,noisy_step_and_pause,29.35,181.5,90.0,0,1
noisy_step_and_pause_002,noisy_step_and_pause,29.36667,183.0,90.0,0,1
noisy_step_and_pause_002,noisy_step_and_pause,29.38333,184.5,90.0,0,1
noisy_step_and_pause_002,noisy_step_and_pause,29.4,186.0,90.0,0,1
noisy_step_and_pause_002,noisy_step_and_pause,29.41667,187.5,90.0,0,1
noisy_step_and_pause_002,noisy_step_and_pause,29.43333,189.0,90.0,0,1
noisy_step_and_pause_002,noisy_step_and_pause,29.45,190.5,90.0,0,1
noisy_step_and_pause_002,noisy_step_and_pause,29.46667,192.0,90.0,0,1
noisy_step_and_pause_002,noisy_step_and_pause,29.48333,193.5,90.0,0,1
noisy_step_and_pause_002,noisy_step_and_pause,29.5,195.0,90.0,0,1
noisy_step_and_pause_002,noisy_step_and_pause,29.51667,196.5,90.0,0,1
noisy_step_and_pause_002,noisy_step_and_pause,29.53333,198.0,90.0,0,1
noisy_step_and_pause_002,noisy_step_and_pause,29.55,199.5,90.0,0,1
noisy_step_and_pause_002,noisy_step_and_pause,29.56667,201.0,90.0,0,1
noisy_step_and_pause_002,noisy_step_and_pause,29.58333,202.5,90.0,0,1
noisy_step_and_pause_002,noisy_step_and_pause,29.6,204,90.0,0,0
noisy_step_and_pause_002,noisy_step_and_pause,29.61667,204,0.0,0,0
noisy_step_and_pause_002,noisy_step_and_pause,29.63333,204,0.0,0,0
noisy_step_and_pause_002,noisy_step_and_pause,29.65,204,0.0,0,0
noisy_step_and_pause_002,noisy_step_and_pause,29.66667,204,0.0,0,0
noisy_step_and_pause_002,noisy_step_and_pause,29.68333,204,0.0,0,0
noisy_step_and_pause_002,noisy_step_and_pause,29.7,204,0.0,0,0
noisy_step_and_pause_002,noisy_step_and_pause,29.71667,204,0.0,0,0
noisy_step_and_pause_002,noisy_step_and_pause,29.73333,204,0.0,0,0
noisy_step_and_pause_002,noisy_step_and_pause,29.75,204,0.0,0,0
noisy_step_and_pause_002,noisy_step_and_pause,29.76667,204,0.0,0,0
noisy_step_and_pause_002,noisy_step_and_pause,29.78333,204,0.0,0,0
noisy_step_and_pause_002,noisy_step_and_pause,29.8,204,0.0,0,0
noisy_step_and_pause_002,noisy_step_and_pause,29.81667,204,0.0,0,0
noisy_step_and_pause_002,noisy_step_and_pause,29.83333,204,0.0,0,0
noisy_step_and_pause_002,noisy_step_and_pause,29.85,204,0.0,0,0
noisy_step_and_pause_002,noisy_step_and_pause,29.86667,204,0.0,0,0
noisy_step_and_pause_002,noisy_step_and_pause,29.88333,204,0.0,0,0
noisy_step_and_pause_002,noisy_step_and_pause,29.9,204,0.0,0,0
noisy_step_and_pause_002,noisy_step_and_pause,29.91667,204,0.0,0,0
noisy_step_and_pause_002,noisy_step_and_pause,29.93333,204,0.0,0,1
noisy_step_and_pause_002,noisy_step_and_pause,29.95,204,0.0,0,0
noisy_step_and_pause_002,noisy_step_and_pause,29.96667,204,0.0,1,0
noisy_step_and_pause_002,noisy_step_and_pause,29.98333,202.5,-90.0,1,0
noisy_step_and_pause_002,noisy_step_and_pause,30.0,201.0,-90.0,0,1
noisy_step_and_pause_002,noisy_step_and_pause,30.01667,202.5,90.0,0,1
noisy_step_and_pause_002,noisy_step_and_pause,30.03333,204,90.0,0,0
noisy_step_and_pause_002,noisy_step_and_pause,30.05,204,0.0,0,0
noisy_step_and_pause_002,noisy_step_and_pause,30.06667,204,0.0,1,0
noisy_step_and_pause_002,noisy_step_and_pause,30.08333,202.5,-90.0,1,0
noisy_step_and_pause_002,noisy_step_and_pause,30.1,201.0,-90.0,1,0
noisy_step_and_pause_002,noisy_step_and_pause,30.11667,199.5,-90.0,1,0
noisy_step_and_pause_002,noisy_step_and_pause,30.13333,198.0,-90.0,1,0
noisy_step_and_pause_002,noisy_step_and_pause,30.15,196.5,-90.0,1,0
noisy_step_and_pause_002,noisy_step_and_pause,30.16667,195.0,-90.0,1,0
noisy_step_and_pause_002,noisy_step_and_pause,30.18333,193.5,-90.0,1,0
noisy_step_and_pause_002,noisy_step_and_pause,30.2,192.0,-90.0,1,0
noisy_step_and_pause_002,noisy_step_and_pause,30.21667,190.5,-90.0,1,0
noisy_step_and_pause_002,noisy_step_and_pause,30.23333,189.0,-90.0,1,0
noisy_step_and_pause_002,noisy_step_and_pause,30.25,187.5,-90.0,1,0
noisy_step_and_pause_002,noisy_step_and_pause,30.26667,186.0,-90.0,1,0
noisy_step_and_pause_002,noisy_step_and_pause,30.28333,184.5,-90.0,1,0
noisy_step_and_pause_002,noisy_step_and_pause,30.3,183.0,-90.0,1,0
noisy_step_and_pause_002,noisy_step_and_pause,30.31667,181.5,-90.0,1,0
noisy_step_and_pause_002,noisy_step_and_pause,30.33333,180.0,-90.0,1,0
noisy_step_and_pause_002,noisy_step_and_pause,30.35,178.5,-90.0,1,0
noisy_step_and_pause_002,noisy_step_and_pause,30.36667,177.0,-90.0,0,1
noisy_step_and_pause_002,noisy_step_and_pause,30.38333,178.5,90.0,1,0
noisy_step_and_pause_002,noisy_step_and_pause,30.4,177.0,-90.0,1,0
noisy_step_and_pause_002,noisy_step_and_pause,30.41667,175.5,-90.0,1,0
noisy_step_and_pause_002,noisy_step_and_pause,30.43333,174.0,-90.0,1,0
noisy_step_and_pause_002,noisy_step_and_pause,30.45,172.5,-90.0,1,0
noisy_step_and_pause_002,noisy_step_and_pause,30.46667,171.0,-90.0,1,0
noisy_step_and_pause_002,noisy_step_and_pause,30.48333,169.5,-90.0,0,1
noisy_step_and_pause_002,noisy_step_and_pause,30.5,171.0,90.0,1,0
noisy_step_and_pause_002,noisy_step_and_pause,30.51667,169.5,-90.0,0,0
noisy_step_and_pause_002,noisy_step_and_pause,30.53333,169.5,0.0,1,0
noisy_step_and_pause_002,noisy_step_and_pause,30.55,168.0,-90.0,1,0
noisy_step_and_pause_002,noisy_step_and_pause,30.56667,166.5,-90.0,1,0
noisy_step_and_pause_002,noisy_step_and_pause,30.58333,165.0,-90.0,1,0
noisy_step_and_pause_002,noisy_step_and_pause,30.6,163.5,-90.0,1,0
noisy_step_and_pause_002,noisy_step_and_pause,30.61667,162.0,-90.0,1,0
noisy_step_and_pause_002,noisy_step_and_pause,30.63333,160.5,-90.0,1,0
noisy_step_and_pause_002,noisy_step_and_pause,30.65,159.0,-90.0,1,0
noisy_step_and_pause_002,noisy_step_and_pause,30.66667,157.5,-90.0,0,0
noisy_step_and_pause_002,noisy_step_and_pause,30.68333,157.5,0.0,1,0
noisy_step_and_pause_002,noisy_step_and_pause,30.7,156.0,-90.0,1,0
noisy_step_and_pause_002,noisy_step_and_pause,30.71667,154.5,-90.0,1,0
noisy_step_and_pause_002,noisy_step_and_pause,30.73333,153.0,-90.0,1,0
noisy_step_and_pause_002,noisy_step_and_pause,30.75,151.5,-90.0,1,0
noisy_step_and_pause_002,noisy_step_and_pause,30.76667,150.0,-90.0,1,0
noisy_step_and_pause_002,noisy_step_and_pause,30.78333,148.5,-90.0,0,0
noisy_step_and_pause_002,noisy_step_and_pause,30.8,148.5,0.0,1,0
noisy_step_and_pause_002,noisy_step_and_pause,30.81667,147.0,-90.0,1,0
noisy_step_and_pause_002,noisy_step_and_pause,30.83333,145.5,-90.0,1,0
noisy_step_and_pause_002,noisy_step_and_pause,30.85,144.0,-90.0,1,0
noisy_step_and_pause_002,noisy_step_and_pause,30.86667,142.5,-90.0,1,0
noisy_step_and_pause_002,noisy_step_and_pause,30.88333,141.0,-90.0,1,0
noisy_step_and_pause_002,noisy_step_and_pause,30.9,139.5,-90.0,1,0
noisy_step_and_pause_002,noisy_step_and_pause,30.91667,138.0,-90.0,1,0
noisy_step_and_pause_002,noisy_step_and_pause,30.93333,136.5,-90.0,1,0
noisy_step_and_pause_002,noisy_step_and_pause,30.95,135.0,-90.0,1,0
noisy_step_and_pause_002,noisy_step_and_pause,30.96667,133.5,-90.0,1,0
noisy_step_and_pause_002,noisy_step_and_pause,30.98333,132.0,-90.0,1,0
noisy_step_and_pause_002,noisy_step_and_pause,31.0,130.5,-90.0,1,0
noisy_step_and_pause_002,noisy_step_and_pause,31.01667,129.0,-90.0,1,0
noisy_step_and_pause_002,noisy_step_and_pause,31.03333,127.5,-90.0,1,0
noisy_step_and_pause_002,noisy_step_and_pause,31.05,126.0,-90.0,1,0
noisy_step_and_pause_002,noisy_step_and_pause,31.06667,124.5,-90.0,1,0
noisy_step_and_pause_002,noisy_step_and_pause,31.08333,123.0,-90.0,1,0
noisy_step_and_pause_002,noisy_step_and_pause,31.1,121.5,-90.0,1,0
noisy_step_and_pause_002,noisy_step_and_pause,31.11667,120.0,-90.0,1,0
noisy_step_and_pause_002,noisy_step_and_pause,31.13333,118.5,-90.0,0,1
noisy_step_and_pause_002,noisy_step_and_pause,31.15,120.0,90.0,0,1
noisy_step_and_pause_002,noisy_step_and_pause,31.16667,121.5,90.0,0,1
noisy_step_and_pause_002,noisy_step_and_pause,31.18333,123.0,90.0,0,1
noisy_step_and_pause_002,noisy_step_and_pause,31.2,124.5,90.0,0,1
noisy_step_and_pause_002,noisy_step_and_pause,31.21667,126.0,90.0,0,1
noisy_step_and_pause_002,noisy_step_and_pause,31.23333,127.5,90.0,0,1
noisy_step_and_pause_002,noisy_step_and_pause,31.25,129.0,90.0,0,1
noisy_step_and_pause_002,noisy_step_and_pause,31.26667,130.5,90.0,0,1
noisy_step_and_pause_002,noisy_step_and_pause,31.28333,132.0,90.0,0,1
noisy_step_and_pause_002,noisy_step_and_pause,31.3,133.5,90.0,0,1
noisy_step_and_pause_002,noisy_step_and_pause,31.31667,135.0,90.0,0,1
noisy_step_and_pause_002,noisy_step_and_pause,31.33333,136.5,90.0,0,1
noisy_step_and_pause_002,noisy_step_and_pause,31.35,138.0,90.0,0,1
noisy_step_and_pause_002,noisy_step_and_pause,31.36667,139.5,90.0,0,1
noisy_step_and_pause_002,noisy_step_and_pause,31.38333,141.0,90.0,0,1
noisy_step_and_pause_002,noisy_step_and_pause,31.4,142.5,90.0,0,1
noisy_step_and_pause_002,noisy_step_and_pause,31.41667,144.0,90.0,0,1
noisy_step_and_pause_002,noisy_step_and_pause,31.43333,145.5,90.0,0,1
noisy_step_and_pause_002,noisy_step_and_pause,31.45,147.0,90.0,0,1
noisy_step_and_pause_002,noisy_step_and_pause,31.46667,148.5,90.0,0,1
noisy_step_and_pause_002,noisy_step_and_pause,31.48333,150.0,90.0,0,1
noisy_step_and_pause_002,noisy_step_and_pause,31.5,151.5,90.0,0,1
noisy_step_and_pause_002,noisy_step_and_pause,31.51667,153.0,90.0,0,1
noisy_step_and_pause_002,noisy_step_and_pause,31.53333,154.5,90.0,0,1
noisy_step_and_pause_002,noisy_step_and_pause,31.55,156.0,90.0,0,1
noisy_step_and_pause_002,noisy_step_and_pause,31.56667,157.5,90.0,0,1
noisy_step_and_pause_002,noisy_step_and_pause,31.58333,159.0,90.0,0,1
noisy_step_and_pause_002,noisy_step_and_pause,31.6,160.5,90.0,0,1
noisy_step_and_pause_002,noisy_step_and_pause,31.61667,162.0,90.0,0,1
noisy_step_and_pause_002,noisy_step_and_pause,31.63333,163.5,90.0,0,1
noisy_step_and_pause_002,noisy_step_and_pause,31.65,165.0,90.0,0,1
noisy_step_and_pause_002,noisy_step_and_pause,31.66667,166.5,90.0,0,1
noisy_step_and_pause_002,noisy_step_and_pause,31.68333,168.0,90.0,0,1
noisy_step_and_pause_002,noisy_step_and_pause,31.7,169.5,90.0,0,1
noisy_step_and_pause_002,noisy_step_and_pause,31.71667,171.0,90.0,0,1
noisy_step_and_pause_002,noisy_step_and_pause,31.73333,172.5,90.0,0,1
noisy_step_and_pause_002,noisy_step_and_pause,31.75,174.0,90.0,0,1
noisy_step_and_pause_002,noisy_step_and_pause,31.76667,175.5,90.0,0,1
noisy_step_and_pause_002,noisy_step_and_pause,31.78333,177.0,90.0,0,1
noisy_step_and_pause_002,noisy_step_and_pause,31.8,178.5,90.0,0,0
noisy_step_and_pause_002,noisy_step_and_pause,31.81667,178.5,0.0,0,1
noisy_step_and_pause_002,noisy_step_and_pause,31.83333,180.0,90.0,0,1
noisy_step_and_pause_002,noisy_step_and_pause,31.85,181.5,90.0,0,1
noisy_step_and_pause_002,noisy_step_and_pause,31.86667,183.0,90.0,0,1
noisy_step_and_pause_002,noisy_step_and_pause,31.88333,184.5,90.0,0,1
noisy_step_and_pause_002,noisy_step_and_pause,31.9,186.0,90.0,0,1
noisy_step_and_pause_002,noisy_step_and_pause,31.91667,187.5,90.0,0,1
noisy_step_and_pause_002,noisy_step_and_pause,31.93333,189.0,90.0,0,1
noisy_step_and_pause_002,noisy_step_and_pause,31.95,190.5,90.0,0,1
noisy_step_and_pause_002,noisy_step_and_pause,31.96667,192.0,90.0,0,1
noisy_step_and_pause_002,noisy_step_and_pause,31.98333,193.5,90.0,0,1
noisy_step_and_pause_002,noisy_step_and_pause,32.0,195.0,90.0,0,1
noisy_step_and_pause_002,noisy_step_and_pause,32.01667,196.5,90.0,0,1
noisy_step_and_pause_002,noisy_step_and_pause,32.03333,198.0,90.0,0,1
noisy_step_and_pause_002,noisy_step_and_pause,32.05,199.5,90.0,0,1
noisy_step_and_pause_002,noisy_step_and_pause,32.06667,201.0,90.0,0,1
noisy_step_and_pause_002,noisy_step_and_pause,32.08333,202.5,90.0,0,1
noisy_step_and_pause_002,noisy_step_and_pause,32.1,204,90.0,0,0
noisy_step_and_pause_002,noisy_step_and_pause,32.11667,204,0.0,0,0
noisy_step_and_pause_002,noisy_step_and_pause,32.13333,204,0.0,0,0
noisy_step_and_pause_002,noisy_step_and_pause,32.15,204,0.0,0,0
noisy_step_and_pause_002,noisy_step_and_pause,32.16667,204,0.0,0,0
noisy_step_and_pause_002,noisy_step_and_pause,32.18333,204,0.0,0,0
noisy_step_and_pause_002,noisy_step_and_pause,32.2,204,0.0,0,0
noisy_step_and_pause_002,noisy_step_and_pause,32.21667,204,0.0,0,0
noisy_step_and_pause_002,noisy_step_and_pause,32.23333,204,0.0,0,0
noisy_step_and_pause_002,noisy_step_and_pause,32.25,204,0.0,0,0
noisy_step_and_pause_002,noisy_step_and_pause,32.26667,204,0.0,0,0
noisy_step_and_pause_002,noisy_step_and_pause,32.28333,204,0.0,0,0
noisy_step_and_pause_002,noisy_step_and_pause,32.3,204,0.0,0,0
noisy_step_and_pause_002,noisy_step_and_pause,32.31667,204,0.0,0,0
noisy_step_and_pause_002,noisy_step_and_pause,32.33333,204,0.0,0,0
noisy_step_and_pause_002,noisy_step_and_pause,32.35,204,0.0,0,0
noisy_step_and_pause_002,noisy_step_and_pause,32.36667,204,0.0,0,0
noisy_step_and_pause_002,noisy_step_and_pause,32.38333,204,0.0,0,0
noisy_step_and_pause_002,noisy_step_and_pause,32.4,204,0.0,0,0
noisy_step_and_pause_002,noisy_step_and_pause,32.41667,204,0.0,0,0
noisy_step_and_pause_002,noisy_step_and_pause,32.43333,204,0.0,0,0
noisy_step_and_pause_002,noisy_step_and_pause,32.45,204,0.0,0,0
noisy_step_and_pause_002,noisy_step_and_pause,32.46667,204,0.0,0,0
noisy_step_and_pause_002,noisy_step_and_pause,32.48333,204,0.0,0,0
noisy_step_and_pause_002,noisy_step_and_pause,32.5,204,0.0,0,0
noisy_step_and_pause_002,noisy_step_and_pause,32.51667,204,0.0,0,0
noisy_step_and_pause_002,noisy_step_and_pause,32.53333,204,0.0,0,0
noisy_step_and_pause_002,noisy_step_and_pause,32.55,204,0.0,0,0
noisy_step_and_pause_002,noisy_step_and_pause,32.56667,204,0.0,0,0
noisy_step_and_pause_002,noisy_step_and_pause,32.58333,204,0.0,0,0
noisy_step_and_pause_002,noisy_step_and_pause,32.6,204,0.0,0,0
noisy_step_and_pause_002,noisy_step_and_pause,32.61667,204,0.0,0,0
noisy_step_and_pause_002,noisy_step_and_pause,32.63333,204,0.0,0,0
noisy_step_and_pause_002,noisy_step_and_pause,32.65,204,0.0,0,0
noisy_step_and_pause_002,noisy_step_and_pause,32.66667,204,0.0,0,0
noisy_step_and_pause_002,noisy_step_and_pause,32.68333,204,0.0,0,1
noisy_step_and_pause_002,noisy_step_and_pause,32.7,204,0.0,0,0
noisy_step_and_pause_002,noisy_step_and_pause,32.71667,204,0.0,0,0
noisy_step_and_pause_002,noisy_step_and_pause,32.73333,204,0.0,0,0
noisy_step_and_pause_002,noisy_step_and_pause,32.75,204,0.0,0,0
noisy_step_and_pause_002,noisy_step_and_pause,32.76667,204,0.0,0,0
noisy_step_and_pause_002,noisy_step_and_pause,32.78333,204,0.0,0,0
noisy_step_and_pause_002,noisy_step_and_pause,32.8,204,0.0,0,0
noisy_step_and_pause_002,noisy_step_and_pause,32.81667,204,0.0,0,0
noisy_step_and_pause_002,noisy_step_and_pause,32.83333,204,0.0,0,0
noisy_step_and_pause_002,noisy_step_and_pause,32.85,204,0.0,0,0
noisy_step_and_pause_002,noisy_step_and_pause,32.86667,204,0.0,0,0
noisy_step_and_pause_002,noisy_step_and_pause,32.88333,204,0.0,0,0
noisy_step_and_pause_002,noisy_step_and_pause,32.9,204,0.0,0,0
noisy_step_and_pause_002,noisy_step_and_pause,32.91667,204,0.0,0,0
noisy_step_and_pause_002,noisy_step_and_pause,32.93333,204,0.0,0,0
noisy_step_and_pause_002,noisy_step_and_pause,32.95,204,0.0,0,0
noisy_step_and_pause_002,noisy_step_and_pause,32.96667,204,0.0,0,0
noisy_step_and_pause_002,noisy_step_and_pause,32.98333,204,0.0,0,0
noisy_step_and_pause_002,noisy_step_and_pause,33.0,204,0.0,0,0
noisy_step_and_pause_002,noisy_step_and_pause,33.01667,204,0.0,0,0
noisy_step_and_pause_002,noisy_step_and_pause,33.03333,204,0.0,1,0
noisy_step_and_pause_002,noisy_step_and_pause,33.05,202.5,-90.0,0,1
noisy_step_and_pause_002,noisy_step_and_pause,33.06667,204,90.0,0,0
noisy_step_and_pause_002,noisy_step_and_pause,33.08333,204,0.0,0,0
noisy_step_and_pause_002,noisy_step_and_pause,33.1,204,0.0,0,0
noisy_step_and_pause_002,noisy_step_and_pause,33.11667,204,0.0,0,0
noisy_step_and_pause_002,noisy_step_and_pause,33.13333,204,0.0,0,0
noisy_step_and_pause_002,noisy_step_and_pause,33.15,204,0.0,0,0
noisy_step_and_pause_002,noisy_step_and_pause,33.16667,204,0.0,0,0
noisy_step_and_pause_002,noisy_step_and_pause,33.18333,204,0.0,0,0
noisy_step_and_pause_002,noisy_step_and_pause,33.2,204,0.0,0,0
noisy_step_and_pause_002,noisy_step_and_pause,33.21667,204,0.0,0,0
noisy_step_and_pause_002,noisy_step_and_pause,33.23333,204,0.0,0,0
noisy_step_and_pause_002,noisy_step_and_pause,33.25,204,0.0,0,0
noisy_step_and_pause_002,noisy_step_and_pause,33.26667,204,0.0,0,0
noisy_step_and_pause_002,noisy_step_and_pause,33.28333,204,0.0,0,0
noisy_step_and_pause_002,noisy_step_and_pause,33.3,204,0.0,0,0
noisy_step_and_pause_002,noisy_step_and_pause,33.31667,204,0.0,0,0
