session_id,pattern,t,x,vx,input_left,input_right
noisy_ping_pong_004,noisy_ping_pong,0.0,125.835,0.0,0,1
noisy_ping_pong_004,noisy_ping_pong,0.01667,127.335,90.0,0,0
noisy_ping_pong_004,noisy_ping_pong,0.03333,127.335,0.0,0,1
noisy_ping_pong_004,noisy_ping_pong,0.05,128.835,90.0,0,1
noisy_ping_pong_004,noisy_ping_pong,0.06667,130.335,90.0,0,1
noisy_ping_pong_004,noisy_ping_pong,0.08333,131.835,90.0,0,1
noisy_ping_pong_004,noisy_ping_pong,0.1,133.335,90.0,0,1
noisy_ping_pong_004,noisy_ping_pong,0.11667,134.835,90.0,0,1
noisy_ping_pong_004,noisy_ping_pong,0.13333,136.335,90.0,0,1
noisy_ping_pong_004,noisy_ping_pong,0.15,137.835,90.0,0,1
noisy_ping_pong_004,noisy_ping_pong,0.16667,139.335,90.0,0,1
noisy_ping_pong_004,noisy_ping_pong,0.18333,140.835,90.0,0,1
noisy_ping_pong_004,noisy_ping_pong,0.2,142.335,90.0,0,1
noisy_ping_pong_004,noisy_ping_pong,0.21667,143.835,90.0,0,1
noisy_ping_pong_004,noisy_ping_pong,0.23333,145.335,90.0,0,1
noisy_ping_pong_004,noisy_ping_pong,0.25,146.835,90.0,0,1
noisy_ping_pong_004,noisy_ping_pong,0.26667,148.335,90.0,0,1
noisy_ping_pong_004,noisy_ping_pong,0.28333,149.835,90.0,0,1
noisy_ping_pong_004,noisy_ping_pong,0.3,151.335,90.0,0,1
noisy_ping_pong_004,noisy_ping_pong,0.31667,152.835,90.0,0,1
noisy_ping_pong_004,noisy_ping_pong,0.33333,154.335,90.0,0,1
noisy_ping_pong_004,noisy_ping_pong,0.35,155.835,90.0,0,1
noisy_ping_pong_004,noisy_ping_pong,0.36667,157.335,90.0,0,1
noisy_ping_pong_004,noisy_ping_pong,0.38333,158.835,90.0,0,1
noisy_ping_pong_004,noisy_ping_pong,0.4,160.335,90.0,0,1
noisy_ping_pong_004,noisy_ping_pong,0.41667,161.835,90.0,0,1
noisy_ping_pong_004,noisy_ping_pong,0.43333,163.335,90.0,1,0
noisy_ping_pong_004,noisy_ping_pong,0.45,161.835,-90.0,0,1
noisy_ping_pong_004,noisy_ping_pong,0.46667,163.335,90.0,0,1
noisy_ping_pong_004,noisy_ping_pong,0.48333,164.835,90.0,0,1
noisy_ping_pong_004,noisy_ping_pong,0.5,166.335,90.0,0,0
noisy_ping_pong_004,noisy_ping_pong,0.51667,166.335,0.0,0,1
noisy_ping_pong_004,noisy_ping_pong,0.53333,167.835,90.0,0,1
noisy_ping_pong_004,noisy_ping_pong,0.55,169.335,90.0,0,1
noisy_ping_pong_004,noisy_ping_pong,0.56667,170.835,90.0,0,1
noisy_ping_pong_004,noisy_ping_pong,0.58333,172.335,90.0,0,1
noisy_ping_pong_004,noisy_ping_pong,0.6,173.835,90.0,0,1
noisy_ping_pong_004,noisy_ping_pong,0.61667,175.335,90.0,0,1
noisy_ping_pong_004,noisy_ping_pong,0.63333,176.835,90.0,0,1
noisy_ping_pong_004,noisy_ping_pong,0.65,178.335,90.0,0,1
noisy_ping_pong_004,noisy_ping_pong,0.66667,179.835,90.0,0,1
noisy_ping_pong_004,noisy_ping_pong,0.68333,181.335,90.0,0,1
noisy_ping_pong_004,noisy_ping_pong,0.7,182.835,90.0,0,1
noisy_ping_pong_004,noisy_ping_pong,0.71667,184.335,90.0,0,1
noisy_ping_pong_004,noisy_ping_pong,0.73333,185.835,90.0,0,1
noisy_ping_pong_004,noisy_ping_pong,0.75,187.335,90.0,0,1
noisy_ping_pong_004,noisy_ping_pong,0.76667,188.835,90.0,0,1
noisy_ping_pong_004,noisy_ping_pong,0.78333,190.335,90.0,0,1
noisy_ping_pong_004,noisy_ping_pong,0.8,191.835,90.0,0,1
noisy_ping_pong_004,noisy_ping_pong,0.81667,193.335,90.0,0,1
noisy_ping_pong_004,noisy_ping_pong,0.83333,194.835,90.0,0,1
noisy_ping_pong_004,noisy_ping_pong,0.85,196.335,90.0,0,1
noisy_ping_pong_004,noisy_ping_pong,0.86667,197.835,90.0,0,0
noisy_ping_pong_004,noisy_ping_pong,0.88333,197.835,0.0,0,1
noisy_ping_pong_004,noisy_ping_pong,0.9,199.335,90.0,0,1
noisy_ping_pong_004,noisy_ping_pong,0.91667,200.835,90.0,0,0
noisy_ping_pong_004,noisy_ping_pong,0.93333,200.835,0.0,0,0
noisy_ping_pong_004,noisy_ping_pong,0.95,200.835,0.0,0,0
noisy_ping_pong_004,noisy_ping_pong,0.96667,200.835,0.0,0,0
noisy_ping_pong_004,noisy_ping_pong,0.98333,200.835,0.0,0,0
noisy_ping_pong_004,noisy_ping_pong,1.0,200.835,0.0,0,0
noisy_ping_pong_004,noisy_ping_pong,1.01667,200.835,0.0,0,0
noisy_ping_pong_004,noisy_ping_pong,1.03333,200.835,0.0,0,0
noisy_ping_pong_004,noisy_ping_pong,1.05,200.835,0.0,0,0
noisy_ping_pong_004,noisy_ping_pong,1.06667,200.835,0.0,0,0
noisy_ping_pong_004,noisy_ping_pong,1.08333,200.835,0.0,0,0
noisy_ping_pong_004,noisy_ping_pong,1.1,200.835,0.0,0,0
noisy_ping_pong_004,noisy_ping_pong,1.11667,200.835,0.0,0,0
noisy_ping_pong_004,noisy_ping_pong,1.13333,200.835,0.0,0,0
noisy_ping_pong_004,noisy_ping_pong,1.15,200.835,0.0,0,0
noisy_ping_pong_004,noisy_ping_pong,1.16667,200.835,0.0,0,0
noisy_ping_pong_004,noisy_ping_pong,1.18333,200.835,0.0,0,0
noisy_ping_pong_004,noisy_ping_pong,1.2,200.835,0.0,0,0
noisy_ping_pong_004,noisy_ping_pong,1.21667,200.835,0.0,0,0
noisy_ping_pong_004,noisy_ping_pong,1.23333,200.835,0.0,0,0
noisy_ping_pong_004,noisy_ping_pong,1.25,200.835,0.0,0,0
noisy_ping_pong_004,noisy_ping_pong,1.26667,200.835,0.0,0,0
noisy_ping_pong_004,noisy_ping_pong,1.28333,200.835,0.0,0,0
noisy_ping_pong_004,noisy_ping_pong,1.3,200.835,0.0,0,0
noisy_ping_pong_004,noisy_ping_pong,1.31667,200.835,0.0,0,0
noisy_ping_pong_004,noisy_ping_pong,1.33333,200.835,0.0,1,0
noisy_ping_pong_004,noisy_ping_pong,1.35,199.335,-90.0,1,0
noisy_ping_pong_004,noisy_ping_pong,1.36667,197.835,-90.0,1,0
noisy_ping_pong_004,noisy_ping_pong,1.38333,196.335,-90.0,1,0
noisy_ping_pong_004,noisy_ping_pong,1.4,194.835,-90.0,1,0
noisy_ping_pong_004,noisy_ping_pong,1.41667,193.335,-90.0,1,0
noisy_ping_pong_004,noisy_ping_pong,1.43333,191.835,-90.0,1,0
noisy_ping_pong_004,noisy_ping_pong,1.45,190.335,-90.0,1,0
noisy_ping_pong_004,noisy_ping_pong,1.46667,188.835,-90.0,1,0
noisy_ping_pong_004,noisy_ping_pong,1.48333,187.335,-90.0,1,0
noisy_ping_pong_004,noisy_ping_pong,1.5,185.835,-90.0,1,0
noisy_ping_pong_004,noisy_ping_pong,1.51667,184.335,-90.0,1,0
noisy_ping_pong_004,noisy_ping_pong,1.53333,182.835,-90.0,1,0
noisy_ping_pong_004,noisy_ping_pong,1.55,181.335,-90.0,1,0
noisy_ping_pong_004,noisy_ping_pong,1.56667,179.835,-90.0,1,0
noisy_ping_pong_004,noisy_ping_pong,1.58333,178.335,-90.0,1,0
noisy_ping_pong_004,noisy_ping_pong,1.6,176.835,-90.0,1,0
noisy_ping_pong_004,noisy_ping_pong,1.61667,175.335,-90.0,1,0
noisy_ping_pong_004,noisy_ping_pong,1.63333,173.835,-90.0,1,0
noisy_ping_pong_004,noisy_ping_pong,1.65,172.335,-90.0,1,0
noisy_ping_pong_004,noisy_ping_pong,1.66667,170.835,-90.0,1,0
noisy_ping_pong_004,noisy_ping_pong,1.68333,169.335,-90.0,1,0
noisy_ping_pong_004,noisy_ping_pong,1.7,167.835,-90.0,1,0
noisy_ping_pong_004,noisy_ping_pong,1.71667,166.335,-90.0,1,0
noisy_ping_pong_004,noisy_ping_pong,1.73333,164.835,-90.0,1,0
noisy_ping_pong_004,noisy_ping_pong,1.75,163.335,-90.0,1,0
noisy_ping_pong_004,noisy_ping_pong,1.76667,161.835,-90.0,1,0
noisy_ping_pong_004,noisy_ping_pong,1.78333,160.335,-90.0,1,0
noisy_ping_pong_004,noisy_ping_pong,1.8,158.835,-90.0,1,0
noisy_ping_pong_004,noisy_ping_pong,1.81667,157.335,-90.0,1,0
noisy_ping_pong_004,noisy_ping_pong,1.83333,155.835,-90.0,1,0
noisy_ping_pong_004,noisy_ping_pong,1.85,154.335,-90.0,1,0
noisy_ping_pong_004,noisy_ping_pong,1.86667,152.835,-90.0,1,0
noisy_ping_pong_004,noisy_ping_pong,1.88333,151.335,-90.0,1,0
noisy_ping_pong_004,noisy_ping_pong,1.9,149.835,-90.0,1,0
noisy_ping_pong_004,noisy_ping_pong,1.91667,148.335,-90.0,1,0
noisy_ping_pong_004,noisy_ping_pong,1.93333,146.835,-90.0,1,0
noisy_ping_pong_004,noisy_ping_pong,1.95,145.335,-90.0,1,0
noisy_ping_pong_004,noisy_ping_pong,1.96667,143.835,-90.0,1,0
noisy_ping_pong_004,noisy_ping_pong,1.98333,142.335,-90.0,1,0
noisy_ping_pong_004,noisy_ping_pong,2.0,140.835,-90.0,1,0
noisy_ping_pong_004,noisy_ping_pong,2.01667,139.335,-90.0,1,0
noisy_ping_pong_004,noisy_ping_pong,2.03333,137.835,-90.0,1,0
noisy_ping_pong_004,noisy_ping_pong,2.05,136.335,-90.0,1,0
noisy_ping_pong_004,noisy_ping_pong,2.06667,134.835,-90.0,1,0
noisy_ping_pong_004,noisy_ping_pong,2.08333,133.335,-90.0,1,0
noisy_ping_pong_004,noisy_ping_pong,2.1,131.835,-90.0,1,0
noisy_ping_pong_004,noisy_ping_pong,2.11667,130.335,-90.0,1,0
noisy_ping_pong_004,noisy_ping_pong,2.13333,128.835,-90.0,1,0
noisy_ping_pong_004,noisy_ping_pong,2.15,127.335,-90.0,1,0
noisy_ping_pong_004,noisy_ping_pong,2.16667,125.835,-90.0,1,0
noisy_ping_pong_004,noisy_ping_pong,2.18333,124.335,-90.0,1,0
noisy_ping_pong_004,noisy_ping_pong,2.2,122.835,-90.0,1,0
noisy_ping_pong_004,noisy_ping_pong,2.21667,121.335,-90.0,1,0
noisy_ping_pong_004,noisy_ping_pong,2.23333,119.835,-90.0,1,0
noisy_ping_pong_004,noisy_ping_pong,2.25,118.335,-90.0,1,0
noisy_ping_pong_004,noisy_ping_pong,2.26667,116.835,-90.0,1,0
noisy_ping_pong_004,noisy_ping_pong,2.28333,115.335,-90.0,1,0
noisy_ping_pong_004,noisy_ping_pong,2.3,113.835,-90.0,1,0
noisy_ping_pong_004,noisy_ping_pong,2.31667,112.335,-90.0,1,0
noisy_ping_pong_004,noisy_ping_pong,2.33333,110.835,-90.0,1,0
noisy_ping_pong_004,noisy_ping_pong,2.35,109.335,-90.0,1,0
noisy_ping_pong_004,noisy_ping_pong,2.36667,107.835,-90.0,1,0
noisy_ping_pong_004,noisy_ping_pong,2.38333,106.335,-90.0,1,0
noisy_ping_pong_004,noisy_ping_pong,2.4,104.835,-90.0,1,0
noisy_ping_pong_004,noisy_ping_pong,2.41667,103.335,-90.0,1,0
noisy_ping_pong_004,noisy_ping_pong,2.43333,101.835,-90.0,1,0
noisy_ping_pong_004,noisy_ping_pong,2.45,100.335,-90.0,1,0
noisy_ping_pong_004,noisy_ping_pong,2.46667,98.835,-90.0,1,0
noisy_ping_pong_004,noisy_ping_pong,2.48333,97.335,-90.0,1,0
noisy_ping_pong_004,noisy_ping_pong,2.5,95.835,-90.0,1,0
noisy_ping_pong_004,noisy_ping_pong,2.51667,94.335,-90.0,1,0
noisy_ping_pong_004,noisy_ping_pong,2.53333,92.835,-90.0,1,0
noisy_ping_pong_004,noisy_ping_pong,2.55,91.335,-90.0,1,0
noisy_ping_pong_004,noisy_ping_pong,2.56667,89.835,-90.0,1,0
noisy_ping_pong_004,noisy_ping_pong,2.58333,88.335,-90.0,1,0
noisy_ping_pong_004,noisy_ping_pong,2.6,86.835,-90.0,1,0
noisy_ping_pong_004,noisy_ping_pong,2.61667,85.335,-90.0,1,0
noisy_ping_pong_004,noisy_ping_pong,2.63333,83.835,-90.0,1,0
noisy_ping_pong_004,noisy_ping_pong,2.65,82.335,-90.0,1,0
noisy_ping_pong_004,noisy_ping_pong,2.66667,80.835,-90.0,1,0
noisy_ping_pong_004,noisy_ping_pong,2.68333,79.335,-90.0,1,0
noisy_ping_pong_004,noisy_ping_pong,2.7,77.835,-90.0,1,0
noisy_ping_pong_004,noisy_ping_pong,2.71667,76.335,-90.0,1,0
noisy_ping_pong_004,noisy_ping_pong,2.73333,74.835,-90.0,1,0
noisy_ping_pong_004,noisy_ping_pong,2.75,73.335,-90.0,1,0
noisy_ping_pong_004,noisy_ping_pong,2.76667,71.835,-90.0,1,0
noisy_ping_pong_004,noisy_ping_pong,2.78333,70.335,-90.0,1,0
noisy_ping_pong_004,noisy_ping_pong,2.8,68.835,-90.0,1,0
noisy_ping_pong_004,noisy_ping_pong,2.81667,67.335,-90.0,1,0
noisy_ping_pong_004,noisy_ping_pong,2.83333,65.835,-90.0,1,0
noisy_ping_pong_004,noisy_ping_pong,2.85,64.335,-90.0,1,0
noisy_ping_pong_004,noisy_ping_pong,2.86667,62.835,-90.0,1,0
noisy_ping_pong_004,noisy_ping_pong,2.88333,61.335,-90.0,1,0
noisy_ping_pong_004,noisy_ping_pong,2.9,59.835,-90.0,1,0
noisy_ping_pong_004,noisy_ping_pong,2.91667,58.335,-90.0,1,0
noisy_ping_pong_004,noisy_ping_pong,2.93333,56.835,-90.0,1,0
noisy_ping_pong_004,noisy_ping_pong,2.95,55.335,-90.0,1,0
noisy_ping_pong_004,noisy_ping_pong,2.96667,53.835,-90.0,1,0
noisy_ping_pong_004,noisy_ping_pong,2.98333,52.335,-90.0,1,0
noisy_ping_pong_004,noisy_ping_pong,3.0,50.835,-90.0,1,0
noisy_ping_pong_004,noisy_ping_pong,3.01667,49.335,-90.0,1,0
noisy_ping_pong_004,noisy_ping_pong,3.03333,47.835,-90.0,1,0
noisy_ping_pong_004,noisy_ping_pong,3.05,46.335,-90.0,1,0
noisy_ping_pong_004,noisy_ping_pong,3.06667,44.835,-90.0,1,0
noisy_ping_pong_004,noisy_ping_pong,3.08333,43.335,-90.0,1,0
noisy_ping_pong_004,noisy_ping_pong,3.1,41.835,-90.0,1,0
noisy_ping_pong_004,noisy_ping_pong,3.11667,40.335,-90.0,1,0
noisy_ping_pong_004,noisy_ping_pong,3.13333,38.835,-90.0,1,0
noisy_ping_pong_004,noisy_ping_pong,3.15,37.335,-90.0,1,0
noisy_ping_pong_004,noisy_ping_pong,3.16667,35.835,-90.0,1,0
noisy_ping_pong_004,noisy_ping_pong,3.18333,34.335,-90.0,1,0
noisy_ping_pong_004,noisy_ping_pong,3.2,32.835,-90.0,1,0
noisy_ping_pong_004,noisy_ping_pong,3.21667,31.335,-90.0,1,0
noisy_ping_pong_004,noisy_ping_pong,3.23333,29.835,-90.0,1,0
noisy_ping_pong_004,noisy_ping_pong,3.25,28.335,-90.0,1,0
noisy_ping_pong_004,noisy_ping_pong,3.26667,26.835,-90.0,1,0
noisy_ping_pong_004,noisy_ping_pong,3.28333,25.335,-90.0,1,0
noisy_ping_pong_004,noisy_ping_pong,3.3,23.835,-90.0,1,0
noisy_ping_pong_004,noisy_ping_pong,3.31667,22.335,-90.0,1,0
noisy_ping_pong_004,noisy_ping_pong,3.33333,20.835,-90.0,1,0
noisy_ping_pong_004,noisy_ping_pong,3.35,19.335,-90.0,1,0
noisy_ping_pong_004,noisy_ping_pong,3.36667,17.835,-90.0,1,0
noisy_ping_pong_004,noisy_ping_pong,3.38333,16.335,-90.0,1,0
noisy_ping_pong_004,noisy_ping_pong,3.4,14.835,-90.0,1,0
noisy_ping_pong_004,noisy_ping_pong,3.41667,13.335,-90.0,1,0
noisy_ping_pong_004,noisy_ping_pong,3.43333,11.835,-90.0,1,0
noisy_ping_pong_004,noisy_ping_pong,3.45,10.335,-90.0,1,0
noisy_ping_pong_004,noisy_ping_pong,3.46667,8.835,-90.0,1,0
noisy_ping_pong_004,noisy_ping_pong,3.48333,7.335,-90.0,1,0
noisy_ping_pong_004,noisy_ping_pong,3.5,5.835,-90.0,1,0
noisy_ping_pong_004,noisy_ping_pong,3.51667,4.335,-90.0,1,0
noisy_ping_pong_004,noisy_ping_pong,3.53333,2.835,-90.0,0,0
noisy_ping_pong_004,noisy_ping_pong,3.55,2.835,0.0,0,0
noisy_ping_pong_004,noisy_ping_pong,3.56667,2.835,0.0,0,0
noisy_ping_pong_004,noisy_ping_pong,3.58333,2.835,0.0,0,0
noisy_ping_pong_004,noisy_ping_pong,3.6,2.835,0.0,0,0
noisy_ping_pong_004,noisy_ping_pong,3.61667,2.835,0.0,0,0
noisy_ping_pong_004,noisy_ping_pong,3.63333,2.835,0.0,0,0
noisy_ping_pong_004,noisy_ping_pong,3.65,2.835,0.0,0,0
noisy_ping_pong_004,noisy_ping_pong,3.66667,2.835,0.0,0,0
noisy_ping_pong_004,noisy_ping_pong,3.68333,2.835,0.0,0,0
noisy_ping_pong_004,noisy_ping_pong,3.7,2.835,0.0,0,0
noisy_ping_pong_004,noisy_ping_pong,3.71667,2.835,0.0,0,0
noisy_ping_pong_004,noisy_ping_pong,3.73333,2.835,0.0,0,0
noisy_ping_pong_004,noisy_ping_pong,3.75,2.835,0.0,0,0
noisy_ping_pong_004,noisy_ping_pong,3.76667,2.835,0.0,0,0
noisy_ping_pong_004,noisy_ping_pong,3.78333,2.835,0.0,0,0
noisy_ping_pong_004,noisy_ping_pong,3.8,2.835,0.0,0,0
noisy_ping_pong_004,noisy_ping_pong,3.81667,2.835,0.0,0,0
noisy_ping_pong_004,noisy_ping_pong,3.83333,2.835,0.0,0,0
noisy_ping_pong_004,noisy_ping_pong,3.85,2.835,0.0,0,0
noisy_ping_pong_004,noisy_ping_pong,3.86667,2.835,0.0,0,0
noisy_ping_pong_004,noisy_ping_pong,3.88333,2.835,0.0,0,0
noisy_ping_pong_004,noisy_ping_pong,3.9,2.835,0.0,0,0
noisy_ping_pong_004,noisy_ping_pong,3.91667,2.835,0.0,0,0
noisy_ping_pong_004,noisy_ping_pong,3.93333,2.835,0.0,0,0
noisy_ping_pong_004,noisy_ping_pong,3.95,2.835,0.0,0,1
noisy_ping_pong_004,noisy_ping_pong,3.96667,4.335,90.0,0,1
noisy_ping_pong_004,noisy_ping_pong,3.98333,5.835,90.0,0,1
noisy_ping_pong_004,noisy_ping_pong,4.0,7.335,90.0,0,1
noisy_ping_pong_004,noisy_ping_pong,4.01667,8.835,90.0,0,1
noisy_ping_pong_004,noisy_ping_pong,4.03333,10.335,90.0,0,1
noisy_ping_pong_004,noisy_ping_pong,4.05,11.835,90.0,0,1
noisy_ping_pong_004,noisy_ping_pong,4.06667,13.335,90.0,0,0
noisy_ping_pong_004,noisy_ping_pong,4.08333,13.335,0.0,0,1
noisy_ping_pong_004,noisy_ping_pong,4.1,14.835,90.0,0,1
noisy_ping_pong_004,noisy_ping_pong,4.11667,16.335,90.0,0,1
noisy_ping_pong_004,noisy_ping_pong,4.13333,17.835,90.0,0,1
noisy_ping_pong_004,noisy_ping_pong,4.15,19.335,90.0,0,1
noisy_ping_pong_004,noisy_ping_pong,4.16667,20.835,90.0,0,1
noisy_ping_pong_004,noisy_ping_pong,4.18333,22.335,90.0,0,1
noisy_ping_pong_004,noisy_ping_pong,4.2,23.835,90.0,0,1
noisy_ping_pong_004,noisy_ping_pong,4.21667,25.335,90.0,0,1
noisy_ping_pong_004,noisy_ping_pong,4.23333,26.835,90.0,0,1
noisy_ping_pong_004,noisy_ping_pong,4.25,28.335,90.0,0,1
noisy_ping_pong_004,noisy_ping_pong,4.26667,29.835,90.0,0,1
noisy_ping_pong_004,noisy_ping_pong,4.28333,31.335,90.0,0,0
noisy_ping_pong_004,noisy_ping_pong,4.3,31.335,0.0,0,1
noisy_ping_pong_004,noisy_ping_pong,4.31667,32.835,90.0,0,1
noisy_ping_pong_004,noisy_ping_pong,4.33333,34.335,90.0,0,1
noisy_ping_pong_004,noisy_ping_pong,4.35,35.835,90.0,0,1
noisy_ping_pong_004,noisy_ping_pong,4.36667,37.335,90.0,0,1
noisy_ping_pong_004,noisy_ping_pong,4.38333,38.835,90.0,0,1
noisy_ping_pong_004,noisy_ping_pong,4.4,40.335,90.0,0,1
noisy_ping_pong_004,noisy_ping_pong,4.41667,41.835,90.0,0,1
noisy_ping_pong_004,noisy_ping_pong,4.43333,43.335,90.0,0,1
noisy_ping_pong_004,noisy_ping_pong,4.45,44.835,90.0,0,1
noisy_ping_pong_004,noisy_ping_pong,4.46667,46.335,90.0,0,1
noisy_ping_pong_004,noisy_ping_pong,4.48333,47.835,90.0,0,1
noisy_ping_pong_004,noisy_ping_pong,4.5,49.335,90.0,0,1
noisy_ping_pong_004,noisy_ping_pong,4.51667,50.835,90.0,0,1
noisy_ping_pong_004,noisy_ping_pong,4.53333,52.335,90.0,0,1
noisy_ping_pong_004,noisy_ping_pong,4.55,53.835,90.0,0,1
noisy_ping_pong_004,noisy_ping_pong,4.56667,55.335,90.0,0,1
noisy_ping_pong_004,noisy_ping_pong,4.58333,56.835,90.0,0,1
noisy_ping_pong_004,noisy_ping_pong,4.6,58.335,90.0,0,1
noisy_ping_pong_004,noisy_ping_pong,4.61667,59.835,90.0,0,1
noisy_ping_pong_004,noisy_ping_pong,4.63333,61.335,90.0,0,1
noisy_ping_pong_004,noisy_ping_pong,4.65,62.835,90.0,0,1
noisy_ping_pong_004,noisy_ping_pong,4.66667,64.335,90.0,0,1
noisy_ping_pong_004,noisy_ping_pong,4.68333,65.835,90.0,0,1
noisy_ping_pong_004,noisy_ping_pong,4.7,67.335,90.0,0,0
noisy_ping_pong_004,noisy_ping_pong,4.71667,67.335,0.0,0,1
noisy_ping_pong_004,noisy_ping_pong,4.73333,68.835,90.0,0,1
noisy_ping_pong_004,noisy_ping_pong,4.75,70.335,90.0,0,1
noisy_ping_pong_004,noisy_ping_pong,4.76667,71.835,90.0,0,1
noisy_ping_pong_004,noisy_ping_pong,4.78333,73.335,90.0,0,1
noisy_ping_pong_004,noisy_ping_pong,4.8,74.835,90.0,0,1
noisy_ping_pong_004,noisy_ping_pong,4.81667,76.335,90.0,0,1
noisy_ping_pong_004,noisy_ping_pong,4.83333,77.835,90.0,0,1
noisy_ping_pong_004,noisy_ping_pong,4.85,79.335,90.0,0,1
noisy_ping_pong_004,noisy_ping_pong,4.86667,80.835,90.0,0,1
noisy_ping_pong_004,noisy_ping_pong,4.88333,82.335,90.0,0,1
noisy_ping_pong_004,noisy_ping_pong,4.9,83.835,90.0,0,1
noisy_ping_pong_004,noisy_ping_pong,4.91667,85.335,90.0,0,1
noisy_ping_pong_004,noisy_ping_pong,4.93333,86.835,90.0,0,1
noisy_ping_pong_004,noisy_ping_pong,4.95,88.335,90.0,0,1
noisy_ping_pong_004,noisy_ping_pong,4.96667,89.835,90.0,0,1
noisy_ping_pong_004,noisy_ping_pong,4.98333,91.335,90.0,0,1
noisy_ping_pong_004,noisy_ping_pong,5.0,92.835,90.0,0,1
noisy_ping_pong_004,noisy_ping_pong,5.01667,94.335,90.0,0,1
noisy_ping_pong_004,noisy_ping_pong,5.03333,95.835,90.0,0,1
noisy_ping_pong_004,noisy_ping_pong,5.05,97.335,90.0,0,1
noisy_ping_pong_004,noisy_ping_pong,5.06667,98.835,90.0,0,1
noisy_ping_pong_004,noisy_ping_pong,5.08333,100.335,90.0,0,1
noisy_ping_pong_004,noisy_ping_pong,5.1,101.835,90.0,0,1
noisy_ping_pong_004,noisy_ping_pong,5.11667,103.335,90.0,0,1
noisy_ping_pong_004,noisy_ping_pong,5.13333,104.835,90.0,0,1
noisy_ping_pong_004,noisy_ping_pong,5.15,106.335,90.0,0,1
noisy_ping_pong_004,noisy_ping_pong,5.16667,107.835,90.0,0,1
noisy_ping_pong_004,noisy_ping_pong,5.18333,109.335,90.0,0,1
noisy_ping_pong_004,noisy_ping_pong,5.2,110.835,90.0,1,0
noisy_ping_pong_004,noisy_ping_pong,5.21667,109.335,-90.0,0,1
noisy_ping_pong_004,noisy_ping_pong,5.23333,110.835,90.0,0,1
noisy_ping_pong_004,noisy_ping_pong,5.25,112.335,90.0,0,1
noisy_ping_pong_004,noisy_ping_pong,5.26667,113.835,90.0,0,0
noisy_ping_pong_004,noisy_ping_pong,5.28333,113.835,0.0,0,1
noisy_ping_pong_004,noisy_ping_pong,5.3,115.335,90.0,0,1
noisy_ping_pong_004,noisy_ping_pong,5.31667,116.835,90.0,1,0
noisy_ping_pong_004,noisy_ping_pong,5.33333,115.335,-90.0,0,1
noisy_ping_pong_004,noisy_ping_pong,5.35,116.835,90.0,0,1
noisy_ping_pong_004,noisy_ping_pong,5.36667,118.335,90.0,0,1
noisy_ping_pong_004,noisy_ping_pong,5.38333,119.835,90.0,0,1
noisy_ping_pong_004,noisy_ping_pong,5.4,121.335,90.0,0,1
noisy_ping_pong_004,noisy_ping_pong,5.41667,122.835,90.0,0,1
noisy_ping_pong_004,noisy_ping_pong,5.43333,124.335,90.0,0,1
noisy_ping_pong_004,noisy_ping_pong,5.45,125.835,90.0,0,1
noisy_ping_pong_004,noisy_ping_pong,5.46667,127.335,90.0,0,1
noisy_ping_pong_004,noisy_ping_pong,5.48333,128.835,90.0,0,1
noisy_ping_pong_004,noisy_ping_pong,5.5,130.335,90.0,1,0
noisy_ping_pong_004,noisy_ping_pong,5.51667,128.835,-90.0,0,1
noisy_ping_pong_004,noisy_ping_pong,5.53333,130.335,90.0,0,1
noisy_ping_pong_004,noisy_ping_pong,5.55,131.835,90.0,0,1
noisy_ping_pong_004,noisy_ping_pong,5.56667,133.335,90.0,0,1
noisy_ping_pong_004,noisy_ping_pong,5.58333,134.835,90.0,0,1
noisy_ping_pong_004,noisy_ping_pong,5.6,136.335,90.0,0,1
noisy_ping_pong_004,noisy_ping_pong,5.61667,137.835,90.0,0,1
noisy_ping_pong_004,noisy_ping_pong,5.63333,139.335,90.0,0,1
noisy_ping_pong_004,noisy_ping_pong,5.65,140.835,90.0,0,1
noisy_ping_pong_004,noisy_ping_pong,5.66667,142.335,90.0,0,1
noisy_ping_pong_004,noisy_ping_pong,5.68333,143.835,90.0,0,1
noisy_ping_pong_004,noisy_ping_pong,5.7,145.335,90.0,0,1
noisy_ping_pong_004,noisy_ping_pong,5.71667,146.835,90.0,0,1
noisy_ping_pong_004,noisy_ping_pong,5.73333,148.335,90.0,0,1
noisy_ping_pong_004,noisy_ping_pong,5.75,149.835,90.0,0,1
noisy_ping_pong_004,noisy_ping_pong,5.76667,151.335,90.0,0,1
noisy_ping_pong_004,noisy_ping_pong,5.78333,152.835,90.0,0,1
noisy_ping_pong_004,noisy_ping_pong,5.8,154.335,90.0,0,1
noisy_ping_pong_004,noisy_ping_pong,5.81667,155.835,90.0,0,1
noisy_ping_pong_004,noisy_ping_pong,5.83333,157.335,90.0,0,1
noisy_ping_pong_004,noisy_ping_pong,5.85,158.835,90.0,0,1
noisy_ping_pong_004,noisy_ping_pong,5.86667,160.335,90.0,0,1
noisy_ping_pong_004,noisy_ping_pong,5.88333,161.835,90.0,0,1
noisy_ping_pong_004,noisy_ping_pong,5.9,163.335,90.0,0,1
noisy_ping_pong_004,noisy_ping_pong,5.91667,164.835,90.0,0,1
noisy_ping_pong_004,noisy_ping_pong,5.93333,166.335,90.0,0,1
noisy_ping_pong_004,noisy_ping_pong,5.95,167.835,90.0,0,1
noisy_ping_pong_004,noisy_ping_pong,5.96667,169.335,90.0,1,0
noisy_ping_pong_004,noisy_ping_pong,5.98333,167.835,-90.0,0,1
noisy_ping_pong_004,noisy_ping_pong,6.0,169.335,90.0,0,1
noisy_ping_pong_004,noisy_ping_pong,6.01667,170.835,90.0,0,1
noisy_ping_pong_004,noisy_ping_pong,6.03333,172.335,90.0,0,1
noisy_ping_pong_004,noisy_ping_pong,6.05,173.835,90.0,0,1
noisy_ping_pong_004,noisy_ping_pong,6.06667,175.335,90.0,0,1
noisy_ping_pong_004,noisy_ping_pong,6.08333,176.835,90.0,0,1
noisy_ping_pong_004,noisy_ping_pong,6.1,178.335,90.0,0,1
noisy_ping_pong_004,noisy_ping_pong,6.11667,179.835,90.0,0,1
noisy_ping_pong_004,noisy_ping_pong,6.13333,181.335,90.0,0,1
noisy_ping_pong_004,noisy_ping_pong,6.15,182.835,90.0,0,1
noisy_ping_pong_004,noisy_ping_pong,6.16667,184.335,90.0,0,1
noisy_ping_pong_004,noisy_ping_pong,6.18333,185.835,90.0,0,1
noisy_ping_pong_004,noisy_ping_pong,6.2,187.335,90.0,0,1
noisy_ping_pong_004,noisy_ping_pong,6.21667,188.835,90.0,0,1
noisy_ping_pong_004,noisy_ping_pong,6.23333,190.335,90.0,0,1
noisy_ping_pong_004,noisy_ping_pong,6.25,191.835,90.0,0,1
noisy_ping_pong_004,noisy_ping_pong,6.26667,193.335,90.0,0,1
noisy_ping_pong_004,noisy_ping_pong,6.28333,194.835,90.0,0,1
noisy_ping_pong_004,noisy_ping_pong,6.3,196.335,90.0,0,1
noisy_ping_pong_004,noisy_ping_pong,6.31667,197.835,90.0,0,1
noisy_ping_pong_004,noisy_ping_pong,6.33333,199.335,90.0,0,1
noisy_ping_pong_004,noisy_ping_pong,6.35,200.835,90.0,0,0
noisy_ping_pong_004,noisy_ping_pong,6.36667,200.835,0.0,0,0
noisy_ping_pong_004,noisy_ping_pong,6.38333,200.835,0.0,0,0
noisy_ping_pong_004,noisy_ping_pong,6.4,200.835,0.0,0,1
noisy_ping_pong_004,noisy_ping_pong,6.41667,202.335,90.0,0,0
noisy_ping_pong_004,noisy_ping_pong,6.43333,202.335,0.0,0,0
noisy_ping_pong_004,noisy_ping_pong,6.45,202.335,0.0,0,0
noisy_ping_pong_004,noisy_ping_pong,6.46667,202.335,0.0,0,0
noisy_ping_pong_004,noisy_ping_pong,6.48333,202.335,0.0,0,0
noisy_ping_pong_004,noisy_ping_pong,6.5,202.335,0.0,0,0
noisy_ping_pong_004,noisy_ping_pong,6.51667,202.335,0.0,0,0
noisy_ping_pong_004,noisy_ping_pong,6.53333,202.335,0.0,0,0
noisy_ping_pong_004,noisy_ping_pong,6.55,202.335,0.0,0,0
noisy_ping_pong_004,noisy_ping_pong,6.56667,202.335,0.0,0,0
noisy_ping_pong_004,noisy_ping_pong,6.58333,202.335,0.0,0,0
noisy_ping_pong_004,noisy_ping_pong,6.6,202.335,0.0,0,0
noisy_ping_pong_004,noisy_ping_pong,6.61667,202.335,0.0,0,0
noisy_ping_pong_004,noisy_ping_pong,6.63333,202.335,0.0,0,0
noisy_ping_pong_004,noisy_ping_pong,6.65,202.335,0.0,0,0
noisy_ping_pong_004,noisy_ping_pong,6.66667,202.335,0.0,0,0
noisy_ping_pong_004,noisy_ping_pong,6.68333,202.335,0.0,0,0
noisy_ping_pong_004,noisy_ping_pong,6.7,202.335,0.0,0,0
noisy_ping_pong_004,noisy_ping_pong,6.71667,202.335,0.0,0,0
noisy_ping_pong_004,noisy_ping_pong,6.73333,202.335,0.0,0,0
noisy_ping_pong_004,noisy_ping_pong,6.75,202.335,0.0,0,0
noisy_ping_pong_004,noisy_ping_pong,6.76667,202.335,0.0,1,0
noisy_ping_pong_004,noisy_ping_pong,6.78333,200.835,-90.0,1,0
noisy_ping_pong_004,noisy_ping_pong,6.8,199.335,-90.0,1,0
noisy_ping_pong_004,noisy_ping_pong,6.81667,197.835,-90.0,1,0
noisy_ping_pong_004,noisy_ping_pong,6.83333,196.335,-90.0,1,0
noisy_ping_pong_004,noisy_ping_pong,6.85,194.835,-90.0,1,0
noisy_ping_pong_004,noisy_ping_pong,6.86667,193.335,-90.0,1,0
noisy_ping_pong_004,noisy_ping_pong,6.88333,191.835,-90.0,1,0
noisy_ping_pong_004,noisy_ping_pong,6.9,190.335,-90.0,1,0
noisy_ping_pong_004,noisy_ping_pong,6.91667,188.835,-90.0,1,0
noisy_ping_pong_004,noisy_ping_pong,6.93333,187.335,-90.0,1,0
noisy_ping_pong_004,noisy_ping_pong,6.95,185.835,-90.0,1,0
noisy_ping_pong_004,noisy_ping_pong,6.96667,184.335,-90.0,1,0
noisy_ping_pong_004,noisy_ping_pong,6.98333,182.835,-90.0,1,0
noisy_ping_pong_004,noisy_ping_pong,7.0,181.335,-90.0,1,0
noisy_ping_pong_004,noisy_ping_pong,7.01667,179.835,-90.0,0,1
noisy_ping_pong_004,noisy_ping_pong,7.03333,181.335,90.0,1,0
noisy_ping_pong_004,noisy_ping_pong,7.05,179.835,-90.0,1,0
noisy_ping_pong_004,noisy_ping_pong,7.06667,178.335,-90.0,1,0
noisy_ping_pong_004,noisy_ping_pong,7.08333,176.835,-90.0,1,0
noisy_ping_pong_004,noisy_ping_pong,7.1,175.335,-90.0,1,0
noisy_ping_pong_004,noisy_ping_pong,7.11667,173.835,-90.0,1,0
noisy_ping_pong_004,noisy_ping_pong,7.13333,172.335,-90.0,1,0
noisy_ping_pong_004,noisy_ping_pong,7.15,170.835,-90.0,1,0
noisy_ping_pong_004,noisy_ping_pong,7.16667,169.335,-90.0,1,0
noisy_ping_pong_004,noisy_ping_pong,7.18333,167.835,-90.0,1,0
noisy_ping_pong_004,noisy_ping_pong,7.2,166.335,-90.0,1,0
noisy_ping_pong_004,noisy_ping_pong,7.21667,164.835,-90.0,1,0
noisy_ping_pong_004,noisy_ping_pong,7.23333,163.335,-90.0,1,0
noisy_ping_pong_004,noisy_ping_pong,7.25,161.835,-90.0,1,0
noisy_ping_pong_004,noisy_ping_pong,7.26667,160.335,-90.0,1,0
noisy_ping_pong_004,noisy_ping_pong,7.28333,158.835,-90.0,1,0
noisy_ping_pong_004,noisy_ping_pong,7.3,157.335,-90.0,0,0
noisy_ping_pong_004,noisy_ping_pong,7.31667,157.335,0.0,1,0
noisy_ping_pong_004,noisy_ping_pong,7.33333,155.835,-90.0,1,0
noisy_ping_pong_004,noisy_ping_pong,7.35,154.335,-90.0,1,0
noisy_ping_pong_004,noisy_ping_pong,7.36667,152.835,-90.0,1,0
noisy_ping_pong_004,noisy_ping_pong,7.38333,151.335,-90.0,1,0
noisy_ping_pong_004,noisy_ping_pong,7.4,149.835,-90.0,1,0
noisy_ping_pong_004,noisy_ping_pong,7.41667,148.335,-90.0,1,0
noisy_ping_pong_004,noisy_ping_pong,7.43333,146.835,-90.0,1,0
noisy_ping_pong_004,noisy_ping_pong,7.45,145.335,-90.0,1,0
noisy_ping_pong_004,noisy_ping_pong,7.46667,143.835,-90.0,1,0
noisy_ping_pong_004,noisy_ping_pong,7.48333,142.335,-90.0,1,0
noisy_ping_pong_004,noisy_ping_pong,7.5,140.835,-90.0,1,0
noisy_ping_pong_004,noisy_ping_pong,7.51667,139.335,-90.0,1,0
noisy_ping_pong_004,noisy_ping_pong,7.53333,137.835,-90.0,1,0
noisy_ping_pong_004,noisy_ping_pong,7.55,136.335,-90.0,1,0
noisy_ping_pong_004,noisy_ping_pong,7.56667,134.835,-90.0,1,0
noisy_ping_pong_004,noisy_ping_pong,7.58333,133.335,-90.0,1,0
noisy_ping_pong_004,noisy_ping_pong,7.6,131.835,-90.0,1,0
noisy_ping_pong_004,noisy_ping_pong,7.61667,130.335,-90.0,1,0
noisy_ping_pong_004,noisy_ping_pong,7.63333,128.835,-90.0,1,0
noisy_ping_pong_004,noisy_ping_pong,7.65,127.335,-90.0,1,0
noisy_ping_pong_004,noisy_ping_pong,7.66667,125.835,-90.0,0,0
noisy_ping_pong_004,noisy_ping_pong,7.68333,125.835,0.0,0,0
noisy_ping_pong_004,noisy_ping_pong,7.7,125.835,0.0,1,0
noisy_ping_pong_004,noisy_ping_pong,7.71667,124.335,-90.0,1,0
noisy_ping_pong_004,noisy_ping_pong,7.73333,122.835,-90.0,1,0
noisy_ping_pong_004,noisy_ping_pong,7.75,121.335,-90.0,1,0
noisy_ping_pong_004,noisy_ping_pong,7.76667,119.835,-90.0,1,0
noisy_ping_pong_004,noisy_ping_pong,7.78333,118.335,-90.0,1,0
noisy_ping_pong_004,noisy_ping_pong,7.8,116.835,-90.0,1,0
noisy_ping_pong_004,noisy_ping_pong,7.81667,115.335,-90.0,1,0
noisy_ping_pong_004,noisy_ping_pong,7.83333,113.835,-90.0,1,0
noisy_ping_pong_004,noisy_ping_pong,7.85,112.335,-90.0,0,1
noisy_ping_pong_004,noisy_ping_pong,7.86667,113.835,90.0,1,0
noisy_ping_pong_004,noisy_ping_pong,7.88333,112.335,-90.0,1,0
noisy_ping_pong_004,noisy_ping_pong,7.9,110.835,-90.0,1,0
noisy_ping_pong_004,noisy_ping_pong,7.91667,109.335,-90.0,1,0
noisy_ping_pong_004,noisy_ping_pong,7.93333,107.835,-90.0,1,0
noisy_ping_pong_004,noisy_ping_pong,7.95,106.335,-90.0,1,0
noisy_ping_pong_004,noisy_ping_pong,7.96667,104.835,-90.0,1,0
noisy_ping_pong_004,noisy_ping_pong,7.98333,103.335,-90.0,1,0
noisy_ping_pong_004,noisy_ping_pong,8.0,101.835,-90.0,1,0
noisy_ping_pong_004,noisy_ping_pong,8.01667,100.335,-90.0,1,0
noisy_ping_pong_004,noisy_ping_pong,8.03333,98.835,-90.0,1,0
noisy_ping_pong_004,noisy_ping_pong,8.05,97.335,-90.0,1,0
noisy_ping_pong_004,noisy_ping_pong,8.06667,95.835,-90.0,1,0
noisy_ping_pong_004,noisy_ping_pong,8.08333,94.335,-90.0,1,0
noisy_ping_pong_004,noisy_ping_pong,8.1,92.835,-90.0,1,0
noisy_ping_pong_004,noisy_ping_pong,8.11667,91.335,-90.0,1,0
noisy_ping_pong_004,noisy_ping_pong,8.13333,89.835,-90.0,1,0
noisy_ping_pong_004,noisy_ping_pong,8.15,88.335,-90.0,1,0
noisy_ping_pong_004,noisy_ping_pong,8.16667,86.835,-90.0,1,0
noisy_ping_pong_004,noisy_ping_pong,8.18333,85.335,-90.0,1,0
noisy_ping_pong_004,noisy_ping_pong,8.2,83.835,-90.0,1,0
noisy_ping_pong_004,noisy_ping_pong,8.21667,82.335,-90.0,1,0
noisy_ping_pong_004,noisy_ping_pong,8.23333,80.835,-90.0,1,0
noisy_ping_pong_004,noisy_ping_pong,8.25,79.335,-90.0,1,0
noisy_ping_pong_004,noisy_ping_pong,8.26667,77.835,-90.0,1,0
noisy_ping_pong_004,noisy_ping_pong,8.28333,76.335,-90.0,1,0
noisy_ping_pong_004,noisy_ping_pong,8.3,74.835,-90.0,1,0
noisy_ping_pong_004,noisy_ping_pong,8.31667,73.335,-90.0,1,0
noisy_ping_pong_004,noisy_ping_pong,8.33333,71.835,-90.0,1,0
noisy_ping_pong_004,noisy_ping_pong,8.35,70.335,-90.0,1,0
noisy_ping_pong_004,noisy_ping_pong,8.36667,68.835,-90.0,1,0
noisy_ping_pong_004,noisy_ping_pong,8.38333,67.335,-90.0,1,0
noisy_ping_pong_004,noisy_ping_pong,8.4,65.835,-90.0,1,0
noisy_ping_pong_004,noisy_ping_pong,8.41667,64.335,-90.0,1,0
noisy_ping_pong_004,noisy_ping_pong,8.43333,62.835,-90.0,1,0
noisy_ping_pong_004,noisy_ping_pong,8.45,61.335,-90.0,1,0
noisy_ping_pong_004,noisy_ping_pong,8.46667,59.835,-90.0,1,0
noisy_ping_pong_004,noisy_ping_pong,8.48333,58.335,-90.0,1,0
noisy_ping_pong_004,noisy_ping_pong,8.5,56.835,-90.0,1,0
noisy_ping_pong_004,noisy_ping_pong,8.51667,55.335,-90.0,1,0
noisy_ping_pong_004,noisy_ping_pong,8.53333,53.835,-90.0,1,0
noisy_ping_pong_004,noisy_ping_pong,8.55,52.335,-90.0,1,0
noisy_ping_pong_004,noisy_ping_pong,8.56667,50.835,-90.0,1,0
noisy_ping_pong_004,noisy_ping_pong,8.58333,49.335,-90.0,1,0
noisy_ping_pong_004,noisy_ping_pong,8.6,47.835,-90.0,1,0
noisy_ping_pong_004,noisy_ping_pong,8.61667,46.335,-90.0,1,0
noisy_ping_pong_004,noisy_ping_pong,8.63333,44.835,-90.0,0,0
noisy_ping_pong_004,noisy_ping_pong,8.65,44.835,0.0,1,0
noisy_ping_pong_004,noisy_ping_pong,8.66667,43.335,-90.0,1,0
noisy_ping_pong_004,noisy_ping_pong,8.68333,41.835,-90.0,1,0
noisy_ping_pong_004,noisy_ping_pong,8.7,40.335,-90.0,1,0
noisy_ping_pong_004,noisy_ping_pong,8.71667,38.835,-90.0,1,0
noisy_ping_pong_004,noisy_ping_pong,8.73333,37.335,-90.0,1,0
noisy_ping_pong_004,noisy_ping_pong,8.75,35.835,-90.0,1,0
noisy_ping_pong_004,noisy_ping_pong,8.76667,34.335,-90.0,1,0
noisy_ping_pong_004,noisy_ping_pong,8.78333,32.835,-90.0,1,0
noisy_ping_pong_004,noisy_ping_pong,8.8,31.335,-90.0,1,0
noisy_ping_pong_004,noisy_ping_pong,8.81667,29.835,-90.0,1,0
noisy_ping_pong_004,noisy_ping_pong,8.83333,28.335,-90.0,1,0
noisy_ping_pong_004,noisy_ping_pong,8.85,26.835,-90.0,1,0
noisy_ping_pong_004,noisy_ping_pong,8.86667,25.335,-90.0,1,0
noisy_ping_pong_004,noisy_ping_pong,8.88333,23.835,-90.0,1,0
noisy_ping_pong_004,noisy_ping_pong,8.9,22.335,-90.0,1,0
noisy_ping_pong_004,noisy_ping_pong,8.91667,20.835,-90.0,1,0
noisy_ping_pong_004,noisy_ping_pong,8.93333,19.335,-90.0,1,0
noisy_ping_pong_004,noisy_ping_pong,8.95,17.835,-90.0,1,0
noisy_ping_pong_004,noisy_ping_pong,8.96667,16.335,-90.0,1,0
noisy_ping_pong_004,noisy_ping_pong,8.98333,14.835,-90.0,1,0
noisy_ping_pong_004,noisy_ping_pong,9.0,13.335,-90.0,1,0
noisy_ping_pong_004,noisy_ping_pong,9.01667,11.835,-90.0,1,0
noisy_ping_pong_004,noisy_ping_pong,9.03333,10.335,-90.0,1,0
noisy_ping_pong_004,noisy_ping_pong,9.05,8.835,-90.0,1,0
noisy_ping_pong_004,noisy_ping_pong,9.06667,7.335,-90.0,1,0
noisy_ping_pong_004,noisy_ping_pong,9.08333,5.835,-90.0,1,0
noisy_ping_pong_004,noisy_ping_pong,9.1,4.335,-90.0,1,0
noisy_ping_pong_004,noisy_ping_pong,9.11667,2.835,-90.0,0,0
noisy_ping_pong_004,noisy_ping_pong,9.13333,2.835,0.0,0,0
noisy_ping_pong_004,noisy_ping_pong,9.15,2.835,0.0,0,0
noisy_ping_pong_004,noisy_ping_pong,9.16667,2.835,0.0,0,0
noisy_ping_pong_004,noisy_ping_pong,9.18333,2.835,0.0,0,0
noisy_ping_pong_004,noisy_ping_pong,9.2,2.835,0.0,0,0
noisy_ping_pong_004,noisy_ping_pong,9.21667,2.835,0.0,0,0
noisy_ping_pong_004,noisy_ping_pong,9.23333,2.835,0.0,0,0
noisy_ping_pong_004,noisy_ping_pong,9.25,2.835,0.0,0,0
noisy_ping_pong_004,noisy_ping_pong,9.26667,2.835,0.0,0,0
noisy_ping_pong_004,noisy_ping_pong,9.28333,2.835,0.0,0,0
noisy_ping_pong_004,noisy_ping_pong,9.3,2.835,0.0,0,0
noisy_ping_pong_004,noisy_ping_pong,9.31667,2.835,0.0,0,0
noisy_ping_pong_004,noisy_ping_pong,9.33333,2.835,0.0,0,0
noisy_ping_pong_004,noisy_ping_pong,9.35,2.835,0.0,0,0
noisy_ping_pong_004,noisy_ping_pong,9.36667,2.835,0.0,0,0
noisy_ping_pong_004,noisy_ping_pong,9.38333,2.835,0.0,0,0
noisy_ping_pong_004,noisy_ping_pong,9.4,2.835,0.0,0,0
noisy_ping_pong_004,noisy_ping_pong,9.41667,2.835,0.0,0,0
noisy_ping_pong_004,noisy_ping_pong,9.43333,2.835,0.0,0,0
noisy_ping_pong_004,noisy_ping_pong,9.45,2.835,0.0,0,0
noisy_ping_pong_004,noisy_ping_pong,9.46667,2.835,0.0,0,0
noisy_ping_pong_004,noisy_ping_pong,9.48333,2.835,0.0,0,0
noisy_ping_pong_004,noisy_ping_pong,9.5,2.835,0.0,0,0
noisy_ping_pong_004,noisy_ping_pong,9.51667,2.835,0.0,0,0
noisy_ping_pong_004,noisy_ping_pong,9.53333,2.835,0.0,0,1
noisy_ping_pong_004,noisy_ping_pong,9.55,4.335,90.0,0,1
noisy_ping_pong_004,noisy_ping_pong,9.56667,5.835,90.0,0,1
noisy_ping_pong_004,noisy_ping_pong,9.58333,7.335,90.0,0,1
noisy_ping_pong_004,noisy_ping_pong,9.6,8.835,90.0,0,1
noisy_ping_pong_004,noisy_ping_pong,9.61667,10.335,90.0,0,1
noisy_ping_pong_004,noisy_ping_pong,9.63333,11.835,90.0,0,1
noisy_ping_pong_004,noisy_ping_pong,9.65,13.335,90.0,0,1
noisy_ping_pong_004,noisy_ping_pong,9.66667,14.835,90.0,0,1
noisy_ping_pong_004,noisy_ping_pong,9.68333,16.335,90.0,0,0
noisy_ping_pong_004,noisy_ping_pong,9.7,16.335,0.0,0,1
noisy_ping_pong_004,noisy_ping_pong,9.71667,17.835,90.0,0,1
noisy_ping_pong_004,noisy_ping_pong,9.73333,19.335,90.0,0,1
noisy_ping_pong_004,noisy_ping_pong,9.75,20.835,90.0,0,1
noisy_ping_pong_004,noisy_ping_pong,9.76667,22.335,90.0,0,1
noisy_ping_pong_004,noisy_ping_pong,9.78333,23.835,90.0,0,1
noisy_ping_pong_004,noisy_ping_pong,9.8,25.335,90.0,0,1
noisy_ping_pong_004,noisy_ping_pong,9.81667,26.835,90.0,0,1
noisy_ping_pong_004,noisy_ping_pong,9.83333,28.335,90.0,0,1
noisy_ping_pong_004,noisy_ping_pong,9.85,29.835,90.0,0,1
noisy_ping_pong_004,noisy_ping_pong,9.86667,31.335,90.0,0,1
noisy_ping_pong_004,noisy_ping_pong,9.88333,32.835,90.0,0,1
noisy_ping_pong_004,noisy_ping_pong,9.9,34.335,90.0,0,1
noisy_ping_pong_004,noisy_ping_pong,9.91667,35.835,90.0,0,0
noisy_ping_pong_004,noisy_ping_pong,9.93333,35.835,0.0,0,1
noisy_ping_pong_004,noisy_ping_pong,9.95,37.335,90.0,0,1
noisy_ping_pong_004,noisy_ping_pong,9.96667,38.835,90.0,0,1
noisy_ping_pong_004,noisy_ping_pong,9.98333,40.335,90.0,0,1
noisy_ping_pong_004,noisy_ping_pong,10.0,41.835,90.0,0,1
noisy_ping_pong_004,noisy_ping_pong,10.01667,43.335,90.0,0,1
noisy_ping_pong_004,noisy_ping_pong,10.03333,44.835,90.0,0,1
noisy_ping_pong_004,noisy_ping_pong,10.05,46.335,90.0,0,1
noisy_ping_pong_004,noisy_ping_pong,10.06667,47.835,90.0,0,1
noisy_ping_pong_004,noisy_ping_pong,10.08333,49.335,90.0,0,1
noisy_ping_pong_004,noisy_ping_pong,10.1,50.835,90.0,0,1
noisy_ping_pong_004,noisy_ping_pong,10.11667,52.335,90.0,0,1
noisy_ping_pong_004,noisy_ping_pong,10.13333,53.835,90.0,0,1
noisy_ping_pong_004,noisy_ping_pong,10.15,55.335,90.0,0,1
noisy_ping_pong_004,noisy_ping_pong,10.16667,56.835,90.0,0,1
noisy_ping_pong_004,noisy_ping_pong,10.18333,58.335,90.0,1,0
noisy_ping_pong_004,noisy_ping_pong,10.2,56.835,-90.0,0,1
noisy_ping_pong_004,noisy_ping_pong,10.21667,58.335,90.0,0,1
noisy_ping_pong_004,noisy_ping_pong,10.23333,59.835,90.0,0,1
noisy_ping_pong_004,noisy_ping_pong,10.25,61.335,90.0,0,1
noisy_ping_pong_004,noisy_ping_pong,10.26667,62.835,90.0,0,1
noisy_ping_pong_004,noisy_ping_pong,10.28333,64.335,90.0,0,1
noisy_ping_pong_004,noisy_ping_pong,10.3,65.835,90.0,0,1
noisy_ping_pong_004,noisy_ping_pong,10.31667,67.335,90.0,0,1
noisy_ping_pong_004,noisy_ping_pong,10.33333,68.835,90.0,0,1
noisy_ping_pong_004,noisy_ping_pong,10.35,70.335,90.0,0,1
noisy_ping_pong_004,noisy_ping_pong,10.36667,71.835,90.0,0,1
noisy_ping_pong_004,noisy_ping_pong,10.38333,73.335,90.0,0,1
noisy_ping_pong_004,noisy_ping_pong,10.4,74.835,90.0,0,1
noisy_ping_pong_004,noisy_ping_pong,10.41667,76.335,90.0,0,1
noisy_ping_pong_004,noisy_ping_pong,10.43333,77.835,90.0,0,1
noisy_ping_pong_004,noisy_ping_pong,10.45,79.335,90.0,0,1
noisy_ping_pong_004,noisy_ping_pong,10.46667,80.835,90.0,0,1
noisy_ping_pong_004,noisy_ping_pong,10.48333,82.335,90.0,0,1
noisy_ping_pong_004,noisy_ping_pong,10.5,83.835,90.0,0,1
noisy_ping_pong_004,noisy_ping_pong,10.51667,85.335,90.0,0,1
noisy_ping_pong_004,noisy_ping_pong,10.53333,86.835,90.0,0,1
noisy_ping_pong_004,noisy_ping_pong,10.55,88.335,90.0,0,1
noisy_ping_pong_004,noisy_ping_pong,10.56667,89.835,90.0,0,1
noisy_ping_pong_004,noisy_ping_pong,10.58333,91.335,90.0,0,1
noisy_ping_pong_004,noisy_ping_pong,10.6,92.835,90.0,0,1
noisy_ping_pong_004,noisy_ping_pong,10.61667,94.335,90.0,0,1
noisy_ping_pong_004,noisy_ping_pong,10.63333,95.835,90.0,0,1
noisy_ping_pong_004,noisy_ping_pong,10.65,97.335,90.0,0,1
noisy_ping_pong_004,noisy_ping_pong,10.66667,98.835,90.0,0,1
noisy_ping_pong_004,noisy_ping_pong,10.68333,100.335,90.0,0,1
noisy_ping_pong_004,noisy_ping_pong,10.7,101.835,90.0,0,1
noisy_ping_pong_004,noisy_ping_pong,10.71667,103.335,90.0,0,1
noisy_ping_pong_004,noisy_ping_pong,10.73333,104.835,90.0,0,1
noisy_ping_pong_004,noisy_ping_pong,10.75,106.335,90.0,0,1
noisy_ping_pong_004,noisy_ping_pong,10.76667,107.835,90.0,0,1
noisy_ping_pong_004,noisy_ping_pong,10.78333,109.335,90.0,0,1
noisy_ping_pong_004,noisy_ping_pong,10.8,110.835,90.0,0,1
noisy_ping_pong_004,noisy_ping_pong,10.81667,112.335,90.0,0,1
noisy_ping_pong_004,noisy_ping_pong,10.83333,113.835,90.0,0,1
noisy_ping_pong_004,noisy_ping_pong,10.85,115.335,90.0,1,0
noisy_ping_pong_004,noisy_ping_pong,10.86667,113.835,-90.0,0,1
noisy_ping_pong_004,noisy_ping_pong,10.88333,115.335,90.0,1,0
noisy_ping_pong_004,noisy_ping_pong,10.9,113.835,-90.0,0,1
noisy_ping_pong_004,noisy_ping_pong,10.91667,115.335,90.0,0,1
noisy_ping_pong_004,noisy_ping_pong,10.93333,116.835,90.0,0,1
noisy_ping_pong_004,noisy_ping_pong,10.95,118.335,90.0,0,1
noisy_ping_pong_004,noisy_ping_pong,10.96667,119.835,90.0,0,1
noisy_ping_pong_004,noisy_ping_pong,10.98333,121.335,90.0,0,1
noisy_ping_pong_004,noisy_ping_pong,11.0,122.835,90.0,0,1
noisy_ping_pong_004,noisy_ping_pong,11.01667,124.335,90.0,0,1
noisy_ping_pong_004,noisy_ping_pong,11.03333,125.835,90.0,0,1
noisy_ping_pong_004,noisy_ping_pong,11.05,127.335,90.0,0,1
noisy_ping_pong_004,noisy_ping_pong,11.06667,128.835,90.0,0,1
noisy_ping_pong_004,noisy_ping_pong,11.08333,130.335,90.0,0,1
noisy_ping_pong_004,noisy_ping_pong,11.1,131.835,90.0,0,1
noisy_ping_pong_004,noisy_ping_pong,11.11667,133.335,90.0,0,0
noisy_ping_pong_004,noisy_ping_pong,11.13333,133.335,0.0,0,1
noisy_ping_pong_004,noisy_ping_pong,11.15,134.835,90.0,0,1
noisy_ping_pong_004,noisy_ping_pong,11.16667,136.335,90.0,0,1
noisy_ping_pong_004,noisy_ping_pong,11.18333,137.835,90.0,0,1
noisy_ping_pong_004,noisy_ping_pong,11.2,139.335,90.0,0,1
noisy_ping_pong_004,noisy_ping_pong,11.21667,140.835,90.0,0,1
noisy_ping_pong_004,noisy_ping_pong,11.23333,142.335,90.0,0,1
noisy_ping_pong_004,noisy_ping_pong,11.25,143.835,90.0,0,1
noisy_ping_pong_004,noisy_ping_pong,11.26667,145.335,90.0,0,1
noisy_ping_pong_004,noisy_ping_pong,11.28333,146.835,90.0,0,1
noisy_ping_pong_004,noisy_ping_pong,11.3,148.335,90.0,0,1
noisy_ping_pong_004,noisy_ping_pong,11.31667,149.835,90.0,0,1
noisy_ping_pong_004,noisy_ping_pong,11.33333,151.335,90.0,0,1
noisy_ping_pong_004,noisy_ping_pong,11.35,152.835,90.0,0,1
noisy_ping_pong_004,noisy_ping_pong,11.36667,154.335,90.0,0,1
noisy_ping_pong_004,noisy_ping_pong,11.38333,155.835,90.0,0,1
noisy_ping_pong_004,noisy_ping_pong,11.4,157.335,90.0,0,1
noisy_ping_pong_004,noisy_ping_pong,11.41667,158.835,90.0,0,1
noisy_ping_pong_004,noisy_ping_pong,11.43333,160.335,90.0,0,1
noisy_ping_pong_004,noisy_ping_pong,11.45,161.835,90.0,0,1
noisy_ping_pong_004,noisy_ping_pong,11.46667,163.335,90.0,0,1
noisy_ping_pong_004,noisy_ping_pong,11.48333,164.835,90.0,0,1
noisy_ping_pong_004,noisy_ping_pong,11.5,166.335,90.0,0,1
noisy_ping_pong_004,noisy_ping_pong,11.51667,167.835,90.0,0,1
noisy_ping_pong_004,noisy_ping_pong,11.53333,169.335,90.0,0,1
noisy_ping_pong_004,noisy_ping_pong,11.55,170.835,90.0,0,1
noisy_ping_pong_004,noisy_ping_pong,11.56667,172.335,90.0,0,1
noisy_ping_pong_004,noisy_ping_pong,11.58333,173.835,90.0,0,1
noisy_ping_pong_004,noisy_ping_pong,11.6,175.335,90.0,0,0
noisy_ping_pong_004,noisy_ping_pong,11.61667,175.335,0.0,0,1
noisy_ping_pong_004,noisy_ping_pong,11.63333,176.835,90.0,0,1
noisy_ping_pong_004,noisy_ping_pong,11.65,178.335,90.0,0,1
noisy_ping_pong_004,noisy_ping_pong,11.66667,179.835,90.0,0,1
noisy_ping_pong_004,noisy_ping_pong,11.68333,181.335,90.0,0,1
noisy_ping_pong_004,noisy_ping_pong,11.7,182.835,90.0,0,1
noisy_ping_pong_004,noisy_ping_pong,11.71667,184.335,90.0,0,1
noisy_ping_pong_004,noisy_ping_pong,11.73333,185.835,90.0,0,1
noisy_ping_pong_004,noisy_ping_pong,11.75,187.335,90.0,0,1
noisy_ping_pong_004,noisy_ping_pong,11.76667,188.835,90.0,0,1
noisy_ping_pong_004,noisy_ping_pong,11.78333,190.335,90.0,0,1
noisy_ping_pong_004,noisy_ping_pong,11.8,191.835,90.0,0,1
noisy_ping_pong_004,noisy_ping_pong,11.81667,193.335,90.0,0,1
noisy_ping_pong_004,noisy_ping_pong,11.83333,194.835,90.0,0,1
noisy_ping_pong_004,noisy_ping_pong,11.85,196.335,90.0,0,1
noisy_ping_pong_004,noisy_ping_pong,11.86667,197.835,90.0,0,1
noisy_ping_pong_004,noisy_ping_pong,11.88333,199.335,90.0,0,1
noisy_ping_pong_004,noisy_ping_pong,11.9,200.835,90.0,0,0
noisy_ping_pong_004,noisy_ping_pong,11.91667,200.835,0.0,0,0
noisy_ping_pong_004,noisy_ping_pong,11.93333,200.835,0.0,0,0
noisy_ping_pong_004,noisy_ping_pong,11.95,200.835,0.0,0,0
noisy_ping_pong_004,noisy_ping_pong,11.96667,200.835,0.0,0,0
noisy_ping_pong_004,noisy_ping_pong,11.98333,200.835,0.0,0,0
noisy_ping_pong_004,noisy_ping_pong,12.0,200.835,0.0,0,0
noisy_ping_pong_004,noisy_ping_pong,12.01667,200.835,0.0,0,0
noisy_ping_pong_004,noisy_ping_pong,12.03333,200.835,0.0,0,0
noisy_ping_pong_004,noisy_ping_pong,12.05,200.835,0.0,0,0
noisy_ping_pong_004,noisy_ping_pong,12.06667,200.835,0.0,0,0
noisy_ping_pong_004,noisy_ping_pong,12.08333,200.835,0.0,0,0
noisy_ping_pong_004,noisy_ping_pong,12.1,200.835,0.0,0,0
noisy_ping_pong_004,noisy_ping_pong,12.11667,200.835,0.0,0,0
noisy_ping_pong_004,noisy_ping_pong,12.13333,200.835,0.0,0,0
noisy_ping_pong_004,noisy_ping_pong,12.15,200.835,0.0,1,0
noisy_ping_pong_004,noisy_ping_pong,12.16667,199.335,-90.0,0,0
noisy_ping_pong_004,noisy_ping_pong,12.18333,199.335,0.0,0,0
noisy_ping_pong_004,noisy_ping_pong,12.2,199.335,0.0,0,0
noisy_ping_pong_004,noisy_ping_pong,12.21667,199.335,0.0,0,0
noisy_ping_pong_004,noisy_ping_pong,12.23333,199.335,0.0,0,0
noisy_ping_pong_004,noisy_ping_pong,12.25,199.335,0.0,0,0
noisy_ping_pong_004,noisy_ping_pong,12.26667,199.335,0.0,0,0
noisy_ping_pong_004,noisy_ping_pong,12.28333,199.335,0.0,0,0
noisy_ping_pong_004,noisy_ping_pong,12.3,199.335,0.0,0,0
noisy_ping_pong_004,noisy_ping_pong,12.31667,199.335,0.0,1,0
noisy_ping_pong_004,noisy_ping_pong,12.33333,197.835,-90.0,1,0
noisy_ping_pong_004,noisy_ping_pong,12.35,196.335,-90.0,1,0
noisy_ping_pong_004,noisy_ping_pong,12.36667,194.835,-90.0,1,0
noisy_ping_pong_004,noisy_ping_pong,12.38333,193.335,-90.0,1,0
noisy_ping_pong_004,noisy_ping_pong,12.4,191.835,-90.0,1,0
noisy_ping_pong_004,noisy_ping_pong,12.41667,190.335,-90.0,1,0
noisy_ping_pong_004,noisy_ping_pong,12.43333,188.835,-90.0,1,0
noisy_ping_pong_004,noisy_ping_pong,12.45,187.335,-90.0,1,0
noisy_ping_pong_004,noisy_ping_pong,12.46667,185.835,-90.0,1,0
noisy_ping_pong_004,noisy_ping_pong,12.48333,184.335,-90.0,1,0
noisy_ping_pong_004,noisy_ping_pong,12.5,182.835,-90.0,1,0
noisy_ping_pong_004,noisy_ping_pong,12.51667,181.335,-90.0,1,0
noisy_ping_pong_004,noisy_ping_pong,12.53333,179.835,-90.0,1,0
noisy_ping_pong_004,noisy_ping_pong,12.55,178.335,-90.0,1,0
noisy_ping_pong_004,noisy_ping_pong,12.56667,176.835,-90.0,1,0
noisy_ping_pong_004,noisy_ping_pong,12.58333,175.335,-90.0,1,0
noisy_ping_pong_004,noisy_ping_pong,12.6,173.835,-90.0,1,0
noisy_ping_pong_004,noisy_ping_pong,12.61667,172.335,-90.0,1,0
noisy_ping_pong_004,noisy_ping_pong,12.63333,170.835,-90.0,1,0
noisy_ping_pong_004,noisy_ping_pong,12.65,169.335,-90.0,1,0
noisy_ping_pong_004,noisy_ping_pong,12.66667,167.835,-90.0,0,0
noisy_ping_pong_004,noisy_ping_pong,12.68333,167.835,0.0,1,0
noisy_ping_pong_004,noisy_ping_pong,12.7,166.335,-90.0,1,0
noisy_ping_pong_004,noisy_ping_pong,12.71667,164.835,-90.0,1,0
noisy_ping_pong_004,noisy_ping_pong,12.73333,163.335,-90.0,1,0
noisy_ping_pong_004,noisy_ping_pong,12.75,161.835,-90.0,1,0
noisy_ping_pong_004,noisy_ping_pong,12.76667,160.335,-90.0,1,0
noisy_ping_pong_004,noisy_ping_pong,12.78333,158.835,-90.0,1,0
noisy_ping_pong_004,noisy_ping_pong,12.8,157.335,-90.0,1,0
noisy_ping_pong_004,noisy_ping_pong,12.81667,155.835,-90.0,1,0
noisy_ping_pong_004,noisy_ping_pong,12.83333,154.335,-90.0,1,0
noisy_ping_pong_004,noisy_ping_pong,12.85,152.835,-90.0,1,0
noisy_ping_pong_004,noisy_ping_pong,12.86667,151.335,-90.0,1,0
noisy_ping_pong_004,noisy_ping_pong,12.88333,149.835,-90.0,1,0
noisy_ping_pong_004,noisy_ping_pong,12.9,148.335,-90.0,1,0
noisy_ping_pong_004,noisy_ping_pong,12.91667,146.835,-90.0,1,0
noisy_ping_pong_004,noisy_ping_pong,12.93333,145.335,-90.0,1,0
noisy_ping_pong_004,noisy_ping_pong,12.95,143.835,-90.0,1,0
noisy_ping_pong_004,noisy_ping_pong,12.96667,142.335,-90.0,1,0
noisy_ping_pong_004,noisy_ping_pong,12.98333,140.835,-90.0,1,0
noisy_ping_pong_004,noisy_ping_pong,13.0,139.335,-90.0,1,0
noisy_ping_pong_004,noisy_ping_pong,13.01667,137.835,-90.0,1,0
noisy_ping_pong_004,noisy_ping_pong,13.03333,136.335,-90.0,1,0
noisy_ping_pong_004,noisy_ping_pong,13.05,134.835,-90.0,1,0
noisy_ping_pong_004,noisy_ping_pong,13.06667,133.335,-90.0,0,1
noisy_ping_pong_004,noisy_ping_pong,13.08333,134.835,90.0,1,0
noisy_ping_pong_004,noisy_ping_pong,13.1,133.335,-90.0,1,0
noisy_ping_pong_004,noisy_ping_pong,13.11667,131.835,-90.0,1,0
noisy_ping_pong_004,noisy_ping_pong,13.13333,130.335,-90.0,1,0
noisy_ping_pong_004,noisy_ping_pong,13.15,128.835,-90.0,1,0
noisy_ping_pong_004,noisy_ping_pong,13.16667,127.335,-90.0,1,0
noisy_ping_pong_004,noisy_ping_pong,13.18333,125.835,-90.0,1,0
noisy_ping_pong_004,noisy_ping_pong,13.2,124.335,-90.0,1,0
noisy_ping_pong_004,noisy_ping_pong,13.21667,122.835,-90.0,1,0
noisy_ping_pong_004,noisy_ping_pong,13.23333,121.335,-90.0,1,0
noisy_ping_pong_004,noisy_ping_pong,13.25,119.835,-90.0,1,0
noisy_ping_pong_004,noisy_ping_pong,13.26667,118.335,-90.0,1,0
noisy_ping_pong_004,noisy_ping_pong,13.28333,116.835,-90.0,1,0
noisy_ping_pong_004,noisy_ping_pong,13.3,115.335,-90.0,1,0
noisy_ping_pong_004,noisy_ping_pong,13.31667,113.835,-90.0,1,0
noisy_ping_pong_004,noisy_ping_pong,13.33333,112.335,-90.0,1,0
noisy_ping_pong_004,noisy_ping_pong,13.35,110.835,-90.0,1,0
noisy_ping_pong_004,noisy_ping_pong,13.36667,109.335,-90.0,1,0
noisy_ping_pong_004,noisy_ping_pong,13.38333,107.835,-90.0,1,0
noisy_ping_pong_004,noisy_ping_pong,13.4,106.335,-90.0,1,0
noisy_ping_pong_004,noisy_ping_pong,13.41667,104.835,-90.0,1,0
noisy_ping_pong_004,noisy_ping_pong,13.43333,103.335,-90.0,1,0
noisy_ping_pong_004,noisy_ping_pong,13.45,101.835,-90.0,1,0
noisy_ping_pong_004,noisy_ping_pong,13.46667,100.335,-90.0,1,0
noisy_ping_pong_004,noisy_ping_pong,13.48333,98.835,-90.0,1,0
noisy_ping_pong_004,noisy_ping_pong,13.5,97.335,-90.0,1,0
noisy_ping_pong_004,noisy_ping_pong,13.51667,95.835,-90.0,1,0
noisy_ping_pong_004,noisy_ping_pong,13.53333,94.335,-90.0,1,0
noisy_ping_pong_004,noisy_ping_pong,13.55,92.835,-90.0,1,0
noisy_ping_pong_004,noisy_ping_pong,13.56667,91.335,-90.0,1,0
noisy_ping_pong_004,noisy_ping_pong,13.58333,89.835,-90.0,1,0
noisy_ping_pong_004,noisy_ping_pong,13.6,88.335,-90.0,1,0
noisy_ping_pong_004,noisy_ping_pong,13.61667,86.835,-90.0,1,0
noisy_ping_pong_004,noisy_ping_pong,13.63333,85.335,-90.0,1,0
noisy_ping_pong_004,noisy_ping_pong,13.65,83.835,-90.0,1,0
noisy_ping_pong_004,noisy_ping_pong,13.66667,82.335,-90.0,1,0
noisy_ping_pong_004,noisy_ping_pong,13.68333,80.835,-90.0,1,0
noisy_ping_pong_004,noisy_ping_pong,13.7,79.335,-90.0,1,0
noisy_ping_pong_004,noisy_ping_pong,13.71667,77.835,-90.0,1,0
noisy_ping_pong_004,noisy_ping_pong,13.73333,76.335,-90.0,1,0
noisy_ping_pong_004,noisy_ping_pong,13.75,74.835,-90.0,0,1
noisy_ping_pong_004,noisy_ping_pong,13.76667,76.335,90.0,1,0
noisy_ping_pong_004,noisy_ping_pong,13.78333,74.835,-90.0,1,0
noisy_ping_pong_004,noisy_ping_pong,13.8,73.335,-90.0,1,0
noisy_ping_pong_004,noisy_ping_pong,13.81667,71.835,-90.0,1,0
noisy_ping_pong_004,noisy_ping_pong,13.83333,70.335,-90.0,1,0
noisy_ping_pong_004,noisy_ping_pong,13.85,68.835,-90.0,1,0
noisy_ping_pong_004,noisy_ping_pong,13.86667,67.335,-90.0,1,0
noisy_ping_pong_004,noisy_ping_pong,13.88333,65.835,-90.0,1,0
noisy_ping_pong_004,noisy_ping_pong,13.9,64.335,-90.0,1,0
noisy_ping_pong_004,noisy_ping_pong,13.91667,62.835,-90.0,1,0
noisy_ping_pong_004,noisy_ping_pong,13.93333,61.335,-90.0,1,0
noisy_ping_pong_004,noisy_ping_pong,13.95,59.835,-90.0,1,0
noisy_ping_pong_004,noisy_ping_pong,13.96667,58.335,-90.0,1,0
noisy_ping_pong_004,noisy_ping_pong,13.98333,56.835,-90.0,1,0
noisy_ping_pong_004,noisy_ping_pong,14.0,55.335,-90.0,1,0
noisy_ping_pong_004,noisy_ping_pong,14.01667,53.835,-90.0,1,0
noisy_ping_pong_004,noisy_ping_pong,14.03333,52.335,-90.0,1,0
noisy_ping_pong_004,noisy_ping_pong,14.05,50.835,-90.0,0,1
noisy_ping_pong_004,noisy_ping_pong,14.06667,52.335,90.0,1,0
noisy_ping_pong_004,noisy_ping_pong,14.08333,50.835,-90.0,1,0
noisy_ping_pong_004,noisy_ping_pong,14.1,49.335,-90.0,1,0
noisy_ping_pong_004,noisy_ping_pong,14.11667,47.835,-90.0,1,0
noisy_ping_pong_004,noisy_ping_pong,14.13333,46.335,-90.0,1,0
noisy_ping_pong_004,noisy_ping_pong,14.15,44.835,-90.0,1,0
noisy_ping_pong_004,noisy_ping_pong,14.16667,43.335,-90.0,1,0
noisy_ping_pong_004,noisy_ping_pong,14.18333,41.835,-90.0,1,0
noisy_ping_pong_004,noisy_ping_pong,14.2,40.335,-90.0,1,0
noisy_ping_pong_004,noisy_ping_pong,14.21667,38.835,-90.0,1,0
noisy_ping_pong_004,noisy_ping_pong,14.23333,37.335,-90.0,1,0
noisy_ping_pong_004,noisy_ping_pong,14.25,35.835,-90.0,1,0
noisy_ping_pong_004,noisy_ping_pong,14.26667,34.335,-90.0,0,0
noisy_ping_pong_004,noisy_ping_pong,14.28333,34.335,0.0,1,0
noisy_ping_pong_004,noisy_ping_pong,14.3,32.835,-90.0,1,0
noisy_ping_pong_004,noisy_ping_pong,14.31667,31.335,-90.0,1,0
noisy_ping_pong_004,noisy_ping_pong,14.33333,29.835,-90.0,1,0
noisy_ping_pong_004,noisy_ping_pong,14.35,28.335,-90.0,1,0
noisy_ping_pong_004,noisy_ping_pong,14.36667,26.835,-90.0,1,0
noisy_ping_pong_004,noisy_ping_pong,14.38333,25.335,-90.0,1,0
noisy_ping_pong_004,noisy_ping_pong,14.4,23.835,-90.0,0,1
noisy_ping_pong_004,noisy_ping_pong,14.41667,25.335,90.0,1,0
noisy_ping_pong_004,noisy_ping_pong,14.43333,23.835,-90.0,1,0
noisy_ping_pong_004,noisy_ping_pong,14.45,22.335,-90.0,1,0
noisy_ping_pong_004,noisy_ping_pong,14.46667,20.835,-90.0,1,0
noisy_ping_pong_004,noisy_ping_pong,14.48333,19.335,-90.0,1,0
noisy_ping_pong_004,noisy_ping_pong,14.5,17.835,-90.0,1,0
noisy_ping_pong_004,noisy_ping_pong,14.51667,16.335,-90.0,1,0
noisy_ping_pong_004,noisy_ping_pong,14.53333,14.835,-90.0,1,0
noisy_ping_pong_004,noisy_ping_pong,14.55,13.335,-90.0,1,0
noisy_ping_pong_004,noisy_ping_pong,14.56667,11.835,-90.0,1,0
noisy_ping_pong_004,noisy_ping_pong,14.58333,10.335,-90.0,0,1
noisy_ping_pong_004,noisy_ping_pong,14.6,11.835,90.0,1,0
noisy_ping_pong_004,noisy_ping_pong,14.61667,10.335,-90.0,1,0
noisy_ping_pong_004,noisy_ping_pong,14.63333,8.835,-90.0,1,0
noisy_ping_pong_004,noisy_ping_pong,14.65,7.335,-90.0,1,0
noisy_ping_pong_004,noisy_ping_pong,14.66667,5.835,-90.0,1,0
noisy_ping_pong_004,noisy_ping_pong,14.68333,4.335,-90.0,1,0
noisy_ping_pong_004,noisy_ping_pong,14.7,2.835,-90.0,0,0
noisy_ping_pong_004,noisy_ping_pong,14.71667,2.835,0.0,0,0
noisy_ping_pong_004,noisy_ping_pong,14.73333,2.835,0.0,0,0
noisy_ping_pong_004,noisy_ping_pong,14.75,2.835,0.0,0,0
noisy_ping_pong_004,noisy_ping_pong,14.76667,2.835,0.0,0,0
noisy_ping_pong_004,noisy_ping_pong,14.78333,2.835,0.0,0,0
noisy_ping_pong_004,noisy_ping_pong,14.8,2.835,0.0,0,0
noisy_ping_pong_004,noisy_ping_pong,14.81667,2.835,0.0,0,0
noisy_ping_pong_004,noisy_ping_pong,14.83333,2.835,0.0,0,0
noisy_ping_pong_004,noisy_ping_pong,14.85,2.835,0.0,0,0
noisy_ping_pong_004,noisy_ping_pong,14.86667,2.835,0.0,0,0
noisy_ping_pong_004,noisy_ping_pong,14.88333,2.835,0.0,0,0
noisy_ping_pong_004,noisy_ping_pong,14.9,2.835,0.0,0,0
noisy_ping_pong_004,noisy_ping_pong,14.91667,2.835,0.0,0,0
noisy_ping_pong_004,noisy_ping_pong,14.93333,2.835,0.0,0,0
noisy_ping_pong_004,noisy_ping_pong,14.95,2.835,0.0,0,0
noisy_ping_pong_004,noisy_ping_pong,14.96667,2.835,0.0,0,0
noisy_ping_pong_004,noisy_ping_pong,14.98333,2.835,0.0,0,0
noisy_ping_pong_004,noisy_ping_pong,15.0,2.835,0.0,0,0
noisy_ping_pong_004,noisy_ping_pong,15.01667,2.835,0.0,0,0
noisy_ping_pong_004,noisy_ping_pong,15.03333,2.835,0.0,0,0
noisy_ping_pong_004,noisy_ping_pong,15.05,2.835,0.0,0,0
noisy_ping_pong_004,noisy_ping_pong,15.06667,2.835,0.0,0,0
noisy_ping_pong_004,noisy_ping_pong,15.08333,2.835,0.0,0,0
noisy_ping_pong_004,noisy_ping_pong,15.1,2.835,0.0,0,0
noisy_ping_pong_004,noisy_ping_pong,15.11667,2.835,0.0,0,1
noisy_ping_pong_004,noisy_ping_pong,15.13333,4.335,90.0,0,1
noisy_ping_pong_004,noisy_ping_pong,15.15,5.835,90.0,0,1
noisy_ping_pong_004,noisy_ping_pong,15.16667,7.335,90.0,0,1
noisy_ping_pong_004,noisy_ping_pong,15.18333,8.835,90.0,0,1
noisy_ping_pong_004,noisy_ping_pong,15.2,10.335,90.0,0,1
noisy_ping_pong_004,noisy_ping_pong,15.21667,11.835,90.0,0,1
noisy_ping_pong_004,noisy_ping_pong,15.23333,13.335,90.0,0,1
noisy_ping_pong_004,noisy_ping_pong,15.25,14.835,90.0,0,1
noisy_ping_pong_004,noisy_ping_pong,15.26667,16.335,90.0,0,1
noisy_ping_pong_004,noisy_ping_pong,15.28333,17.835,90.0,0,1
noisy_ping_pong_004,noisy_ping_pong,15.3,19.335,90.0,0,1
noisy_ping_pong_004,noisy_ping_pong,15.31667,20.835,90.0,0,1
noisy_ping_pong_004,noisy_ping_pong,15.33333,22.335,90.0,0,1
noisy_ping_pong_004,noisy_ping_pong,15.35,23.835,90.0,0,1
noisy_ping_pong_004,noisy_ping_pong,15.36667,25.335,90.0,0,1
noisy_ping_pong_004,noisy_ping_pong,15.38333,26.835,90.0,0,1
noisy_ping_pong_004,noisy_ping_pong,15.4,28.335,90.0,0,1
noisy_ping_pong_004,noisy_ping_pong,15.41667,29.835,90.0,0,1
noisy_ping_pong_004,noisy_ping_pong,15.43333,31.335,90.0,0,1
noisy_ping_pong_004,noisy_ping_pong,15.45,32.835,90.0,0,1
noisy_ping_pong_004,noisy_ping_pong,15.46667,34.335,90.0,0,0
noisy_ping_pong_004,noisy_ping_pong,15.48333,34.335,0.0,0,1
noisy_ping_pong_004,noisy_ping_pong,15.5,35.835,90.0,0,1
noisy_ping_pong_004,noisy_ping_pong,15.51667,37.335,90.0,0,1
noisy_ping_pong_004,noisy_ping_pong,15.53333,38.835,90.0,0,1
noisy_ping_pong_004,noisy_ping_pong,15.55,40.335,90.0,0,1
noisy_ping_pong_004,noisy_ping_pong,15.56667,41.835,90.0,0,1
noisy_ping_pong_004,noisy_ping_pong,15.58333,43.335,90.0,0,1
noisy_ping_pong_004,noisy_ping_pong,15.6,44.835,90.0,0,1
noisy_ping_pong_004,noisy_ping_pong,15.61667,46.335,90.0,0,1
noisy_ping_pong_004,noisy_ping_pong,15.63333,47.835,90.0,0,1
noisy_ping_pong_004,noisy_ping_pong,15.65,49.335,90.0,0,1
noisy_ping_pong_004,noisy_ping_pong,15.66667,50.835,90.0,0,1
noisy_ping_pong_004,noisy_ping_pong,15.68333,52.335,90.0,0,1
noisy_ping_pong_004,noisy_ping_pong,15.7,53.835,90.0,0,1
noisy_ping_pong_004,noisy_ping_pong,15.71667,55.335,90.0,0,1
noisy_ping_pong_004,noisy_ping_pong,15.73333,56.835,90.0,0,1
noisy_ping_pong_004,noisy_ping_pong,15.75,58.335,90.0,0,1
noisy_ping_pong_004,noisy_ping_pong,15.76667,59.835,90.0,0,1
noisy_ping_pong_004,noisy_ping_pong,15.78333,61.335,90.0,0,1
noisy_ping_pong_004,noisy_ping_pong,15.8,62.835,90.0,0,1
noisy_ping_pong_004,noisy_ping_pong,15.81667,64.335,90.0,0,1
noisy_ping_pong_004,noisy_ping_pong,15.83333,65.835,90.0,0,1
noisy_ping_pong_004,noisy_ping_pong,15.85,67.335,90.0,0,1
noisy_ping_pong_004,noisy_ping_pong,15.86667,68.835,90.0,0,1
noisy_ping_pong_004,noisy_ping_pong,15.88333,70.335,90.0,0,1
noisy_ping_pong_004,noisy_ping_pong,15.9,71.835,90.0,0,1
noisy_ping_pong_004,noisy_ping_pong,15.91667,73.335,90.0,0,1
noisy_ping_pong_004,noisy_ping_pong,15.93333,74.835,90.0,0,1
noisy_ping_pong_004,noisy_ping_pong,15.95,76.335,90.0,0,1
noisy_ping_pong_004,noisy_ping_pong,15.96667,77.835,90.0,0,1
noisy_ping_pong_004,noisy_ping_pong,15.98333,79.335,90.0,0,1
noisy_ping_pong_004,noisy_ping_pong,16.0,80.835,90.0,0,1
noisy_ping_pong_004,noisy_ping_pong,16.01667,82.335,90.0,1,0
noisy_ping_pong_004,noisy_ping_pong,16.03333,80.835,-90.0,0,1
noisy_ping_pong_004,noisy_ping_pong,16.05,82.335,90.0,0,1
noisy_ping_pong_004,noisy_ping_pong,16.06667,83.835,90.0,0,1
noisy_ping_pong_004,noisy_ping_pong,16.08333,85.335,90.0,0,1
noisy_ping_pong_004,noisy_ping_pong,16.1,86.835,90.0,0,1
noisy_ping_pong_004,noisy_ping_pong,16.11667,88.335,90.0,0,1
noisy_ping_pong_004,noisy_ping_pong,16.13333,89.835,90.0,0,1
noisy_ping_pong_004,noisy_ping_pong,16.15,91.335,90.0,0,1
noisy_ping_pong_004,noisy_ping_pong,16.16667,92.835,90.0,0,0
noisy_ping_pong_004,noisy_ping_pong,16.18333,92.835,0.0,0,1
noisy_ping_pong_004,noisy_ping_pong,16.2,94.335,90.0,0,1
noisy_ping_pong_004,noisy_ping_pong,16.21667,95.835,90.0,0,1
noisy_ping_pong_004,noisy_ping_pong,16.23333,97.335,90.0,0,1
noisy_ping_pong_004,noisy_ping_pong,16.25,98.835,90.0,0,1
noisy_ping_pong_004,noisy_ping_pong,16.26667,100.335,90.0,0,1
noisy_ping_pong_004,noisy_ping_pong,16.28333,101.835,90.0,0,1
noisy_ping_pong_004,noisy_ping_pong,16.3,103.335,90.0,0,1
noisy_ping_pong_004,noisy_ping_pong,16.31667,104.835,90.0,0,1
noisy_ping_pong_004,noisy_ping_pong,16.33333,106.335,90.0,0,1
noisy_ping_pong_004,noisy_ping_pong,16.35,107.835,90.0,0,1
noisy_ping_pong_004,noisy_ping_pong,16.36667,109.335,90.0,0,1
noisy_ping_pong_004,noisy_ping_pong,16.38333,110.835,90.0,0,1
noisy_ping_pong_004,noisy_ping_pong,16.4,112.335,90.0,0,1
noisy_ping_pong_004,noisy_ping_pong,16.41667,113.835,90.0,0,1
noisy_ping_pong_004,noisy_ping_pong,16.43333,115.335,90.0,0,1
noisy_ping_pong_004,noisy_ping_pong,16.45,116.835,90.0,0,1
noisy_ping_pong_004,noisy_ping_pong,16.46667,118.335,90.0,0,1
noisy_ping_pong_004,noisy_ping_pong,16.48333,119.835,90.0,0,1
noisy_ping_pong_004,noisy_ping_pong,16.5,121.335,90.0,0,1
noisy_ping_pong_004,noisy_ping_pong,16.51667,122.835,90.0,0,1
noisy_ping_pong_004,noisy_ping_pong,16.53333,124.335,90.0,0,0
noisy_ping_pong_004,noisy_ping_pong,16.55,124.335,0.0,0,1
noisy_ping_pong_004,noisy_ping_pong,16.56667,125.835,90.0,0,1
noisy_ping_pong_004,noisy_ping_pong,16.58333,127.335,90.0,0,1
noisy_ping_pong_004,noisy_ping_pong,16.6,128.835,90.0,0,1
noisy_ping_pong_004,noisy_ping_pong,16.61667,130.335,90.0,1,0
noisy_ping_pong_004,noisy_ping_pong,16.63333,128.835,-90.0,0,1
noisy_ping_pong_004,noisy_ping_pong,16.65,130.335,90.0,0,1
noisy_ping_pong_004,noisy_ping_pong,16.66667,131.835,90.0,0,1
noisy_ping_pong_004,noisy_ping_pong,16.68333,133.335,90.0,0,1
noisy_ping_pong_004,noisy_ping_pong,16.7,134.835,90.0,0,1
noisy_ping_pong_004,noisy_ping_pong,16.71667,136.335,90.0,0,1
noisy_ping_pong_004,noisy_ping_pong,16.73333,137.835,90.0,0,1
noisy_ping_pong_004,noisy_ping_pong,16.75,139.335,90.0,0,1
noisy_ping_pong_004,noisy_ping_pong,16.76667,140.835,90.0,0,1
noisy_ping_pong_004,noisy_ping_pong,16.78333,142.335,90.0,0,1
noisy_ping_pong_004,noisy_ping_pong,16.8,143.835,90.0,0,1
noisy_ping_pong_004,noisy_ping_pong,16.81667,145.335,90.0,0,1
noisy_ping_pong_004,noisy_ping_pong,16.83333,146.835,90.0,0,1
noisy_ping_pong_004,noisy_ping_pong,16.85,148.335,90.0,0,1
noisy_ping_pong_004,noisy_ping_pong,16.86667,149.835,90.0,0,1
noisy_ping_pong_004,noisy_ping_pong,16.88333,151.335,90.0,0,1
noisy_ping_pong_004,noisy_ping_pong,16.9,152.835,90.0,0,1
noisy_ping_pong_004,noisy_ping_pong,16.91667,154.335,90.0,0,1
noisy_ping_pong_004,noisy_ping_pong,16.93333,155.835,90.0,1,0
noisy_ping_pong_004,noisy_ping_pong,16.95,154.335,-90.0,0,1
noisy_ping_pong_004,noisy_ping_pong,16.96667,155.835,90.0,0,1
noisy_ping_pong_004,noisy_ping_pong,16.98333,157.335,90.0,0,1
noisy_ping_pong_004,noisy_ping_pong,17.0,158.835,90.0,0,1
noisy_ping_pong_004,noisy_ping_pong,17.01667,160.335,90.0,0,1
noisy_ping_pong_004,noisy_ping_pong,17.03333,161.835,90.0,0,1
noisy_ping_pong_004,noisy_ping_pong,17.05,163.335,90.0,0,1
noisy_ping_pong_004,noisy_ping_pong,17.06667,164.835,90.0,0,1
noisy_ping_pong_004,noisy_ping_pong,17.08333,166.335,90.0,0,1
noisy_ping_pong_004,noisy_ping_pong,17.1,167.835,90.0,0,0
noisy_ping_pong_004,noisy_ping_pong,17.11667,167.835,0.0,0,1
noisy_ping_pong_004,noisy_ping_pong,17.13333,169.335,90.0,0,1
noisy_ping_pong_004,noisy_ping_pong,17.15,170.835,90.0,0,1
noisy_ping_pong_004,noisy_ping_pong,17.16667,172.335,90.0,0,1
noisy_ping_pong_004,noisy_ping_pong,17.18333,173.835,90.0,0,1
noisy_ping_pong_004,noisy_ping_pong,17.2,175.335,90.0,0,1
noisy_ping_pong_004,noisy_ping_pong,17.21667,176.835,90.0,0,1
noisy_ping_pong_004,noisy_ping_pong,17.23333,178.335,90.0,0,1
noisy_ping_pong_004,noisy_ping_pong,17.25,179.835,90.0,0,1
noisy_ping_pong_004,noisy_ping_pong,17.26667,181.335,90.0,0,1
noisy_ping_pong_004,noisy_ping_pong,17.28333,182.835,90.0,0,1
noisy_ping_pong_004,noisy_ping_pong,17.3,184.335,90.0,0,1
noisy_ping_pong_004,noisy_ping_pong,17.31667,185.835,90.0,0,1
noisy_ping_pong_004,noisy_ping_pong,17.33333,187.335,90.0,1,0
noisy_ping_pong_004,noisy_ping_pong,17.35,185.835,-90.0,0,1
noisy_ping_pong_004,noisy_ping_pong,17.36667,187.335,90.0,0,1
noisy_ping_pong_004,noisy_ping_pong,17.38333,188.835,90.0,0,1
noisy_ping_pong_004,noisy_ping_pong,17.4,190.335,90.0,0,1
noisy_ping_pong_004,noisy_ping_pong,17.41667,191.835,90.0,0,1
noisy_ping_pong_004,noisy_ping_pong,17.43333,193.335,90.0,0,1
noisy_ping_pong_004,noisy_ping_pong,17.45,194.835,90.0,0,1
noisy_ping_pong_004,noisy_ping_pong,17.46667,196.335,90.0,0,1
noisy_ping_pong_004,noisy_ping_pong,17.48333,197.835,90.0,0,1
noisy_ping_pong_004,noisy_ping_pong,17.5,199.335,90.0,0,1
noisy_ping_pong_004,noisy_ping_pong,17.51667,200.835,90.0,0,0
noisy_ping_pong_004,noisy_ping_pong,17.53333,200.835,0.0,0,0
noisy_ping_pong_004,noisy_ping_pong,17.55,200.835,0.0,0,0
noisy_ping_pong_004,noisy_ping_pong,17.56667,200.835,0.0,0,0
noisy_ping_pong_004,noisy_ping_pong,17.58333,200.835,0.0,1,0
noisy_ping_pong_004,noisy_ping_pong,17.6,199.335,-90.0,0,0
noisy_ping_pong_004,noisy_ping_pong,17.61667,199.335,0.0,0,0
noisy_ping_pong_004,noisy_ping_pong,17.63333,199.335,0.0,0,0
noisy_ping_pong_004,noisy_ping_pong,17.65,199.335,0.0,0,0
noisy_ping_pong_004,noisy_ping_pong,17.66667,199.335,0.0,0,0
noisy_ping_pong_004,noisy_ping_pong,17.68333,199.335,0.0,0,0
noisy_ping_pong_004,noisy_ping_pong,17.7,199.335,0.0,0,0
noisy_ping_pong_004,noisy_ping_pong,17.71667,199.335,0.0,0,0
noisy_ping_pong_004,noisy_ping_pong,17.73333,199.335,0.0,1,0
noisy_ping_pong_004,noisy_ping_pong,17.75,197.835,-90.0,0,0
noisy_ping_pong_004,noisy_ping_pong,17.76667,197.835,0.0,0,0
noisy_ping_pong_004,noisy_ping_pong,17.78333,197.835,0.0,0,0
noisy_ping_pong_004,noisy_ping_pong,17.8,197.835,0.0,0,0
noisy_ping_pong_004,noisy_ping_pong,17.81667,197.835,0.0,0,0
noisy_ping_pong_004,noisy_ping_pong,17.83333,197.835,0.0,0,0
noisy_ping_pong_004,noisy_ping_pong,17.85,197.835,0.0,0,0
noisy_ping_pong_004,noisy_ping_pong,17.86667,197.835,0.0,0,0
noisy_ping_pong_004,noisy_ping_pong,17.88333,197.835,0.0,0,0
noisy_ping_pong_004,noisy_ping_pong,17.9,197.835,0.0,0,0
noisy_ping_pong_004,noisy_ping_pong,17.91667,197.835,0.0,0,0
noisy_ping_pong_004,noisy_ping_pong,17.93333,197.835,0.0,1,0
noisy_ping_pong_004,noisy_ping_pong,17.95,196.335,-90.0,1,0
noisy_ping_pong_004,noisy_ping_pong,17.96667,194.835,-90.0,0,1
noisy_ping_pong_004,noisy_ping_pong,17.98333,196.335,90.0,1,0
noisy_ping_pong_004,noisy_ping_pong,18.0,194.835,-90.0,1,0
noisy_ping_pong_004,noisy_ping_pong,18.01667,193.335,-90.0,1,0
noisy_ping_pong_004,noisy_ping_pong,18.03333,191.835,-90.0,1,0
noisy_ping_pong_004,noisy_ping_pong,18.05,190.335,-90.0,1,0
noisy_ping_pong_004,noisy_ping_pong,18.06667,188.835,-90.0,1,0
noisy_ping_pong_004,noisy_ping_pong,18.08333,187.335,-90.0,1,0
noisy_ping_pong_004,noisy_ping_pong,18.1,185.835,-90.0,1,0
noisy_ping_pong_004,noisy_ping_pong,18.11667,184.335,-90.0,1,0
noisy_ping_pong_004,noisy_ping_pong,18.13333,182.835,-90.0,1,0
noisy_ping_pong_004,noisy_ping_pong,18.15,181.335,-90.0,1,0
noisy_ping_pong_004,noisy_ping_pong,18.16667,179.835,-90.0,1,0
noisy_ping_pong_004,noisy_ping_pong,18.18333,178.335,-90.0,1,0
noisy_ping_pong_004,noisy_ping_pong,18.2,176.835,-90.0,1,0
noisy_ping_pong_004,noisy_ping_pong,18.21667,175.335,-90.0,1,0
noisy_ping_pong_004,noisy_ping_pong,18.23333,173.835,-90.0,1,0
noisy_ping_pong_004,noisy_ping_pong,18.25,172.335,-90.0,1,0
noisy_ping_pong_004,noisy_ping_pong,18.26667,170.835,-90.0,1,0
noisy_ping_pong_004,noisy_ping_pong,18.28333,169.335,-90.0,1,0
noisy_ping_pong_004,noisy_ping_pong,18.3,167.835,-90.0,1,0
noisy_ping_pong_004,noisy_ping_pong,18.31667,166.335,-90.0,1,0
noisy_ping_pong_004,noisy_ping_pong,18.33333,164.835,-90.0,1,0
noisy_ping_pong_004,noisy_ping_pong,18.35,163.335,-90.0,1,0
noisy_ping_pong_004,noisy_ping_pong,18.36667,161.835,-90.0,1,0
noisy_ping_pong_004,noisy_ping_pong,18.38333,160.335,-90.0,1,0
noisy_ping_pong_004,noisy_ping_pong,18.4,158.835,-90.0,1,0
noisy_ping_pong_004,noisy_ping_pong,18.41667,157.335,-90.0,1,0
noisy_ping_pong_004,noisy_ping_pong,18.43333,155.835,-90.0,1,0
noisy_ping_pong_004,noisy_ping_pong,18.45,154.335,-90.0,1,0
noisy_ping_pong_004,noisy_ping_pong,18.46667,152.835,-90.0,1,0
noisy_ping_pong_004,noisy_ping_pong,18.48333,151.335,-90.0,1,0
noisy_ping_pong_004,noisy_ping_pong,18.5,149.835,-90.0,1,0
noisy_ping_pong_004,noisy_ping_pong,18.51667,148.335,-90.0,1,0
noisy_ping_pong_004,noisy_ping_pong,18.53333,146.835,-90.0,0,1
noisy_ping_pong_004,noisy_ping_pong,18.55,148.335,90.0,1,0
noisy_ping_pong_004,noisy_ping_pong,18.56667,146.835,-90.0,1,0
noisy_ping_pong_004,noisy_ping_pong,18.58333,145.335,-90.0,1,0
noisy_ping_pong_004,noisy_ping_pong,18.6,143.835,-90.0,1,0
noisy_ping_pong_004,noisy_ping_pong,18.61667,142.335,-90.0,1,0
noisy_ping_pong_004,noisy_ping_pong,18.63333,140.835,-90.0,1,0
noisy_ping_pong_004,noisy_ping_pong,18.65,139.335,-90.0,1,0
noisy_ping_pong_004,noisy_ping_pong,18.66667,137.835,-90.0,1,0
noisy_ping_pong_004,noisy_ping_pong,18.68333,136.335,-90.0,1,0
noisy_ping_pong_004,noisy_ping_pong,18.7,134.835,-90.0,1,0
noisy_ping_pong_004,noisy_ping_pong,18.71667,133.335,-90.0,1,0
noisy_ping_pong_004,noisy_ping_pong,18.73333,131.835,-90.0,1,0
noisy_ping_pong_004,noisy_ping_pong,18.75,130.335,-90.0,1,0
noisy_ping_pong_004,noisy_ping_pong,18.76667,128.835,-90.0,1,0
noisy_ping_pong_004,noisy_ping_pong,18.78333,127.335,-90.0,1,0
noisy_ping_pong_004,noisy_ping_pong,18.8,125.835,-90.0,1,0
noisy_ping_pong_004,noisy_ping_pong,18.81667,124.335,-90.0,1,0
noisy_ping_pong_004,noisy_ping_pong,18.83333,122.835,-90.0,1,0
noisy_ping_pong_004,noisy_ping_pong,18.85,121.335,-90.0,1,0
noisy_ping_pong_004,noisy_ping_pong,18.86667,119.835,-90.0,1,0
noisy_ping_pong_004,noisy_ping_pong,18.88333,118.335,-90.0,1,0
noisy_ping_pong_004,noisy_ping_pong,18.9,116.835,-90.0,1,0
noisy_ping_pong_004,noisy_ping_pong,18.91667,115.335,-90.0,1,0
noisy_ping_pong_004,noisy_ping_pong,18.93333,113.835,-90.0,1,0
noisy_ping_pong_004,noisy_ping_pong,18.95,112.335,-90.0,1,0
noisy_ping_pong_004,noisy_ping_pong,18.96667,110.835,-90.0,1,0
noisy_ping_pong_004,noisy_ping_pong,18.98333,109.335,-90.0,1,0
noisy_ping_pong_004,noisy_ping_pong,19.0,107.835,-90.0,1,0
noisy_ping_pong_004,noisy_ping_pong,19.01667,106.335,-90.0,1,0
noisy_ping_pong_004,noisy_ping_pong,19.03333,104.835,-90.0,1,0
noisy_ping_pong_004,noisy_ping_pong,19.05,103.335,-90.0,1,0
noisy_ping_pong_004,noisy_ping_pong,19.06667,101.835,-90.0,1,0
noisy_ping_pong_004,noisy_ping_pong,19.08333,100.335,-90.0,1,0
noisy_ping_pong_004,noisy_ping_pong,19.1,98.835,-90.0,1,0
noisy_ping_pong_004,noisy_ping_pong,19.11667,97.335,-90.0,1,0
noisy_ping_pong_004,noisy_ping_pong,19.13333,95.835,-90.0,1,0
noisy_ping_pong_004,noisy_ping_pong,19.15,94.335,-90.0,1,0
noisy_ping_pong_004,noisy_ping_pong,19.16667,92.835,-90.0,1,0
noisy_ping_pong_004,noisy_ping_pong,19.18333,91.335,-90.0,1,0
noisy_ping_pong_004,noisy_ping_pong,19.2,89.835,-90.0,1,0
noisy_ping_pong_004,noisy_ping_pong,19.21667,88.335,-90.0,1,0
noisy_ping_pong_004,noisy_ping_pong,19.23333,86.835,-90.0,1,0
noisy_ping_pong_004,noisy_ping_pong,19.25,85.335,-90.0,1,0
noisy_ping_pong_004,noisy_ping_pong,19.26667,83.835,-90.0,1,0
noisy_ping_pong_004,noisy_ping_pong,19.28333,82.335,-90.0,1,0
noisy_ping_pong_004,noisy_ping_pong,19.3,80.835,-90.0,1,0
noisy_ping_pong_004,noisy_ping_pong,19.31667,79.335,-90.0,1,0
noisy_ping_pong_004,noisy_ping_pong,19.33333,77.835,-90.0,1,0
noisy_ping_pong_004,noisy_ping_pong,19.35,76.335,-90.0,1,0
noisy_ping_pong_004,noisy_ping_pong,19.36667,74.835,-90.0,1,0
noisy_ping_pong_004,noisy_ping_pong,19.38333,73.335,-90.0,1,0
noisy_ping_pong_004,noisy_ping_pong,19.4,71.835,-90.0,1,0
noisy_ping_pong_004,noisy_ping_pong,19.41667,70.335,-90.0,0,1
noisy_ping_pong_004,noisy_ping_pong,19.43333,71.835,90.0,1,0
noisy_ping_pong_004,noisy_ping_pong,19.45,70.335,-90.0,1,0
noisy_ping_pong_004,noisy_ping_pong,19.46667,68.835,-90.0,1,0
noisy_ping_pong_004,noisy_ping_pong,19.48333,67.335,-90.0,1,0
noisy_ping_pong_004,noisy_ping_pong,19.5,65.835,-90.0,1,0
noisy_ping_pong_004,noisy_ping_pong,19.51667,64.335,-90.0,1,0
noisy_ping_pong_004,noisy_ping_pong,19.53333,62.835,-90.0,1,0
noisy_ping_pong_004,noisy_ping_pong,19.55,61.335,-90.0,1,0
noisy_ping_pong_004,noisy_ping_pong,19.56667,59.835,-90.0,1,0
noisy_ping_pong_004,noisy_ping_pong,19.58333,58.335,-90.0,1,0
noisy_ping_pong_004,noisy_ping_pong,19.6,56.835,-90.0,1,0
noisy_ping_pong_004,noisy_ping_pong,19.61667,55.335,-90.0,1,0
noisy_ping_pong_004,noisy_ping_pong,19.63333,53.835,-90.0,0,0
noisy_ping_pong_004,noisy_ping_pong,19.65,53.835,0.0,1,0
noisy_ping_pong_004,noisy_ping_pong,19.66667,52.335,-90.0,1,0
noisy_ping_pong_004,noisy_ping_pong,19.68333,50.835,-90.0,1,0
noisy_ping_pong_004,noisy_ping_pong,19.7,49.335,-90.0,1,0
noisy_ping_pong_004,noisy_ping_pong,19.71667,47.835,-90.0,1,0
noisy_ping_pong_004,noisy_ping_pong,19.73333,46.335,-90.0,1,0
noisy_ping_pong_004,noisy_ping_pong,19.75,44.835,-90.0,1,0
noisy_ping_pong_004,noisy_ping_pong,19.76667,43.335,-90.0,1,0
noisy_ping_pong_004,noisy_ping_pong,19.78333,41.835,-90.0,1,0
noisy_ping_pong_004,noisy_ping_pong,19.8,40.335,-90.0,1,0
noisy_ping_pong_004,noisy_ping_pong,19.81667,38.835,-90.0,1,0
noisy_ping_pong_004,noisy_ping_pong,19.83333,37.335,-90.0,1,0
noisy_ping_pong_004,noisy_ping_pong,19.85,35.835,-90.0,1,0
noisy_ping_pong_004,noisy_ping_pong,19.86667,34.335,-90.0,1,0
noisy_ping_pong_004,noisy_ping_pong,19.88333,32.835,-90.0,1,0
noisy_ping_pong_004,noisy_ping_pong,19.9,31.335,-90.0,1,0
noisy_ping_pong_004,noisy_ping_pong,19.91667,29.835,-90.0,1,0
noisy_ping_pong_004,noisy_ping_pong,19.93333,28.335,-90.0,1,0
noisy_ping_pong_004,noisy_ping_pong,19.95,26.835,-90.0,1,0
noisy_ping_pong_004,noisy_ping_pong,19.96667,25.335,-90.0,1,0
noisy_ping_pong_004,noisy_ping_pong,19.98333,23.835,-90.0,1,0
noisy_ping_pong_004,noisy_ping_pong,20.0,22.335,-90.0,1,0
noisy_ping_pong_004,noisy_ping_pong,20.01667,20.835,-90.0,1,0
noisy_ping_pong_004,noisy_ping_pong,20.03333,19.335,-90.0,1,0
noisy_ping_pong_004,noisy_ping_pong,20.05,17.835,-90.0,1,0
noisy_ping_pong_004,noisy_ping_pong,20.06667,16.335,-90.0,1,0
noisy_ping_pong_004,noisy_ping_pong,20.08333,14.835,-90.0,1,0
noisy_ping_pong_004,noisy_ping_pong,20.1,13.335,-90.0,1,0
noisy_ping_pong_004,noisy_ping_pong,20.11667,11.835,-90.0,1,0
noisy_ping_pong_004,noisy_ping_pong,20.13333,10.335,-90.0,1,0
noisy_ping_pong_004,noisy_ping_pong,20.15,8.835,-90.0,1,0
noisy_ping_pong_004,noisy_ping_pong,20.16667,7.335,-90.0,1,0
noisy_ping_pong_004,noisy_ping_pong,20.18333,5.835,-90.0,1,0
noisy_ping_pong_004,noisy_ping_pong,20.2,4.335,-90.0,1,0
noisy_ping_pong_004,noisy_ping_pong,20.21667,2.835,-90.0,0,0
noisy_ping_pong_004,noisy_ping_pong,20.23333,2.835,0.0,1,0
noisy_ping_pong_004,noisy_ping_pong,20.25,1.335,-90.0,0,0
noisy_ping_pong_004,noisy_ping_pong,20.26667,1.335,0.0,0,0
noisy_ping_pong_004,noisy_ping_pong,20.28333,1.335,0.0,0,1
noisy_ping_pong_004,noisy_ping_pong,20.3,2.835,90.0,0,0
noisy_ping_pong_004,noisy_ping_pong,20.31667,2.835,0.0,0,0
noisy_ping_pong_004,noisy_ping_pong,20.33333,2.835,0.0,0,0
noisy_ping_pong_004,noisy_ping_pong,20.35,2.835,0.0,0,0
noisy_ping_pong_004,noisy_ping_pong,20.36667,2.835,0.0,0,0
noisy_ping_pong_004,noisy_ping_pong,20.38333,2.835,0.0,0,0
noisy_ping_pong_004,noisy_ping_pong,20.4,2.835,0.0,0,0
noisy_ping_pong_004,noisy_ping_pong,20.41667,2.835,0.0,0,0
noisy_ping_pong_004,noisy_ping_pong,20.43333,2.835,0.0,0,0
noisy_ping_pong_004,noisy_ping_pong,20.45,2.835,0.0,0,0
noisy_ping_pong_004,noisy_ping_pong,20.46667,2.835,0.0,0,0
noisy_ping_pong_004,noisy_ping_pong,20.48333,2.835,0.0,0,0
noisy_ping_pong_004,noisy_ping_pong,20.5,2.835,0.0,0,0
noisy_ping_pong_004,noisy_ping_pong,20.51667,2.835,0.0,0,0
noisy_ping_pong_004,noisy_ping_pong,20.53333,2.835,0.0,0,0
noisy_ping_pong_004,noisy_ping_pong,20.55,2.835,0.0,0,0
noisy_ping_pong_004,noisy_ping_pong,20.56667,2.835,0.0,0,0
noisy_ping_pong_004,noisy_ping_pong,20.58333,2.835,0.0,0,0
noisy_ping_pong_004,noisy_ping_pong,20.6,2.835,0.0,0,1
noisy_ping_pong_004,noisy_ping_pong,20.61667,4.335,90.0,0,0
noisy_ping_pong_004,noisy_ping_pong,20.63333,4.335,0.0,0,1
noisy_ping_pong_004,noisy_ping_pong,20.65,5.835,90.0,0,1
noisy_ping_pong_004,noisy_ping_pong,20.66667,7.335,90.0,0,1
noisy_ping_pong_004,noisy_ping_pong,20.68333,8.835,90.0,0,1
noisy_ping_pong_004,noisy_ping_pong,20.7,10.335,90.0,0,1
noisy_ping_pong_004,noisy_ping_pong,20.71667,11.835,90.0,0,1
noisy_ping_pong_004,noisy_ping_pong,20.73333,13.335,90.0,0,1
noisy_ping_pong_004,noisy_ping_pong,20.75,14.835,90.0,0,1
noisy_ping_pong_004,noisy_ping_pong,20.76667,16.335,90.0,0,1
noisy_ping_pong_004,noisy_ping_pong,20.78333,17.835,90.0,0,1
noisy_ping_pong_004,noisy_ping_pong,20.8,19.335,90.0,0,1
noisy_ping_pong_004,noisy_ping_pong,20.81667,20.835,90.0,0,1
noisy_ping_pong_004,noisy_ping_pong,20.83333,22.335,90.0,0,1
noisy_ping_pong_004,noisy_ping_pong,20.85,23.835,90.0,0,1
noisy_ping_pong_004,noisy_ping_pong,20.86667,25.335,90.0,1,0
noisy_ping_pong_004,noisy_ping_pong,20.88333,23.835,-90.0,0,1
noisy_ping_pong_004,noisy_ping_pong,20.9,25.335,90.0,0,1
noisy_ping_pong_004,noisy_ping_pong,20.91667,26.835,90.0,0,1
noisy_ping_pong_004,noisy_ping_pong,20.93333,28.335,90.0,0,1
noisy_ping_pong_004,noisy_ping_pong,20.95,29.835,90.0,0,1
noisy_ping_pong_004,noisy_ping_pong,20.96667,31.335,90.0,0,1
noisy_ping_pong_004,noisy_ping_pong,20.98333,32.835,90.0,0,1
noisy_ping_pong_004,noisy_ping_pong,21.0,34.335,90.0,0,1
noisy_ping_pong_004,noisy_ping_pong,21.01667,35.835,90.0,0,1
noisy_ping_pong_004,noisy_ping_pong,21.03333,37.335,90.0,0,1
noisy_ping_pong_004,noisy_ping_pong,21.05,38.835,90.0,0,1
noisy_ping_pong_004,noisy_ping_pong,21.06667,40.335,90.0,0,1
noisy_ping_pong_004,noisy_ping_pong,21.08333,41.835,90.0,0,1
noisy_ping_pong_004,noisy_ping_pong,21.1,43.335,90.0,0,1
noisy_ping_pong_004,noisy_ping_pong,21.11667,44.835,90.0,0,1
noisy_ping_pong_004,noisy_ping_pong,21.13333,46.335,90.0,0,1
noisy_ping_pong_004,noisy_ping_pong,21.15,47.835,90.0,0,1
noisy_ping_pong_004,noisy_ping_pong,21.16667,49.335,90.0,0,1
noisy_ping_pong_004,noisy_ping_pong,21.18333,50.835,90.0,0,1
noisy_ping_pong_004,noisy_ping_pong,21.2,52.335,90.0,0,1
noisy_ping_pong_004,noisy_ping_pong,21.21667,53.835,90.0,0,1
noisy_ping_pong_004,noisy_ping_pong,21.23333,55.335,90.0,0,1
noisy_ping_pong_004,noisy_ping_pong,21.25,56.835,90.0,0,1
noisy_ping_pong_004,noisy_ping_pong,21.26667,58.335,90.0,0,1
noisy_ping_pong_004,noisy_ping_pong,21.28333,59.835,90.0,0,1
noisy_ping_pong_004,noisy_ping_pong,21.3,61.335,90.0,0,1
noisy_ping_pong_004,noisy_ping_pong,21.31667,62.835,90.0,0,1
noisy_ping_pong_004,noisy_ping_pong,21.33333,64.335,90.0,0,1
noisy_ping_pong_004,noisy_ping_pong,21.35,65.835,90.0,0,1
noisy_ping_pong_004,noisy_ping_pong,21.36667,67.335,90.0,0,1
noisy_ping_pong_004,noisy_ping_pong,21.38333,68.835,90.0,0,1
noisy_ping_pong_004,noisy_ping_pong,21.4,70.335,90.0,0,1
noisy_ping_pong_004,noisy_ping_pong,21.41667,71.835,90.0,0,1
noisy_ping_pong_004,noisy_ping_pong,21.43333,73.335,90.0,0,1
noisy_ping_pong_004,noisy_ping_pong,21.45,74.835,90.0,0,1
noisy_ping_pong_004,noisy_ping_pong,21.46667,76.335,90.0,0,1
noisy_ping_pong_004,noisy_ping_pong,21.48333,77.835,90.0,0,1
noisy_ping_pong_004,noisy_ping_pong,21.5,79.335,90.0,0,1
noisy_ping_pong_004,noisy_ping_pong,21.51667,80.835,90.0,0,1
noisy_ping_pong_004,noisy_ping_pong,21.53333,82.335,90.0,0,1
noisy_ping_pong_004,noisy_ping_pong,21.55,83.835,90.0,0,1
noisy_ping_pong_004,noisy_ping_pong,21.56667,85.335,90.0,0,0
noisy_ping_pong_004,noisy_ping_pong,21.58333,85.335,0.0,0,1
noisy_ping_pong_004,noisy_ping_pong,21.6,86.835,90.0,0,1
noisy_ping_pong_004,noisy_ping_pong,21.61667,88.335,90.0,0,1
noisy_ping_pong_004,noisy_ping_pong,21.63333,89.835,90.0,0,1
noisy_ping_pong_004,noisy_ping_pong,21.65,91.335,90.0,0,1
noisy_ping_pong_004,noisy_ping_pong,21.66667,92.835,90.0,0,1
noisy_ping_pong_004,noisy_ping_pong,21.68333,94.335,90.0,0,1
noisy_ping_pong_004,noisy_ping_pong,21.7,95.835,90.0,0,1
noisy_ping_pong_004,noisy_ping_pong,21.71667,97.335,90.0,0,1
noisy_ping_pong_004,noisy_ping_pong,21.73333,98.835,90.0,0,1
noisy_ping_pong_004,noisy_ping_pong,21.75,100.335,90.0,0,1
noisy_ping_pong_004,noisy_ping_pong,21.76667,101.835,90.0,0,1
noisy_ping_pong_004,noisy_ping_pong,21.78333,103.335,90.0,0,1
noisy_ping_pong_004,noisy_ping_pong,21.8,104.835,90.0,0,1
noisy_ping_pong_004,noisy_ping_pong,21.81667,106.335,90.0,0,1
noisy_ping_pong_004,noisy_ping_pong,21.83333,107.835,90.0,0,1
noisy_ping_pong_004,noisy_ping_pong,21.85,109.335,90.0,0,1
noisy_ping_pong_004,noisy_ping_pong,21.86667,110.835,90.0,0,1
noisy_ping_pong_004,noisy_ping_pong,21.88333,112.335,90.0,0,1
noisy_ping_pong_004,noisy_ping_pong,21.9,113.835,90.0,0,1
noisy_ping_pong_004,noisy_ping_pong,21.91667,115.335,90.0,0,1
noisy_ping_pong_004,noisy_ping_pong,21.93333,116.835,90.0,0,1
noisy_ping_pong_004,noisy_ping_pong,21.95,118.335,90.0,0,1
noisy_ping_pong_004,noisy_ping_pong,21.96667,119.835,90.0,0,1
noisy_ping_pong_004,noisy_ping_pong,21.98333,121.335,90.0,0,1
noisy_ping_pong_004,noisy_ping_pong,22.0,122.835,90.0,0,1
noisy_ping_pong_004,noisy_ping_pong,22.01667,124.335,90.0,0,1
noisy_ping_pong_004,noisy_ping_pong,22.03333,125.835,90.0,1,0
noisy_ping_pong_004,noisy_ping_pong,22.05,124.335,-90.0,0,1
noisy_ping_pong_004,noisy_ping_pong,22.06667,125.835,90.0,0,1
noisy_ping_pong_004,noisy_ping_pong,22.08333,127.335,90.0,0,1
noisy_ping_pong_004,noisy_ping_pong,22.1,128.835,90.0,0,1
noisy_ping_pong_004,noisy_ping_pong,22.11667,130.335,90.0,0,1
noisy_ping_pong_004,noisy_ping_pong,22.13333,131.835,90.0,0,1
noisy_ping_pong_004,noisy_ping_pong,22.15,133.335,90.0,0,1
noisy_ping_pong_004,noisy_ping_pong,22.16667,134.835,90.0,0,1
noisy_ping_pong_004,noisy_ping_pong,22.18333,136.335,90.0,0,1
noisy_ping_pong_004,noisy_ping_pong,22.2,137.835,90.0,0,1
noisy_ping_pong_004,noisy_ping_pong,22.21667,139.335,90.0,0,1
noisy_ping_pong_004,noisy_ping_pong,22.23333,140.835,90.0,0,1
noisy_ping_pong_004,noisy_ping_pong,22.25,142.335,90.0,0,1
noisy_ping_pong_004,noisy_ping_pong,22.26667,143.835,90.0,0,1
noisy_ping_pong_004,noisy_ping_pong,22.28333,145.335,90.0,0,1
noisy_ping_pong_004,noisy_ping_pong,22.3,146.835,90.0,0,1
noisy_ping_pong_004,noisy_ping_pong,22.31667,148.335,90.0,0,1
noisy_ping_pong_004,noisy_ping_pong,22.33333,149.835,90.0,0,1
noisy_ping_pong_004,noisy_ping_pong,22.35,151.335,90.0,0,1
noisy_ping_pong_004,noisy_ping_pong,22.36667,152.835,90.0,1,0
noisy_ping_pong_004,noisy_ping_pong,22.38333,151.335,-90.0,0,1
noisy_ping_pong_004,noisy_ping_pong,22.4,152.835,90.0,0,1
noisy_ping_pong_004,noisy_ping_pong,22.41667,154.335,90.0,0,1
noisy_ping_pong_004,noisy_ping_pong,22.43333,155.835,90.0,0,1
noisy_ping_pong_004,noisy_ping_pong,22.45,157.335,90.0,0,1
noisy_ping_pong_004,noisy_ping_pong,22.46667,158.835,90.0,0,1
noisy_ping_pong_004,noisy_ping_pong,22.48333,160.335,90.0,0,1
noisy_ping_pong_004,noisy_ping_pong,22.5,161.835,90.0,0,1
noisy_ping_pong_004,noisy_ping_pong,22.51667,163.335,90.0,0,1
noisy_ping_pong_004,noisy_ping_pong,22.53333,164.835,90.0,0,1
noisy_ping_pong_004,noisy_ping_pong,22.55,166.335,90.0,0,1
noisy_ping_pong_004,noisy_ping_pong,22.56667,167.835,90.0,0,1
noisy_ping_pong_004,noisy_ping_pong,22.58333,169.335,90.0,0,1
noisy_ping_pong_004,noisy_ping_pong,22.6,170.835,90.0,0,1
noisy_ping_pong_004,noisy_ping_pong,22.61667,172.335,90.0,0,1
noisy_ping_pong_004,noisy_ping_pong,22.63333,173.835,90.0,0,1
noisy_ping_pong_004,noisy_ping_pong,22.65,175.335,90.0,0,1
noisy_ping_pong_004,noisy_ping_pong,22.66667,176.835,90.0,0,1
noisy_ping_pong_004,noisy_ping_pong,22.68333,178.335,90.0,0,1
noisy_ping_pong_004,noisy_ping_pong,22.7,179.835,90.0,0,1
noisy_ping_pong_004,noisy_ping_pong,22.71667,181.335,90.0,0,1
noisy_ping_pong_004,noisy_ping_pong,22.73333,182.835,90.0,0,1
noisy_ping_pong_004,noisy_ping_pong,22.75,184.335,90.0,0,1
noisy_ping_pong_004,noisy_ping_pong,22.76667,185.835,90.0,0,1
noisy_ping_pong_004,noisy_ping_pong,22.78333,187.335,90.0,0,1
noisy_ping_pong_004,noisy_ping_pong,22.8,188.835,90.0,0,1
noisy_ping_pong_004,noisy_ping_pong,22.81667,190.335,90.0,0,1
noisy_ping_pong_004,noisy_ping_pong,22.83333,191.835,90.0,0,1
noisy_ping_pong_004,noisy_ping_pong,22.85,193.335,90.0,0,1
noisy_ping_pong_004,noisy_ping_pong,22.86667,194.835,90.0,0,1
noisy_ping_pong_004,noisy_ping_pong,22.88333,196.335,90.0,0,1
noisy_ping_pong_004,noisy_ping_pong,22.9,197.835,90.0,0,1
noisy_ping_pong_004,noisy_ping_pong,22.91667,199.335,90.0,0,1
noisy_ping_pong_004,noisy_ping_pong,22.93333,200.835,90.0,0,0
noisy_ping_pong_004,noisy_ping_pong,22.95,200.835,0.0,0,0
noisy_ping_pong_004,noisy_ping_pong,22.96667,200.835,0.0,0,0
noisy_ping_pong_004,noisy_ping_pong,22.98333,200.835,0.0,0,0
noisy_ping_pong_004,noisy_ping_pong,23.0,200.835,0.0,0,0
noisy_ping_pong_004,noisy_ping_pong,23.01667,200.835,0.0,0,0
noisy_ping_pong_004,noisy_ping_pong,23.03333,200.835,0.0,0,0
noisy_ping_pong_004,noisy_ping_pong,23.05,200.835,0.0,0,0
noisy_ping_pong_004,noisy_ping_pong,23.06667,200.835,0.0,0,0
noisy_ping_pong_004,noisy_ping_pong,23.08333,200.835,0.0,0,0
noisy_ping_pong_004,noisy_ping_pong,23.1,200.835,0.0,1,0
noisy_ping_pong_004,noisy_ping_pong,23.11667,199.335,-90.0,0,0
noisy_ping_pong_004,noisy_ping_pong,23.13333,199.335,0.0,0,0
noisy_ping_pong_004,noisy_ping_pong,23.15,199.335,0.0,0,0
noisy_ping_pong_004,noisy_ping_pong,23.16667,199.335,0.0,0,0
noisy_ping_pong_004,noisy_ping_pong,23.18333,199.335,0.0,0,0
noisy_ping_pong_004,noisy_ping_pong,23.2,199.335,0.0,0,0
noisy_ping_pong_004,noisy_ping_pong,23.21667,199.335,0.0,0,0
noisy_ping_pong_004,noisy_ping_pong,23.23333,199.335,0.0,0,0
noisy_ping_pong_004,noisy_ping_pong,23.25,199.335,0.0,0,0
noisy_ping_pong_004,noisy_ping_pong,23.26667,199.335,0.0,0,0
noisy_ping_pong_004,noisy_ping_pong,23.28333,199.335,0.0,0,0
noisy_ping_pong_004,noisy_ping_pong,23.3,199.335,0.0,0,0
noisy_ping_pong_004,noisy_ping_pong,23.31667,199.335,0.0,1,0
noisy_ping_pong_004,noisy_ping_pong,23.33333,197.835,-90.0,0,0
noisy_ping_pong_004,noisy_ping_pong,23.35,197.835,0.0,1,0
noisy_ping_pong_004,noisy_ping_pong,23.36667,196.335,-90.0,1,0
noisy_ping_pong_004,noisy_ping_pong,23.38333,194.835,-90.0,1,0
noisy_ping_pong_004,noisy_ping_pong,23.4,193.335,-90.0,1,0
noisy_ping_pong_004,noisy_ping_pong,23.41667,191.835,-90.0,1,0
noisy_ping_pong_004,noisy_ping_pong,23.43333,190.335,-90.0,1,0
noisy_ping_pong_004,noisy_ping_pong,23.45,188.835,-90.0,1,0
noisy_ping_pong_004,noisy_ping_pong,23.46667,187.335,-90.0,1,0
noisy_ping_pong_004,noisy_ping_pong,23.48333,185.835,-90.0,1,0
noisy_ping_pong_004,noisy_ping_pong,23.5,184.335,-90.0,1,0
noisy_ping_pong_004,noisy_ping_pong,23.51667,182.835,-90.0,1,0
noisy_ping_pong_004,noisy_ping_pong,23.53333,181.335,-90.0,1,0
noisy_ping_pong_004,noisy_ping_pong,23.55,179.835,-90.0,1,0
noisy_ping_pong_004,noisy_ping_pong,23.56667,178.335,-90.0,1,0
noisy_ping_pong_004,noisy_ping_pong,23.58333,176.835,-90.0,1,0
noisy_ping_pong_004,noisy_ping_pong,23.6,175.335,-90.0,1,0
noisy_ping_pong_004,noisy_ping_pong,23.61667,173.835,-90.0,1,0
noisy_ping_pong_004,noisy_ping_pong,23.63333,172.335,-90.0,1,0
noisy_ping_pong_004,noisy_ping_pong,23.65,170.835,-90.0,1,0
noisy_ping_pong_004,noisy_ping_pong,23.66667,169.335,-90.0,1,0
noisy_ping_pong_004,noisy_ping_pong,23.68333,167.835,-90.0,1,0
noisy_ping_pong_004,noisy_ping_pong,23.7,166.335,-90.0,1,0
noisy_ping_pong_004,noisy_ping_pong,23.71667,164.835,-90.0,1,0
noisy_ping_pong_004,noisy_ping_pong,23.73333,163.335,-90.0,1,0
noisy_ping_pong_004,noisy_ping_pong,23.75,161.835,-90.0,0,1
noisy_ping_pong_004,noisy_ping_pong,23.76667,163.335,90.0,1,0
noisy_ping_pong_004,noisy_ping_pong,23.78333,161.835,-90.0,1,0
noisy_ping_pong_004,noisy_ping_pong,23.8,160.335,-90.0,1,0
noisy_ping_pong_004,noisy_ping_pong,23.81667,158.835,-90.0,1,0
noisy_ping_pong_004,noisy_ping_pong,23.83333,157.335,-90.0,1,0
noisy_ping_pong_004,noisy_ping_pong,23.85,155.835,-90.0,1,0
noisy_ping_pong_004,noisy_ping_pong,23.86667,154.335,-90.0,0,1
noisy_ping_pong_004,noisy_ping_pong,23.88333,155.835,90.0,1,0
noisy_ping_pong_004,noisy_ping_pong,23.9,154.335,-90.0,1,0
noisy_ping_pong_004,noisy_ping_pong,23.91667,152.835,-90.0,1,0
noisy_ping_pong_004,noisy_ping_pong,23.93333,151.335,-90.0,1,0
noisy_ping_pong_004,noisy_ping_pong,23.95,149.835,-90.0,1,0
noisy_ping_pong_004,noisy_ping_pong,23.96667,148.335,-90.0,1,0
noisy_ping_pong_004,noisy_ping_pong,23.98333,146.835,-90.0,1,0
noisy_ping_pong_004,noisy_ping_pong,24.0,145.335,-90.0,1,0
noisy_ping_pong_004,noisy_ping_pong,24.01667,143.835,-90.0,1,0
noisy_ping_pong_004,noisy_ping_pong,24.03333,142.335,-90.0,1,0
noisy_ping_pong_004,noisy_ping_pong,24.05,140.835,-90.0,1,0
noisy_ping_pong_004,noisy_ping_pong,24.06667,139.335,-90.0,1,0
noisy_ping_pong_004,noisy_ping_pong,24.08333,137.835,-90.0,1,0
noisy_ping_pong_004,noisy_ping_pong,24.1,136.335,-90.0,1,0
noisy_ping_pong_004,noisy_ping_pong,24.11667,134.835,-90.0,1,0
noisy_ping_pong_004,noisy_ping_pong,24.13333,133.335,-90.0,1,0
noisy_ping_pong_004,noisy_ping_pong,24.15,131.835,-90.0,1,0
noisy_ping_pong_004,noisy_ping_pong,24.16667,130.335,-90.0,1,0
noisy_ping_pong_004,noisy_ping_pong,24.18333,128.835,-90.0,1,0
noisy_ping_pong_004,noisy_ping_pong,24.2,127.335,-90.0,1,0
noisy_ping_pong_004,noisy_ping_pong,24.21667,125.835,-90.0,1,0
noisy_ping_pong_004,noisy_ping_pong,24.23333,124.335,-90.0,1,0
noisy_ping_pong_004,noisy_ping_pong,24.25,122.835,-90.0,1,0
noisy_ping_pong_004,noisy_ping_pong,24.26667,121.335,-90.0,1,0
noisy_ping_pong_004,noisy_ping_pong,24.28333,119.835,-90.0,1,0
noisy_ping_pong_004,noisy_ping_pong,24.3,118.335,-90.0,1,0
noisy_ping_pong_004,noisy_ping_pong,24.31667,116.835,-90.0,1,0
noisy_ping_pong_004,noisy_ping_pong,24.33333,115.335,-90.0,1,0
noisy_ping_pong_004,noisy_ping_pong,24.35,113.835,-90.0,1,0
noisy_ping_pong_004,noisy_ping_pong,24.36667,112.335,-90.0,1,0
noisy_ping_pong_004,noisy_ping_pong,24.38333,110.835,-90.0,1,0
noisy_ping_pong_004,noisy_ping_pong,24.4,109.335,-90.0,1,0
noisy_ping_pong_004,noisy_ping_pong,24.41667,107.835,-90.0,1,0
noisy_ping_pong_004,noisy_ping_pong,24.43333,106.335,-90.0,1,0
noisy_ping_pong_004,noisy_ping_pong,24.45,104.835,-90.0,1,0
noisy_ping_pong_004,noisy_ping_pong,24.46667,103.335,-90.0,1,0
noisy_ping_pong_004,noisy_ping_pong,24.48333,101.835,-90.0,1,0
noisy_ping_pong_004,noisy_ping_pong,24.5,100.335,-90.0,1,0
noisy_ping_pong_004,noisy_ping_pong,24.51667,98.835,-90.0,1,0
noisy_ping_pong_004,noisy_ping_pong,24.53333,97.335,-90.0,1,0
noisy_ping_pong_004,noisy_ping_pong,24.55,95.835,-90.0,1,0
noisy_ping_pong_004,noisy_ping_pong,24.56667,94.335,-90.0,1,0
noisy_ping_pong_004,noisy_ping_pong,24.58333,92.835,-90.0,1,0
noisy_ping_pong_004,noisy_ping_pong,24.6,91.335,-90.0,1,0
noisy_ping_pong_004,noisy_ping_pong,24.61667,89.835,-90.0,1,0
noisy_ping_pong_004,noisy_ping_pong,24.63333,88.335,-90.0,0,1
noisy_ping_pong_004,noisy_ping_pong,24.65,89.835,90.0,1,0
noisy_ping_pong_004,noisy_ping_pong,24.66667,88.335,-90.0,1,0
noisy_ping_pong_004,noisy_ping_pong,24.68333,86.835,-90.0,1,0
noisy_ping_pong_004,noisy_ping_pong,24.7,85.335,-90.0,1,0
noisy_ping_pong_004,noisy_ping_pong,24.71667,83.835,-90.0,1,0
noisy_ping_pong_004,noisy_ping_pong,24.73333,82.335,-90.0,1,0
noisy_ping_pong_004,noisy_ping_pong,24.75,80.835,-90.0,1,0
noisy_ping_pong_004,noisy_ping_pong,24.76667,79.335,-90.0,1,0
noisy_ping_pong_004,noisy_ping_pong,24.78333,77.835,-90.0,1,0
noisy_ping_pong_004,noisy_ping_pong,24.8,76.335,-90.0,1,0
noisy_ping_pong_004,noisy_ping_pong,24.81667,74.835,-90.0,1,0
noisy_ping_pong_004,noisy_ping_pong,24.83333,73.335,-90.0,1,0
noisy_ping_pong_004,noisy_ping_pong,24.85,71.835,-90.0,1,0
noisy_ping_pong_004,noisy_ping_pong,24.86667,70.335,-90.0,1,0
noisy_ping_pong_004,noisy_ping_pong,24.88333,68.835,-90.0,1,0
noisy_ping_pong_004,noisy_ping_pong,24.9,67.335,-90.0,0,0
noisy_ping_pong_004,noisy_ping_pong,24.91667,67.335,0.0,1,0
noisy_ping_pong_004,noisy_ping_pong,24.93333,65.835,-90.0,0,1
noisy_ping_pong_004,noisy_ping_pong,24.95,67.335,90.0,1,0
noisy_ping_pong_004,noisy_ping_pong,24.96667,65.835,-90.0,1,0
noisy_ping_pong_004,noisy_ping_pong,24.98333,64.335,-90.0,1,0
noisy_ping_pong_004,noisy_ping_pong,25.0,62.835,-90.0,1,0
noisy_ping_pong_004,noisy_ping_pong,25.01667,61.335,-90.0,1,0
noisy_ping_pong_004,noisy_ping_pong,25.03333,59.835,-90.0,1,0
noisy_ping_pong_004,noisy_ping_pong,25.05,58.335,-90.0,1,0
noisy_ping_pong_004,noisy_ping_pong,25.06667,56.835,-90.0,1,0
noisy_ping_pong_004,noisy_ping_pong,25.08333,55.335,-90.0,1,0
noisy_ping_pong_004,noisy_ping_pong,25.1,53.835,-90.0,1,0
noisy_ping_pong_004,noisy_ping_pong,25.11667,52.335,-90.0,1,0
noisy_ping_pong_004,noisy_ping_pong,25.13333,50.835,-90.0,1,0
noisy_ping_pong_004,noisy_ping_pong,25.15,49.335,-90.0,1,0
noisy_ping_pong_004,noisy_ping_pong,25.16667,47.835,-90.0,1,0
noisy_ping_pong_004,noisy_ping_pong,25.18333,46.335,-90.0,0,0
noisy_ping_pong_004,noisy_ping_pong,25.2,46.335,0.0,1,0
noisy_ping_pong_004,noisy_ping_pong,25.21667,44.835,-90.0,0,1
noisy_ping_pong_004,noisy_ping_pong,25.23333,46.335,90.0,1,0
noisy_ping_pong_004,noisy_ping_pong,25.25,44.835,-90.0,1,0
noisy_ping_pong_004,noisy_ping_pong,25.26667,43.335,-90.0,1,0
noisy_ping_pong_004,noisy_ping_pong,25.28333,41.835,-90.0,1,0
noisy_ping_pong_004,noisy_ping_pong,25.3,40.335,-90.0,1,0
noisy_ping_pong_004,noisy_ping_pong,25.31667,38.835,-90.0,1,0
noisy_ping_pong_004,noisy_ping_pong,25.33333,37.335,-90.0,1,0
noisy_ping_pong_004,noisy_ping_pong,25.35,35.835,-90.0,1,0
noisy_ping_pong_004,noisy_ping_pong,25.36667,34.335,-90.0,1,0
noisy_ping_pong_004,noisy_ping_pong,25.38333,32.835,-90.0,1,0
noisy_ping_pong_004,noisy_ping_pong,25.4,31.335,-90.0,1,0
noisy_ping_pong_004,noisy_ping_pong,25.41667,29.835,-90.0,1,0
noisy_ping_pong_004,noisy_ping_pong,25.43333,28.335,-90.0,1,0
noisy_ping_pong_004,noisy_ping_pong,25.45,26.835,-90.0,1,0
noisy_ping_pong_004,noisy_ping_pong,25.46667,25.335,-90.0,1,0
noisy_ping_pong_004,noisy_ping_pong,25.48333,23.835,-90.0,1,0
noisy_ping_pong_004,noisy_ping_pong,25.5,22.335,-90.0,1,0
noisy_ping_pong_004,noisy_ping_pong,25.51667,20.835,-90.0,0,0
noisy_ping_pong_004,noisy_ping_pong,25.53333,20.835,0.0,1,0
noisy_ping_pong_004,noisy_ping_pong,25.55,19.335,-90.0,1,0
noisy_ping_pong_004,noisy_ping_pong,25.56667,17.835,-90.0,1,0
noisy_ping_pong_004,noisy_ping_pong,25.58333,16.335,-90.0,1,0
noisy_ping_pong_004,noisy_ping_pong,25.6,14.835,-90.0,1,0
noisy_ping_pong_004,noisy_ping_pong,25.61667,13.335,-90.0,1,0
noisy_ping_pong_004,noisy_ping_pong,25.63333,11.835,-90.0,1,0
noisy_ping_pong_004,noisy_ping_pong,25.65,10.335,-90.0,1,0
noisy_ping_pong_004,noisy_ping_pong,25.66667,8.835,-90.0,1,0
noisy_ping_pong_004,noisy_ping_pong,25.68333,7.335,-90.0,1,0
noisy_ping_pong_004,noisy_ping_pong,25.7,5.835,-90.0,1,0
noisy_ping_pong_004,noisy_ping_pong,25.71667,4.335,-90.0,1,0
noisy_ping_pong_004,noisy_ping_pong,25.73333,2.835,-90.0,0,0
noisy_ping_pong_004,noisy_ping_pong,25.75,2.835,0.0,0,0
noisy_ping_pong_004,noisy_ping_pong,25.76667,2.835,0.0,0,0
noisy_ping_pong_004,noisy_ping_pong,25.78333,2.835,0.0,0,0
noisy_ping_pong_004,noisy_ping_pong,25.8,2.835,0.0,0,0
noisy_ping_pong_004,noisy_ping_pong,25.81667,2.835,0.0,0,0
noisy_ping_pong_004,noisy_ping_pong,25.83333,2.835,0.0,0,1
noisy_ping_pong_004,noisy_ping_pong,25.85,4.335,90.0,0,0
noisy_ping_pong_004,noisy_ping_pong,25.86667,4.335,0.0,0,0
noisy_ping_pong_004,noisy_ping_pong,25.88333,4.335,0.0,0,0
noisy_ping_pong_004,noisy_ping_pong,25.9,4.335,0.0,0,0
noisy_ping_pong_004,noisy_ping_pong,25.91667,4.335,0.0,1,0
noisy_ping_pong_004,noisy_ping_pong,25.93333,2.835,-90.0,0,0
noisy_ping_pong_004,noisy_ping_pong,25.95,2.835,0.0,0,0
noisy_ping_pong_004,noisy_ping_pong,25.96667,2.835,0.0,0,0
noisy_ping_pong_004,noisy_ping_pong,25.98333,2.835,0.0,0,0
noisy_ping_pong_004,noisy_ping_pong,26.0,2.835,0.0,0,0
noisy_ping_pong_004,noisy_ping_pong,26.01667,2.835,0.0,1,0
noisy_ping_pong_004,noisy_ping_pong,26.03333,1.335,-90.0,0,0
noisy_ping_pong_004,noisy_ping_pong,26.05,1.335,0.0,0,0
noisy_ping_pong_004,noisy_ping_pong,26.06667,1.335,0.0,0,0
noisy_ping_pong_004,noisy_ping_pong,26.08333,1.335,0.0,0,0
noisy_ping_pong_004,noisy_ping_pong,26.1,1.335,0.0,0,0
noisy_ping_pong_004,noisy_ping_pong,26.11667,1.335,0.0,0,0
noisy_ping_pong_004,noisy_ping_pong,26.13333,1.335,0.0,0,0
noisy_ping_pong_004,noisy_ping_pong,26.15,1.335,0.0,0,1
noisy_ping_pong_004,noisy_ping_pong,26.16667,2.835,90.0,0,1
noisy_ping_pong_004,noisy_ping_pong,26.18333,4.335,90.0,0,1
noisy_ping_pong_004,noisy_ping_pong,26.2,5.835,90.0,0,1
noisy_ping_pong_004,noisy_ping_pong,26.21667,7.335,90.0,0,1
noisy_ping_pong_004,noisy_ping_pong,26.23333,8.835,90.0,0,1
noisy_ping_pong_004,noisy_ping_pong,26.25,10.335,90.0,0,1
noisy_ping_pong_004,noisy_ping_pong,26.26667,11.835,90.0,0,0
noisy_ping_pong_004,noisy_ping_pong,26.28333,11.835,0.0,0,1
noisy_ping_pong_004,noisy_ping_pong,26.3,13.335,90.0,0,1
noisy_ping_pong_004,noisy_ping_pong,26.31667,14.835,90.0,0,1
noisy_ping_pong_004,noisy_ping_pong,26.33333,16.335,90.0,0,1
noisy_ping_pong_004,noisy_ping_pong,26.35,17.835,90.0,0,1
noisy_ping_pong_004,noisy_ping_pong,26.36667,19.335,90.0,0,1
noisy_ping_pong_004,noisy_ping_pong,26.38333,20.835,90.0,0,1
noisy_ping_pong_004,noisy_ping_pong,26.4,22.335,90.0,0,1
noisy_ping_pong_004,noisy_ping_pong,26.41667,23.835,90.0,0,1
noisy_ping_pong_004,noisy_ping_pong,26.43333,25.335,90.0,0,1
noisy_ping_pong_004,noisy_ping_pong,26.45,26.835,90.0,0,1
noisy_ping_pong_004,noisy_ping_pong,26.46667,28.335,90.0,0,1
noisy_ping_pong_004,noisy_ping_pong,26.48333,29.835,90.0,0,1
noisy_ping_pong_004,noisy_ping_pong,26.5,31.335,90.0,0,1
noisy_ping_pong_004,noisy_ping_pong,26.51667,32.835,90.0,0,1
noisy_ping_pong_004,noisy_ping_pong,26.53333,34.335,90.0,0,1
noisy_ping_pong_004,noisy_ping_pong,26.55,35.835,90.0,0,1
noisy_ping_pong_004,noisy_ping_pong,26.56667,37.335,90.0,0,1
noisy_ping_pong_004,noisy_ping_pong,26.58333,38.835,90.0,0,0
noisy_ping_pong_004,noisy_ping_pong,26.6,38.835,0.0,0,1
noisy_ping_pong_004,noisy_ping_pong,26.61667,40.335,90.0,0,1
noisy_ping_pong_004,noisy_ping_pong,26.63333,41.835,90.0,0,1
noisy_ping_pong_004,noisy_ping_pong,26.65,43.335,90.0,0,1
noisy_ping_pong_004,noisy_ping_pong,26.66667,44.835,90.0,0,1
noisy_ping_pong_004,noisy_ping_pong,26.68333,46.335,90.0,0,1
noisy_ping_pong_004,noisy_ping_pong,26.7,47.835,90.0,0,1
noisy_ping_pong_004,noisy_ping_pong,26.71667,49.335,90.0,0,1
noisy_ping_pong_004,noisy_ping_pong,26.73333,50.835,90.0,0,1
noisy_ping_pong_004,noisy_ping_pong,26.75,52.335,90.0,0,1
noisy_ping_pong_004,noisy_ping_pong,26.76667,53.835,90.0,0,1
noisy_ping_pong_004,noisy_ping_pong,26.78333,55.335,90.0,0,1
noisy_ping_pong_004,noisy_ping_pong,26.8,56.835,90.0,0,1
noisy_ping_pong_004,noisy_ping_pong,26.81667,58.335,90.0,0,1
noisy_ping_pong_004,noisy_ping_pong,26.83333,59.835,90.0,0,1
noisy_ping_pong_004,noisy_ping_pong,26.85,61.335,90.0,0,1
noisy_ping_pong_004,noisy_ping_pong,26.86667,62.835,90.0,0,1
noisy_ping_pong_004,noisy_ping_pong,26.88333,64.335,90.0,0,1
noisy_ping_pong_004,noisy_ping_pong,26.9,65.835,90.0,0,1
noisy_ping_pong_004,noisy_ping_pong,26.91667,67.335,90.0,0,1
noisy_ping_pong_004,noisy_ping_pong,26.93333,68.835,90.0,0,1
noisy_ping_pong_004,noisy_ping_pong,26.95,70.335,90.0,0,1
noisy_ping_pong_004,noisy_ping_pong,26.96667,71.835,90.0,0,1
noisy_ping_pong_004,noisy_ping_pong,26.98333,73.335,90.0,0,1
noisy_ping_pong_004,noisy_ping_pong,27.0,74.835,90.0,0,1
noisy_ping_pong_004,noisy_ping_pong,27.01667,76.335,90.0,0,1
noisy_ping_pong_004,noisy_ping_pong,27.03333,77.835,90.0,0,1
noisy_ping_pong_004,noisy_ping_pong,27.05,79.335,90.0,0,1
noisy_ping_pong_004,noisy_ping_pong,27.06667,80.835,90.0,0,1
noisy_ping_pong_004,noisy_ping_pong,27.08333,82.335,90.0,0,1
noisy_ping_pong_004,noisy_ping_pong,27.1,83.835,90.0,0,1
noisy_ping_pong_004,noisy_ping_pong,27.11667,85.335,90.0,0,1
noisy_ping_pong_004,noisy_ping_pong,27.13333,86.835,90.0,0,1
noisy_ping_pong_004,noisy_ping_pong,27.15,88.335,90.0,0,1
noisy_ping_pong_004,noisy_ping_pong,27.16667,89.835,90.0,0,1
noisy_ping_pong_004,noisy_ping_pong,27.18333,91.335,90.0,0,1
noisy_ping_pong_004,noisy_ping_pong,27.2,92.835,90.0,0,1
noisy_ping_pong_004,noisy_ping_pong,27.21667,94.335,90.0,0,1
noisy_ping_pong_004,noisy_ping_pong,27.23333,95.835,90.0,0,1
noisy_ping_pong_004,noisy_ping_pong,27.25,97.335,90.0,0,1
noisy_ping_pong_004,noisy_ping_pong,27.26667,98.835,90.0,0,1
noisy_ping_pong_004,noisy_ping_pong,27.28333,100.335,90.0,0,1
noisy_ping_pong_004,noisy_ping_pong,27.3,101.835,90.0,0,1
noisy_ping_pong_004,noisy_ping_pong,27.31667,103.335,90.0,0,1
noisy_ping_pong_004,noisy_ping_pong,27.33333,104.835,90.0,0,1
noisy_ping_pong_004,noisy_ping_pong,27.35,106.335,90.0,0,1
noisy_ping_pong_004,noisy_ping_pong,27.36667,107.835,90.0,0,1
noisy_ping_pong_004,noisy_ping_pong,27.38333,109.335,90.0,0,1
noisy_ping_pong_004,noisy_ping_pong,27.4,110.835,90.0,0,1
noisy_ping_pong_004,noisy_ping_pong,27.41667,112.335,90.0,0,1
noisy_ping_pong_004,noisy_ping_pong,27.43333,113.835,90.0,0,0
noisy_ping_pong_004,noisy_ping_pong,27.45,113.835,0.0,0,1
noisy_ping_pong_004,noisy_ping_pong,27.46667,115.335,90.0,0,1
noisy_ping_pong_004,noisy_ping_pong,27.48333,116.835,90.0,0,1
noisy_ping_pong_004,noisy_ping_pong,27.5,118.335,90.0,0,1
noisy_ping_pong_004,noisy_ping_pong,27.51667,119.835,90.0,0,1
noisy_ping_pong_004,noisy_ping_pong,27.53333,121.335,90.0,0,1
noisy_ping_pong_004,noisy_ping_pong,27.55,122.835,90.0,0,1
noisy_ping_pong_004,noisy_ping_pong,27.56667,124.335,90.0,0,1
noisy_ping_pong_004,noisy_ping_pong,27.58333,125.835,90.0,0,1
noisy_ping_pong_004,noisy_ping_pong,27.6,127.335,90.0,0,1
noisy_ping_pong_004,noisy_ping_pong,27.61667,128.835,90.0,0,1
noisy_ping_pong_004,noisy_ping_pong,27.63333,130.335,90.0,0,1
noisy_ping_pong_004,noisy_ping_pong,27.65,131.835,90.0,0,1
noisy_ping_pong_004,noisy_ping_pong,27.66667,133.335,90.0,0,1
noisy_ping_pong_004,noisy_ping_pong,27.68333,134.835,90.0,0,1
noisy_ping_pong_004,noisy_ping_pong,27.7,136.335,90.0,0,1
noisy_ping_pong_004,noisy_ping_pong,27.71667,137.835,90.0,0,1
noisy_ping_pong_004,noisy_ping_pong,27.73333,139.335,90.0,0,1
noisy_ping_pong_004,noisy_ping_pong,27.75,140.835,90.0,1,0
noisy_ping_pong_004,noisy_ping_pong,27.76667,139.335,-90.0,0,1
noisy_ping_pong_004,noisy_ping_pong,27.78333,140.835,90.0,1,0
noisy_ping_pong_004,noisy_ping_pong,27.8,139.335,-90.0,0,1
noisy_ping_pong_004,noisy_ping_pong,27.81667,140.835,90.0,0,1
noisy_ping_pong_004,noisy_ping_pong,27.83333,142.335,90.0,0,1
noisy_ping_pong_004,noisy_ping_pong,27.85,143.835,90.0,0,1
noisy_ping_pong_004,noisy_ping_pong,27.86667,145.335,90.0,0,1
noisy_ping_pong_004,noisy_ping_pong,27.88333,146.835,90.0,0,1
noisy_ping_pong_004,noisy_ping_pong,27.9,148.335,90.0,0,1
noisy_ping_pong_004,noisy_ping_pong,27.91667,149.835,90.0,0,1
noisy_ping_pong_004,noisy_ping_pong,27.93333,151.335,90.0,0,1
noisy_ping_pong_004,noisy_ping_pong,27.95,152.835,90.0,0,1
noisy_ping_pong_004,noisy_ping_pong,27.96667,154.335,90.0,0,1
noisy_ping_pong_004,noisy_ping_pong,27.98333,155.835,90.0,0,1
noisy_ping_pong_004,noisy_ping_pong,28.0,157.335,90.0,0,1
noisy_ping_pong_004,noisy_ping_pong,28.01667,158.835,90.0,0,1
noisy_ping_pong_004,noisy_ping_pong,28.03333,160.335,90.0,0,0
noisy_ping_pong_004,noisy_ping_pong,28.05,160.335,0.0,0,1
noisy_ping_pong_004,noisy_ping_pong,28.06667,161.835,90.0,0,1
noisy_ping_pong_004,noisy_ping_pong,28.08333,163.335,90.0,0,1
noisy_ping_pong_004,noisy_ping_pong,28.1,164.835,90.0,0,1
noisy_ping_pong_004,noisy_ping_pong,28.11667,166.335,90.0,0,1
noisy_ping_pong_004,noisy_ping_pong,28.13333,167.835,90.0,0,1
noisy_ping_pong_004,noisy_ping_pong,28.15,169.335,90.0,0,1
noisy_ping_pong_004,noisy_ping_pong,28.16667,170.835,90.0,0,1
noisy_ping_pong_004,noisy_ping_pong,28.18333,172.335,90.0,0,1
noisy_ping_pong_004,noisy_ping_pong,28.2,173.835,90.0,0,1
noisy_ping_pong_004,noisy_ping_pong,28.21667,175.335,90.0,0,1
noisy_ping_pong_004,noisy_ping_pong,28.23333,176.835,90.0,0,1
noisy_ping_pong_004,noisy_ping_pong,28.25,178.335,90.0,0,1
noisy_ping_pong_004,noisy_ping_pong,28.26667,179.835,90.0,0,1
noisy_ping_pong_004,noisy_ping_pong,28.28333,181.335,90.0,0,0
noisy_ping_pong_004,noisy_ping_pong,28.3,181.335,0.0,0,1
noisy_ping_pong_004,noisy_ping_pong,28.31667,182.835,90.0,0,1
noisy_ping_pong_004,noisy_ping_pong,28.33333,184.335,90.0,0,1
noisy_ping_pong_004,noisy_ping_pong,28.35,185.835,90.0,0,1
noisy_ping_pong_004,noisy_ping_pong,28.36667,187.335,90.0,0,1
noisy_ping_pong_004,noisy_ping_pong,28.38333,188.835,90.0,0,1
noisy_ping_pong_004,noisy_ping_pong,28.4,190.335,90.0,0,1
noisy_ping_pong_004,noisy_ping_pong,28.41667,191.835,90.0,0,1
noisy_ping_pong_004,noisy_ping_pong,28.43333,193.335,90.0,0,1
noisy_ping_pong_004,noisy_ping_pong,28.45,194.835,90.0,0,1
noisy_ping_pong_004,noisy_ping_pong,28.46667,196.335,90.0,0,1
noisy_ping_pong_004,noisy_ping_pong,28.48333,197.835,90.0,0,1
noisy_ping_pong_004,noisy_ping_pong,28.5,199.335,90.0,0,1
noisy_ping_pong_004,noisy_ping_pong,28.51667,200.835,90.0,0,0
noisy_ping_pong_004,noisy_ping_pong,28.53333,200.835,0.0,0,0
noisy_ping_pong_004,noisy_ping_pong,28.55,200.835,0.0,0,0
noisy_ping_pong_004,noisy_ping_pong,28.56667,200.835,0.0,0,0
noisy_ping_pong_004,noisy_ping_pong,28.58333,200.835,0.0,0,1
noisy_ping_pong_004,noisy_ping_pong,28.6,202.335,90.0,0,0
noisy_ping_pong_004,noisy_ping_pong,28.61667,202.335,0.0,0,0
noisy_ping_pong_004,noisy_ping_pong,28.63333,202.335,0.0,0,0
noisy_ping_pong_004,noisy_ping_pong,28.65,202.335,0.0,0,0
noisy_ping_pong_004,noisy_ping_pong,28.66667,202.335,0.0,0,0
noisy_ping_pong_004,noisy_ping_pong,28.68333,202.335,0.0,0,0
noisy_ping_pong_004,noisy_ping_pong,28.7,202.335,0.0,0,0
noisy_ping_pong_004,noisy_ping_pong,28.71667,202.335,0.0,0,0
noisy_ping_pong_004,noisy_ping_pong,28.73333,202.335,0.0,0,0
noisy_ping_pong_004,noisy_ping_pong,28.75,202.335,0.0,0,0
noisy_ping_pong_004,noisy_ping_pong,28.76667,202.335,0.0,0,0
noisy_ping_pong_004,noisy_ping_pong,28.78333,202.335,0.0,0,0
noisy_ping_pong_004,noisy_ping_pong,28.8,202.335,0.0,0,0
noisy_ping_pong_004,noisy_ping_pong,28.81667,202.335,0.0,0,0
noisy_ping_pong_004,noisy_ping_pong,28.83333,202.335,0.0,0,0
noisy_ping_pong_004,noisy_ping_pong,28.85,202.335,0.0,0,0
noisy_ping_pong_004,noisy_ping_pong,28.86667,202.335,0.0,0,1
noisy_ping_pong_004,noisy_ping_pong,28.88333,203.835,90.0,0,0
noisy_ping_pong_004,noisy_ping_pong,28.9,203.835,0.0,0,0
noisy_ping_pong_004,noisy_ping_pong,28.91667,203.835,0.0,0,1
noisy_ping_pong_004,noisy_ping_pong,28.93333,204,9.89,1,0
noisy_ping_pong_004,noisy_ping_pong,28.95,202.5,-90.0,1,0
noisy_ping_pong_004,noisy_ping_pong,28.96667,201.0,-90.0,1,0
noisy_ping_pong_004,noisy_ping_pong,28.98333,199.5,-90.0,1,0
noisy_ping_pong_004,noisy_ping_pong,29.0,198.0,-90.0,1,0
noisy_ping_pong_004,noisy_ping_pong,29.01667,196.5,-90.0,1,0
noisy_ping_pong_004,noisy_ping_pong,29.03333,195.0,-90.0,1,0
noisy_ping_pong_004,noisy_ping_pong,29.05,193.5,-90.0,1,0
noisy_ping_pong_004,noisy_ping_pong,29.06667,192.0,-90.0,1,0
noisy_ping_pong_004,noisy_ping_pong,29.08333,190.5,-90.0,1,0
noisy_ping_pong_004,noisy_ping_pong,29.1,189.0,-90.0,1,0
noisy_ping_pong_004,noisy_ping_pong,29.11667,187.5,-90.0,1,0
noisy_ping_pong_004,noisy_ping_pong,29.13333,186.0,-90.0,1,0
noisy_ping_pong_004,noisy_ping_pong,29.15,184.5,-90.0,1,0
noisy_ping_pong_004,noisy_ping_pong,29.16667,183.0,-90.0,1,0
noisy_ping_pong_004,noisy_ping_pong,29.18333,181.5,-90.0,1,0
noisy_ping_pong_004,noisy_ping_pong,29.2,180.0,-90.0,1,0
noisy_ping_pong_004,noisy_ping_pong,29.21667,178.5,-90.0,1,0
noisy_ping_pong_004,noisy_ping_pong,29.23333,177.0,-90.0,1,0
noisy_ping_pong_004,noisy_ping_pong,29.25,175.5,-90.0,1,0
noisy_ping_pong_004,noisy_ping_pong,29.26667,174.0,-90.0,1,0
noisy_ping_pong_004,noisy_ping_pong,29.28333,172.5,-90.0,1,0
noisy_ping_pong_004,noisy_ping_pong,29.3,171.0,-90.0,1,0
noisy_ping_pong_004,noisy_ping_pong,29.31667,169.5,-90.0,1,0
noisy_ping_pong_004,noisy_ping_pong,29.33333,168.0,-90.0,1,0
noisy_ping_pong_004,noisy_ping_pong,29.35,166.5,-90.0,1,0
noisy_ping_pong_004,noisy_ping_pong,29.36667,165.0,-90.0,1,0
noisy_ping_pong_004,noisy_ping_pong,29.38333,163.5,-90.0,1,0
noisy_ping_pong_004,noisy_ping_pong,29.4,162.0,-90.0,1,0
noisy_ping_pong_004,noisy_ping_pong,29.41667,160.5,-90.0,1,0
noisy_ping_pong_004,noisy_ping_pong,29.43333,159.0,-90.0,1,0
noisy_ping_pong_004,noisy_ping_pong,29.45,157.5,-90.0,1,0
noisy_ping_pong_004,noisy_ping_pong,29.46667,156.0,-90.0,1,0
noisy_ping_pong_004,noisy_ping_pong,29.48333,154.5,-90.0,1,0
noisy_ping_pong_004,noisy_ping_pong,29.5,153.0,-90.0,1,0
noisy_ping_pong_004,noisy_ping_pong,29.51667,151.5,-90.0,1,0
noisy_ping_pong_004,noisy_ping_pong,29.53333,150.0,-90.0,1,0
noisy_ping_pong_004,noisy_ping_pong,29.55,148.5,-90.0,1,0
noisy_ping_pong_004,noisy_ping_pong,29.56667,147.0,-90.0,1,0
noisy_ping_pong_004,noisy_ping_pong,29.58333,145.5,-90.0,1,0
noisy_ping_pong_004,noisy_ping_pong,29.6,144.0,-90.0,1,0
noisy_ping_pong_004,noisy_ping_pong,29.61667,142.5,-90.0,1,0
noisy_ping_pong_004,noisy_ping_pong,29.63333,141.0,-90.0,1,0
noisy_ping_pong_004,noisy_ping_pong,29.65,139.5,-90.0,1,0
noisy_ping_pong_004,noisy_ping_pong,29.66667,138.0,-90.0,1,0
noisy_ping_pong_004,noisy_ping_pong,29.68333,136.5,-90.0,1,0
noisy_ping_pong_004,noisy_ping_pong,29.7,135.0,-90.0,1,0
noisy_ping_pong_004,noisy_ping_pong,29.71667,133.5,-90.0,1,0
noisy_ping_pong_004,noisy_ping_pong,29.73333,132.0,-90.0,1,0
noisy_ping_pong_004,noisy_ping_pong,29.75,130.5,-90.0,1,0
noisy_ping_pong_004,noisy_ping_pong,29.76667,129.0,-90.0,1,0
noisy_ping_pong_004,noisy_ping_pong,29.78333,127.5,-90.0,1,0
noisy_ping_pong_004,noisy_ping_pong,29.8,126.0,-90.0,1,0
noisy_ping_pong_004,noisy_ping_pong,29.81667,124.5,-90.0,1,0
noisy_ping_pong_004,noisy_ping_pong,29.83333,123.0,-90.0,1,0
noisy_ping_pong_004,noisy_ping_pong,29.85,121.5,-90.0,1,0
noisy_ping_pong_004,noisy_ping_pong,29.86667,120.0,-90.0,1,0
noisy_ping_pong_004,noisy_ping_pong,29.88333,118.5,-90.0,1,0
noisy_ping_pong_004,noisy_ping_pong,29.9,117.0,-90.0,1,0
noisy_ping_pong_004,noisy_ping_pong,29.91667,115.5,-90.0,1,0
noisy_ping_pong_004,noisy_ping_pong,29.93333,114.0,-90.0,1,0
noisy_ping_pong_004,noisy_ping_pong,29.95,112.5,-90.0,1,0
noisy_ping_pong_004,noisy_ping_pong,29.96667,111.0,-90.0,1,0
noisy_ping_pong_004,noisy_ping_pong,29.98333,109.5,-90.0,1,0
noisy_ping_pong_004,noisy_ping_pong,30.0,108.0,-90.0,1,0
noisy_ping_pong_004,noisy_ping_pong,30.01667,106.5,-90.0,1,0
noisy_ping_pong_004,noisy_ping_pong,30.03333,105.0,-90.0,1,0
noisy_ping_pong_004,noisy_ping_pong,30.05,103.5,-90.0,1,0
noisy_ping_pong_004,noisy_ping_pong,30.06667,102.0,-90.0,1,0
noisy_ping_pong_004,noisy_ping_pong,30.08333,100.5,-90.0,1,0
noisy_ping_pong_004,noisy_ping_pong,30.1,99.0,-90.0,1,0
noisy_ping_pong_004,noisy_ping_pong,30.11667,97.5,-90.0,1,0
noisy_ping_pong_004,noisy_ping_pong,30.13333,96.0,-90.0,1,0
noisy_ping_pong_004,noisy_ping_pong,30.15,94.5,-90.0,1,0
noisy_ping_pong_004,noisy_ping_pong,30.16667,93.0,-90.0,0,0
noisy_ping_pong_004,noisy_ping_pong,30.18333,93.0,0.0,1,0
noisy_ping_pong_004,noisy_ping_pong,30.2,91.5,-90.0,1,0
noisy_ping_pong_004,noisy_ping_pong,30.21667,90.0,-90.0,1,0
noisy_ping_pong_004,noisy_ping_pong,30.23333,88.5,-90.0,1,0
noisy_ping_pong_004,noisy_ping_pong,30.25,87.0,-90.0,1,0
noisy_ping_pong_004,noisy_ping_pong,30.26667,85.5,-90.0,1,0
noisy_ping_pong_004,noisy_ping_pong,30.28333,84.0,-90.0,1,0
noisy_ping_pong_004,noisy_ping_pong,30.3,82.5,-90.0,1,0
noisy_ping_pong_004,noisy_ping_pong,30.31667,81.0,-90.0,1,0
noisy_ping_pong_004,noisy_ping_pong,30.33333,79.5,-90.0,1,0
noisy_ping_pong_004,noisy_ping_pong,30.35,78.0,-90.0,1,0
noisy_ping_pong_004,noisy_ping_pong,30.36667,76.5,-90.0,1,0
noisy_ping_pong_004,noisy_ping_pong,30.38333,75.0,-90.0,1,0
noisy_ping_pong_004,noisy_ping_pong,30.4,73.5,-90.0,1,0
noisy_ping_pong_004,noisy_ping_pong,30.41667,72.0,-90.0,1,0
noisy_ping_pong_004,noisy_ping_pong,30.43333,70.5,-90.0,1,0
noisy_ping_pong_004,noisy_ping_pong,30.45,69.0,-90.0,1,0
noisy_ping_pong_004,noisy_ping_pong,30.46667,67.5,-90.0,1,0
noisy_ping_pong_004,noisy_ping_pong,30.48333,66.0,-90.0,1,0
noisy_ping_pong_004,noisy_ping_pong,30.5,64.5,-90.0,1,0
noisy_ping_pong_004,noisy_ping_pong,30.51667,63.0,-90.0,1,0
noisy_ping_pong_004,noisy_ping_pong,30.53333,61.5,-90.0,1,0
noisy_ping_pong_004,noisy_ping_pong,30.55,60.0,-90.0,1,0
noisy_ping_pong_004,noisy_ping_pong,30.56667,58.5,-90.0,1,0
noisy_ping_pong_004,noisy_ping_pong,30.58333,57.0,-90.0,1,0
noisy_ping_pong_004,noisy_ping_pong,30.6,55.5,-90.0,1,0
noisy_ping_pong_004,noisy_ping_pong,30.61667,54.0,-90.0,1,0
noisy_ping_pong_004,noisy_ping_pong,30.63333,52.5,-90.0,1,0
noisy_ping_pong_004,noisy_ping_pong,30.65,51.0,-90.0,1,0
noisy_ping_pong_004,noisy_ping_pong,30.66667,49.5,-90.0,1,0
noisy_ping_pong_004,noisy_ping_pong,30.68333,48.0,-90.0,1,0
noisy_ping_pong_004,noisy_ping_pong,30.7,46.5,-90.0,1,0
noisy_ping_pong_004,noisy_ping_pong,30.71667,45.0,-90.0,1,0
noisy_ping_pong_004,noisy_ping_pong,30.73333,43.5,-90.0,1,0
noisy_ping_pong_004,noisy_ping_pong,30.75,42.0,-90.0,1,0
noisy_ping_pong_004,noisy_ping_pong,30.76667,40.5,-90.0,1,0
noisy_ping_pong_004,noisy_ping_pong,30.78333,39.0,-90.0,1,0
noisy_ping_pong_004,noisy_ping_pong,30.8,37.5,-90.0,1,0
noisy_ping_pong_004,noisy_ping_pong,30.81667,36.0,-90.0,1,0
noisy_ping_pong_004,noisy_ping_pong,30.83333,34.5,-90.0,1,0
noisy_ping_pong_004,noisy_ping_pong,30.85,33.0,-90.0,1,0
noisy_ping_pong_004,noisy_ping_pong,30.86667,31.5,-90.0,1,0
noisy_ping_pong_004,noisy_ping_pong,30.88333,30.0,-90.0,1,0
noisy_ping_pong_004,noisy_ping_pong,30.9,28.5,-90.0,1,0
noisy_ping_pong_004,noisy_ping_pong,30.91667,27.0,-90.0,1,0
noisy_ping_pong_004,noisy_ping_pong,30.93333,25.5,-90.0,1,0
noisy_ping_pong_004,noisy_ping_pong,30.95,24.0,-90.0,1,0
noisy_ping_pong_004,noisy_ping_pong,30.96667,22.5,-90.0,1,0
noisy_ping_pong_004,noisy_ping_pong,30.98333,21.0,-90.0,1,0
noisy_ping_pong_004,noisy_ping_pong,31.0,19.5,-90.0,1,0
noisy_ping_pong_004,noisy_ping_pong,31.01667,18.0,-90.0,1,0
noisy_ping_pong_004,noisy_ping_pong,31.03333,16.5,-90.0,1,0
noisy_ping_pong_004,noisy_ping_pong,31.05,15.0,-90.0,1,0
noisy_ping_pong_004,noisy_ping_pong,31.06667,13.5,-90.0,1,0
noisy_ping_pong_004,noisy_ping_pong,31.08333,12.0,-90.0,1,0
noisy_ping_pong_004,noisy_ping_pong,31.1,10.5,-90.0,1,0
noisy_ping_pong_004,noisy_ping_pong,31.11667,9.0,-90.0,1,0
noisy_ping_pong_004,noisy_ping_pong,31.13333,7.5,-90.0,1,0
noisy_ping_pong_004,noisy_ping_pong,31.15,6.0,-90.0,1,0
noisy_ping_pong_004,noisy_ping_pong,31.16667,4.5,-90.0,1,0
noisy_ping_pong_004,noisy_ping_pong,31.18333,3.0,-90.0,0,0
noisy_ping_pong_004,noisy_ping_pong,31.2,3.0,0.0,0,0
noisy_ping_pong_004,noisy_ping_pong,31.21667,3.0,0.0,1,0
noisy_ping_pong_004,noisy_ping_pong,31.23333,1.5,-90.0,0,0
noisy_ping_pong_004,noisy_ping_pong,31.25,1.5,0.0,0,0
noisy_ping_pong_004,noisy_ping_pong,31.26667,1.5,0.0,0,0
noisy_ping_pong_004,noisy_ping_pong,31.28333,1.5,0.0,0,0
noisy_ping_pong_004,noisy_ping_pong,31.3,1.5,0.0,0,0
noisy_ping_pong_004,noisy_ping_pong,31.31667,1.5,0.0,0,0
noisy_ping_pong_004,noisy_ping_pong,31.33333,1.5,0.0,0,0
noisy_ping_pong_004,noisy_ping_pong,31.35,1.5,0.0,0,0
noisy_ping_pong_004,noisy_ping_pong,31.36667,1.5,0.0,0,0
noisy_ping_pong_004,noisy_ping_pong,31.38333,1.5,0.0,0,0
noisy_ping_pong_004,noisy_ping_pong,31.4,1.5,0.0,0,0
noisy_ping_pong_004,noisy_ping_pong,31.41667,1.5,0.0,0,0
noisy_ping_pong_004,noisy_ping_pong,31.43333,1.5,0.0,0,0
noisy_ping_pong_004,noisy_ping_pong,31.45,1.5,0.0,0,0
noisy_ping_pong_004,noisy_ping_pong,31.46667,1.5,0.0,0,0
noisy_ping_pong_004,noisy_ping_pong,31.48333,1.5,0.0,0,0
noisy_ping_pong_004,noisy_ping_pong,31.5,1.5,0.0,0,0
noisy_ping_pong_004,noisy_ping_pong,31.51667,1.5,0.0,0,0
noisy_ping_pong_004,noisy_ping_pong,31.53333,1.5,0.0,0,0
noisy_ping_pong_004,noisy_ping_pong,31.55,1.5,0.0,0,0
noisy_ping_pong_004,noisy_ping_pong,31.56667,1.5,0.0,0,0
noisy_ping_pong_004,noisy_ping_pong,31.58333,1.5,0.0,1,0
noisy_ping_pong_004,noisy_ping_pong,31.6,0.0,-90.0,0,1
noisy_ping_pong_004,noisy_ping_pong,31.61667,1.5,90.0,0,1
noisy_ping_pong_004,noisy_ping_pong,31.63333,3.0,90.0,0,1
noisy_ping_pong_004,noisy_ping_pong,31.65,4.5,90.0,0,1
noisy_ping_pong_004,noisy_ping_pong,31.66667,6.0,90.0,0,1
noisy_ping_pong_004,noisy_ping_pong,31.68333,7.5,90.0,0,1
noisy_ping_pong_004,noisy_ping_pong,31.7,9.0,90.0,0,1
noisy_ping_pong_004,noisy_ping_pong,31.71667,10.5,90.0,1,0
noisy_ping_pong_004,noisy_ping_pong,31.73333,9.0,-90.0,0,1
noisy_ping_pong_004,noisy_ping_pong,31.75,10.5,90.0,0,1
noisy_ping_pong_004,noisy_ping_pong,31.76667,12.0,90.0,0,1
noisy_ping_pong_004,noisy_ping_pong,31.78333,13.5,90.0,0,1
noisy_ping_pong_004,noisy_ping_pong,31.8,15.0,90.0,0,1
noisy_ping_pong_004,noisy_ping_pong,31.81667,16.5,90.0,0,1
noisy_ping_pong_004,noisy_ping_pong,31.83333,18.0,90.0,0,1
noisy_ping_pong_004,noisy_ping_pong,31.85,19.5,90.0,0,1
noisy_ping_pong_004,noisy_ping_pong,31.86667,21.0,90.0,0,1
noisy_ping_pong_004,noisy_ping_pong,31.88333,22.5,90.0,0,1
noisy_ping_pong_004,noisy_ping_pong,31.9,24.0,90.0,0,1
noisy_ping_pong_004,noisy_ping_pong,31.91667,25.5,90.0,0,1
noisy_ping_pong_004,noisy_ping_pong,31.93333,27.0,90.0,0,1
noisy_ping_pong_004,noisy_ping_pong,31.95,28.5,90.0,0,1
noisy_ping_pong_004,noisy_ping_pong,31.96667,30.0,90.0,0,1
noisy_ping_pong_004,noisy_ping_pong,31.98333,31.5,90.0,0,1
noisy_ping_pong_004,noisy_ping_pong,32.0,33.0,90.0,0,1
noisy_ping_pong_004,noisy_ping_pong,32.01667,34.5,90.0,1,0
noisy_ping_pong_004,noisy_ping_pong,32.03333,33.0,-90.0,0,1
noisy_ping_pong_004,noisy_ping_pong,32.05,34.5,90.0,0,1
noisy_ping_pong_004,noisy_ping_pong,32.06667,36.0,90.0,0,1
noisy_ping_pong_004,noisy_ping_pong,32.08333,37.5,90.0,0,1
noisy_ping_pong_004,noisy_ping_pong,32.1,39.0,90.0,0,1
noisy_ping_pong_004,noisy_ping_pong,32.11667,40.5,90.0,0,1
noisy_ping_pong_004,noisy_ping_pong,32.13333,42.0,90.0,0,1
noisy_ping_pong_004,noisy_ping_pong,32.15,43.5,90.0,0,0
noisy_ping_pong_004,noisy_ping_pong,32.16667,43.5,0.0,0,1
noisy_ping_pong_004,noisy_ping_pong,32.18333,45.0,90.0,0,1
noisy_ping_pong_004,noisy_ping_pong,32.2,46.5,90.0,0,1
noisy_ping_pong_004,noisy_ping_pong,32.21667,48.0,90.0,0,1
noisy_ping_pong_004,noisy_ping_pong,32.23333,49.5,90.0,0,1
noisy_ping_pong_004,noisy_ping_pong,32.25,51.0,90.0,0,1
noisy_ping_pong_004,noisy_ping_pong,32.26667,52.5,90.0,0,0
noisy_ping_pong_004,noisy_ping_pong,32.28333,52.5,0.0,0,1
noisy_ping_pong_004,noisy_ping_pong,32.3,54.0,90.0,0,0
noisy_ping_pong_004,noisy_ping_pong,32.31667,54.0,0.0,0,1
noisy_ping_pong_004,noisy_ping_pong,32.33333,55.5,90.0,0,1
noisy_ping_pong_004,noisy_ping_pong,32.35,57.0,90.0,0,1
noisy_ping_pong_004,noisy_ping_pong,32.36667,58.5,90.0,0,1
noisy_ping_pong_004,noisy_ping_pong,32.38333,60.0,90.0,0,1
noisy_ping_pong_004,noisy_ping_pong,32.4,61.5,90.0,0,1
noisy_ping_pong_004,noisy_ping_pong,32.41667,63.0,90.0,0,1
noisy_ping_pong_004,noisy_ping_pong,32.43333,64.5,90.0,0,1
noisy_ping_pong_004,noisy_ping_pong,32.45,66.0,90.0,0,1
noisy_ping_pong_004,noisy_ping_pong,32.46667,67.5,90.0,0,1
noisy_ping_pong_004,noisy_ping_pong,32.48333,69.0,90.0,0,1
noisy_ping_pong_004,noisy_ping_pong,32.5,70.5,90.0,0,1
noisy_ping_pong_004,noisy_ping_pong,32.51667,72.0,90.0,0,1
noisy_ping_pong_004,noisy_ping_pong,32.53333,73.5,90.0,0,1
noisy_ping_pong_004,noisy_ping_pong,32.55,75.0,90.0,0,1
noisy_ping_pong_004,noisy_ping_pong,32.56667,76.5,90.0,0,1
noisy_ping_pong_004,noisy_ping_pong,32.58333,78.0,90.0,0,1
noisy_ping_pong_004,noisy_ping_pong,32.6,79.5,90.0,0,1
noisy_ping_pong_004,noisy_ping_pong,32.61667,81.0,90.0,0,1
noisy_ping_pong_004,noisy_ping_pong,32.63333,82.5,90.0,0,1
noisy_ping_pong_004,noisy_ping_pong,32.65,84.0,90.0,0,1
noisy_ping_pong_004,noisy_ping_pong,32.66667,85.5,90.0,0,1
noisy_ping_pong_004,noisy_ping_pong,32.68333,87.0,90.0,0,1
noisy_ping_pong_004,noisy_ping_pong,32.7,88.5,90.0,0,1
noisy_ping_pong_004,noisy_ping_pong,32.71667,90.0,90.0,0,1
noisy_ping_pong_004,noisy_ping_pong,32.73333,91.5,90.0,0,1
noisy_ping_pong_004,noisy_ping_pong,32.75,93.0,90.0,0,1
noisy_ping_pong_004,noisy_ping_pong,32.76667,94.5,90.0,0,1
noisy_ping_pong_004,noisy_ping_pong,32.78333,96.0,90.0,0,1
noisy_ping_pong_004,noisy_ping_pong,32.8,97.5,90.0,0,1
noisy_ping_pong_004,noisy_ping_pong,32.81667,99.0,90.0,0,1
noisy_ping_pong_004,noisy_ping_pong,32.83333,100.5,90.0,0,1
noisy_ping_pong_004,noisy_ping_pong,32.85,102.0,90.0,0,1
noisy_ping_pong_004,noisy_ping_pong,32.86667,103.5,90.0,0,1
noisy_ping_pong_004,noisy_ping_pong,32.88333,105.0,90.0,0,1
noisy_ping_pong_004,noisy_ping_pong,32.9,106.5,90.0,0,1
noisy_ping_pong_004,noisy_ping_pong,32.91667,108.0,90.0,0,1
noisy_ping_pong_004,noisy_ping_pong,32.93333,109.5,90.0,0,1
noisy_ping_pong_004,noisy_ping_pong,32.95,111.0,90.0,0,1
noisy_ping_pong_004,noisy_ping_pong,32.96667,112.5,90.0,0,1
noisy_ping_pong_004,noisy_ping_pong,32.98333,114.0,90.0,0,1
noisy_ping_pong_004,noisy_ping_pong,33.0,115.5,90.0,0,1
noisy_ping_pong_004,noisy_ping_pong,33.01667,117.0,90.0,0,1
noisy_ping_pong_004,noisy_ping_pong,33.03333,118.5,90.0,0,1
noisy_ping_pong_004,noisy_ping_pong,33.05,120.0,90.0,0,1
noisy_ping_pong_004,noisy_ping_pong,33.06667,121.5,90.0,0,0
noisy_ping_pong_004,noisy_ping_pong,33.08333,121.5,0.0,0,1
noisy_ping_pong_004,noisy_ping_pong,33.1,123.0,90.0,0,1
noisy_ping_pong_004,noisy_ping_pong,33.11667,124.5,90.0,0,1
noisy_ping_pong_004,noisy_ping_pong,33.13333,126.0,90.0,0,1
noisy_ping_pong_004,noisy_ping_pong,33.15,127.5,90.0,1,0
noisy_ping_pong_004,noisy_ping_pong,33.16667,126.0,-90.0,0,1
noisy_ping_pong_004,noisy_ping_pong,33.18333,127.5,90.0,0,1
noisy_ping_pong_004,noisy_ping_pong,33.2,129.0,90.0,0,1
noisy_ping_pong_004,noisy_ping_pong,33.21667,130.5,90.0,0,1
noisy_ping_pong_004,noisy_ping_pong,33.23333,132.0,90.0,0,1
noisy_ping_pong_004,noisy_ping_pong,33.25,133.5,90.0,0,1
noisy_ping_pong_004,noisy_ping_pong,33.26667,135.0,90.0,0,1
noisy_ping_pong_004,noisy_ping_pong,33.28333,136.5,90.0,0,1
noisy_ping_pong_004,noisy_ping_pong,33.3,138.0,90.0,0,1
noisy_ping_pong_004,noisy_ping_pong,33.31667,139.5,90.0,0,1
noisy_ping_pong_004,noisy_ping_pong,33.33333,141.0,90.0,0,1
noisy_ping_pong_004,noisy_ping_pong,33.35,142.5,90.0,0,1
noisy_ping_pong_004,noisy_ping_pong,33.36667,144.0,90.0,0,1
noisy_ping_pong_004,noisy_ping_pong,33.38333,145.5,90.0,0,1
noisy_ping_pong_004,noisy_ping_pong,33.4,147.0,90.0,0,1
noisy_ping_pong_004,noisy_ping_pong,33.41667,148.5,90.0,0,1
noisy_ping_pong_004,noisy_ping_pong,33.43333,150.0,90.0,0,1
noisy_ping_pong_004,noisy_ping_pong,33.45,151.5,90.0,0,1
noisy_ping_pong_004,noisy_ping_pong,33.46667,153.0,90.0,0,1
noisy_ping_pong_004,noisy_ping_pong,33.48333,154.5,90.0,0,1
noisy_ping_pong_004,noisy_ping_pong,33.5,156.0,90.0,0,1
noisy_ping_pong_004,noisy_ping_pong,33.51667,157.5,90.0,0,1
noisy_ping_pong_004,noisy_ping_pong,33.53333,159.0,90.0,0,1
noisy_ping_pong_004,noisy_ping_pong,33.55,160.5,90.0,0,1
noisy_ping_pong_004,noisy_ping_pong,33.56667,162.0,90.0,0,1
noisy_ping_pong_004,noisy_ping_pong,33.58333,163.5,90.0,0,1
noisy_ping_pong_004,noisy_ping_pong,33.6,165.0,90.0,0,1
noisy_ping_pong_004,noisy_ping_pong,33.61667,166.5,90.0,0,1
noisy_ping_pong_004,noisy_ping_pong,33.63333,168.0,90.0,0,1
noisy_ping_pong_004,noisy_ping_pong,33.65,169.5,90.0,0,1
noisy_ping_pong_004,noisy_ping_pong,33.66667,171.0,90.0,0,1
noisy_ping_pong_004,noisy_ping_pong,33.68333,172.5,90.0,0,1
noisy_ping_pong_004,noisy_ping_pong,33.7,174.0,90.0,0,1
noisy_ping_pong_004,noisy_ping_pong,33.71667,175.5,90.0,0,1
noisy_ping_pong_004,noisy_ping_pong,33.73333,177.0,90.0,0,1
noisy_ping_pong_004,noisy_ping_pong,33.75,178.5,90.0,0,1
noisy_ping_pong_004,noisy_ping_pong,33.76667,180.0,90.0,0,1
