session_id,pattern,t,x,vx,input_left,input_right
noisy_sine_000,noisy_sine,0.0,177.166,0.0,1,0
noisy_sine_000,noisy_sine,0.01667,175.666,-90.0,1,0
noisy_sine_000,noisy_sine,0.03333,174.166,-90.0,1,0
noisy_sine_000,noisy_sine,0.05,172.666,-90.0,1,0
noisy_sine_000,noisy_sine,0.06667,171.166,-90.0,0,0
noisy_sine_000,noisy_sine,0.08333,171.166,0.0,0,0
noisy_sine_000,noisy_sine,0.1,171.166,0.0,0,1
noisy_sine_000,noisy_sine,0.11667,172.666,90.0,0,0
noisy_sine_000,noisy_sine,0.13333,172.666,0.0,0,0
noisy_sine_000,noisy_sine,0.15,172.666,0.0,0,0
noisy_sine_000,noisy_sine,0.16667,172.666,0.0,0,0
noisy_sine_000,noisy_sine,0.18333,172.666,0.0,0,0
noisy_sine_000,noisy_sine,0.2,172.666,0.0,0,0
noisy_sine_000,noisy_sine,0.21667,172.666,0.0,0,0
noisy_sine_000,noisy_sine,0.23333,172.666,0.0,0,1
noisy_sine_000,noisy_sine,0.25,174.166,90.0,0,0
noisy_sine_000,noisy_sine,0.26667,174.166,0.0,0,1
noisy_sine_000,noisy_sine,0.28333,175.666,90.0,0,0
noisy_sine_000,noisy_sine,0.3,175.666,0.0,0,1
noisy_sine_000,noisy_sine,0.31667,177.166,90.0,0,0
noisy_sine_000,noisy_sine,0.33333,177.166,0.0,0,1
noisy_sine_000,noisy_sine,0.35,178.666,90.0,0,0
noisy_sine_000,noisy_sine,0.36667,178.666,0.0,0,1
noisy_sine_000,noisy_sine,0.38333,180.166,90.0,0,0
noisy_sine_000,noisy_sine,0.4,180.166,0.0,0,0
noisy_sine_000,noisy_sine,0.41667,180.166,0.0,0,1
noisy_sine_000,noisy_sine,0.43333,181.666,90.0,0,0
noisy_sine_000,noisy_sine,0.45,181.666,0.0,0,0
noisy_sine_000,noisy_sine,0.46667,181.666,0.0,0,1
noisy_sine_000,noisy_sine,0.48333,183.166,90.0,0,0
noisy_sine_000,noisy_sine,0.5,183.166,0.0,0,0
noisy_sine_000,noisy_sine,0.51667,183.166,0.0,0,0
noisy_sine_000,noisy_sine,0.53333,183.166,0.0,0,0
noisy_sine_000,noisy_sine,0.55,183.166,0.0,0,1
noisy_sine_000,noisy_sine,0.56667,184.666,90.0,0,0
noisy_sine_000,noisy_sine,0.58333,184.666,0.0,0,0
noisy_sine_000,noisy_sine,0.6,184.666,0.0,0,0
noisy_sine_000,noisy_sine,0.61667,184.666,0.0,0,0
noisy_sine_000,noisy_sine,0.63333,184.666,0.0,0,0
noisy_sine_000,noisy_sine,0.65,184.666,0.0,0,0
noisy_sine_000,noisy_sine,0.66667,184.666,0.0,0,1
noisy_sine_000,noisy_sine,0.68333,186.166,90.0,0,1
noisy_sine_000,noisy_sine,0.7,187.666,90.0,0,0
noisy_sine_000,noisy_sine,0.71667,187.666,0.0,0,0
noisy_sine_000,noisy_sine,0.73333,187.666,0.0,0,0
noisy_sine_000,noisy_sine,0.75,187.666,0.0,0,0
noisy_sine_000,noisy_sine,0.76667,187.666,0.0,0,0
noisy_sine_000,noisy_sine,0.78333,187.666,0.0,0,0
noisy_sine_000,noisy_sine,0.8,187.666,0.0,0,0
noisy_sine_000,noisy_sine,0.81667,187.666,0.0,0,0
noisy_sine_000,noisy_sine,0.83333,187.666,0.0,0,0
noisy_sine_000,noisy_sine,0.85,187.666,0.0,0,0
noisy_sine_000,noisy_sine,0.86667,187.666,0.0,0,0
noisy_sine_000,noisy_sine,0.88333,187.666,0.0,0,0
noisy_sine_000,noisy_sine,0.9,187.666,0.0,0,0
noisy_sine_000,noisy_sine,0.91667,187.666,0.0,0,0
noisy_sine_000,noisy_sine,0.93333,187.666,0.0,0,0
noisy_sine_000,noisy_sine,0.95,187.666,0.0,0,0
noisy_sine_000,noisy_sine,0.96667,187.666,0.0,0,0
noisy_sine_000,noisy_sine,0.98333,187.666,0.0,0,0
noisy_sine_000,noisy_sine,1.0,187.666,0.0,0,0
noisy_sine_000,noisy_sine,1.01667,187.666,0.0,0,0
noisy_sine_000,noisy_sine,1.03333,187.666,0.0,1,0
noisy_sine_000,noisy_sine,1.05,186.166,-90.0,0,0
noisy_sine_000,noisy_sine,1.06667,186.166,0.0,0,0
noisy_sine_000,noisy_sine,1.08333,186.166,0.0,1,0
noisy_sine_000,noisy_sine,1.1,184.666,-90.0,0,0
noisy_sine_000,noisy_sine,1.11667,184.666,0.0,1,0
noisy_sine_000,noisy_sine,1.13333,183.166,-90.0,0,0
noisy_sine_000,noisy_sine,1.15,183.166,0.0,0,1
noisy_sine_000,noisy_sine,1.16667,184.666,90.0,1,0
noisy_sine_000,noisy_sine,1.18333,183.166,-90.0,1,0
noisy_sine_000,noisy_sine,1.2,181.666,-90.0,1,0
noisy_sine_000,noisy_sine,1.21667,180.166,-90.0,1,0
noisy_sine_000,noisy_sine,1.23333,178.666,-90.0,0,0
noisy_sine_000,noisy_sine,1.25,178.666,0.0,1,0
noisy_sine_000,noisy_sine,1.26667,177.166,-90.0,0,0
noisy_sine_000,noisy_sine,1.28333,177.166,0.0,1,0
noisy_sine_000,noisy_sine,1.3,175.666,-90.0,0,0
noisy_sine_000,noisy_sine,1.31667,175.666,0.0,1,0
noisy_sine_000,noisy_sine,1.33333,174.166,-90.0,1,0
noisy_sine_000,noisy_sine,1.35,172.666,-90.0,0,0
noisy_sine_000,noisy_sine,1.36667,172.666,0.0,1,0
noisy_sine_000,noisy_sine,1.38333,171.166,-90.0,1,0
noisy_sine_000,noisy_sine,1.4,169.666,-90.0,1,0
noisy_sine_000,noisy_sine,1.41667,168.166,-90.0,0,0
noisy_sine_000,noisy_sine,1.43333,168.166,0.0,1,0
noisy_sine_000,noisy_sine,1.45,166.666,-90.0,1,0
noisy_sine_000,noisy_sine,1.46667,165.166,-90.0,0,0
noisy_sine_000,noisy_sine,1.48333,165.166,0.0,1,0
noisy_sine_000,noisy_sine,1.5,163.666,-90.0,1,0
noisy_sine_000,noisy_sine,1.51667,162.166,-90.0,1,0
noisy_sine_000,noisy_sine,1.53333,160.666,-90.0,1,0
noisy_sine_000,noisy_sine,1.55,159.166,-90.0,0,0
noisy_sine_000,noisy_sine,1.56667,159.166,0.0,1,0
noisy_sine_000,noisy_sine,1.58333,157.666,-90.0,1,0
noisy_sine_000,noisy_sine,1.6,156.166,-90.0,1,0
noisy_sine_000,noisy_sine,1.61667,154.666,-90.0,1,0
noisy_sine_000,noisy_sine,1.63333,153.166,-90.0,1,0
noisy_sine_000,noisy_sine,1.65,151.666,-90.0,1,0
noisy_sine_000,noisy_sine,1.66667,150.166,-90.0,1,0
noisy_sine_000,noisy_sine,1.68333,148.666,-90.0,0,0
noisy_sine_000,noisy_sine,1.7,148.666,0.0,1,0
noisy_sine_000,noisy_sine,1.71667,147.166,-90.0,1,0
noisy_sine_000,noisy_sine,1.73333,145.666,-90.0,1,0
noisy_sine_000,noisy_sine,1.75,144.166,-90.0,1,0
noisy_sine_000,noisy_sine,1.76667,142.666,-90.0,1,0
noisy_sine_000,noisy_sine,1.78333,141.166,-90.0,1,0
noisy_sine_000,noisy_sine,1.8,139.666,-90.0,1,0
noisy_sine_000,noisy_sine,1.81667,138.166,-90.0,1,0
noisy_sine_000,noisy_sine,1.83333,136.666,-90.0,1,0
noisy_sine_000,noisy_sine,1.85,135.166,-90.0,1,0
noisy_sine_000,noisy_sine,1.86667,133.666,-90.0,1,0
noisy_sine_000,noisy_sine,1.88333,132.166,-90.0,1,0
noisy_sine_000,noisy_sine,1.9,130.666,-90.0,1,0
noisy_sine_000,noisy_sine,1.91667,129.166,-90.0,1,0
noisy_sine_000,noisy_sine,1.93333,127.666,-90.0,1,0
noisy_sine_000,noisy_sine,1.95,126.166,-90.0,1,0
noisy_sine_000,noisy_sine,1.96667,124.666,-90.0,1,0
noisy_sine_000,noisy_sine,1.98333,123.166,-90.0,1,0
noisy_sine_000,noisy_sine,2.0,121.666,-90.0,1,0
noisy_sine_000,noisy_sine,2.01667,120.166,-90.0,1,0
noisy_sine_000,noisy_sine,2.03333,118.666,-90.0,1,0
noisy_sine_000,noisy_sine,2.05,117.166,-90.0,1,0
noisy_sine_000,noisy_sine,2.06667,115.666,-90.0,1,0
noisy_sine_000,noisy_sine,2.08333,114.166,-90.0,1,0
noisy_sine_000,noisy_sine,2.1,112.666,-90.0,1,0
noisy_sine_000,noisy_sine,2.11667,111.166,-90.0,1,0
noisy_sine_000,noisy_sine,2.13333,109.666,-90.0,1,0
noisy_sine_000,noisy_sine,2.15,108.166,-90.0,1,0
noisy_sine_000,noisy_sine,2.16667,106.666,-90.0,1,0
noisy_sine_000,noisy_sine,2.18333,105.166,-90.0,1,0
noisy_sine_000,noisy_sine,2.2,103.666,-90.0,1,0
noisy_sine_000,noisy_sine,2.21667,102.166,-90.0,1,0
noisy_sine_000,noisy_sine,2.23333,100.666,-90.0,1,0
noisy_sine_000,noisy_sine,2.25,99.166,-90.0,1,0
noisy_sine_000,noisy_sine,2.26667,97.666,-90.0,1,0
noisy_sine_000,noisy_sine,2.28333,96.166,-90.0,1,0
noisy_sine_000,noisy_sine,2.3,94.666,-90.0,1,0
noisy_sine_000,noisy_sine,2.31667,93.166,-90.0,1,0
noisy_sine_000,noisy_sine,2.33333,91.666,-90.0,1,0
noisy_sine_000,noisy_sine,2.35,90.166,-90.0,1,0
noisy_sine_000,noisy_sine,2.36667,88.666,-90.0,1,0
noisy_sine_000,noisy_sine,2.38333,87.166,-90.0,1,0
noisy_sine_000,noisy_sine,2.4,85.666,-90.0,1,0
noisy_sine_000,noisy_sine,2.41667,84.166,-90.0,1,0
noisy_sine_000,noisy_sine,2.43333,82.666,-90.0,1,0
noisy_sine_000,noisy_sine,2.45,81.166,-90.0,1,0
noisy_sine_000,noisy_sine,2.46667,79.666,-90.0,1,0
noisy_sine_000,noisy_sine,2.48333,78.166,-90.0,1,0
noisy_sine_000,noisy_sine,2.5,76.666,-90.0,1,0
noisy_sine_000,noisy_sine,2.51667,75.166,-90.0,1,0
noisy_sine_000,noisy_sine,2.53333,73.666,-90.0,1,0
noisy_sine_000,noisy_sine,2.55,72.166,-90.0,1,0
noisy_sine_000,noisy_sine,2.56667,70.666,-90.0,1,0
noisy_sine_000,noisy_sine,2.58333,69.166,-90.0,1,0
noisy_sine_000,noisy_sine,2.6,67.666,-90.0,1,0
noisy_sine_000,noisy_sine,2.61667,66.166,-90.0,1,0
noisy_sine_000,noisy_sine,2.63333,64.666,-90.0,1,0
noisy_sine_000,noisy_sine,2.65,63.166,-90.0,1,0
noisy_sine_000,noisy_sine,2.66667,61.666,-90.0,1,0
noisy_sine_000,noisy_sine,2.68333,60.166,-90.0,1,0
noisy_sine_000,noisy_sine,2.7,58.666,-90.0,1,0
noisy_sine_000,noisy_sine,2.71667,57.166,-90.0,1,0
noisy_sine_000,noisy_sine,2.73333,55.666,-90.0,1,0
noisy_sine_000,noisy_sine,2.75,54.166,-90.0,1,0
noisy_sine_000,noisy_sine,2.76667,52.666,-90.0,1,0
noisy_sine_000,noisy_sine,2.78333,51.166,-90.0,1,0
noisy_sine_000,noisy_sine,2.8,49.666,-90.0,0,0
noisy_sine_000,noisy_sine,2.81667,49.666,0.0,1,0
noisy_sine_000,noisy_sine,2.83333,48.166,-90.0,1,0
noisy_sine_000,noisy_sine,2.85,46.666,-90.0,1,0
noisy_sine_000,noisy_sine,2.86667,45.166,-90.0,0,0
noisy_sine_000,noisy_sine,2.88333,45.166,0.0,1,0
noisy_sine_000,noisy_sine,2.9,43.666,-90.0,1,0
noisy_sine_000,noisy_sine,2.91667,42.166,-90.0,1,0
noisy_sine_000,noisy_sine,2.93333,40.666,-90.0,0,0
noisy_sine_000,noisy_sine,2.95,40.666,0.0,1,0
noisy_sine_000,noisy_sine,2.96667,39.166,-90.0,1,0
noisy_sine_000,noisy_sine,2.98333,37.666,-90.0,0,0
noisy_sine_000,noisy_sine,3.0,37.666,0.0,1,0
noisy_sine_000,noisy_sine,3.01667,36.166,-90.0,1,0
noisy_sine_000,noisy_sine,3.03333,34.666,-90.0,0,0
noisy_sine_000,noisy_sine,3.05,34.666,0.0,1,0
noisy_sine_000,noisy_sine,3.06667,33.166,-90.0,1,0
noisy_sine_000,noisy_sine,3.08333,31.666,-90.0,0,0
noisy_sine_000,noisy_sine,3.1,31.666,0.0,1,0
noisy_sine_000,noisy_sine,3.11667,30.166,-90.0,0,0
noisy_sine_000,noisy_sine,3.13333,30.166,0.0,1,0
noisy_sine_000,noisy_sine,3.15,28.666,-90.0,0,0
noisy_sine_000,noisy_sine,3.16667,28.666,0.0,1,0
noisy_sine_000,noisy_sine,3.18333,27.166,-90.0,0,0
noisy_sine_000,noisy_sine,3.2,27.166,0.0,0,0
noisy_sine_000,noisy_sine,3.21667,27.166,0.0,1,0
noisy_sine_000,noisy_sine,3.23333,25.666,-90.0,0,0
noisy_sine_000,noisy_sine,3.25,25.666,0.0,1,0
noisy_sine_000,noisy_sine,3.26667,24.166,-90.0,0,0
noisy_sine_000,noisy_sine,3.28333,24.166,0.0,0,0
noisy_sine_000,noisy_sine,3.3,24.166,0.0,1,0
noisy_sine_000,noisy_sine,3.31667,22.666,-90.0,0,0
noisy_sine_000,noisy_sine,3.33333,22.666,0.0,0,0
noisy_sine_000,noisy_sine,3.35,22.666,0.0,1,0
noisy_sine_000,noisy_sine,3.36667,21.166,-90.0,0,0
noisy_sine_000,noisy_sine,3.38333,21.166,0.0,0,0
noisy_sine_000,noisy_sine,3.4,21.166,0.0,0,0
noisy_sine_000,noisy_sine,3.41667,21.166,0.0,1,0
noisy_sine_000,noisy_sine,3.43333,19.666,-90.0,0,0
noisy_sine_000,noisy_sine,3.45,19.666,0.0,0,0
noisy_sine_000,noisy_sine,3.46667,19.666,0.0,0,0
noisy_sine_000,noisy_sine,3.48333,19.666,0.0,0,0
noisy_sine_000,noisy_sine,3.5,19.666,0.0,0,0
noisy_sine_000,noisy_sine,3.51667,19.666,0.0,1,0
noisy_sine_000,noisy_sine,3.53333,18.166,-90.0,0,0
noisy_sine_000,noisy_sine,3.55,18.166,0.0,0,1
noisy_sine_000,noisy_sine,3.56667,19.666,90.0,1,0
noisy_sine_000,noisy_sine,3.58333,18.166,-90.0,0,0
noisy_sine_000,noisy_sine,3.6,18.166,0.0,0,0
noisy_sine_000,noisy_sine,3.61667,18.166,0.0,0,0
noisy_sine_000,noisy_sine,3.63333,18.166,0.0,0,0
noisy_sine_000,noisy_sine,3.65,18.166,0.0,0,0
noisy_sine_000,noisy_sine,3.66667,18.166,0.0,0,0
noisy_sine_000,noisy_sine,3.68333,18.166,0.0,0,0
noisy_sine_000,noisy_sine,3.7,18.166,0.0,0,0
noisy_sine_000,noisy_sine,3.71667,18.166,0.0,0,0
noisy_sine_000,noisy_sine,3.73333,18.166,0.0,0,0
noisy_sine_000,noisy_sine,3.75,18.166,0.0,0,0
noisy_sine_000,noisy_sine,3.76667,18.166,0.0,0,0
noisy_sine_000,noisy_sine,3.78333,18.166,0.0,0,0
noisy_sine_000,noisy_sine,3.8,18.166,0.0,0,0
noisy_sine_000,noisy_sine,3.81667,18.166,0.0,0,0
noisy_sine_000,noisy_sine,3.83333,18.166,0.0,0,0
noisy_sine_000,noisy_sine,3.85,18.166,0.0,0,1
noisy_sine_000,noisy_sine,3.86667,19.666,90.0,0,0
noisy_sine_000,noisy_sine,3.88333,19.666,0.0,0,0
noisy_sine_000,noisy_sine,3.9,19.666,0.0,0,0
noisy_sine_000,noisy_sine,3.91667,19.666,0.0,0,0
noisy_sine_000,noisy_sine,3.93333,19.666,0.0,0,0
noisy_sine_000,noisy_sine,3.95,19.666,0.0,0,0
noisy_sine_000,noisy_sine,3.96667,19.666,0.0,0,0
noisy_sine_000,noisy_sine,3.98333,19.666,0.0,0,0
noisy_sine_000,noisy_sine,4.0,19.666,0.0,0,0
noisy_sine_000,noisy_sine,4.01667,19.666,0.0,0,1
noisy_sine_000,noisy_sine,4.03333,21.166,90.0,0,0
noisy_sine_000,noisy_sine,4.05,21.166,0.0,0,1
noisy_sine_000,noisy_sine,4.06667,22.666,90.0,0,0
noisy_sine_000,noisy_sine,4.08333,22.666,0.0,0,1
noisy_sine_000,noisy_sine,4.1,24.166,90.0,0,0
noisy_sine_000,noisy_sine,4.11667,24.166,0.0,0,1
noisy_sine_000,noisy_sine,4.13333,25.666,90.0,0,0
noisy_sine_000,noisy_sine,4.15,25.666,0.0,0,1
noisy_sine_000,noisy_sine,4.16667,27.166,90.0,0,1
noisy_sine_000,noisy_sine,4.18333,28.666,90.0,0,0
noisy_sine_000,noisy_sine,4.2,28.666,0.0,0,1
noisy_sine_000,noisy_sine,4.21667,30.166,90.0,0,1
noisy_sine_000,noisy_sine,4.23333,31.666,90.0,0,0
noisy_sine_000,noisy_sine,4.25,31.666,0.0,0,1
noisy_sine_000,noisy_sine,4.26667,33.166,90.0,0,0
noisy_sine_000,noisy_sine,4.28333,33.166,0.0,0,1
noisy_sine_000,noisy_sine,4.3,34.666,90.0,0,1
noisy_sine_000,noisy_sine,4.31667,36.166,90.0,0,1
noisy_sine_000,noisy_sine,4.33333,37.666,90.0,0,1
noisy_sine_000,noisy_sine,4.35,39.166,90.0,0,0
noisy_sine_000,noisy_sine,4.36667,39.166,0.0,0,1
noisy_sine_000,noisy_sine,4.38333,40.666,90.0,0,1
noisy_sine_000,noisy_sine,4.4,42.166,90.0,0,1
noisy_sine_000,noisy_sine,4.41667,43.666,90.0,0,0
noisy_sine_000,noisy_sine,4.43333,43.666,0.0,0,1
noisy_sine_000,noisy_sine,4.45,45.166,90.0,0,1
noisy_sine_000,noisy_sine,4.46667,46.666,90.0,0,1
noisy_sine_000,noisy_sine,4.48333,48.166,90.0,0,1
noisy_sine_000,noisy_sine,4.5,49.666,90.0,0,1
noisy_sine_000,noisy_sine,4.51667,51.166,90.0,0,1
noisy_sine_000,noisy_sine,4.53333,52.666,90.0,0,1
noisy_sine_000,noisy_sine,4.55,54.166,90.0,0,1
noisy_sine_000,noisy_sine,4.56667,55.666,90.0,0,0
noisy_sine_000,noisy_sine,4.58333,55.666,0.0,0,1
noisy_sine_000,noisy_sine,4.6,57.166,90.0,0,1
noisy_sine_000,noisy_sine,4.61667,58.666,90.0,0,1
noisy_sine_000,noisy_sine,4.63333,60.166,90.0,0,1
noisy_sine_000,noisy_sine,4.65,61.666,90.0,0,1
noisy_sine_000,noisy_sine,4.66667,63.166,90.0,0,1
noisy_sine_000,noisy_sine,4.68333,64.666,90.0,0,1
noisy_sine_000,noisy_sine,4.7,66.166,90.0,0,1
noisy_sine_000,noisy_sine,4.71667,67.666,90.0,0,1
noisy_sine_000,noisy_sine,4.73333,69.166,90.0,0,1
noisy_sine_000,noisy_sine,4.75,70.666,90.0,0,1
noisy_sine_000,noisy_sine,4.76667,72.166,90.0,0,1
noisy_sine_000,noisy_sine,4.78333,73.666,90.0,0,1
noisy_sine_000,noisy_sine,4.8,75.166,90.0,0,1
noisy_sine_000,noisy_sine,4.81667,76.666,90.0,0,1
noisy_sine_000,noisy_sine,4.83333,78.166,90.0,0,1
noisy_sine_000,noisy_sine,4.85,79.666,90.0,0,1
noisy_sine_000,noisy_sine,4.86667,81.166,90.0,0,1
noisy_sine_000,noisy_sine,4.88333,82.666,90.0,0,1
noisy_sine_000,noisy_sine,4.9,84.166,90.0,0,1
noisy_sine_000,noisy_sine,4.91667,85.666,90.0,0,1
noisy_sine_000,noisy_sine,4.93333,87.166,90.0,0,1
noisy_sine_000,noisy_sine,4.95,88.666,90.0,0,1
noisy_sine_000,noisy_sine,4.96667,90.166,90.0,0,1
noisy_sine_000,noisy_sine,4.98333,91.666,90.0,0,1
noisy_sine_000,noisy_sine,5.0,93.166,90.0,0,1
noisy_sine_000,noisy_sine,5.01667,94.666,90.0,0,1
noisy_sine_000,noisy_sine,5.03333,96.166,90.0,0,0
noisy_sine_000,noisy_sine,5.05,96.166,0.0,0,1
noisy_sine_000,noisy_sine,5.06667,97.666,90.0,0,1
noisy_sine_000,noisy_sine,5.08333,99.166,90.0,0,1
noisy_sine_000,noisy_sine,5.1,100.666,90.0,0,1
noisy_sine_000,noisy_sine,5.11667,102.166,90.0,0,1
noisy_sine_000,noisy_sine,5.13333,103.666,90.0,0,1
noisy_sine_000,noisy_sine,5.15,105.166,90.0,0,1
noisy_sine_000,noisy_sine,5.16667,106.666,90.0,0,1
noisy_sine_000,noisy_sine,5.18333,108.166,90.0,0,1
noisy_sine_000,noisy_sine,5.2,109.666,90.0,0,1
noisy_sine_000,noisy_sine,5.21667,111.166,90.0,0,1
noisy_sine_000,noisy_sine,5.23333,112.666,90.0,0,1
noisy_sine_000,noisy_sine,5.25,114.166,90.0,0,1
noisy_sine_000,noisy_sine,5.26667,115.666,90.0,0,1
noisy_sine_000,noisy_sine,5.28333,117.166,90.0,0,1
noisy_sine_000,noisy_sine,5.3,118.666,90.0,0,1
noisy_sine_000,noisy_sine,5.31667,120.166,90.0,0,1
noisy_sine_000,noisy_sine,5.33333,121.666,90.0,0,1
noisy_sine_000,noisy_sine,5.35,123.166,90.0,0,1
noisy_sine_000,noisy_sine,5.36667,124.666,90.0,1,0
noisy_sine_000,noisy_sine,5.38333,123.166,-90.0,0,1
noisy_sine_000,noisy_sine,5.4,124.666,90.0,0,1
noisy_sine_000,noisy_sine,5.41667,126.166,90.0,0,1
noisy_sine_000,noisy_sine,5.43333,127.666,90.0,0,1
noisy_sine_000,noisy_sine,5.45,129.166,90.0,0,1
noisy_sine_000,noisy_sine,5.46667,130.666,90.0,0,1
noisy_sine_000,noisy_sine,5.48333,132.166,90.0,0,1
noisy_sine_000,noisy_sine,5.5,133.666,90.0,0,1
noisy_sine_000,noisy_sine,5.51667,135.166,90.0,0,1
noisy_sine_000,noisy_sine,5.53333,136.666,90.0,0,1
noisy_sine_000,noisy_sine,5.55,138.166,90.0,0,1
noisy_sine_000,noisy_sine,5.56667,139.666,90.0,0,1
noisy_sine_000,noisy_sine,5.58333,141.166,90.0,0,1
noisy_sine_000,noisy_sine,5.6,142.666,90.0,0,1
noisy_sine_000,noisy_sine,5.61667,144.166,90.0,0,1
noisy_sine_000,noisy_sine,5.63333,145.666,90.0,0,1
noisy_sine_000,noisy_sine,5.65,147.166,90.0,0,1
noisy_sine_000,noisy_sine,5.66667,148.666,90.0,0,1
noisy_sine_000,noisy_sine,5.68333,150.166,90.0,0,1
noisy_sine_000,noisy_sine,5.7,151.666,90.0,0,1
noisy_sine_000,noisy_sine,5.71667,153.166,90.0,0,1
noisy_sine_000,noisy_sine,5.73333,154.666,90.0,0,1
noisy_sine_000,noisy_sine,5.75,156.166,90.0,0,1
noisy_sine_000,noisy_sine,5.76667,157.666,90.0,0,1
noisy_sine_000,noisy_sine,5.78333,159.166,90.0,0,1
noisy_sine_000,noisy_sine,5.8,160.666,90.0,0,1
noisy_sine_000,noisy_sine,5.81667,162.166,90.0,0,1
noisy_sine_000,noisy_sine,5.83333,163.666,90.0,0,1
noisy_sine_000,noisy_sine,5.85,165.166,90.0,0,0
noisy_sine_000,noisy_sine,5.86667,165.166,0.0,0,1
noisy_sine_000,noisy_sine,5.88333,166.666,90.0,0,1
noisy_sine_000,noisy_sine,5.9,168.166,90.0,0,0
noisy_sine_000,noisy_sine,5.91667,168.166,0.0,0,1
noisy_sine_000,noisy_sine,5.93333,169.666,90.0,0,1
noisy_sine_000,noisy_sine,5.95,171.166,90.0,0,0
noisy_sine_000,noisy_sine,5.96667,171.166,0.0,0,1
noisy_sine_000,noisy_sine,5.98333,172.666,90.0,0,0
noisy_sine_000,noisy_sine,6.0,172.666,0.0,0,1
noisy_sine_000,noisy_sine,6.01667,174.166,90.0,0,0
noisy_sine_000,noisy_sine,6.03333,174.166,0.0,0,1
noisy_sine_000,noisy_sine,6.05,175.666,90.0,0,0
noisy_sine_000,noisy_sine,6.06667,175.666,0.0,0,1
noisy_sine_000,noisy_sine,6.08333,177.166,90.0,0,0
noisy_sine_000,noisy_sine,6.1,177.166,0.0,0,1
noisy_sine_000,noisy_sine,6.11667,178.666,90.0,0,0
noisy_sine_000,noisy_sine,6.13333,178.666,0.0,0,1
noisy_sine_000,noisy_sine,6.15,180.166,90.0,0,0
noisy_sine_000,noisy_sine,6.16667,180.166,0.0,1,0
noisy_sine_000,noisy_sine,6.18333,178.666,-90.0,0,1
noisy_sine_000,noisy_sine,6.2,180.166,90.0,0,1
noisy_sine_000,noisy_sine,6.21667,181.666,90.0,0,0
noisy_sine_000,noisy_sine,6.23333,181.666,0.0,0,1
noisy_sine_000,noisy_sine,6.25,183.166,90.0,0,0
noisy_sine_000,noisy_sine,6.26667,183.166,0.0,0,0
noisy_sine_000,noisy_sine,6.28333,183.166,0.0,0,0
noisy_sine_000,noisy_sine,6.3,183.166,0.0,0,0
noisy_sine_000,noisy_sine,6.31667,183.166,0.0,0,1
noisy_sine_000,noisy_sine,6.33333,184.666,90.0,0,1
noisy_sine_000,noisy_sine,6.35,186.166,90.0,0,0
noisy_sine_000,noisy_sine,6.36667,186.166,0.0,0,0
noisy_sine_000,noisy_sine,6.38333,186.166,0.0,0,0
noisy_sine_000,noisy_sine,6.4,186.166,0.0,0,0
noisy_sine_000,noisy_sine,6.41667,186.166,0.0,0,0
noisy_sine_000,noisy_sine,6.43333,186.166,0.0,0,0
noisy_sine_000,noisy_sine,6.45,186.166,0.0,0,0
noisy_sine_000,noisy_sine,6.46667,186.166,0.0,0,0
noisy_sine_000,noisy_sine,6.48333,186.166,0.0,0,0
noisy_sine_000,noisy_sine,6.5,186.166,0.0,0,0
noisy_sine_000,noisy_sine,6.51667,186.166,0.0,0,0
noisy_sine_000,noisy_sine,6.53333,186.166,0.0,0,0
noisy_sine_000,noisy_sine,6.55,186.166,0.0,0,0
noisy_sine_000,noisy_sine,6.56667,186.166,0.0,0,0
noisy_sine_000,noisy_sine,6.58333,186.166,0.0,0,0
noisy_sine_000,noisy_sine,6.6,186.166,0.0,0,1
noisy_sine_000,noisy_sine,6.61667,187.666,90.0,0,0
noisy_sine_000,noisy_sine,6.63333,187.666,0.0,0,0
noisy_sine_000,noisy_sine,6.65,187.666,0.0,0,0
noisy_sine_000,noisy_sine,6.66667,187.666,0.0,0,0
noisy_sine_000,noisy_sine,6.68333,187.666,0.0,0,0
noisy_sine_000,noisy_sine,6.7,187.666,0.0,0,0
noisy_sine_000,noisy_sine,6.71667,187.666,0.0,0,0
noisy_sine_000,noisy_sine,6.73333,187.666,0.0,0,0
noisy_sine_000,noisy_sine,6.75,187.666,0.0,0,0
noisy_sine_000,noisy_sine,6.76667,187.666,0.0,0,0
noisy_sine_000,noisy_sine,6.78333,187.666,0.0,0,0
noisy_sine_000,noisy_sine,6.8,187.666,0.0,1,0
noisy_sine_000,noisy_sine,6.81667,186.166,-90.0,0,0
noisy_sine_000,noisy_sine,6.83333,186.166,0.0,0,0
noisy_sine_000,noisy_sine,6.85,186.166,0.0,1,0
noisy_sine_000,noisy_sine,6.86667,184.666,-90.0,0,0
noisy_sine_000,noisy_sine,6.88333,184.666,0.0,1,0
noisy_sine_000,noisy_sine,6.9,183.166,-90.0,0,0
noisy_sine_000,noisy_sine,6.91667,183.166,0.0,0,0
noisy_sine_000,noisy_sine,6.93333,183.166,0.0,1,0
noisy_sine_000,noisy_sine,6.95,181.666,-90.0,0,0
noisy_sine_000,noisy_sine,6.96667,181.666,0.0,1,0
noisy_sine_000,noisy_sine,6.98333,180.166,-90.0,1,0
noisy_sine_000,noisy_sine,7.0,178.666,-90.0,0,0
noisy_sine_000,noisy_sine,7.01667,178.666,0.0,1,0
noisy_sine_000,noisy_sine,7.03333,177.166,-90.0,0,0
noisy_sine_000,noisy_sine,7.05,177.166,0.0,1,0
noisy_sine_000,noisy_sine,7.06667,175.666,-90.0,0,0
noisy_sine_000,noisy_sine,7.08333,175.666,0.0,1,0
noisy_sine_000,noisy_sine,7.1,174.166,-90.0,1,0
noisy_sine_000,noisy_sine,7.11667,172.666,-90.0,0,0
noisy_sine_000,noisy_sine,7.13333,172.666,0.0,1,0
noisy_sine_000,noisy_sine,7.15,171.166,-90.0,1,0
noisy_sine_000,noisy_sine,7.16667,169.666,-90.0,1,0
noisy_sine_000,noisy_sine,7.18333,168.166,-90.0,0,0
noisy_sine_000,noisy_sine,7.2,168.166,0.0,1,0
noisy_sine_000,noisy_sine,7.21667,166.666,-90.0,1,0
noisy_sine_000,noisy_sine,7.23333,165.166,-90.0,0,0
noisy_sine_000,noisy_sine,7.25,165.166,0.0,1,0
noisy_sine_000,noisy_sine,7.26667,163.666,-90.0,1,0
noisy_sine_000,noisy_sine,7.28333,162.166,-90.0,1,0
noisy_sine_000,noisy_sine,7.3,160.666,-90.0,0,0
noisy_sine_000,noisy_sine,7.31667,160.666,0.0,1,0
noisy_sine_000,noisy_sine,7.33333,159.166,-90.0,1,0
noisy_sine_000,noisy_sine,7.35,157.666,-90.0,1,0
noisy_sine_000,noisy_sine,7.36667,156.166,-90.0,1,0
noisy_sine_000,noisy_sine,7.38333,154.666,-90.0,1,0
noisy_sine_000,noisy_sine,7.4,153.166,-90.0,1,0
noisy_sine_000,noisy_sine,7.41667,151.666,-90.0,1,0
noisy_sine_000,noisy_sine,7.43333,150.166,-90.0,0,1
noisy_sine_000,noisy_sine,7.45,151.666,90.0,1,0
noisy_sine_000,noisy_sine,7.46667,150.166,-90.0,1,0
noisy_sine_000,noisy_sine,7.48333,148.666,-90.0,1,0
noisy_sine_000,noisy_sine,7.5,147.166,-90.0,1,0
noisy_sine_000,noisy_sine,7.51667,145.666,-90.0,1,0
noisy_sine_000,noisy_sine,7.53333,144.166,-90.0,1,0
noisy_sine_000,noisy_sine,7.55,142.666,-90.0,1,0
noisy_sine_000,noisy_sine,7.56667,141.166,-90.0,1,0
noisy_sine_000,noisy_sine,7.58333,139.666,-90.0,1,0
noisy_sine_000,noisy_sine,7.6,138.166,-90.0,1,0
noisy_sine_000,noisy_sine,7.61667,136.666,-90.0,1,0
noisy_sine_000,noisy_sine,7.63333,135.166,-90.0,1,0
noisy_sine_000,noisy_sine,7.65,133.666,-90.0,1,0
noisy_sine_000,noisy_sine,7.66667,132.166,-90.0,1,0
noisy_sine_000,noisy_sine,7.68333,130.666,-90.0,1,0
noisy_sine_000,noisy_sine,7.7,129.166,-90.0,1,0
noisy_sine_000,noisy_sine,7.71667,127.666,-90.0,1,0
noisy_sine_000,noisy_sine,7.73333,126.166,-90.0,0,0
noisy_sine_000,noisy_sine,7.75,126.166,0.0,1,0
noisy_sine_000,noisy_sine,7.76667,124.666,-90.0,1,0
noisy_sine_000,noisy_sine,7.78333,123.166,-90.0,1,0
noisy_sine_000,noisy_sine,7.8,121.666,-90.0,1,0
noisy_sine_000,noisy_sine,7.81667,120.166,-90.0,1,0
noisy_sine_000,noisy_sine,7.83333,118.666,-90.0,1,0
noisy_sine_000,noisy_sine,7.85,117.166,-90.0,1,0
noisy_sine_000,noisy_sine,7.86667,115.666,-90.0,1,0
noisy_sine_000,noisy_sine,7.88333,114.166,-90.0,1,0
noisy_sine_000,noisy_sine,7.9,112.666,-90.0,1,0
noisy_sine_000,noisy_sine,7.91667,111.166,-90.0,1,0
noisy_sine_000,noisy_sine,7.93333,109.666,-90.0,0,0
noisy_sine_000,noisy_sine,7.95,109.666,0.0,1,0
noisy_sine_000,noisy_sine,7.96667,108.166,-90.0,1,0
noisy_sine_000,noisy_sine,7.98333,106.666,-90.0,1,0
noisy_sine_000,noisy_sine,8.0,105.166,-90.0,1,0
noisy_sine_000,noisy_sine,8.01667,103.666,-90.0,1,0
noisy_sine_000,noisy_sine,8.03333,102.166,-90.0,1,0
noisy_sine_000,noisy_sine,8.05,100.666,-90.0,1,0
noisy_sine_000,noisy_sine,8.06667,99.166,-90.0,1,0
noisy_sine_000,noisy_sine,8.08333,97.666,-90.0,1,0
noisy_sine_000,noisy_sine,8.1,96.166,-90.0,1,0
noisy_sine_000,noisy_sine,8.11667,94.666,-90.0,1,0
noisy_sine_000,noisy_sine,8.13333,93.166,-90.0,1,0
noisy_sine_000,noisy_sine,8.15,91.666,-90.0,1,0
noisy_sine_000,noisy_sine,8.16667,90.166,-90.0,1,0
noisy_sine_000,noisy_sine,8.18333,88.666,-90.0,1,0
noisy_sine_000,noisy_sine,8.2,87.166,-90.0,1,0
noisy_sine_000,noisy_sine,8.21667,85.666,-90.0,1,0
noisy_sine_000,noisy_sine,8.23333,84.166,-90.0,1,0
noisy_sine_000,noisy_sine,8.25,82.666,-90.0,1,0
noisy_sine_000,noisy_sine,8.26667,81.166,-90.0,1,0
noisy_sine_000,noisy_sine,8.28333,79.666,-90.0,1,0
noisy_sine_000,noisy_sine,8.3,78.166,-90.0,1,0
noisy_sine_000,noisy_sine,8.31667,76.666,-90.0,1,0
noisy_sine_000,noisy_sine,8.33333,75.166,-90.0,1,0
noisy_sine_000,noisy_sine,8.35,73.666,-90.0,0,1
noisy_sine_000,noisy_sine,8.36667,75.166,90.0,1,0
noisy_sine_000,noisy_sine,8.38333,73.666,-90.0,1,0
noisy_sine_000,noisy_sine,8.4,72.166,-90.0,1,0
noisy_sine_000,noisy_sine,8.41667,70.666,-90.0,1,0
noisy_sine_000,noisy_sine,8.43333,69.166,-90.0,1,0
noisy_sine_000,noisy_sine,8.45,67.666,-90.0,1,0
noisy_sine_000,noisy_sine,8.46667,66.166,-90.0,1,0
noisy_sine_000,noisy_sine,8.48333,64.666,-90.0,0,0
noisy_sine_000,noisy_sine,8.5,64.666,0.0,1,0
noisy_sine_000,noisy_sine,8.51667,63.166,-90.0,1,0
noisy_sine_000,noisy_sine,8.53333,61.666,-90.0,1,0
noisy_sine_000,noisy_sine,8.55,60.166,-90.0,1,0
noisy_sine_000,noisy_sine,8.56667,58.666,-90.0,1,0
noisy_sine_000,noisy_sine,8.58333,57.166,-90.0,1,0
noisy_sine_000,noisy_sine,8.6,55.666,-90.0,1,0
noisy_sine_000,noisy_sine,8.61667,54.166,-90.0,1,0
noisy_sine_000,noisy_sine,8.63333,52.666,-90.0,1,0
noisy_sine_000,noisy_sine,8.65,51.166,-90.0,1,0
noisy_sine_000,noisy_sine,8.66667,49.666,-90.0,1,0
noisy_sine_000,noisy_sine,8.68333,48.166,-90.0,1,0
noisy_sine_000,noisy_sine,8.7,46.666,-90.0,1,0
noisy_sine_000,noisy_sine,8.71667,45.166,-90.0,1,0
noisy_sine_000,noisy_sine,8.73333,43.666,-90.0,1,0
noisy_sine_000,noisy_sine,8.75,42.166,-90.0,1,0
noisy_sine_000,noisy_sine,8.76667,40.666,-90.0,1,0
noisy_sine_000,noisy_sine,8.78333,39.166,-90.0,1,0
noisy_sine_000,noisy_sine,8.8,37.666,-90.0,1,0
noisy_sine_000,noisy_sine,8.81667,36.166,-90.0,1,0
noisy_sine_000,noisy_sine,8.83333,34.666,-90.0,1,0
noisy_sine_000,noisy_sine,8.85,33.166,-90.0,1,0
noisy_sine_000,noisy_sine,8.86667,31.666,-90.0,1,0
noisy_sine_000,noisy_sine,8.88333,30.166,-90.0,0,0
noisy_sine_000,noisy_sine,8.9,30.166,0.0,1,0
noisy_sine_000,noisy_sine,8.91667,28.666,-90.0,0,0
noisy_sine_000,noisy_sine,8.93333,28.666,0.0,1,0
noisy_sine_000,noisy_sine,8.95,27.166,-90.0,0,0
noisy_sine_000,noisy_sine,8.96667,27.166,0.0,0,0
noisy_sine_000,noisy_sine,8.98333,27.166,0.0,1,0
noisy_sine_000,noisy_sine,9.0,25.666,-90.0,0,0
noisy_sine_000,noisy_sine,9.01667,25.666,0.0,1,0
noisy_sine_000,noisy_sine,9.03333,24.166,-90.0,0,0
noisy_sine_000,noisy_sine,9.05,24.166,0.0,0,0
noisy_sine_000,noisy_sine,9.06667,24.166,0.0,1,0
noisy_sine_000,noisy_sine,9.08333,22.666,-90.0,0,0
noisy_sine_000,noisy_sine,9.1,22.666,0.0,0,0
noisy_sine_000,noisy_sine,9.11667,22.666,0.0,1,0
noisy_sine_000,noisy_sine,9.13333,21.166,-90.0,0,0
noisy_sine_000,noisy_sine,9.15,21.166,0.0,0,0
noisy_sine_000,noisy_sine,9.16667,21.166,0.0,0,0
noisy_sine_000,noisy_sine,9.18333,21.166,0.0,1,0
noisy_sine_000,noisy_sine,9.2,19.666,-90.0,0,0
noisy_sine_000,noisy_sine,9.21667,19.666,0.0,0,0
noisy_sine_000,noisy_sine,9.23333,19.666,0.0,0,0
noisy_sine_000,noisy_sine,9.25,19.666,0.0,0,0
noisy_sine_000,noisy_sine,9.26667,19.666,0.0,0,0
noisy_sine_000,noisy_sine,9.28333,19.666,0.0,1,0
noisy_sine_000,noisy_sine,9.3,18.166,-90.0,0,0
noisy_sine_000,noisy_sine,9.31667,18.166,0.0,0,0
noisy_sine_000,noisy_sine,9.33333,18.166,0.0,0,0
noisy_sine_000,noisy_sine,9.35,18.166,0.0,0,0
noisy_sine_000,noisy_sine,9.36667,18.166,0.0,0,0
noisy_sine_000,noisy_sine,9.38333,18.166,0.0,0,0
noisy_sine_000,noisy_sine,9.4,18.166,0.0,0,0
noisy_sine_000,noisy_sine,9.41667,18.166,0.0,0,0
noisy_sine_000,noisy_sine,9.43333,18.166,0.0,0,0
noisy_sine_000,noisy_sine,9.45,18.166,0.0,0,0
noisy_sine_000,noisy_sine,9.46667,18.166,0.0,0,0
noisy_sine_000,noisy_sine,9.48333,18.166,0.0,0,0
noisy_sine_000,noisy_sine,9.5,18.166,0.0,0,0
noisy_sine_000,noisy_sine,9.51667,18.166,0.0,0,0
noisy_sine_000,noisy_sine,9.53333,18.166,0.0,0,0
noisy_sine_000,noisy_sine,9.55,18.166,0.0,0,0
noisy_sine_000,noisy_sine,9.56667,18.166,0.0,0,0
noisy_sine_000,noisy_sine,9.58333,18.166,0.0,0,0
noisy_sine_000,noisy_sine,9.6,18.166,0.0,0,0
noisy_sine_000,noisy_sine,9.61667,18.166,0.0,0,0
noisy_sine_000,noisy_sine,9.63333,18.166,0.0,0,1
noisy_sine_000,noisy_sine,9.65,19.666,90.0,0,0
noisy_sine_000,noisy_sine,9.66667,19.666,0.0,0,0
noisy_sine_000,noisy_sine,9.68333,19.666,0.0,0,0
noisy_sine_000,noisy_sine,9.7,19.666,0.0,0,0
noisy_sine_000,noisy_sine,9.71667,19.666,0.0,0,0
noisy_sine_000,noisy_sine,9.73333,19.666,0.0,0,0
noisy_sine_000,noisy_sine,9.75,19.666,0.0,0,0
noisy_sine_000,noisy_sine,9.76667,19.666,0.0,0,0
noisy_sine_000,noisy_sine,9.78333,19.666,0.0,0,1
noisy_sine_000,noisy_sine,9.8,21.166,90.0,0,0
noisy_sine_000,noisy_sine,9.81667,21.166,0.0,0,1
noisy_sine_000,noisy_sine,9.83333,22.666,90.0,0,0
noisy_sine_000,noisy_sine,9.85,22.666,0.0,0,1
noisy_sine_000,noisy_sine,9.86667,24.166,90.0,0,0
noisy_sine_000,noisy_sine,9.88333,24.166,0.0,0,1
noisy_sine_000,noisy_sine,9.9,25.666,90.0,0,0
noisy_sine_000,noisy_sine,9.91667,25.666,0.0,0,1
noisy_sine_000,noisy_sine,9.93333,27.166,90.0,0,1
noisy_sine_000,noisy_sine,9.95,28.666,90.0,0,0
noisy_sine_000,noisy_sine,9.96667,28.666,0.0,0,1
noisy_sine_000,noisy_sine,9.98333,30.166,90.0,0,1
noisy_sine_000,noisy_sine,10.0,31.666,90.0,0,0
noisy_sine_000,noisy_sine,10.01667,31.666,0.0,0,1
noisy_sine_000,noisy_sine,10.03333,33.166,90.0,0,1
noisy_sine_000,noisy_sine,10.05,34.666,90.0,0,0
noisy_sine_000,noisy_sine,10.06667,34.666,0.0,0,1
noisy_sine_000,noisy_sine,10.08333,36.166,90.0,0,1
noisy_sine_000,noisy_sine,10.1,37.666,90.0,0,0
noisy_sine_000,noisy_sine,10.11667,37.666,0.0,0,1
noisy_sine_000,noisy_sine,10.13333,39.166,90.0,0,1
noisy_sine_000,noisy_sine,10.15,40.666,90.0,0,1
noisy_sine_000,noisy_sine,10.16667,42.166,90.0,0,1
noisy_sine_000,noisy_sine,10.18333,43.666,90.0,0,0
noisy_sine_000,noisy_sine,10.2,43.666,0.0,0,1
noisy_sine_000,noisy_sine,10.21667,45.166,90.0,0,1
noisy_sine_000,noisy_sine,10.23333,46.666,90.0,0,1
noisy_sine_000,noisy_sine,10.25,48.166,90.0,0,1
noisy_sine_000,noisy_sine,10.26667,49.666,90.0,0,1
noisy_sine_000,noisy_sine,10.28333,51.166,90.0,0,1
noisy_sine_000,noisy_sine,10.3,52.666,90.0,0,0
noisy_sine_000,noisy_sine,10.31667,52.666,0.0,0,1
noisy_sine_000,noisy_sine,10.33333,54.166,90.0,0,1
noisy_sine_000,noisy_sine,10.35,55.666,90.0,0,1
noisy_sine_000,noisy_sine,10.36667,57.166,90.0,0,1
noisy_sine_000,noisy_sine,10.38333,58.666,90.0,0,1
noisy_sine_000,noisy_sine,10.4,60.166,90.0,0,1
noisy_sine_000,noisy_sine,10.41667,61.666,90.0,0,1
noisy_sine_000,noisy_sine,10.43333,63.166,90.0,0,1
noisy_sine_000,noisy_sine,10.45,64.666,90.0,0,1
noisy_sine_000,noisy_sine,10.46667,66.166,90.0,0,1
noisy_sine_000,noisy_sine,10.48333,67.666,90.0,0,1
noisy_sine_000,noisy_sine,10.5,69.166,90.0,0,1
noisy_sine_000,noisy_sine,10.51667,70.666,90.0,0,1
noisy_sine_000,noisy_sine,10.53333,72.166,90.0,0,1
noisy_sine_000,noisy_sine,10.55,73.666,90.0,0,1
noisy_sine_000,noisy_sine,10.56667,75.166,90.0,0,1
noisy_sine_000,noisy_sine,10.58333,76.666,90.0,0,1
noisy_sine_000,noisy_sine,10.6,78.166,90.0,0,1
noisy_sine_000,noisy_sine,10.61667,79.666,90.0,0,1
noisy_sine_000,noisy_sine,10.63333,81.166,90.0,0,1
noisy_sine_000,noisy_sine,10.65,82.666,90.0,0,1
noisy_sine_000,noisy_sine,10.66667,84.166,90.0,0,1
noisy_sine_000,noisy_sine,10.68333,85.666,90.0,0,1
noisy_sine_000,noisy_sine,10.7,87.166,90.0,0,1
noisy_sine_000,noisy_sine,10.71667,88.666,90.0,0,1
noisy_sine_000,noisy_sine,10.73333,90.166,90.0,0,1
noisy_sine_000,noisy_sine,10.75,91.666,90.0,0,1
noisy_sine_000,noisy_sine,10.76667,93.166,90.0,0,1
noisy_sine_000,noisy_sine,10.78333,94.666,90.0,0,1
noisy_sine_000,noisy_sine,10.8,96.166,90.0,0,1
noisy_sine_000,noisy_sine,10.81667,97.666,90.0,0,1
noisy_sine_000,noisy_sine,10.83333,99.166,90.0,0,1
noisy_sine_000,noisy_sine,10.85,100.666,90.0,0,1
noisy_sine_000,noisy_sine,10.86667,102.166,90.0,0,1
noisy_sine_000,noisy_sine,10.88333,103.666,90.0,0,1
noisy_sine_000,noisy_sine,10.9,105.166,90.0,0,1
noisy_sine_000,noisy_sine,10.91667,106.666,90.0,0,1
noisy_sine_000,noisy_sine,10.93333,108.166,90.0,0,1
noisy_sine_000,noisy_sine,10.95,109.666,90.0,0,1
noisy_sine_000,noisy_sine,10.96667,111.166,90.0,0,1
noisy_sine_000,noisy_sine,10.98333,112.666,90.0,0,1
noisy_sine_000,noisy_sine,11.0,114.166,90.0,0,1
noisy_sine_000,noisy_sine,11.01667,115.666,90.0,0,1
noisy_sine_000,noisy_sine,11.03333,117.166,90.0,0,1
noisy_sine_000,noisy_sine,11.05,118.666,90.0,0,1
noisy_sine_000,noisy_sine,11.06667,120.166,90.0,0,1
noisy_sine_000,noisy_sine,11.08333,121.666,90.0,0,1
noisy_sine_000,noisy_sine,11.1,123.166,90.0,0,1
noisy_sine_000,noisy_sine,11.11667,124.666,90.0,0,1
noisy_sine_000,noisy_sine,11.13333,126.166,90.0,0,1
noisy_sine_000,noisy_sine,11.15,127.666,90.0,0,1
noisy_sine_000,noisy_sine,11.16667,129.166,90.0,0,1
noisy_sine_000,noisy_sine,11.18333,130.666,90.0,0,1
noisy_sine_000,noisy_sine,11.2,132.166,90.0,0,1
noisy_sine_000,noisy_sine,11.21667,133.666,90.0,0,1
noisy_sine_000,noisy_sine,11.23333,135.166,90.0,0,1
noisy_sine_000,noisy_sine,11.25,136.666,90.0,0,1
noisy_sine_000,noisy_sine,11.26667,138.166,90.0,0,1
noisy_sine_000,noisy_sine,11.28333,139.666,90.0,0,1
noisy_sine_000,noisy_sine,11.3,141.166,90.0,0,1
noisy_sine_000,noisy_sine,11.31667,142.666,90.0,0,1
noisy_sine_000,noisy_sine,11.33333,144.166,90.0,0,1
noisy_sine_000,noisy_sine,11.35,145.666,90.0,0,1
noisy_sine_000,noisy_sine,11.36667,147.166,90.0,0,1
noisy_sine_000,noisy_sine,11.38333,148.666,90.0,0,1
noisy_sine_000,noisy_sine,11.4,150.166,90.0,0,1
noisy_sine_000,noisy_sine,11.41667,151.666,90.0,0,0
noisy_sine_000,noisy_sine,11.43333,151.666,0.0,0,1
noisy_sine_000,noisy_sine,11.45,153.166,90.0,0,1
noisy_sine_000,noisy_sine,11.46667,154.666,90.0,0,1
noisy_sine_000,noisy_sine,11.48333,156.166,90.0,0,1
noisy_sine_000,noisy_sine,11.5,157.666,90.0,0,0
noisy_sine_000,noisy_sine,11.51667,157.666,0.0,0,1
noisy_sine_000,noisy_sine,11.53333,159.166,90.0,0,1
noisy_sine_000,noisy_sine,11.55,160.666,90.0,0,1
noisy_sine_000,noisy_sine,11.56667,162.166,90.0,0,0
noisy_sine_000,noisy_sine,11.58333,162.166,0.0,0,1
noisy_sine_000,noisy_sine,11.6,163.666,90.0,0,1
noisy_sine_000,noisy_sine,11.61667,165.166,90.0,0,0
noisy_sine_000,noisy_sine,11.63333,165.166,0.0,0,1
noisy_sine_000,noisy_sine,11.65,166.666,90.0,0,1
noisy_sine_000,noisy_sine,11.66667,168.166,90.0,0,0
noisy_sine_000,noisy_sine,11.68333,168.166,0.0,0,1
noisy_sine_000,noisy_sine,11.7,169.666,90.0,0,1
noisy_sine_000,noisy_sine,11.71667,171.166,90.0,0,0
noisy_sine_000,noisy_sine,11.73333,171.166,0.0,0,1
noisy_sine_000,noisy_sine,11.75,172.666,90.0,0,0
noisy_sine_000,noisy_sine,11.76667,172.666,0.0,1,0
noisy_sine_000,noisy_sine,11.78333,171.166,-90.0,0,1
noisy_sine_000,noisy_sine,11.8,172.666,90.0,0,1
noisy_sine_000,noisy_sine,11.81667,174.166,90.0,0,1
noisy_sine_000,noisy_sine,11.83333,175.666,90.0,0,1
noisy_sine_000,noisy_sine,11.85,177.166,90.0,0,0
noisy_sine_000,noisy_sine,11.86667,177.166,0.0,0,1
noisy_sine_000,noisy_sine,11.88333,178.666,90.0,0,0
noisy_sine_000,noisy_sine,11.9,178.666,0.0,0,1
noisy_sine_000,noisy_sine,11.91667,180.166,90.0,0,0
noisy_sine_000,noisy_sine,11.93333,180.166,0.0,0,0
noisy_sine_000,noisy_sine,11.95,180.166,0.0,0,1
noisy_sine_000,noisy_sine,11.96667,181.666,90.0,0,0
noisy_sine_000,noisy_sine,11.98333,181.666,0.0,0,0
noisy_sine_000,noisy_sine,12.0,181.666,0.0,0,1
noisy_sine_000,noisy_sine,12.01667,183.166,90.0,0,0
noisy_sine_000,noisy_sine,12.03333,183.166,0.0,1,0
noisy_sine_000,noisy_sine,12.05,181.666,-90.0,1,0
noisy_sine_000,noisy_sine,12.06667,180.166,-90.0,0,1
noisy_sine_000,noisy_sine,12.08333,181.666,90.0,0,1
noisy_sine_000,noisy_sine,12.1,183.166,90.0,0,1
noisy_sine_000,noisy_sine,12.11667,184.666,90.0,0,0
noisy_sine_000,noisy_sine,12.13333,184.666,0.0,0,0
noisy_sine_000,noisy_sine,12.15,184.666,0.0,0,0
noisy_sine_000,noisy_sine,12.16667,184.666,0.0,0,0
noisy_sine_000,noisy_sine,12.18333,184.666,0.0,0,1
noisy_sine_000,noisy_sine,12.2,186.166,90.0,0,0
noisy_sine_000,noisy_sine,12.21667,186.166,0.0,0,0
noisy_sine_000,noisy_sine,12.23333,186.166,0.0,0,0
noisy_sine_000,noisy_sine,12.25,186.166,0.0,0,0
noisy_sine_000,noisy_sine,12.26667,186.166,0.0,0,0
noisy_sine_000,noisy_sine,12.28333,186.166,0.0,0,0
noisy_sine_000,noisy_sine,12.3,186.166,0.0,0,0
noisy_sine_000,noisy_sine,12.31667,186.166,0.0,0,0
noisy_sine_000,noisy_sine,12.33333,186.166,0.0,0,0
noisy_sine_000,noisy_sine,12.35,186.166,0.0,0,0
noisy_sine_000,noisy_sine,12.36667,186.166,0.0,0,1
noisy_sine_000,noisy_sine,12.38333,187.666,90.0,0,0
noisy_sine_000,noisy_sine,12.4,187.666,0.0,0,0
noisy_sine_000,noisy_sine,12.41667,187.666,0.0,0,0
noisy_sine_000,noisy_sine,12.43333,187.666,0.0,0,0
noisy_sine_000,noisy_sine,12.45,187.666,0.0,0,0
noisy_sine_000,noisy_sine,12.46667,187.666,0.0,0,0
noisy_sine_000,noisy_sine,12.48333,187.666,0.0,0,0
noisy_sine_000,noisy_sine,12.5,187.666,0.0,0,0
noisy_sine_000,noisy_sine,12.51667,187.666,0.0,0,0
noisy_sine_000,noisy_sine,12.53333,187.666,0.0,0,0
noisy_sine_000,noisy_sine,12.55,187.666,0.0,0,0
noisy_sine_000,noisy_sine,12.56667,187.666,0.0,1,0
noisy_sine_000,noisy_sine,12.58333,186.166,-90.0,0,0
noisy_sine_000,noisy_sine,12.6,186.166,0.0,0,0
noisy_sine_000,noisy_sine,12.61667,186.166,0.0,1,0
noisy_sine_000,noisy_sine,12.63333,184.666,-90.0,1,0
noisy_sine_000,noisy_sine,12.65,183.166,-90.0,0,0
noisy_sine_000,noisy_sine,12.66667,183.166,0.0,0,0
noisy_sine_000,noisy_sine,12.68333,183.166,0.0,0,0
noisy_sine_000,noisy_sine,12.7,183.166,0.0,1,0
noisy_sine_000,noisy_sine,12.71667,181.666,-90.0,0,0
noisy_sine_000,noisy_sine,12.73333,181.666,0.0,1,0
noisy_sine_000,noisy_sine,12.75,180.166,-90.0,0,0
noisy_sine_000,noisy_sine,12.76667,180.166,0.0,1,0
noisy_sine_000,noisy_sine,12.78333,178.666,-90.0,1,0
noisy_sine_000,noisy_sine,12.8,177.166,-90.0,0,0
noisy_sine_000,noisy_sine,12.81667,177.166,0.0,1,0
noisy_sine_000,noisy_sine,12.83333,175.666,-90.0,0,0
noisy_sine_000,noisy_sine,12.85,175.666,0.0,1,0
noisy_sine_000,noisy_sine,12.86667,174.166,-90.0,1,0
noisy_sine_000,noisy_sine,12.88333,172.666,-90.0,0,0
noisy_sine_000,noisy_sine,12.9,172.666,0.0,1,0
noisy_sine_000,noisy_sine,12.91667,171.166,-90.0,1,0
noisy_sine_000,noisy_sine,12.93333,169.666,-90.0,1,0
noisy_sine_000,noisy_sine,12.95,168.166,-90.0,1,0
noisy_sine_000,noisy_sine,12.96667,166.666,-90.0,0,0
noisy_sine_000,noisy_sine,12.98333,166.666,0.0,1,0
noisy_sine_000,noisy_sine,13.0,165.166,-90.0,0,0
noisy_sine_000,noisy_sine,13.01667,165.166,0.0,1,0
noisy_sine_000,noisy_sine,13.03333,163.666,-90.0,1,0
noisy_sine_000,noisy_sine,13.05,162.166,-90.0,1,0
noisy_sine_000,noisy_sine,13.06667,160.666,-90.0,0,0
noisy_sine_000,noisy_sine,13.08333,160.666,0.0,1,0
noisy_sine_000,noisy_sine,13.1,159.166,-90.0,1,0
noisy_sine_000,noisy_sine,13.11667,157.666,-90.0,1,0
noisy_sine_000,noisy_sine,13.13333,156.166,-90.0,1,0
noisy_sine_000,noisy_sine,13.15,154.666,-90.0,1,0
noisy_sine_000,noisy_sine,13.16667,153.166,-90.0,1,0
noisy_sine_000,noisy_sine,13.18333,151.666,-90.0,1,0
noisy_sine_000,noisy_sine,13.2,150.166,-90.0,1,0
noisy_sine_000,noisy_sine,13.21667,148.666,-90.0,0,0
noisy_sine_000,noisy_sine,13.23333,148.666,0.0,1,0
noisy_sine_000,noisy_sine,13.25,147.166,-90.0,1,0
noisy_sine_000,noisy_sine,13.26667,145.666,-90.0,1,0
noisy_sine_000,noisy_sine,13.28333,144.166,-90.0,1,0
noisy_sine_000,noisy_sine,13.3,142.666,-90.0,1,0
noisy_sine_000,noisy_sine,13.31667,141.166,-90.0,1,0
noisy_sine_000,noisy_sine,13.33333,139.666,-90.0,1,0
noisy_sine_000,noisy_sine,13.35,138.166,-90.0,1,0
noisy_sine_000,noisy_sine,13.36667,136.666,-90.0,1,0
noisy_sine_000,noisy_sine,13.38333,135.166,-90.0,1,0
noisy_sine_000,noisy_sine,13.4,133.666,-90.0,1,0
noisy_sine_000,noisy_sine,13.41667,132.166,-90.0,1,0
noisy_sine_000,noisy_sine,13.43333,130.666,-90.0,1,0
noisy_sine_000,noisy_sine,13.45,129.166,-90.0,1,0
noisy_sine_000,noisy_sine,13.46667,127.666,-90.0,1,0
noisy_sine_000,noisy_sine,13.48333,126.166,-90.0,1,0
noisy_sine_000,noisy_sine,13.5,124.666,-90.0,1,0
noisy_sine_000,noisy_sine,13.51667,123.166,-90.0,1,0
noisy_sine_000,noisy_sine,13.53333,121.666,-90.0,1,0
noisy_sine_000,noisy_sine,13.55,120.166,-90.0,1,0
noisy_sine_000,noisy_sine,13.56667,118.666,-90.0,1,0
noisy_sine_000,noisy_sine,13.58333,117.166,-90.0,0,1
noisy_sine_000,noisy_sine,13.6,118.666,90.0,1,0
noisy_sine_000,noisy_sine,13.61667,117.166,-90.0,1,0
noisy_sine_000,noisy_sine,13.63333,115.666,-90.0,1,0
noisy_sine_000,noisy_sine,13.65,114.166,-90.0,1,0
noisy_sine_000,noisy_sine,13.66667,112.666,-90.0,0,0
noisy_sine_000,noisy_sine,13.68333,112.666,0.0,1,0
noisy_sine_000,noisy_sine,13.7,111.166,-90.0,1,0
noisy_sine_000,noisy_sine,13.71667,109.666,-90.0,1,0
noisy_sine_000,noisy_sine,13.73333,108.166,-90.0,1,0
noisy_sine_000,noisy_sine,13.75,106.666,-90.0,1,0
noisy_sine_000,noisy_sine,13.76667,105.166,-90.0,1,0
noisy_sine_000,noisy_sine,13.78333,103.666,-90.0,1,0
noisy_sine_000,noisy_sine,13.8,102.166,-90.0,1,0
noisy_sine_000,noisy_sine,13.81667,100.666,-90.0,1,0
noisy_sine_000,noisy_sine,13.83333,99.166,-90.0,1,0
noisy_sine_000,noisy_sine,13.85,97.666,-90.0,1,0
noisy_sine_000,noisy_sine,13.86667,96.166,-90.0,1,0
noisy_sine_000,noisy_sine,13.88333,94.666,-90.0,1,0
noisy_sine_000,noisy_sine,13.9,93.166,-90.0,1,0
noisy_sine_000,noisy_sine,13.91667,91.666,-90.0,1,0
noisy_sine_000,noisy_sine,13.93333,90.166,-90.0,1,0
noisy_sine_000,noisy_sine,13.95,88.666,-90.0,1,0
noisy_sine_000,noisy_sine,13.96667,87.166,-90.0,1,0
noisy_sine_000,noisy_sine,13.98333,85.666,-90.0,1,0
noisy_sine_000,noisy_sine,14.0,84.166,-90.0,1,0
noisy_sine_000,noisy_sine,14.01667,82.666,-90.0,1,0
noisy_sine_000,noisy_sine,14.03333,81.166,-90.0,1,0
noisy_sine_000,noisy_sine,14.05,79.666,-90.0,1,0
noisy_sine_000,noisy_sine,14.06667,78.166,-90.0,1,0
noisy_sine_000,noisy_sine,14.08333,76.666,-90.0,1,0
noisy_sine_000,noisy_sine,14.1,75.166,-90.0,1,0
noisy_sine_000,noisy_sine,14.11667,73.666,-90.0,1,0
noisy_sine_000,noisy_sine,14.13333,72.166,-90.0,1,0
noisy_sine_000,noisy_sine,14.15,70.666,-90.0,1,0
noisy_sine_000,noisy_sine,14.16667,69.166,-90.0,1,0
noisy_sine_000,noisy_sine,14.18333,67.666,-90.0,1,0
noisy_sine_000,noisy_sine,14.2,66.166,-90.0,1,0
noisy_sine_000,noisy_sine,14.21667,64.666,-90.0,1,0
noisy_sine_000,noisy_sine,14.23333,63.166,-90.0,1,0
noisy_sine_000,noisy_sine,14.25,61.666,-90.0,1,0
noisy_sine_000,noisy_sine,14.26667,60.166,-90.0,1,0
noisy_sine_000,noisy_sine,14.28333,58.666,-90.0,1,0
noisy_sine_000,noisy_sine,14.3,57.166,-90.0,1,0
noisy_sine_000,noisy_sine,14.31667,55.666,-90.0,1,0
noisy_sine_000,noisy_sine,14.33333,54.166,-90.0,1,0
noisy_sine_000,noisy_sine,14.35,52.666,-90.0,1,0
noisy_sine_000,noisy_sine,14.36667,51.166,-90.0,1,0
noisy_sine_000,noisy_sine,14.38333,49.666,-90.0,1,0
noisy_sine_000,noisy_sine,14.4,48.166,-90.0,1,0
noisy_sine_000,noisy_sine,14.41667,46.666,-90.0,1,0
noisy_sine_000,noisy_sine,14.43333,45.166,-90.0,1,0
noisy_sine_000,noisy_sine,14.45,43.666,-90.0,1,0
noisy_sine_000,noisy_sine,14.46667,42.166,-90.0,1,0
noisy_sine_000,noisy_sine,14.48333,40.666,-90.0,1,0
noisy_sine_000,noisy_sine,14.5,39.166,-90.0,1,0
noisy_sine_000,noisy_sine,14.51667,37.666,-90.0,0,0
noisy_sine_000,noisy_sine,14.53333,37.666,0.0,1,0
noisy_sine_000,noisy_sine,14.55,36.166,-90.0,1,0
noisy_sine_000,noisy_sine,14.56667,34.666,-90.0,0,0
noisy_sine_000,noisy_sine,14.58333,34.666,0.0,1,0
noisy_sine_000,noisy_sine,14.6,33.166,-90.0,0,0
noisy_sine_000,noisy_sine,14.61667,33.166,0.0,1,0
noisy_sine_000,noisy_sine,14.63333,31.666,-90.0,1,0
noisy_sine_000,noisy_sine,14.65,30.166,-90.0,0,0
noisy_sine_000,noisy_sine,14.66667,30.166,0.0,1,0
noisy_sine_000,noisy_sine,14.68333,28.666,-90.0,0,0
noisy_sine_000,noisy_sine,14.7,28.666,0.0,1,0
noisy_sine_000,noisy_sine,14.71667,27.166,-90.0,0,0
noisy_sine_000,noisy_sine,14.73333,27.166,0.0,0,0
noisy_sine_000,noisy_sine,14.75,27.166,0.0,1,0
noisy_sine_000,noisy_sine,14.76667,25.666,-90.0,0,0
noisy_sine_000,noisy_sine,14.78333,25.666,0.0,1,0
noisy_sine_000,noisy_sine,14.8,24.166,-90.0,0,0
noisy_sine_000,noisy_sine,14.81667,24.166,0.0,0,0
noisy_sine_000,noisy_sine,14.83333,24.166,0.0,1,0
noisy_sine_000,noisy_sine,14.85,22.666,-90.0,0,0
noisy_sine_000,noisy_sine,14.86667,22.666,0.0,0,0
noisy_sine_000,noisy_sine,14.88333,22.666,0.0,1,0
noisy_sine_000,noisy_sine,14.9,21.166,-90.0,0,0
noisy_sine_000,noisy_sine,14.91667,21.166,0.0,0,0
noisy_sine_000,noisy_sine,14.93333,21.166,0.0,0,0
noisy_sine_000,noisy_sine,14.95,21.166,0.0,1,0
noisy_sine_000,noisy_sine,14.96667,19.666,-90.0,0,0
noisy_sine_000,noisy_sine,14.98333,19.666,0.0,0,0
noisy_sine_000,noisy_sine,15.0,19.666,0.0,0,0
noisy_sine_000,noisy_sine,15.01667,19.666,0.0,0,0
noisy_sine_000,noisy_sine,15.03333,19.666,0.0,0,0
noisy_sine_000,noisy_sine,15.05,19.666,0.0,1,0
noisy_sine_000,noisy_sine,15.06667,18.166,-90.0,0,0
noisy_sine_000,noisy_sine,15.08333,18.166,0.0,0,0
noisy_sine_000,noisy_sine,15.1,18.166,0.0,0,0
noisy_sine_000,noisy_sine,15.11667,18.166,0.0,0,0
noisy_sine_000,noisy_sine,15.13333,18.166,0.0,0,0
noisy_sine_000,noisy_sine,15.15,18.166,0.0,0,0
noisy_sine_000,noisy_sine,15.16667,18.166,0.0,0,0
noisy_sine_000,noisy_sine,15.18333,18.166,0.0,0,0
noisy_sine_000,noisy_sine,15.2,18.166,0.0,0,0
noisy_sine_000,noisy_sine,15.21667,18.166,0.0,0,0
noisy_sine_000,noisy_sine,15.23333,18.166,0.0,0,0
noisy_sine_000,noisy_sine,15.25,18.166,0.0,0,0
noisy_sine_000,noisy_sine,15.26667,18.166,0.0,0,0
noisy_sine_000,noisy_sine,15.28333,18.166,0.0,0,0
noisy_sine_000,noisy_sine,15.3,18.166,0.0,0,0
noisy_sine_000,noisy_sine,15.31667,18.166,0.0,0,0
noisy_sine_000,noisy_sine,15.33333,18.166,0.0,0,0
noisy_sine_000,noisy_sine,15.35,18.166,0.0,0,0
noisy_sine_000,noisy_sine,15.36667,18.166,0.0,0,0
noisy_sine_000,noisy_sine,15.38333,18.166,0.0,0,0
noisy_sine_000,noisy_sine,15.4,18.166,0.0,0,0
noisy_sine_000,noisy_sine,15.41667,18.166,0.0,0,0
noisy_sine_000,noisy_sine,15.43333,18.166,0.0,0,0
noisy_sine_000,noisy_sine,15.45,18.166,0.0,0,0
noisy_sine_000,noisy_sine,15.46667,18.166,0.0,0,0
noisy_sine_000,noisy_sine,15.48333,18.166,0.0,1,0
noisy_sine_000,noisy_sine,15.5,16.666,-90.0,0,1
noisy_sine_000,noisy_sine,15.51667,18.166,90.0,0,1
noisy_sine_000,noisy_sine,15.53333,19.666,90.0,0,0
noisy_sine_000,noisy_sine,15.55,19.666,0.0,0,1
noisy_sine_000,noisy_sine,15.56667,21.166,90.0,0,0
noisy_sine_000,noisy_sine,15.58333,21.166,0.0,0,1
noisy_sine_000,noisy_sine,15.6,22.666,90.0,0,0
noisy_sine_000,noisy_sine,15.61667,22.666,0.0,0,0
noisy_sine_000,noisy_sine,15.63333,22.666,0.0,0,1
noisy_sine_000,noisy_sine,15.65,24.166,90.0,0,1
noisy_sine_000,noisy_sine,15.66667,25.666,90.0,0,0
noisy_sine_000,noisy_sine,15.68333,25.666,0.0,0,1
noisy_sine_000,noisy_sine,15.7,27.166,90.0,0,1
noisy_sine_000,noisy_sine,15.71667,28.666,90.0,0,0
noisy_sine_000,noisy_sine,15.73333,28.666,0.0,0,1
noisy_sine_000,noisy_sine,15.75,30.166,90.0,0,1
noisy_sine_000,noisy_sine,15.76667,31.666,90.0,0,0
noisy_sine_000,noisy_sine,15.78333,31.666,0.0,0,1
noisy_sine_000,noisy_sine,15.8,33.166,90.0,0,1
noisy_sine_000,noisy_sine,15.81667,34.666,90.0,0,0
noisy_sine_000,noisy_sine,15.83333,34.666,0.0,0,1
noisy_sine_000,noisy_sine,15.85,36.166,90.0,0,1
noisy_sine_000,noisy_sine,15.86667,37.666,90.0,0,0
noisy_sine_000,noisy_sine,15.88333,37.666,0.0,0,1
noisy_sine_000,noisy_sine,15.9,39.166,90.0,0,1
noisy_sine_000,noisy_sine,15.91667,40.666,90.0,0,1
noisy_sine_000,noisy_sine,15.93333,42.166,90.0,0,1
noisy_sine_000,noisy_sine,15.95,43.666,90.0,0,0
noisy_sine_000,noisy_sine,15.96667,43.666,0.0,0,1
noisy_sine_000,noisy_sine,15.98333,45.166,90.0,0,1
noisy_sine_000,noisy_sine,16.0,46.666,90.0,0,1
noisy_sine_000,noisy_sine,16.01667,48.166,90.0,0,1
noisy_sine_000,noisy_sine,16.03333,49.666,90.0,0,1
noisy_sine_000,noisy_sine,16.05,51.166,90.0,0,1
noisy_sine_000,noisy_sine,16.06667,52.666,90.0,0,0
noisy_sine_000,noisy_sine,16.08333,52.666,0.0,0,1
noisy_sine_000,noisy_sine,16.1,54.166,90.0,0,1
noisy_sine_000,noisy_sine,16.11667,55.666,90.0,0,1
noisy_sine_000,noisy_sine,16.13333,57.166,90.0,0,1
noisy_sine_000,noisy_sine,16.15,58.666,90.0,0,1
noisy_sine_000,noisy_sine,16.16667,60.166,90.0,0,1
noisy_sine_000,noisy_sine,16.18333,61.666,90.0,0,1
noisy_sine_000,noisy_sine,16.2,63.166,90.0,0,1
noisy_sine_000,noisy_sine,16.21667,64.666,90.0,0,1
noisy_sine_000,noisy_sine,16.23333,66.166,90.0,0,1
noisy_sine_000,noisy_sine,16.25,67.666,90.0,0,1
noisy_sine_000,noisy_sine,16.26667,69.166,90.0,0,1
noisy_sine_000,noisy_sine,16.28333,70.666,90.0,0,1
noisy_sine_000,noisy_sine,16.3,72.166,90.0,0,1
noisy_sine_000,noisy_sine,16.31667,73.666,90.0,0,1
noisy_sine_000,noisy_sine,16.33333,75.166,90.0,0,1
noisy_sine_000,noisy_sine,16.35,76.666,90.0,0,1
noisy_sine_000,noisy_sine,16.36667,78.166,90.0,0,1
noisy_sine_000,noisy_sine,16.38333,79.666,90.0,0,1
noisy_sine_000,noisy_sine,16.4,81.166,90.0,0,1
noisy_sine_000,noisy_sine,16.41667,82.666,90.0,0,1
noisy_sine_000,noisy_sine,16.43333,84.166,90.0,0,1
noisy_sine_000,noisy_sine,16.45,85.666,90.0,0,1
noisy_sine_000,noisy_sine,16.46667,87.166,90.0,0,1
noisy_sine_000,noisy_sine,16.48333,88.666,90.0,0,1
noisy_sine_000,noisy_sine,16.5,90.166,90.0,0,1
noisy_sine_000,noisy_sine,16.51667,91.666,90.0,0,1
noisy_sine_000,noisy_sine,16.53333,93.166,90.0,0,1
noisy_sine_000,noisy_sine,16.55,94.666,90.0,0,1
noisy_sine_000,noisy_sine,16.56667,96.166,90.0,0,1
noisy_sine_000,noisy_sine,16.58333,97.666,90.0,0,1
noisy_sine_000,noisy_sine,16.6,99.166,90.0,0,1
noisy_sine_000,noisy_sine,16.61667,100.666,90.0,0,1
noisy_sine_000,noisy_sine,16.63333,102.166,90.0,0,1
noisy_sine_000,noisy_sine,16.65,103.666,90.0,0,1
noisy_sine_000,noisy_sine,16.66667,105.166,90.0,0,1
noisy_sine_000,noisy_sine,16.68333,106.666,90.0,0,1
noisy_sine_000,noisy_sine,16.7,108.166,90.0,0,1
noisy_sine_000,noisy_sine,16.71667,109.666,90.0,0,1
noisy_sine_000,noisy_sine,16.73333,111.166,90.0,0,1
noisy_sine_000,noisy_sine,16.75,112.666,90.0,0,1
noisy_sine_000,noisy_sine,16.76667,114.166,90.0,0,1
noisy_sine_000,noisy_sine,16.78333,115.666,90.0,0,1
noisy_sine_000,noisy_sine,16.8,117.166,90.0,0,1
noisy_sine_000,noisy_sine,16.81667,118.666,90.0,0,1
noisy_sine_000,noisy_sine,16.83333,120.166,90.0,0,1
noisy_sine_000,noisy_sine,16.85,121.666,90.0,0,1
noisy_sine_000,noisy_sine,16.86667,123.166,90.0,0,1
noisy_sine_000,noisy_sine,16.88333,124.666,90.0,0,1
noisy_sine_000,noisy_sine,16.9,126.166,90.0,1,0
noisy_sine_000,noisy_sine,16.91667,124.666,-90.0,0,1
noisy_sine_000,noisy_sine,16.93333,126.166,90.0,0,1
noisy_sine_000,noisy_sine,16.95,127.666,90.0,0,1
noisy_sine_000,noisy_sine,16.96667,129.166,90.0,0,1
noisy_sine_000,noisy_sine,16.98333,130.666,90.0,0,1
noisy_sine_000,noisy_sine,17.0,132.166,90.0,0,1
noisy_sine_000,noisy_sine,17.01667,133.666,90.0,0,1
noisy_sine_000,noisy_sine,17.03333,135.166,90.0,0,1
noisy_sine_000,noisy_sine,17.05,136.666,90.0,0,1
noisy_sine_000,noisy_sine,17.06667,138.166,90.0,0,1
noisy_sine_000,noisy_sine,17.08333,139.666,90.0,0,1
noisy_sine_000,noisy_sine,17.1,141.166,90.0,0,1
noisy_sine_000,noisy_sine,17.11667,142.666,90.0,0,1
noisy_sine_000,noisy_sine,17.13333,144.166,90.0,0,1
noisy_sine_000,noisy_sine,17.15,145.666,90.0,0,1
noisy_sine_000,noisy_sine,17.16667,147.166,90.0,0,1
noisy_sine_000,noisy_sine,17.18333,148.666,90.0,0,1
noisy_sine_000,noisy_sine,17.2,150.166,90.0,0,1
noisy_sine_000,noisy_sine,17.21667,151.666,90.0,0,1
noisy_sine_000,noisy_sine,17.23333,153.166,90.0,0,1
noisy_sine_000,noisy_sine,17.25,154.666,90.0,0,1
noisy_sine_000,noisy_sine,17.26667,156.166,90.0,0,1
noisy_sine_000,noisy_sine,17.28333,157.666,90.0,0,1
noisy_sine_000,noisy_sine,17.3,159.166,90.0,0,1
noisy_sine_000,noisy_sine,17.31667,160.666,90.0,0,1
noisy_sine_000,noisy_sine,17.33333,162.166,90.0,0,0
noisy_sine_000,noisy_sine,17.35,162.166,0.0,0,1
noisy_sine_000,noisy_sine,17.36667,163.666,90.0,0,1
noisy_sine_000,noisy_sine,17.38333,165.166,90.0,0,0
noisy_sine_000,noisy_sine,17.4,165.166,0.0,0,1
noisy_sine_000,noisy_sine,17.41667,166.666,90.0,0,1
noisy_sine_000,noisy_sine,17.43333,168.166,90.0,0,0
noisy_sine_000,noisy_sine,17.45,168.166,0.0,0,1
noisy_sine_000,noisy_sine,17.46667,169.666,90.0,0,1
noisy_sine_000,noisy_sine,17.48333,171.166,90.0,0,0
noisy_sine_000,noisy_sine,17.5,171.166,0.0,0,1
noisy_sine_000,noisy_sine,17.51667,172.666,90.0,0,0
noisy_sine_000,noisy_sine,17.53333,172.666,0.0,0,0
noisy_sine_000,noisy_sine,17.55,172.666,0.0,0,1
noisy_sine_000,noisy_sine,17.56667,174.166,90.0,0,1
noisy_sine_000,noisy_sine,17.58333,175.666,90.0,0,0
noisy_sine_000,noisy_sine,17.6,175.666,0.0,0,1
noisy_sine_000,noisy_sine,17.61667,177.166,90.0,0,0
noisy_sine_000,noisy_sine,17.63333,177.166,0.0,0,1
noisy_sine_000,noisy_sine,17.65,178.666,90.0,0,0
noisy_sine_000,noisy_sine,17.66667,178.666,0.0,0,1
noisy_sine_000,noisy_sine,17.68333,180.166,90.0,0,0
noisy_sine_000,noisy_sine,17.7,180.166,0.0,0,0
noisy_sine_000,noisy_sine,17.71667,180.166,0.0,0,1
noisy_sine_000,noisy_sine,17.73333,181.666,90.0,0,0
noisy_sine_000,noisy_sine,17.75,181.666,0.0,0,0
noisy_sine_000,noisy_sine,17.76667,181.666,0.0,0,1
noisy_sine_000,noisy_sine,17.78333,183.166,90.0,0,0
noisy_sine_000,noisy_sine,17.8,183.166,0.0,0,0
noisy_sine_000,noisy_sine,17.81667,183.166,0.0,0,0
noisy_sine_000,noisy_sine,17.83333,183.166,0.0,0,0
noisy_sine_000,noisy_sine,17.85,183.166,0.0,0,1
noisy_sine_000,noisy_sine,17.86667,184.666,90.0,0,0
noisy_sine_000,noisy_sine,17.88333,184.666,0.0,0,0
noisy_sine_000,noisy_sine,17.9,184.666,0.0,0,0
noisy_sine_000,noisy_sine,17.91667,184.666,0.0,0,0
noisy_sine_000,noisy_sine,17.93333,184.666,0.0,0,0
noisy_sine_000,noisy_sine,17.95,184.666,0.0,0,0
noisy_sine_000,noisy_sine,17.96667,184.666,0.0,0,1
noisy_sine_000,noisy_sine,17.98333,186.166,90.0,0,0
noisy_sine_000,noisy_sine,18.0,186.166,0.0,0,0
noisy_sine_000,noisy_sine,18.01667,186.166,0.0,0,0
noisy_sine_000,noisy_sine,18.03333,186.166,0.0,0,0
noisy_sine_000,noisy_sine,18.05,186.166,0.0,0,0
noisy_sine_000,noisy_sine,18.06667,186.166,0.0,0,0
noisy_sine_000,noisy_sine,18.08333,186.166,0.0,0,0
noisy_sine_000,noisy_sine,18.1,186.166,0.0,0,0
noisy_sine_000,noisy_sine,18.11667,186.166,0.0,0,0
noisy_sine_000,noisy_sine,18.13333,186.166,0.0,0,0
noisy_sine_000,noisy_sine,18.15,186.166,0.0,0,0
noisy_sine_000,noisy_sine,18.16667,186.166,0.0,0,0
noisy_sine_000,noisy_sine,18.18333,186.166,0.0,0,0
noisy_sine_000,noisy_sine,18.2,186.166,0.0,0,0
noisy_sine_000,noisy_sine,18.21667,186.166,0.0,0,0
noisy_sine_000,noisy_sine,18.23333,186.166,0.0,0,0
noisy_sine_000,noisy_sine,18.25,186.166,0.0,0,0
noisy_sine_000,noisy_sine,18.26667,186.166,0.0,0,0
noisy_sine_000,noisy_sine,18.28333,186.166,0.0,0,0
noisy_sine_000,noisy_sine,18.3,186.166,0.0,0,0
noisy_sine_000,noisy_sine,18.31667,186.166,0.0,0,0
noisy_sine_000,noisy_sine,18.33333,186.166,0.0,0,0
noisy_sine_000,noisy_sine,18.35,186.166,0.0,0,0
noisy_sine_000,noisy_sine,18.36667,186.166,0.0,0,0
noisy_sine_000,noisy_sine,18.38333,186.166,0.0,1,0
noisy_sine_000,noisy_sine,18.4,184.666,-90.0,0,0
noisy_sine_000,noisy_sine,18.41667,184.666,0.0,1,0
noisy_sine_000,noisy_sine,18.43333,183.166,-90.0,0,0
noisy_sine_000,noisy_sine,18.45,183.166,0.0,0,0
noisy_sine_000,noisy_sine,18.46667,183.166,0.0,1,0
noisy_sine_000,noisy_sine,18.48333,181.666,-90.0,0,0
noisy_sine_000,noisy_sine,18.5,181.666,0.0,1,0
noisy_sine_000,noisy_sine,18.51667,180.166,-90.0,1,0
noisy_sine_000,noisy_sine,18.53333,178.666,-90.0,0,0
noisy_sine_000,noisy_sine,18.55,178.666,0.0,0,0
noisy_sine_000,noisy_sine,18.56667,178.666,0.0,1,0
noisy_sine_000,noisy_sine,18.58333,177.166,-90.0,1,0
noisy_sine_000,noisy_sine,18.6,175.666,-90.0,0,0
noisy_sine_000,noisy_sine,18.61667,175.666,0.0,1,0
noisy_sine_000,noisy_sine,18.63333,174.166,-90.0,1,0
noisy_sine_000,noisy_sine,18.65,172.666,-90.0,0,0
noisy_sine_000,noisy_sine,18.66667,172.666,0.0,1,0
noisy_sine_000,noisy_sine,18.68333,171.166,-90.0,1,0
noisy_sine_000,noisy_sine,18.7,169.666,-90.0,1,0
noisy_sine_000,noisy_sine,18.71667,168.166,-90.0,0,0
noisy_sine_000,noisy_sine,18.73333,168.166,0.0,1,0
noisy_sine_000,noisy_sine,18.75,166.666,-90.0,1,0
noisy_sine_000,noisy_sine,18.76667,165.166,-90.0,0,0
noisy_sine_000,noisy_sine,18.78333,165.166,0.0,1,0
noisy_sine_000,noisy_sine,18.8,163.666,-90.0,1,0
noisy_sine_000,noisy_sine,18.81667,162.166,-90.0,1,0
noisy_sine_000,noisy_sine,18.83333,160.666,-90.0,1,0
noisy_sine_000,noisy_sine,18.85,159.166,-90.0,1,0
noisy_sine_000,noisy_sine,18.86667,157.666,-90.0,0,0
noisy_sine_000,noisy_sine,18.88333,157.666,0.0,1,0
noisy_sine_000,noisy_sine,18.9,156.166,-90.0,1,0
noisy_sine_000,noisy_sine,18.91667,154.666,-90.0,1,0
noisy_sine_000,noisy_sine,18.93333,153.166,-90.0,1,0
noisy_sine_000,noisy_sine,18.95,151.666,-90.0,1,0
noisy_sine_000,noisy_sine,18.96667,150.166,-90.0,1,0
noisy_sine_000,noisy_sine,18.98333,148.666,-90.0,0,0
noisy_sine_000,noisy_sine,19.0,148.666,0.0,0,1
noisy_sine_000,noisy_sine,19.01667,150.166,90.0,1,0
noisy_sine_000,noisy_sine,19.03333,148.666,-90.0,1,0
noisy_sine_000,noisy_sine,19.05,147.166,-90.0,1,0
noisy_sine_000,noisy_sine,19.06667,145.666,-90.0,1,0
noisy_sine_000,noisy_sine,19.08333,144.166,-90.0,1,0
noisy_sine_000,noisy_sine,19.1,142.666,-90.0,0,1
noisy_sine_000,noisy_sine,19.11667,144.166,90.0,1,0
noisy_sine_000,noisy_sine,19.13333,142.666,-90.0,1,0
noisy_sine_000,noisy_sine,19.15,141.166,-90.0,1,0
noisy_sine_000,noisy_sine,19.16667,139.666,-90.0,1,0
noisy_sine_000,noisy_sine,19.18333,138.166,-90.0,1,0
noisy_sine_000,noisy_sine,19.2,136.666,-90.0,1,0
noisy_sine_000,noisy_sine,19.21667,135.166,-90.0,1,0
noisy_sine_000,noisy_sine,19.23333,133.666,-90.0,1,0
noisy_sine_000,noisy_sine,19.25,132.166,-90.0,1,0
noisy_sine_000,noisy_sine,19.26667,130.666,-90.0,1,0
noisy_sine_000,noisy_sine,19.28333,129.166,-90.0,1,0
noisy_sine_000,noisy_sine,19.3,127.666,-90.0,1,0
noisy_sine_000,noisy_sine,19.31667,126.166,-90.0,1,0
noisy_sine_000,noisy_sine,19.33333,124.666,-90.0,1,0
noisy_sine_000,noisy_sine,19.35,123.166,-90.0,1,0
noisy_sine_000,noisy_sine,19.36667,121.666,-90.0,1,0
noisy_sine_000,noisy_sine,19.38333,120.166,-90.0,1,0
noisy_sine_000,noisy_sine,19.4,118.666,-90.0,1,0
noisy_sine_000,noisy_sine,19.41667,117.166,-90.0,1,0
noisy_sine_000,noisy_sine,19.43333,115.666,-90.0,1,0
noisy_sine_000,noisy_sine,19.45,114.166,-90.0,1,0
noisy_sine_000,noisy_sine,19.46667,112.666,-90.0,1,0
noisy_sine_000,noisy_sine,19.48333,111.166,-90.0,1,0
noisy_sine_000,noisy_sine,19.5,109.666,-90.0,1,0
noisy_sine_000,noisy_sine,19.51667,108.166,-90.0,1,0
noisy_sine_000,noisy_sine,19.53333,106.666,-90.0,1,0
noisy_sine_000,noisy_sine,19.55,105.166,-90.0,1,0
noisy_sine_000,noisy_sine,19.56667,103.666,-90.0,1,0
noisy_sine_000,noisy_sine,19.58333,102.166,-90.0,1,0
noisy_sine_000,noisy_sine,19.6,100.666,-90.0,1,0
noisy_sine_000,noisy_sine,19.61667,99.166,-90.0,1,0
noisy_sine_000,noisy_sine,19.63333,97.666,-90.0,1,0
noisy_sine_000,noisy_sine,19.65,96.166,-90.0,1,0
noisy_sine_000,noisy_sine,19.66667,94.666,-90.0,1,0
noisy_sine_000,noisy_sine,19.68333,93.166,-90.0,1,0
noisy_sine_000,noisy_sine,19.7,91.666,-90.0,1,0
noisy_sine_000,noisy_sine,19.71667,90.166,-90.0,1,0
noisy_sine_000,noisy_sine,19.73333,88.666,-90.0,0,0
noisy_sine_000,noisy_sine,19.75,88.666,0.0,1,0
noisy_sine_000,noisy_sine,19.76667,87.166,-90.0,1,0
noisy_sine_000,noisy_sine,19.78333,85.666,-90.0,1,0
noisy_sine_000,noisy_sine,19.8,84.166,-90.0,1,0
noisy_sine_000,noisy_sine,19.81667,82.666,-90.0,1,0
noisy_sine_000,noisy_sine,19.83333,81.166,-90.0,1,0
noisy_sine_000,noisy_sine,19.85,79.666,-90.0,1,0
noisy_sine_000,noisy_sine,19.86667,78.166,-90.0,1,0
noisy_sine_000,noisy_sine,19.88333,76.666,-90.0,1,0
noisy_sine_000,noisy_sine,19.9,75.166,-90.0,1,0
noisy_sine_000,noisy_sine,19.91667,73.666,-90.0,1,0
noisy_sine_000,noisy_sine,19.93333,72.166,-90.0,1,0
noisy_sine_000,noisy_sine,19.95,70.666,-90.0,1,0
noisy_sine_000,noisy_sine,19.96667,69.166,-90.0,1,0
noisy_sine_000,noisy_sine,19.98333,67.666,-90.0,1,0
noisy_sine_000,noisy_sine,20.0,66.166,-90.0,1,0
noisy_sine_000,noisy_sine,20.01667,64.666,-90.0,1,0
noisy_sine_000,noisy_sine,20.03333,63.166,-90.0,1,0
noisy_sine_000,noisy_sine,20.05,61.666,-90.0,1,0
noisy_sine_000,noisy_sine,20.06667,60.166,-90.0,1,0
noisy_sine_000,noisy_sine,20.08333,58.666,-90.0,1,0
noisy_sine_000,noisy_sine,20.1,57.166,-90.0,1,0
noisy_sine_000,noisy_sine,20.11667,55.666,-90.0,1,0
noisy_sine_000,noisy_sine,20.13333,54.166,-90.0,1,0
noisy_sine_000,noisy_sine,20.15,52.666,-90.0,1,0
noisy_sine_000,noisy_sine,20.16667,51.166,-90.0,1,0
noisy_sine_000,noisy_sine,20.18333,49.666,-90.0,1,0
noisy_sine_000,noisy_sine,20.2,48.166,-90.0,1,0
noisy_sine_000,noisy_sine,20.21667,46.666,-90.0,1,0
noisy_sine_000,noisy_sine,20.23333,45.166,-90.0,1,0
noisy_sine_000,noisy_sine,20.25,43.666,-90.0,1,0
noisy_sine_000,noisy_sine,20.26667,42.166,-90.0,1,0
noisy_sine_000,noisy_sine,20.28333,40.666,-90.0,1,0
noisy_sine_000,noisy_sine,20.3,39.166,-90.0,1,0
noisy_sine_000,noisy_sine,20.31667,37.666,-90.0,1,0
noisy_sine_000,noisy_sine,20.33333,36.166,-90.0,1,0
noisy_sine_000,noisy_sine,20.35,34.666,-90.0,1,0
noisy_sine_000,noisy_sine,20.36667,33.166,-90.0,0,0
noisy_sine_000,noisy_sine,20.38333,33.166,0.0,1,0
noisy_sine_000,noisy_sine,20.4,31.666,-90.0,1,0
noisy_sine_000,noisy_sine,20.41667,30.166,-90.0,0,0
noisy_sine_000,noisy_sine,20.43333,30.166,0.0,1,0
noisy_sine_000,noisy_sine,20.45,28.666,-90.0,0,0
noisy_sine_000,noisy_sine,20.46667,28.666,0.0,1,0
noisy_sine_000,noisy_sine,20.48333,27.166,-90.0,0,0
noisy_sine_000,noisy_sine,20.5,27.166,0.0,1,0
noisy_sine_000,noisy_sine,20.51667,25.666,-90.0,0,0
noisy_sine_000,noisy_sine,20.53333,25.666,0.0,0,0
noisy_sine_000,noisy_sine,20.55,25.666,0.0,0,1
noisy_sine_000,noisy_sine,20.56667,27.166,90.0,1,0
noisy_sine_000,noisy_sine,20.58333,25.666,-90.0,1,0
noisy_sine_000,noisy_sine,20.6,24.166,-90.0,0,1
noisy_sine_000,noisy_sine,20.61667,25.666,90.0,1,0
noisy_sine_000,noisy_sine,20.63333,24.166,-90.0,1,0
noisy_sine_000,noisy_sine,20.65,22.666,-90.0,1,0
noisy_sine_000,noisy_sine,20.66667,21.166,-90.0,0,1
noisy_sine_000,noisy_sine,20.68333,22.666,90.0,1,0
noisy_sine_000,noisy_sine,20.7,21.166,-90.0,0,0
noisy_sine_000,noisy_sine,20.71667,21.166,0.0,1,0
noisy_sine_000,noisy_sine,20.73333,19.666,-90.0,0,0
noisy_sine_000,noisy_sine,20.75,19.666,0.0,0,0
noisy_sine_000,noisy_sine,20.76667,19.666,0.0,0,0
noisy_sine_000,noisy_sine,20.78333,19.666,0.0,0,0
noisy_sine_000,noisy_sine,20.8,19.666,0.0,0,0
noisy_sine_000,noisy_sine,20.81667,19.666,0.0,1,0
noisy_sine_000,noisy_sine,20.83333,18.166,-90.0,0,0
noisy_sine_000,noisy_sine,20.85,18.166,0.0,0,0
noisy_sine_000,noisy_sine,20.86667,18.166,0.0,0,0
noisy_sine_000,noisy_sine,20.88333,18.166,0.0,0,0
noisy_sine_000,noisy_sine,20.9,18.166,0.0,0,0
noisy_sine_000,noisy_sine,20.91667,18.166,0.0,0,0
noisy_sine_000,noisy_sine,20.93333,18.166,0.0,0,0
noisy_sine_000,noisy_sine,20.95,18.166,0.0,0,0
noisy_sine_000,noisy_sine,20.96667,18.166,0.0,0,0
noisy_sine_000,noisy_sine,20.98333,18.166,0.0,0,0
noisy_sine_000,noisy_sine,21.0,18.166,0.0,0,0
noisy_sine_000,noisy_sine,21.01667,18.166,0.0,0,0
noisy_sine_000,noisy_sine,21.03333,18.166,0.0,0,0
noisy_sine_000,noisy_sine,21.05,18.166,0.0,0,0
noisy_sine_000,noisy_sine,21.06667,18.166,0.0,0,0
noisy_sine_000,noisy_sine,21.08333,18.166,0.0,0,0
noisy_sine_000,noisy_sine,21.1,18.166,0.0,0,0
noisy_sine_000,noisy_sine,21.11667,18.166,0.0,0,0
noisy_sine_000,noisy_sine,21.13333,18.166,0.0,0,0
noisy_sine_000,noisy_sine,21.15,18.166,0.0,0,0
noisy_sine_000,noisy_sine,21.16667,18.166,0.0,0,0
noisy_sine_000,noisy_sine,21.18333,18.166,0.0,0,0
noisy_sine_000,noisy_sine,21.2,18.166,0.0,0,0
noisy_sine_000,noisy_sine,21.21667,18.166,0.0,0,0
noisy_sine_000,noisy_sine,21.23333,18.166,0.0,0,0
noisy_sine_000,noisy_sine,21.25,18.166,0.0,0,0
noisy_sine_000,noisy_sine,21.26667,18.166,0.0,0,0
noisy_sine_000,noisy_sine,21.28333,18.166,0.0,0,1
noisy_sine_000,noisy_sine,21.3,19.666,90.0,0,0
noisy_sine_000,noisy_sine,21.31667,19.666,0.0,0,1
noisy_sine_000,noisy_sine,21.33333,21.166,90.0,0,0
noisy_sine_000,noisy_sine,21.35,21.166,0.0,0,0
noisy_sine_000,noisy_sine,21.36667,21.166,0.0,0,1
noisy_sine_000,noisy_sine,21.38333,22.666,90.0,0,1
noisy_sine_000,noisy_sine,21.4,24.166,90.0,0,0
noisy_sine_000,noisy_sine,21.41667,24.166,0.0,1,0
noisy_sine_000,noisy_sine,21.43333,22.666,-90.0,0,1
noisy_sine_000,noisy_sine,21.45,24.166,90.0,0,1
noisy_sine_000,noisy_sine,21.46667,25.666,90.0,0,1
noisy_sine_000,noisy_sine,21.48333,27.166,90.0,0,1
noisy_sine_000,noisy_sine,21.5,28.666,90.0,0,1
noisy_sine_000,noisy_sine,21.51667,30.166,90.0,0,1
noisy_sine_000,noisy_sine,21.53333,31.666,90.0,0,1
noisy_sine_000,noisy_sine,21.55,33.166,90.0,0,0
noisy_sine_000,noisy_sine,21.56667,33.166,0.0,0,1
noisy_sine_000,noisy_sine,21.58333,34.666,90.0,0,0
noisy_sine_000,noisy_sine,21.6,34.666,0.0,0,0
noisy_sine_000,noisy_sine,21.61667,34.666,0.0,0,1
noisy_sine_000,noisy_sine,21.63333,36.166,90.0,0,1
noisy_sine_000,noisy_sine,21.65,37.666,90.0,0,1
noisy_sine_000,noisy_sine,21.66667,39.166,90.0,0,1
noisy_sine_000,noisy_sine,21.68333,40.666,90.0,0,1
noisy_sine_000,noisy_sine,21.7,42.166,90.0,0,1
noisy_sine_000,noisy_sine,21.71667,43.666,90.0,0,0
noisy_sine_000,noisy_sine,21.73333,43.666,0.0,0,1
noisy_sine_000,noisy_sine,21.75,45.166,90.0,0,1
noisy_sine_000,noisy_sine,21.76667,46.666,90.0,0,1
noisy_sine_000,noisy_sine,21.78333,48.166,90.0,0,1
noisy_sine_000,noisy_sine,21.8,49.666,90.0,0,1
noisy_sine_000,noisy_sine,21.81667,51.166,90.0,0,1
noisy_sine_000,noisy_sine,21.83333,52.666,90.0,0,0
noisy_sine_000,noisy_sine,21.85,52.666,0.0,0,1
noisy_sine_000,noisy_sine,21.86667,54.166,90.0,0,1
noisy_sine_000,noisy_sine,21.88333,55.666,90.0,0,1
noisy_sine_000,noisy_sine,21.9,57.166,90.0,0,1
noisy_sine_000,noisy_sine,21.91667,58.666,90.0,0,1
noisy_sine_000,noisy_sine,21.93333,60.166,90.0,0,1
noisy_sine_000,noisy_sine,21.95,61.666,90.0,0,1
noisy_sine_000,noisy_sine,21.96667,63.166,90.0,0,1
noisy_sine_000,noisy_sine,21.98333,64.666,90.0,0,1
noisy_sine_000,noisy_sine,22.0,66.166,90.0,0,1
noisy_sine_000,noisy_sine,22.01667,67.666,90.0,0,1
noisy_sine_000,noisy_sine,22.03333,69.166,90.0,0,1
noisy_sine_000,noisy_sine,22.05,70.666,90.0,0,1
noisy_sine_000,noisy_sine,22.06667,72.166,90.0,0,1
noisy_sine_000,noisy_sine,22.08333,73.666,90.0,0,1
noisy_sine_000,noisy_sine,22.1,75.166,90.0,0,1
noisy_sine_000,noisy_sine,22.11667,76.666,90.0,0,1
noisy_sine_000,noisy_sine,22.13333,78.166,90.0,0,1
noisy_sine_000,noisy_sine,22.15,79.666,90.0,0,1
noisy_sine_000,noisy_sine,22.16667,81.166,90.0,0,1
noisy_sine_000,noisy_sine,22.18333,82.666,90.0,0,1
noisy_sine_000,noisy_sine,22.2,84.166,90.0,0,1
noisy_sine_000,noisy_sine,22.21667,85.666,90.0,0,1
noisy_sine_000,noisy_sine,22.23333,87.166,90.0,0,1
noisy_sine_000,noisy_sine,22.25,88.666,90.0,0,1
noisy_sine_000,noisy_sine,22.26667,90.166,90.0,0,1
noisy_sine_000,noisy_sine,22.28333,91.666,90.0,0,1
noisy_sine_000,noisy_sine,22.3,93.166,90.0,0,1
noisy_sine_000,noisy_sine,22.31667,94.666,90.0,0,1
noisy_sine_000,noisy_sine,22.33333,96.166,90.0,0,1
noisy_sine_000,noisy_sine,22.35,97.666,90.0,0,1
noisy_sine_000,noisy_sine,22.36667,99.166,90.0,0,1
noisy_sine_000,noisy_sine,22.38333,100.666,90.0,0,1
noisy_sine_000,noisy_sine,22.4,102.166,90.0,0,1
noisy_sine_000,noisy_sine,22.41667,103.666,90.0,0,1
noisy_sine_000,noisy_sine,22.43333,105.166,90.0,0,1
noisy_sine_000,noisy_sine,22.45,106.666,90.0,0,1
noisy_sine_000,noisy_sine,22.46667,108.166,90.0,0,1
noisy_sine_000,noisy_sine,22.48333,109.666,90.0,0,1
noisy_sine_000,noisy_sine,22.5,111.166,90.0,0,1
noisy_sine_000,noisy_sine,22.51667,112.666,90.0,0,1
noisy_sine_000,noisy_sine,22.53333,114.166,90.0,0,1
noisy_sine_000,noisy_sine,22.55,115.666,90.0,0,1
noisy_sine_000,noisy_sine,22.56667,117.166,90.0,0,1
noisy_sine_000,noisy_sine,22.58333,118.666,90.0,1,0
noisy_sine_000,noisy_sine,22.6,117.166,-90.0,0,1
noisy_sine_000,noisy_sine,22.61667,118.666,90.0,0,1
noisy_sine_000,noisy_sine,22.63333,120.166,90.0,0,1
noisy_sine_000,noisy_sine,22.65,121.666,90.0,0,1
noisy_sine_000,noisy_sine,22.66667,123.166,90.0,0,1
noisy_sine_000,noisy_sine,22.68333,124.666,90.0,0,1
noisy_sine_000,noisy_sine,22.7,126.166,90.0,0,1
noisy_sine_000,noisy_sine,22.71667,127.666,90.0,0,1
noisy_sine_000,noisy_sine,22.73333,129.166,90.0,0,1
noisy_sine_000,noisy_sine,22.75,130.666,90.0,0,1
noisy_sine_000,noisy_sine,22.76667,132.166,90.0,0,1
noisy_sine_000,noisy_sine,22.78333,133.666,90.0,0,1
noisy_sine_000,noisy_sine,22.8,135.166,90.0,0,1
noisy_sine_000,noisy_sine,22.81667,136.666,90.0,0,1
noisy_sine_000,noisy_sine,22.83333,138.166,90.0,0,1
noisy_sine_000,noisy_sine,22.85,139.666,90.0,0,1
noisy_sine_000,noisy_sine,22.86667,141.166,90.0,0,1
noisy_sine_000,noisy_sine,22.88333,142.666,90.0,0,1
noisy_sine_000,noisy_sine,22.9,144.166,90.0,0,1
noisy_sine_000,noisy_sine,22.91667,145.666,90.0,0,1
noisy_sine_000,noisy_sine,22.93333,147.166,90.0,0,1
noisy_sine_000,noisy_sine,22.95,148.666,90.0,0,1
noisy_sine_000,noisy_sine,22.96667,150.166,90.0,0,1
noisy_sine_000,noisy_sine,22.98333,151.666,90.0,0,1
noisy_sine_000,noisy_sine,23.0,153.166,90.0,0,1
noisy_sine_000,noisy_sine,23.01667,154.666,90.0,0,1
noisy_sine_000,noisy_sine,23.03333,156.166,90.0,0,1
noisy_sine_000,noisy_sine,23.05,157.666,90.0,0,1
noisy_sine_000,noisy_sine,23.06667,159.166,90.0,0,1
noisy_sine_000,noisy_sine,23.08333,160.666,90.0,0,1
noisy_sine_000,noisy_sine,23.1,162.166,90.0,0,0
noisy_sine_000,noisy_sine,23.11667,162.166,0.0,0,1
noisy_sine_000,noisy_sine,23.13333,163.666,90.0,0,1
noisy_sine_000,noisy_sine,23.15,165.166,90.0,0,0
noisy_sine_000,noisy_sine,23.16667,165.166,0.0,0,1
noisy_sine_000,noisy_sine,23.18333,166.666,90.0,0,1
noisy_sine_000,noisy_sine,23.2,168.166,90.0,0,0
noisy_sine_000,noisy_sine,23.21667,168.166,0.0,0,1
noisy_sine_000,noisy_sine,23.23333,169.666,90.0,0,1
noisy_sine_000,noisy_sine,23.25,171.166,90.0,0,0
noisy_sine_000,noisy_sine,23.26667,171.166,0.0,0,1
noisy_sine_000,noisy_sine,23.28333,172.666,90.0,0,0
noisy_sine_000,noisy_sine,23.3,172.666,0.0,0,1
noisy_sine_000,noisy_sine,23.31667,174.166,90.0,0,0
noisy_sine_000,noisy_sine,23.33333,174.166,0.0,0,1
noisy_sine_000,noisy_sine,23.35,175.666,90.0,0,0
noisy_sine_000,noisy_sine,23.36667,175.666,0.0,0,1
noisy_sine_000,noisy_sine,23.38333,177.166,90.0,0,0
noisy_sine_000,noisy_sine,23.4,177.166,0.0,0,1
noisy_sine_000,noisy_sine,23.41667,178.666,90.0,0,0
noisy_sine_000,noisy_sine,23.43333,178.666,0.0,1,0
noisy_sine_000,noisy_sine,23.45,177.166,-90.0,0,1
noisy_sine_000,noisy_sine,23.46667,178.666,90.0,0,1
noisy_sine_000,noisy_sine,23.48333,180.166,90.0,0,1
noisy_sine_000,noisy_sine,23.5,181.666,90.0,1,0
noisy_sine_000,noisy_sine,23.51667,180.166,-90.0,0,1
noisy_sine_000,noisy_sine,23.53333,181.666,90.0,0,1
noisy_sine_000,noisy_sine,23.55,183.166,90.0,0,0
noisy_sine_000,noisy_sine,23.56667,183.166,0.0,0,0
noisy_sine_000,noisy_sine,23.58333,183.166,0.0,0,0
noisy_sine_000,noisy_sine,23.6,183.166,0.0,0,0
noisy_sine_000,noisy_sine,23.61667,183.166,0.0,0,1
noisy_sine_000,noisy_sine,23.63333,184.666,90.0,0,0
noisy_sine_000,noisy_sine,23.65,184.666,0.0,0,0
noisy_sine_000,noisy_sine,23.66667,184.666,0.0,0,0
noisy_sine_000,noisy_sine,23.68333,184.666,0.0,0,0
noisy_sine_000,noisy_sine,23.7,184.666,0.0,0,0
noisy_sine_000,noisy_sine,23.71667,184.666,0.0,0,0
noisy_sine_000,noisy_sine,23.73333,184.666,0.0,0,0
noisy_sine_000,noisy_sine,23.75,184.666,0.0,0,1
noisy_sine_000,noisy_sine,23.76667,186.166,90.0,0,0
noisy_sine_000,noisy_sine,23.78333,186.166,0.0,0,0
noisy_sine_000,noisy_sine,23.8,186.166,0.0,0,0
noisy_sine_000,noisy_sine,23.81667,186.166,0.0,0,0
noisy_sine_000,noisy_sine,23.83333,186.166,0.0,0,0
noisy_sine_000,noisy_sine,23.85,186.166,0.0,0,0
noisy_sine_000,noisy_sine,23.86667,186.166,0.0,0,0
noisy_sine_000,noisy_sine,23.88333,186.166,0.0,0,0
noisy_sine_000,noisy_sine,23.9,186.166,0.0,0,0
noisy_sine_000,noisy_sine,23.91667,186.166,0.0,0,0
noisy_sine_000,noisy_sine,23.93333,186.166,0.0,0,0
noisy_sine_000,noisy_sine,23.95,186.166,0.0,0,0
noisy_sine_000,noisy_sine,23.96667,186.166,0.0,0,0
noisy_sine_000,noisy_sine,23.98333,186.166,0.0,0,0
noisy_sine_000,noisy_sine,24.0,186.166,0.0,0,0
noisy_sine_000,noisy_sine,24.01667,186.166,0.0,0,0
noisy_sine_000,noisy_sine,24.03333,186.166,0.0,0,0
noisy_sine_000,noisy_sine,24.05,186.166,0.0,0,0
noisy_sine_000,noisy_sine,24.06667,186.166,0.0,0,0
noisy_sine_000,noisy_sine,24.08333,186.166,0.0,0,0
noisy_sine_000,noisy_sine,24.1,186.166,0.0,0,0
noisy_sine_000,noisy_sine,24.11667,186.166,0.0,0,0
noisy_sine_000,noisy_sine,24.13333,186.166,0.0,0,0
noisy_sine_000,noisy_sine,24.15,186.166,0.0,1,0
noisy_sine_000,noisy_sine,24.16667,184.666,-90.0,0,1
noisy_sine_000,noisy_sine,24.18333,186.166,90.0,1,0
noisy_sine_000,noisy_sine,24.2,184.666,-90.0,1,0
noisy_sine_000,noisy_sine,24.21667,183.166,-90.0,1,0
noisy_sine_000,noisy_sine,24.23333,181.666,-90.0,0,0
noisy_sine_000,noisy_sine,24.25,181.666,0.0,0,0
noisy_sine_000,noisy_sine,24.26667,181.666,0.0,1,0
noisy_sine_000,noisy_sine,24.28333,180.166,-90.0,1,0
noisy_sine_000,noisy_sine,24.3,178.666,-90.0,0,0
noisy_sine_000,noisy_sine,24.31667,178.666,0.0,1,0
noisy_sine_000,noisy_sine,24.33333,177.166,-90.0,0,0
noisy_sine_000,noisy_sine,24.35,177.166,0.0,1,0
noisy_sine_000,noisy_sine,24.36667,175.666,-90.0,0,0
noisy_sine_000,noisy_sine,24.38333,175.666,0.0,1,0
noisy_sine_000,noisy_sine,24.4,174.166,-90.0,1,0
noisy_sine_000,noisy_sine,24.41667,172.666,-90.0,0,0
noisy_sine_000,noisy_sine,24.43333,172.666,0.0,1,0
noisy_sine_000,noisy_sine,24.45,171.166,-90.0,1,0
noisy_sine_000,noisy_sine,24.46667,169.666,-90.0,0,0
noisy_sine_000,noisy_sine,24.48333,169.666,0.0,1,0
noisy_sine_000,noisy_sine,24.5,168.166,-90.0,1,0
noisy_sine_000,noisy_sine,24.51667,166.666,-90.0,1,0
noisy_sine_000,noisy_sine,24.53333,165.166,-90.0,0,0
noisy_sine_000,noisy_sine,24.55,165.166,0.0,1,0
noisy_sine_000,noisy_sine,24.56667,163.666,-90.0,1,0
noisy_sine_000,noisy_sine,24.58333,162.166,-90.0,1,0
noisy_sine_000,noisy_sine,24.6,160.666,-90.0,1,0
noisy_sine_000,noisy_sine,24.61667,159.166,-90.0,0,0
noisy_sine_000,noisy_sine,24.63333,159.166,0.0,1,0
noisy_sine_000,noisy_sine,24.65,157.666,-90.0,1,0
noisy_sine_000,noisy_sine,24.66667,156.166,-90.0,1,0
noisy_sine_000,noisy_sine,24.68333,154.666,-90.0,1,0
noisy_sine_000,noisy_sine,24.7,153.166,-90.0,1,0
noisy_sine_000,noisy_sine,24.71667,151.666,-90.0,1,0
noisy_sine_000,noisy_sine,24.73333,150.166,-90.0,1,0
noisy_sine_000,noisy_sine,24.75,148.666,-90.0,0,0
noisy_sine_000,noisy_sine,24.76667,148.666,0.0,1,0
noisy_sine_000,noisy_sine,24.78333,147.166,-90.0,1,0
noisy_sine_000,noisy_sine,24.8,145.666,-90.0,1,0
noisy_sine_000,noisy_sine,24.81667,144.166,-90.0,1,0
noisy_sine_000,noisy_sine,24.83333,142.666,-90.0,1,0
noisy_sine_000,noisy_sine,24.85,141.166,-90.0,1,0
noisy_sine_000,noisy_sine,24.86667,139.666,-90.0,1,0
noisy_sine_000,noisy_sine,24.88333,138.166,-90.0,0,1
noisy_sine_000,noisy_sine,24.9,139.666,90.0,1,0
noisy_sine_000,noisy_sine,24.91667,138.166,-90.0,1,0
noisy_sine_000,noisy_sine,24.93333,136.666,-90.0,1,0
noisy_sine_000,noisy_sine,24.95,135.166,-90.0,1,0
noisy_sine_000,noisy_sine,24.96667,133.666,-90.0,1,0
noisy_sine_000,noisy_sine,24.98333,132.166,-90.0,1,0
noisy_sine_000,noisy_sine,25.0,130.666,-90.0,1,0
noisy_sine_000,noisy_sine,25.01667,129.166,-90.0,1,0
noisy_sine_000,noisy_sine,25.03333,127.666,-90.0,1,0
noisy_sine_000,noisy_sine,25.05,126.166,-90.0,1,0
noisy_sine_000,noisy_sine,25.06667,124.666,-90.0,1,0
noisy_sine_000,noisy_sine,25.08333,123.166,-90.0,1,0
noisy_sine_000,noisy_sine,25.1,121.666,-90.0,1,0
noisy_sine_000,noisy_sine,25.11667,120.166,-90.0,1,0
noisy_sine_000,noisy_sine,25.13333,118.666,-90.0,1,0
noisy_sine_000,noisy_sine,25.15,117.166,-90.0,1,0
noisy_sine_000,noisy_sine,25.16667,115.666,-90.0,1,0
noisy_sine_000,noisy_sine,25.18333,114.166,-90.0,1,0
noisy_sine_000,noisy_sine,25.2,112.666,-90.0,1,0
noisy_sine_000,noisy_sine,25.21667,111.166,-90.0,1,0
noisy_sine_000,noisy_sine,25.23333,109.666,-90.0,1,0
noisy_sine_000,noisy_sine,25.25,108.166,-90.0,1,0
noisy_sine_000,noisy_sine,25.26667,106.666,-90.0,1,0
noisy_sine_000,noisy_sine,25.28333,105.166,-90.0,1,0
noisy_sine_000,noisy_sine,25.3,103.666,-90.0,1,0
noisy_sine_000,noisy_sine,25.31667,102.166,-90.0,1,0
noisy_sine_000,noisy_sine,25.33333,100.666,-90.0,1,0
noisy_sine_000,noisy_sine,25.35,99.166,-90.0,1,0
noisy_sine_000,noisy_sine,25.36667,97.666,-90.0,1,0
noisy_sine_000,noisy_sine,25.38333,96.166,-90.0,1,0
noisy_sine_000,noisy_sine,25.4,94.666,-90.0,1,0
noisy_sine_000,noisy_sine,25.41667,93.166,-90.0,1,0
noisy_sine_000,noisy_sine,25.43333,91.666,-90.0,1,0
noisy_sine_000,noisy_sine,25.45,90.166,-90.0,1,0
noisy_sine_000,noisy_sine,25.46667,88.666,-90.0,1,0
noisy_sine_000,noisy_sine,25.48333,87.166,-90.0,1,0
noisy_sine_000,noisy_sine,25.5,85.666,-90.0,1,0
noisy_sine_000,noisy_sine,25.51667,84.166,-90.0,1,0
noisy_sine_000,noisy_sine,25.53333,82.666,-90.0,1,0
noisy_sine_000,noisy_sine,25.55,81.166,-90.0,1,0
noisy_sine_000,noisy_sine,25.56667,79.666,-90.0,1,0
noisy_sine_000,noisy_sine,25.58333,78.166,-90.0,0,1
noisy_sine_000,noisy_sine,25.6,79.666,90.0,1,0
noisy_sine_000,noisy_sine,25.61667,78.166,-90.0,1,0
noisy_sine_000,noisy_sine,25.63333,76.666,-90.0,1,0
noisy_sine_000,noisy_sine,25.65,75.166,-90.0,1,0
noisy_sine_000,noisy_sine,25.66667,73.666,-90.0,1,0
noisy_sine_000,noisy_sine,25.68333,72.166,-90.0,1,0
noisy_sine_000,noisy_sine,25.7,70.666,-90.0,1,0
noisy_sine_000,noisy_sine,25.71667,69.166,-90.0,1,0
noisy_sine_000,noisy_sine,25.73333,67.666,-90.0,1,0
noisy_sine_000,noisy_sine,25.75,66.166,-90.0,1,0
noisy_sine_000,noisy_sine,25.76667,64.666,-90.0,1,0
noisy_sine_000,noisy_sine,25.78333,63.166,-90.0,1,0
noisy_sine_000,noisy_sine,25.8,61.666,-90.0,1,0
noisy_sine_000,noisy_sine,25.81667,60.166,-90.0,1,0
noisy_sine_000,noisy_sine,25.83333,58.666,-90.0,1,0
noisy_sine_000,noisy_sine,25.85,57.166,-90.0,1,0
noisy_sine_000,noisy_sine,25.86667,55.666,-90.0,1,0
noisy_sine_000,noisy_sine,25.88333,54.166,-90.0,1,0
noisy_sine_000,noisy_sine,25.9,52.666,-90.0,1,0
noisy_sine_000,noisy_sine,25.91667,51.166,-90.0,1,0
noisy_sine_000,noisy_sine,25.93333,49.666,-90.0,1,0
noisy_sine_000,noisy_sine,25.95,48.166,-90.0,1,0
noisy_sine_000,noisy_sine,25.96667,46.666,-90.0,1,0
noisy_sine_000,noisy_sine,25.98333,45.166,-90.0,1,0
noisy_sine_000,noisy_sine,26.0,43.666,-90.0,1,0
noisy_sine_000,noisy_sine,26.01667,42.166,-90.0,1,0
noisy_sine_000,noisy_sine,26.03333,40.666,-90.0,1,0
noisy_sine_000,noisy_sine,26.05,39.166,-90.0,1,0
noisy_sine_000,noisy_sine,26.06667,37.666,-90.0,1,0
noisy_sine_000,noisy_sine,26.08333,36.166,-90.0,1,0
noisy_sine_000,noisy_sine,26.1,34.666,-90.0,0,0
noisy_sine_000,noisy_sine,26.11667,34.666,0.0,1,0
noisy_sine_000,noisy_sine,26.13333,33.166,-90.0,0,0
noisy_sine_000,noisy_sine,26.15,33.166,0.0,1,0
noisy_sine_000,noisy_sine,26.16667,31.666,-90.0,1,0
noisy_sine_000,noisy_sine,26.18333,30.166,-90.0,0,0
noisy_sine_000,noisy_sine,26.2,30.166,0.0,1,0
noisy_sine_000,noisy_sine,26.21667,28.666,-90.0,0,0
noisy_sine_000,noisy_sine,26.23333,28.666,0.0,1,0
noisy_sine_000,noisy_sine,26.25,27.166,-90.0,0,0
noisy_sine_000,noisy_sine,26.26667,27.166,0.0,0,0
noisy_sine_000,noisy_sine,26.28333,27.166,0.0,1,0
noisy_sine_000,noisy_sine,26.3,25.666,-90.0,0,0
noisy_sine_000,noisy_sine,26.31667,25.666,0.0,1,0
noisy_sine_000,noisy_sine,26.33333,24.166,-90.0,0,0
noisy_sine_000,noisy_sine,26.35,24.166,0.0,0,0
noisy_sine_000,noisy_sine,26.36667,24.166,0.0,1,0
noisy_sine_000,noisy_sine,26.38333,22.666,-90.0,0,0
noisy_sine_000,noisy_sine,26.4,22.666,0.0,0,0
noisy_sine_000,noisy_sine,26.41667,22.666,0.0,1,0
noisy_sine_000,noisy_sine,26.43333,21.166,-90.0,0,0
noisy_sine_000,noisy_sine,26.45,21.166,0.0,0,0
noisy_sine_000,noisy_sine,26.46667,21.166,0.0,0,0
noisy_sine_000,noisy_sine,26.48333,21.166,0.0,1,0
noisy_sine_000,noisy_sine,26.5,19.666,-90.0,0,0
noisy_sine_000,noisy_sine,26.51667,19.666,0.0,0,0
noisy_sine_000,noisy_sine,26.53333,19.666,0.0,0,0
noisy_sine_000,noisy_sine,26.55,19.666,0.0,0,0
noisy_sine_000,noisy_sine,26.56667,19.666,0.0,0,0
noisy_sine_000,noisy_sine,26.58333,19.666,0.0,1,0
noisy_sine_000,noisy_sine,26.6,18.166,-90.0,0,0
noisy_sine_000,noisy_sine,26.61667,18.166,0.0,0,0
noisy_sine_000,noisy_sine,26.63333,18.166,0.0,0,0
noisy_sine_000,noisy_sine,26.65,18.166,0.0,0,0
noisy_sine_000,noisy_sine,26.66667,18.166,0.0,0,0
noisy_sine_000,noisy_sine,26.68333,18.166,0.0,0,0
noisy_sine_000,noisy_sine,26.7,18.166,0.0,0,0
noisy_sine_000,noisy_sine,26.71667,18.166,0.0,0,0
noisy_sine_000,noisy_sine,26.73333,18.166,0.0,0,0
noisy_sine_000,noisy_sine,26.75,18.166,0.0,0,0
noisy_sine_000,noisy_sine,26.76667,18.166,0.0,0,0
noisy_sine_000,noisy_sine,26.78333,18.166,0.0,0,0
noisy_sine_000,noisy_sine,26.8,18.166,0.0,0,0
noisy_sine_000,noisy_sine,26.81667,18.166,0.0,0,0
noisy_sine_000,noisy_sine,26.83333,18.166,0.0,0,0
noisy_sine_000,noisy_sine,26.85,18.166,0.0,0,0
noisy_sine_000,noisy_sine,26.86667,18.166,0.0,0,0
noisy_sine_000,noisy_sine,26.88333,18.166,0.0,0,0
noisy_sine_000,noisy_sine,26.9,18.166,0.0,0,0
noisy_sine_000,noisy_sine,26.91667,18.166,0.0,0,0
noisy_sine_000,noisy_sine,26.93333,18.166,0.0,0,0
noisy_sine_000,noisy_sine,26.95,18.166,0.0,0,0
noisy_sine_000,noisy_sine,26.96667,18.166,0.0,0,0
noisy_sine_000,noisy_sine,26.98333,18.166,0.0,0,0
noisy_sine_000,noisy_sine,27.0,18.166,0.0,0,0
noisy_sine_000,noisy_sine,27.01667,18.166,0.0,0,0
noisy_sine_000,noisy_sine,27.03333,18.166,0.0,0,0
noisy_sine_000,noisy_sine,27.05,18.166,0.0,0,1
noisy_sine_000,noisy_sine,27.06667,19.666,90.0,0,0
noisy_sine_000,noisy_sine,27.08333,19.666,0.0,0,1
noisy_sine_000,noisy_sine,27.1,21.166,90.0,0,0
noisy_sine_000,noisy_sine,27.11667,21.166,0.0,0,1
noisy_sine_000,noisy_sine,27.13333,22.666,90.0,0,1
noisy_sine_000,noisy_sine,27.15,24.166,90.0,0,0
noisy_sine_000,noisy_sine,27.16667,24.166,0.0,0,0
noisy_sine_000,noisy_sine,27.18333,24.166,0.0,0,1
noisy_sine_000,noisy_sine,27.2,25.666,90.0,0,0
noisy_sine_000,noisy_sine,27.21667,25.666,0.0,0,1
noisy_sine_000,noisy_sine,27.23333,27.166,90.0,0,1
noisy_sine_000,noisy_sine,27.25,28.666,90.0,0,0
noisy_sine_000,noisy_sine,27.26667,28.666,0.0,0,1
noisy_sine_000,noisy_sine,27.28333,30.166,90.0,0,1
noisy_sine_000,noisy_sine,27.3,31.666,90.0,0,0
noisy_sine_000,noisy_sine,27.31667,31.666,0.0,0,1
noisy_sine_000,noisy_sine,27.33333,33.166,90.0,0,1
noisy_sine_000,noisy_sine,27.35,34.666,90.0,0,0
noisy_sine_000,noisy_sine,27.36667,34.666,0.0,0,1
noisy_sine_000,noisy_sine,27.38333,36.166,90.0,0,1
noisy_sine_000,noisy_sine,27.4,37.666,90.0,0,0
noisy_sine_000,noisy_sine,27.41667,37.666,0.0,0,1
noisy_sine_000,noisy_sine,27.43333,39.166,90.0,0,1
noisy_sine_000,noisy_sine,27.45,40.666,90.0,0,1
noisy_sine_000,noisy_sine,27.46667,42.166,90.0,0,1
noisy_sine_000,noisy_sine,27.48333,43.666,90.0,0,0
noisy_sine_000,noisy_sine,27.5,43.666,0.0,0,1
noisy_sine_000,noisy_sine,27.51667,45.166,90.0,0,1
noisy_sine_000,noisy_sine,27.53333,46.666,90.0,0,1
noisy_sine_000,noisy_sine,27.55,48.166,90.0,0,1
noisy_sine_000,noisy_sine,27.56667,49.666,90.0,0,1
noisy_sine_000,noisy_sine,27.58333,51.166,90.0,0,0
noisy_sine_000,noisy_sine,27.6,51.166,0.0,0,1
noisy_sine_000,noisy_sine,27.61667,52.666,90.0,0,1
noisy_sine_000,noisy_sine,27.63333,54.166,90.0,0,1
noisy_sine_000,noisy_sine,27.65,55.666,90.0,0,1
noisy_sine_000,noisy_sine,27.66667,57.166,90.0,0,1
noisy_sine_000,noisy_sine,27.68333,58.666,90.0,0,1
noisy_sine_000,noisy_sine,27.7,60.166,90.0,0,1
noisy_sine_000,noisy_sine,27.71667,61.666,90.0,0,1
noisy_sine_000,noisy_sine,27.73333,63.166,90.0,0,1
noisy_sine_000,noisy_sine,27.75,64.666,90.0,0,1
noisy_sine_000,noisy_sine,27.76667,66.166,90.0,0,1
noisy_sine_000,noisy_sine,27.78333,67.666,90.0,0,1
noisy_sine_000,noisy_sine,27.8,69.166,90.0,0,1
noisy_sine_000,noisy_sine,27.81667,70.666,90.0,0,1
noisy_sine_000,noisy_sine,27.83333,72.166,90.0,0,1
noisy_sine_000,noisy_sine,27.85,73.666,90.0,0,1
noisy_sine_000,noisy_sine,27.86667,75.166,90.0,0,0
noisy_sine_000,noisy_sine,27.88333,75.166,0.0,0,1
noisy_sine_000,noisy_sine,27.9,76.666,90.0,0,1
noisy_sine_000,noisy_sine,27.91667,78.166,90.0,0,1
noisy_sine_000,noisy_sine,27.93333,79.666,90.0,1,0
noisy_sine_000,noisy_sine,27.95,78.166,-90.0,0,1
noisy_sine_000,noisy_sine,27.96667,79.666,90.0,0,1
noisy_sine_000,noisy_sine,27.98333,81.166,90.0,0,1
noisy_sine_000,noisy_sine,28.0,82.666,90.0,0,1
noisy_sine_000,noisy_sine,28.01667,84.166,90.0,0,1
noisy_sine_000,noisy_sine,28.03333,85.666,90.0,0,1
noisy_sine_000,noisy_sine,28.05,87.166,90.0,0,1
noisy_sine_000,noisy_sine,28.06667,88.666,90.0,0,1
noisy_sine_000,noisy_sine,28.08333,90.166,90.0,0,1
noisy_sine_000,noisy_sine,28.1,91.666,90.0,0,1
noisy_sine_000,noisy_sine,28.11667,93.166,90.0,0,1
noisy_sine_000,noisy_sine,28.13333,94.666,90.0,0,1
noisy_sine_000,noisy_sine,28.15,96.166,90.0,0,1
noisy_sine_000,noisy_sine,28.16667,97.666,90.0,0,1
noisy_sine_000,noisy_sine,28.18333,99.166,90.0,0,1
noisy_sine_000,noisy_sine,28.2,100.666,90.0,0,1
noisy_sine_000,noisy_sine,28.21667,102.166,90.0,0,1
noisy_sine_000,noisy_sine,28.23333,103.666,90.0,0,1
noisy_sine_000,noisy_sine,28.25,105.166,90.0,0,1
noisy_sine_000,noisy_sine,28.26667,106.666,90.0,0,1
noisy_sine_000,noisy_sine,28.28333,108.166,90.0,0,1
noisy_sine_000,noisy_sine,28.3,109.666,90.0,0,1
noisy_sine_000,noisy_sine,28.31667,111.166,90.0,0,1
noisy_sine_000,noisy_sine,28.33333,112.666,90.0,0,1
noisy_sine_000,noisy_sine,28.35,114.166,90.0,0,1
noisy_sine_000,noisy_sine,28.36667,115.666,90.0,0,1
noisy_sine_000,noisy_sine,28.38333,117.166,90.0,0,1
noisy_sine_000,noisy_sine,28.4,118.666,90.0,0,1
noisy_sine_000,noisy_sine,28.41667,120.166,90.0,0,1
noisy_sine_000,noisy_sine,28.43333,121.666,90.0,0,1
noisy_sine_000,noisy_sine,28.45,123.166,90.0,0,1
noisy_sine_000,noisy_sine,28.46667,124.666,90.0,0,1
noisy_sine_000,noisy_sine,28.48333,126.166,90.0,0,1
noisy_sine_000,noisy_sine,28.5,127.666,90.0,0,1
noisy_sine_000,noisy_sine,28.51667,129.166,90.0,0,1
noisy_sine_000,noisy_sine,28.53333,130.666,90.0,0,1
noisy_sine_000,noisy_sine,28.55,132.166,90.0,0,1
noisy_sine_000,noisy_sine,28.56667,133.666,90.0,0,1
noisy_sine_000,noisy_sine,28.58333,135.166,90.0,0,1
noisy_sine_000,noisy_sine,28.6,136.666,90.0,0,1
noisy_sine_000,noisy_sine,28.61667,138.166,90.0,0,1
noisy_sine_000,noisy_sine,28.63333,139.666,90.0,0,1
noisy_sine_000,noisy_sine,28.65,141.166,90.0,0,1
noisy_sine_000,noisy_sine,28.66667,142.666,90.0,0,1
noisy_sine_000,noisy_sine,28.68333,144.166,90.0,0,1
noisy_sine_000,noisy_sine,28.7,145.666,90.0,0,1
noisy_sine_000,noisy_sine,28.71667,147.166,90.0,0,1
noisy_sine_000,noisy_sine,28.73333,148.666,90.0,0,1
noisy_sine_000,noisy_sine,28.75,150.166,90.0,0,1
noisy_sine_000,noisy_sine,28.76667,151.666,90.0,0,1
noisy_sine_000,noisy_sine,28.78333,153.166,90.0,0,1
noisy_sine_000,noisy_sine,28.8,154.666,90.0,0,1
noisy_sine_000,noisy_sine,28.81667,156.166,90.0,0,1
noisy_sine_000,noisy_sine,28.83333,157.666,90.0,0,1
noisy_sine_000,noisy_sine,28.85,159.166,90.0,0,1
noisy_sine_000,noisy_sine,28.86667,160.666,90.0,0,1
noisy_sine_000,noisy_sine,28.88333,162.166,90.0,0,1
noisy_sine_000,noisy_sine,28.9,163.666,90.0,0,1
noisy_sine_000,noisy_sine,28.91667,165.166,90.0,1,0
noisy_sine_000,noisy_sine,28.93333,163.666,-90.0,0,1
noisy_sine_000,noisy_sine,28.95,165.166,90.0,0,1
noisy_sine_000,noisy_sine,28.96667,166.666,90.0,0,1
noisy_sine_000,noisy_sine,28.98333,168.166,90.0,0,1
noisy_sine_000,noisy_sine,29.0,169.666,90.0,0,1
noisy_sine_000,noisy_sine,29.01667,171.166,90.0,0,0
noisy_sine_000,noisy_sine,29.03333,171.166,0.0,0,1
noisy_sine_000,noisy_sine,29.05,172.666,90.0,0,0
noisy_sine_000,noisy_sine,29.06667,172.666,0.0,0,1
noisy_sine_000,noisy_sine,29.08333,174.166,90.0,0,0
noisy_sine_000,noisy_sine,29.1,174.166,0.0,0,1
noisy_sine_000,noisy_sine,29.11667,175.666,90.0,0,0
noisy_sine_000,noisy_sine,29.13333,175.666,0.0,0,0
noisy_sine_000,noisy_sine,29.15,175.666,0.0,0,1
noisy_sine_000,noisy_sine,29.16667,177.166,90.0,0,1
noisy_sine_000,noisy_sine,29.18333,178.666,90.0,0,0
noisy_sine_000,noisy_sine,29.2,178.666,0.0,0,0
noisy_sine_000,noisy_sine,29.21667,178.666,0.0,0,1
noisy_sine_000,noisy_sine,29.23333,180.166,90.0,0,0
noisy_sine_000,noisy_sine,29.25,180.166,0.0,0,1
noisy_sine_000,noisy_sine,29.26667,181.666,90.0,0,1
noisy_sine_000,noisy_sine,29.28333,183.166,90.0,0,0
noisy_sine_000,noisy_sine,29.3,183.166,0.0,0,0
noisy_sine_000,noisy_sine,29.31667,183.166,0.0,0,0
noisy_sine_000,noisy_sine,29.33333,183.166,0.0,0,0
noisy_sine_000,noisy_sine,29.35,183.166,0.0,0,0
noisy_sine_000,noisy_sine,29.36667,183.166,0.0,0,0
noisy_sine_000,noisy_sine,29.38333,183.166,0.0,0,1
noisy_sine_000,noisy_sine,29.4,184.666,90.0,0,0
noisy_sine_000,noisy_sine,29.41667,184.666,0.0,0,0
noisy_sine_000,noisy_sine,29.43333,184.666,0.0,0,0
noisy_sine_000,noisy_sine,29.45,184.666,0.0,0,0
noisy_sine_000,noisy_sine,29.46667,184.666,0.0,0,0
noisy_sine_000,noisy_sine,29.48333,184.666,0.0,0,0
noisy_sine_000,noisy_sine,29.5,184.666,0.0,0,1
noisy_sine_000,noisy_sine,29.51667,186.166,90.0,0,0
noisy_sine_000,noisy_sine,29.53333,186.166,0.0,0,1
noisy_sine_000,noisy_sine,29.55,187.666,90.0,0,0
noisy_sine_000,noisy_sine,29.56667,187.666,0.0,0,0
noisy_sine_000,noisy_sine,29.58333,187.666,0.0,0,0
noisy_sine_000,noisy_sine,29.6,187.666,0.0,0,0
noisy_sine_000,noisy_sine,29.61667,187.666,0.0,0,0
noisy_sine_000,noisy_sine,29.63333,187.666,0.0,0,0
noisy_sine_000,noisy_sine,29.65,187.666,0.0,0,0
noisy_sine_000,noisy_sine,29.66667,187.666,0.0,0,0
noisy_sine_000,noisy_sine,29.68333,187.666,0.0,0,0
noisy_sine_000,noisy_sine,29.7,187.666,0.0,0,0
noisy_sine_000,noisy_sine,29.71667,187.666,0.0,0,0
noisy_sine_000,noisy_sine,29.73333,187.666,0.0,0,0
noisy_sine_000,noisy_sine,29.75,187.666,0.0,0,0
noisy_sine_000,noisy_sine,29.76667,187.666,0.0,0,1
noisy_sine_000,noisy_sine,29.78333,189.166,90.0,0,0
noisy_sine_000,noisy_sine,29.8,189.166,0.0,0,0
noisy_sine_000,noisy_sine,29.81667,189.166,0.0,1,0
noisy_sine_000,noisy_sine,29.83333,187.666,-90.0,0,0
noisy_sine_000,noisy_sine,29.85,187.666,0.0,0,0
noisy_sine_000,noisy_sine,29.86667,187.666,0.0,1,0
noisy_sine_000,noisy_sine,29.88333,186.166,-90.0,0,0
noisy_sine_000,noisy_sine,29.9,186.166,0.0,0,0
noisy_sine_000,noisy_sine,29.91667,186.166,0.0,1,0
noisy_sine_000,noisy_sine,29.93333,184.666,-90.0,0,0
noisy_sine_000,noisy_sine,29.95,184.666,0.0,1,0
noisy_sine_000,noisy_sine,29.96667,183.166,-90.0,0,0
noisy_sine_000,noisy_sine,29.98333,183.166,0.0,0,0
noisy_sine_000,noisy_sine,30.0,183.166,0.0,1,0
noisy_sine_000,noisy_sine,30.01667,181.666,-90.0,0,0
noisy_sine_000,noisy_sine,30.03333,181.666,0.0,1,0
noisy_sine_000,noisy_sine,30.05,180.166,-90.0,1,0
noisy_sine_000,noisy_sine,30.06667,178.666,-90.0,0,0
noisy_sine_000,noisy_sine,30.08333,178.666,0.0,1,0
noisy_sine_000,noisy_sine,30.1,177.166,-90.0,0,0
noisy_sine_000,noisy_sine,30.11667,177.166,0.0,1,0
noisy_sine_000,noisy_sine,30.13333,175.666,-90.0,0,0
noisy_sine_000,noisy_sine,30.15,175.666,0.0,0,0
noisy_sine_000,noisy_sine,30.16667,175.666,0.0,1,0
noisy_sine_000,noisy_sine,30.18333,174.166,-90.0,1,0
noisy_sine_000,noisy_sine,30.2,172.666,-90.0,1,0
noisy_sine_000,noisy_sine,30.21667,171.166,-90.0,1,0
noisy_sine_000,noisy_sine,30.23333,169.666,-90.0,0,0
noisy_sine_000,noisy_sine,30.25,169.666,0.0,1,0
noisy_sine_000,noisy_sine,30.26667,168.166,-90.0,1,0
noisy_sine_000,noisy_sine,30.28333,166.666,-90.0,1,0
noisy_sine_000,noisy_sine,30.3,165.166,-90.0,0,0
noisy_sine_000,noisy_sine,30.31667,165.166,0.0,1,0
noisy_sine_000,noisy_sine,30.33333,163.666,-90.0,1,0
noisy_sine_000,noisy_sine,30.35,162.166,-90.0,1,0
noisy_sine_000,noisy_sine,30.36667,160.666,-90.0,1,0
noisy_sine_000,noisy_sine,30.38333,159.166,-90.0,0,0
noisy_sine_000,noisy_sine,30.4,159.166,0.0,1,0
noisy_sine_000,noisy_sine,30.41667,157.666,-90.0,1,0
noisy_sine_000,noisy_sine,30.43333,156.166,-90.0,1,0
noisy_sine_000,noisy_sine,30.45,154.666,-90.0,1,0
noisy_sine_000,noisy_sine,30.46667,153.166,-90.0,0,0
noisy_sine_000,noisy_sine,30.48333,153.166,0.0,1,0
noisy_sine_000,noisy_sine,30.5,151.666,-90.0,1,0
noisy_sine_000,noisy_sine,30.51667,150.166,-90.0,1,0
noisy_sine_000,noisy_sine,30.53333,148.666,-90.0,1,0
noisy_sine_000,noisy_sine,30.55,147.166,-90.0,1,0
noisy_sine_000,noisy_sine,30.56667,145.666,-90.0,0,1
noisy_sine_000,noisy_sine,30.58333,147.166,90.0,1,0
noisy_sine_000,noisy_sine,30.6,145.666,-90.0,1,0
noisy_sine_000,noisy_sine,30.61667,144.166,-90.0,1,0
noisy_sine_000,noisy_sine,30.63333,142.666,-90.0,1,0
noisy_sine_000,noisy_sine,30.65,141.166,-90.0,1,0
noisy_sine_000,noisy_sine,30.66667,139.666,-90.0,1,0
noisy_sine_000,noisy_sine,30.68333,138.166,-90.0,1,0
noisy_sine_000,noisy_sine,30.7,136.666,-90.0,1,0
noisy_sine_000,noisy_sine,30.71667,135.166,-90.0,1,0
noisy_sine_000,noisy_sine,30.73333,133.666,-90.0,1,0
noisy_sine_000,noisy_sine,30.75,132.166,-90.0,1,0
noisy_sine_000,noisy_sine,30.76667,130.666,-90.0,1,0
noisy_sine_000,noisy_sine,30.78333,129.166,-90.0,1,0
noisy_sine_000,noisy_sine,30.8,127.666,-90.0,1,0
noisy_sine_000,noisy_sine,30.81667,126.166,-90.0,1,0
noisy_sine_000,noisy_sine,30.83333,124.666,-90.0,1,0
noisy_sine_000,noisy_sine,30.85,123.166,-90.0,1,0
noisy_sine_000,noisy_sine,30.86667,121.666,-90.0,1,0
noisy_sine_000,noisy_sine,30.88333,120.166,-90.0,0,1
noisy_sine_000,noisy_sine,30.9,121.666,90.0,1,0
noisy_sine_000,noisy_sine,30.91667,120.166,-90.0,1,0
noisy_sine_000,noisy_sine,30.93333,118.666,-90.0,1,0
noisy_sine_000,noisy_sine,30.95,117.166,-90.0,1,0
noisy_sine_000,noisy_sine,30.96667,115.666,-90.0,0,1
noisy_sine_000,noisy_sine,30.98333,117.166,90.0,1,0
noisy_sine_000,noisy_sine,31.0,115.666,-90.0,1,0
noisy_sine_000,noisy_sine,31.01667,114.166,-90.0,1,0
noisy_sine_000,noisy_sine,31.03333,112.666,-90.0,1,0
noisy_sine_000,noisy_sine,31.05,111.166,-90.0,1,0
noisy_sine_000,noisy_sine,31.06667,109.666,-90.0,1,0
noisy_sine_000,noisy_sine,31.08333,108.166,-90.0,1,0
noisy_sine_000,noisy_sine,31.1,106.666,-90.0,1,0
noisy_sine_000,noisy_sine,31.11667,105.166,-90.0,1,0
noisy_sine_000,noisy_sine,31.13333,103.666,-90.0,1,0
noisy_sine_000,noisy_sine,31.15,102.166,-90.0,1,0
noisy_sine_000,noisy_sine,31.16667,100.666,-90.0,1,0
noisy_sine_000,noisy_sine,31.18333,99.166,-90.0,1,0
noisy_sine_000,noisy_sine,31.2,97.666,-90.0,1,0
noisy_sine_000,noisy_sine,31.21667,96.166,-90.0,1,0
noisy_sine_000,noisy_sine,31.23333,94.666,-90.0,1,0
noisy_sine_000,noisy_sine,31.25,93.166,-90.0,1,0
noisy_sine_000,noisy_sine,31.26667,91.666,-90.0,0,0
noisy_sine_000,noisy_sine,31.28333,91.666,0.0,1,0
noisy_sine_000,noisy_sine,31.3,90.166,-90.0,1,0
noisy_sine_000,noisy_sine,31.31667,88.666,-90.0,1,0
noisy_sine_000,noisy_sine,31.33333,87.166,-90.0,1,0
noisy_sine_000,noisy_sine,31.35,85.666,-90.0,1,0
noisy_sine_000,noisy_sine,31.36667,84.166,-90.0,1,0
noisy_sine_000,noisy_sine,31.38333,82.666,-90.0,1,0
noisy_sine_000,noisy_sine,31.4,81.166,-90.0,1,0
noisy_sine_000,noisy_sine,31.41667,79.666,-90.0,1,0
noisy_sine_000,noisy_sine,31.43333,78.166,-90.0,1,0
noisy_sine_000,noisy_sine,31.45,76.666,-90.0,1,0
noisy_sine_000,noisy_sine,31.46667,75.166,-90.0,1,0
noisy_sine_000,noisy_sine,31.48333,73.666,-90.0,1,0
noisy_sine_000,noisy_sine,31.5,72.166,-90.0,1,0
noisy_sine_000,noisy_sine,31.51667,70.666,-90.0,1,0
noisy_sine_000,noisy_sine,31.53333,69.166,-90.0,1,0
noisy_sine_000,noisy_sine,31.55,67.666,-90.0,1,0
noisy_sine_000,noisy_sine,31.56667,66.166,-90.0,1,0
noisy_sine_000,noisy_sine,31.58333,64.666,-90.0,1,0
noisy_sine_000,noisy_sine,31.6,63.166,-90.0,1,0
noisy_sine_000,noisy_sine,31.61667,61.666,-90.0,1,0
noisy_sine_000,noisy_sine,31.63333,60.166,-90.0,1,0
noisy_sine_000,noisy_sine,31.65,58.666,-90.0,0,0
noisy_sine_000,noisy_sine,31.66667,58.666,0.0,1,0
noisy_sine_000,noisy_sine,31.68333,57.166,-90.0,1,0
noisy_sine_000,noisy_sine,31.7,55.666,-90.0,1,0
noisy_sine_000,noisy_sine,31.71667,54.166,-90.0,1,0
noisy_sine_000,noisy_sine,31.73333,52.666,-90.0,1,0
noisy_sine_000,noisy_sine,31.75,51.166,-90.0,1,0
noisy_sine_000,noisy_sine,31.76667,49.666,-90.0,1,0
noisy_sine_000,noisy_sine,31.78333,48.166,-90.0,1,0
noisy_sine_000,noisy_sine,31.8,46.666,-90.0,1,0
noisy_sine_000,noisy_sine,31.81667,45.166,-90.0,1,0
noisy_sine_000,noisy_sine,31.83333,43.666,-90.0,1,0
noisy_sine_000,noisy_sine,31.85,42.166,-90.0,1,0
noisy_sine_000,noisy_sine,31.86667,40.666,-90.0,1,0
noisy_sine_000,noisy_sine,31.88333,39.166,-90.0,1,0
noisy_sine_000,noisy_sine,31.9,37.666,-90.0,0,1
noisy_sine_000,noisy_sine,31.91667,39.166,90.0,1,0
noisy_sine_000,noisy_sine,31.93333,37.666,-90.0,1,0
noisy_sine_000,noisy_sine,31.95,36.166,-90.0,1,0
noisy_sine_000,noisy_sine,31.96667,34.666,-90.0,1,0
noisy_sine_000,noisy_sine,31.98333,33.166,-90.0,1,0
noisy_sine_000,noisy_sine,32.0,31.666,-90.0,1,0
noisy_sine_000,noisy_sine,32.01667,30.166,-90.0,1,0
noisy_sine_000,noisy_sine,32.03333,28.666,-90.0,1,0
noisy_sine_000,noisy_sine,32.05,27.166,-90.0,1,0
noisy_sine_000,noisy_sine,32.06667,25.666,-90.0,1,0
noisy_sine_000,noisy_sine,32.08333,24.166,-90.0,1,0
noisy_sine_000,noisy_sine,32.1,22.666,-90.0,1,0
noisy_sine_000,noisy_sine,32.11667,21.166,-90.0,0,0
noisy_sine_000,noisy_sine,32.13333,21.166,0.0,0,0
noisy_sine_000,noisy_sine,32.15,21.166,0.0,0,0
noisy_sine_000,noisy_sine,32.16667,21.166,0.0,0,0
noisy_sine_000,noisy_sine,32.18333,21.166,0.0,0,0
noisy_sine_000,noisy_sine,32.2,21.166,0.0,0,0
noisy_sine_000,noisy_sine,32.21667,21.166,0.0,0,0
noisy_sine_000,noisy_sine,32.23333,21.166,0.0,0,0
noisy_sine_000,noisy_sine,32.25,21.166,0.0,1,0
noisy_sine_000,noisy_sine,32.26667,19.666,-90.0,0,0
noisy_sine_000,noisy_sine,32.28333,19.666,0.0,0,0
noisy_sine_000,noisy_sine,32.3,19.666,0.0,0,0
noisy_sine_000,noisy_sine,32.31667,19.666,0.0,0,0
noisy_sine_000,noisy_sine,32.33333,19.666,0.0,0,0
noisy_sine_000,noisy_sine,32.35,19.666,0.0,1,0
noisy_sine_000,noisy_sine,32.36667,18.166,-90.0,0,0
noisy_sine_000,noisy_sine,32.38333,18.166,0.0,0,0
noisy_sine_000,noisy_sine,32.4,18.166,0.0,0,0
noisy_sine_000,noisy_sine,32.41667,18.166,0.0,0,0
noisy_sine_000,noisy_sine,32.43333,18.166,0.0,0,0
noisy_sine_000,noisy_sine,32.45,18.166,0.0,0,0
noisy_sine_000,noisy_sine,32.46667,18.166,0.0,0,0
noisy_sine_000,noisy_sine,32.48333,18.166,0.0,0,0
noisy_sine_000,noisy_sine,32.5,18.166,0.0,0,0
noisy_sine_000,noisy_sine,32.51667,18.166,0.0,0,0
noisy_sine_000,noisy_sine,32.53333,18.166,0.0,0,0
noisy_sine_000,noisy_sine,32.55,18.166,0.0,0,0
noisy_sine_000,noisy_sine,32.56667,18.166,0.0,0,0
noisy_sine_000,noisy_sine,32.58333,18.166,0.0,0,0
noisy_sine_000,noisy_sine,32.6,18.166,0.0,0,0
noisy_sine_000,noisy_sine,32.61667,18.166,0.0,0,0
noisy_sine_000,noisy_sine,32.63333,18.166,0.0,0,0
noisy_sine_000,noisy_sine,32.65,18.166,0.0,0,0
noisy_sine_000,noisy_sine,32.66667,18.166,0.0,0,0
noisy_sine_000,noisy_sine,32.68333,18.166,0.0,0,0
noisy_sine_000,noisy_sine,32.7,18.166,0.0,0,0
noisy_sine_000,noisy_sine,32.71667,18.166,0.0,0,0
noisy_sine_000,noisy_sine,32.73333,18.166,0.0,0,0
noisy_sine_000,noisy_sine,32.75,18.166,0.0,0,0
noisy_sine_000,noisy_sine,32.76667,18.166,0.0,0,0
noisy_sine_000,noisy_sine,32.78333,18.166,0.0,0,0
noisy_sine_000,noisy_sine,32.8,18.166,0.0,0,0
noisy_sine_000,noisy_sine,32.81667,18.166,0.0,0,1
noisy_sine_000,noisy_sine,32.83333,19.666,90.0,0,0
noisy_sine_000,noisy_sine,32.85,19.666,0.0,0,1
noisy_sine_000,noisy_sine,32.86667,21.166,90.0,0,1
noisy_sine_000,noisy_sine,32.88333,22.666,90.0,0,0
noisy_sine_000,noisy_sine,32.9,22.666,0.0,0,0
noisy_sine_000,noisy_sine,32.91667,22.666,0.0,0,1
noisy_sine_000,noisy_sine,32.93333,24.166,90.0,0,0
noisy_sine_000,noisy_sine,32.95,24.166,0.0,0,1
noisy_sine_000,noisy_sine,32.96667,25.666,90.0,0,0
noisy_sine_000,noisy_sine,32.98333,25.666,0.0,0,1
noisy_sine_000,noisy_sine,33.0,27.166,90.0,0,1
noisy_sine_000,noisy_sine,33.01667,28.666,90.0,0,0
noisy_sine_000,noisy_sine,33.03333,28.666,0.0,0,1
noisy_sine_000,noisy_sine,33.05,30.166,90.0,0,1
noisy_sine_000,noisy_sine,33.06667,31.666,90.0,0,0
noisy_sine_000,noisy_sine,33.08333,31.666,0.0,0,1
noisy_sine_000,noisy_sine,33.1,33.166,90.0,0,1
noisy_sine_000,noisy_sine,33.11667,34.666,90.0,0,0
noisy_sine_000,noisy_sine,33.13333,34.666,0.0,0,1
noisy_sine_000,noisy_sine,33.15,36.166,90.0,1,0
noisy_sine_000,noisy_sine,33.16667,34.666,-90.0,0,1
noisy_sine_000,noisy_sine,33.18333,36.166,90.0,0,1
noisy_sine_000,noisy_sine,33.2,37.666,90.0,0,1
noisy_sine_000,noisy_sine,33.21667,39.166,90.0,0,1
noisy_sine_000,noisy_sine,33.23333,40.666,90.0,0,1
noisy_sine_000,noisy_sine,33.25,42.166,90.0,0,1
noisy_sine_000,noisy_sine,33.26667,43.666,90.0,0,1
noisy_sine_000,noisy_sine,33.28333,45.166,90.0,0,1
noisy_sine_000,noisy_sine,33.3,46.666,90.0,0,1
noisy_sine_000,noisy_sine,33.31667,48.166,90.0,0,1
noisy_sine_000,noisy_sine,33.33333,49.666,90.0,0,1
noisy_sine_000,noisy_sine,33.35,51.166,90.0,0,1
noisy_sine_000,noisy_sine,33.36667,52.666,90.0,0,0
noisy_sine_000,noisy_sine,33.38333,52.666,0.0,0,1
noisy_sine_000,noisy_sine,33.4,54.166,90.0,0,1
noisy_sine_000,noisy_sine,33.41667,55.666,90.0,0,1
noisy_sine_000,noisy_sine,33.43333,57.166,90.0,0,1
noisy_sine_000,noisy_sine,33.45,58.666,90.0,0,1
noisy_sine_000,noisy_sine,33.46667,60.166,90.0,0,1
noisy_sine_000,noisy_sine,33.48333,61.666,90.0,0,1
noisy_sine_000,noisy_sine,33.5,63.166,90.0,0,1
noisy_sine_000,noisy_sine,33.51667,64.666,90.0,0,1
noisy_sine_000,noisy_sine,33.53333,66.166,90.0,0,1
noisy_sine_000,noisy_sine,33.55,67.666,90.0,0,1
noisy_sine_000,noisy_sine,33.56667,69.166,90.0,0,1
noisy_sine_000,noisy_sine,33.58333,70.666,90.0,0,1
noisy_sine_000,noisy_sine,33.6,72.166,90.0,0,1
noisy_sine_000,noisy_sine,33.61667,73.666,90.0,0,1
noisy_sine_000,noisy_sine,33.63333,75.166,90.0,1,0
noisy_sine_000,noisy_sine,33.65,73.666,-90.0,0,1
noisy_sine_000,noisy_sine,33.66667,75.166,90.0,0,1
noisy_sine_000,noisy_sine,33.68333,76.666,90.0,0,1
noisy_sine_000,noisy_sine,33.7,78.166,90.0,0,1
noisy_sine_000,noisy_sine,33.71667,79.666,90.0,0,1
noisy_sine_000,noisy_sine,33.73333,81.166,90.0,0,1
noisy_sine_000,noisy_sine,33.75,82.666,90.0,0,1
noisy_sine_000,noisy_sine,33.76667,84.166,90.0,0,1
noisy_sine_000,noisy_sine,33.78333,85.666,90.0,0,1
noisy_sine_000,noisy_sine,33.8,87.166,90.0,0,1
noisy_sine_000,noisy_sine,33.81667,88.666,90.0,0,1
noisy_sine_000,noisy_sine,33.83333,90.166,90.0,0,1
noisy_sine_000,noisy_sine,33.85,91.666,90.0,0,1
noisy_sine_000,noisy_sine,33.86667,93.166,90.0,0,0
noisy_sine_000,noisy_sine,33.88333,93.166,0.0,0,1
noisy_sine_000,noisy_sine,33.9,94.666,90.0,0,1
noisy_sine_000,noisy_sine,33.91667,96.166,90.0,0,1
noisy_sine_000,noisy_sine,33.93333,97.666,90.0,0,1
noisy_sine_000,noisy_sine,33.95,99.166,90.0,0,0
noisy_sine_000,noisy_sine,33.96667,99.166,0.0,0,1
noisy_sine_000,noisy_sine,33.98333,100.666,90.0,0,1
noisy_sine_000,noisy_sine,34.0,102.166,90.0,0,1
noisy_sine_000,noisy_sine,34.01667,103.666,90.0,0,1
noisy_sine_000,noisy_sine,34.03333,105.166,90.0,0,1
noisy_sine_000,noisy_sine,34.05,106.666,90.0,0,1
noisy_sine_000,noisy_sine,34.06667,108.166,90.0,0,1
noisy_sine_000,noisy_sine,34.08333,109.666,90.0,0,1
noisy_sine_000,noisy_sine,34.1,111.166,90.0,0,1
noisy_sine_000,noisy_sine,34.11667,112.666,90.0,0,1
noisy_sine_000,noisy_sine,34.13333,114.166,90.0,1,0
noisy_sine_000,noisy_sine,34.15,112.666,-90.0,0,1
noisy_sine_000,noisy_sine,34.16667,114.166,90.0,0,1
noisy_sine_000,noisy_sine,34.18333,115.666,90.0,0,1
noisy_sine_000,noisy_sine,34.2,117.166,90.0,0,1
noisy_sine_000,noisy_sine,34.21667,118.666,90.0,0,1
noisy_sine_000,noisy_sine,34.23333,120.166,90.0,0,1
noisy_sine_000,noisy_sine,34.25,121.666,90.0,0,1
noisy_sine_000,noisy_sine,34.26667,123.166,90.0,0,1
noisy_sine_000,noisy_sine,34.28333,124.666,90.0,0,1
noisy_sine_000,noisy_sine,34.3,126.166,90.0,0,1
noisy_sine_000,noisy_sine,34.31667,127.666,90.0,0,1
noisy_sine_000,noisy_sine,34.33333,129.166,90.0,0,1
noisy_sine_000,noisy_sine,34.35,130.666,90.0,0,1
noisy_sine_000,noisy_sine,34.36667,132.166,90.0,0,1
noisy_sine_000,noisy_sine,34.38333,133.666,90.0,0,1
noisy_sine_000,noisy_sine,34.4,135.166,90.0,0,1
noisy_sine_000,noisy_sine,34.41667,136.666,90.0,0,1
noisy_sine_000,noisy_sine,34.43333,138.166,90.0,0,1
noisy_sine_000,noisy_sine,34.45,139.666,90.0,0,1
noisy_sine_000,noisy_sine,34.46667,141.166,90.0,0,1
