session_id,pattern,t,x,vx,input_left,input_right
noisy_step_and_pause_004,noisy_step_and_pause,0.0,104.28,0.0,0,1
noisy_step_and_pause_004,noisy_step_and_pause,0.01667,105.78,90.0,0,1
noisy_step_and_pause_004,noisy_step_and_pause,0.03333,107.28,90.0,0,1
noisy_step_and_pause_004,noisy_step_and_pause,0.05,108.78,90.0,0,1
noisy_step_and_pause_004,noisy_step_and_pause,0.06667,110.28,90.0,0,1
noisy_step_and_pause_004,noisy_step_and_pause,0.08333,111.78,90.0,0,1
noisy_step_and_pause_004,noisy_step_and_pause,0.1,113.28,90.0,0,1
noisy_step_and_pause_004,noisy_step_and_pause,0.11667,114.78,90.0,0,1
noisy_step_and_pause_004,noisy_step_and_pause,0.13333,116.28,90.0,0,1
noisy_step_and_pause_004,noisy_step_and_pause,0.15,117.78,90.0,0,1
noisy_step_and_pause_004,noisy_step_and_pause,0.16667,119.28,90.0,0,1
noisy_step_and_pause_004,noisy_step_and_pause,0.18333,120.78,90.0,0,1
noisy_step_and_pause_004,noisy_step_and_pause,0.2,122.28,90.0,0,1
noisy_step_and_pause_004,noisy_step_and_pause,0.21667,123.78,90.0,0,1
noisy_step_and_pause_004,noisy_step_and_pause,0.23333,125.28,90.0,0,1
noisy_step_and_pause_004,noisy_step_and_pause,0.25,126.78,90.0,0,1
noisy_step_and_pause_004,noisy_step_and_pause,0.26667,128.28,90.0,0,1
noisy_step_and_pause_004,noisy_step_and_pause,0.28333,129.78,90.0,0,1
noisy_step_and_pause_004,noisy_step_and_pause,0.3,131.28,90.0,0,1
noisy_step_and_pause_004,noisy_step_and_pause,0.31667,132.78,90.0,0,1
noisy_step_and_pause_004,noisy_step_and_pause,0.33333,134.28,90.0,0,1
noisy_step_and_pause_004,noisy_step_and_pause,0.35,135.78,90.0,0,1
noisy_step_and_pause_004,noisy_step_and_pause,0.36667,137.28,90.0,0,1
noisy_step_and_pause_004,noisy_step_and_pause,0.38333,138.78,90.0,0,1
noisy_step_and_pause_004,noisy_step_and_pause,0.4,140.28,90.0,0,1
noisy_step_and_pause_004,noisy_step_and_pause,0.41667,141.78,90.0,0,1
noisy_step_and_pause_004,noisy_step_and_pause,0.43333,143.28,90.0,0,1
noisy_step_and_pause_004,noisy_step_and_pause,0.45,144.78,90.0,0,1
noisy_step_and_pause_004,noisy_step_and_pause,0.46667,146.28,90.0,0,1
noisy_step_and_pause_004,noisy_step_and_pause,0.48333,147.78,90.0,0,1
noisy_step_and_pause_004,noisy_step_and_pause,0.5,149.28,90.0,0,1
noisy_step_and_pause_004,noisy_step_and_pause,0.51667,150.78,90.0,0,1
noisy_step_and_pause_004,noisy_step_and_pause,0.53333,152.28,90.0,0,1
noisy_step_and_pause_004,noisy_step_and_pause,0.55,153.78,90.0,0,0
noisy_step_and_pause_004,noisy_step_and_pause,0.56667,153.78,0.0,0,1
noisy_step_and_pause_004,noisy_step_and_pause,0.58333,155.28,90.0,0,1
noisy_step_and_pause_004,noisy_step_and_pause,0.6,156.78,90.0,0,1
noisy_step_and_pause_004,noisy_step_and_pause,0.61667,158.28,90.0,0,1
noisy_step_and_pause_004,noisy_step_and_pause,0.63333,159.78,90.0,0,1
noisy_step_and_pause_004,noisy_step_and_pause,0.65,161.28,90.0,0,1
noisy_step_and_pause_004,noisy_step_and_pause,0.66667,162.78,90.0,0,1
noisy_step_and_pause_004,noisy_step_and_pause,0.68333,164.28,90.0,0,1
noisy_step_and_pause_004,noisy_step_and_pause,0.7,165.78,90.0,0,1
noisy_step_and_pause_004,noisy_step_and_pause,0.71667,167.28,90.0,0,1
noisy_step_and_pause_004,noisy_step_and_pause,0.73333,168.78,90.0,0,1
noisy_step_and_pause_004,noisy_step_and_pause,0.75,170.28,90.0,0,1
noisy_step_and_pause_004,noisy_step_and_pause,0.76667,171.78,90.0,0,1
noisy_step_and_pause_004,noisy_step_and_pause,0.78333,173.28,90.0,0,1
noisy_step_and_pause_004,noisy_step_and_pause,0.8,174.78,90.0,0,1
noisy_step_and_pause_004,noisy_step_and_pause,0.81667,176.28,90.0,0,1
noisy_step_and_pause_004,noisy_step_and_pause,0.83333,177.78,90.0,0,1
noisy_step_and_pause_004,noisy_step_and_pause,0.85,179.28,90.0,0,1
noisy_step_and_pause_004,noisy_step_and_pause,0.86667,180.78,90.0,1,0
noisy_step_and_pause_004,noisy_step_and_pause,0.88333,179.28,-90.0,0,1
noisy_step_and_pause_004,noisy_step_and_pause,0.9,180.78,90.0,0,1
noisy_step_and_pause_004,noisy_step_and_pause,0.91667,182.28,90.0,1,0
noisy_step_and_pause_004,noisy_step_and_pause,0.93333,180.78,-90.0,0,1
noisy_step_and_pause_004,noisy_step_and_pause,0.95,182.28,90.0,0,1
noisy_step_and_pause_004,noisy_step_and_pause,0.96667,183.78,90.0,0,1
noisy_step_and_pause_004,noisy_step_and_pause,0.98333,185.28,90.0,0,1
noisy_step_and_pause_004,noisy_step_and_pause,1.0,186.78,90.0,0,1
noisy_step_and_pause_004,noisy_step_and_pause,1.01667,188.28,90.0,0,1
noisy_step_and_pause_004,noisy_step_and_pause,1.03333,189.78,90.0,0,0
noisy_step_and_pause_004,noisy_step_and_pause,1.05,189.78,0.0,0,1
noisy_step_and_pause_004,noisy_step_and_pause,1.06667,191.28,90.0,0,1
noisy_step_and_pause_004,noisy_step_and_pause,1.08333,192.78,90.0,0,1
noisy_step_and_pause_004,noisy_step_and_pause,1.1,194.28,90.0,0,1
noisy_step_and_pause_004,noisy_step_and_pause,1.11667,195.78,90.0,0,1
noisy_step_and_pause_004,noisy_step_and_pause,1.13333,197.28,90.0,0,0
noisy_step_and_pause_004,noisy_step_and_pause,1.15,197.28,0.0,0,1
noisy_step_and_pause_004,noisy_step_and_pause,1.16667,198.78,90.0,0,1
noisy_step_and_pause_004,noisy_step_and_pause,1.18333,200.28,90.0,0,1
noisy_step_and_pause_004,noisy_step_and_pause,1.2,201.78,90.0,0,1
noisy_step_and_pause_004,noisy_step_and_pause,1.21667,203.28,90.0,0,0
noisy_step_and_pause_004,noisy_step_and_pause,1.23333,203.28,0.0,0,0
noisy_step_and_pause_004,noisy_step_and_pause,1.25,203.28,0.0,0,0
noisy_step_and_pause_004,noisy_step_and_pause,1.26667,203.28,0.0,0,0
noisy_step_and_pause_004,noisy_step_and_pause,1.28333,203.28,0.0,0,0
noisy_step_and_pause_004,noisy_step_and_pause,1.3,203.28,0.0,1,0
noisy_step_and_pause_004,noisy_step_and_pause,1.31667,201.78,-90.0,0,1
noisy_step_and_pause_004,noisy_step_and_pause,1.33333,203.28,90.0,0,0
noisy_step_and_pause_004,noisy_step_and_pause,1.35,203.28,0.0,0,0
noisy_step_and_pause_004,noisy_step_and_pause,1.36667,203.28,0.0,0,0
noisy_step_and_pause_004,noisy_step_and_pause,1.38333,203.28,0.0,0,0
noisy_step_and_pause_004,noisy_step_and_pause,1.4,203.28,0.0,0,0
noisy_step_and_pause_004,noisy_step_and_pause,1.41667,203.28,0.0,0,0
noisy_step_and_pause_004,noisy_step_and_pause,1.43333,203.28,0.0,0,0
noisy_step_and_pause_004,noisy_step_and_pause,1.45,203.28,0.0,0,0
noisy_step_and_pause_004,noisy_step_and_pause,1.46667,203.28,0.0,0,0
noisy_step_and_pause_004,noisy_step_and_pause,1.48333,203.28,0.0,0,0
noisy_step_and_pause_004,noisy_step_and_pause,1.5,203.28,0.0,0,0
noisy_step_and_pause_004,noisy_step_and_pause,1.51667,203.28,0.0,0,0
noisy_step_and_pause_004,noisy_step_and_pause,1.53333,203.28,0.0,0,0
noisy_step_and_pause_004,noisy_step_and_pause,1.55,203.28,0.0,0,0
noisy_step_and_pause_004,noisy_step_and_pause,1.56667,203.28,0.0,0,0
noisy_step_and_pause_004,noisy_step_and_pause,1.58333,203.28,0.0,0,0
noisy_step_and_pause_004,noisy_step_and_pause,1.6,203.28,0.0,0,0
noisy_step_and_pause_004,noisy_step_and_pause,1.61667,203.28,0.0,0,0
noisy_step_and_pause_004,noisy_step_and_pause,1.63333,203.28,0.0,0,0
noisy_step_and_pause_004,noisy_step_and_pause,1.65,203.28,0.0,0,0
noisy_step_and_pause_004,noisy_step_and_pause,1.66667,203.28,0.0,0,0
noisy_step_and_pause_004,noisy_step_and_pause,1.68333,203.28,0.0,0,0
noisy_step_and_pause_004,noisy_step_and_pause,1.7,203.28,0.0,0,0
noisy_step_and_pause_004,noisy_step_and_pause,1.71667,203.28,0.0,0,0
noisy_step_and_pause_004,noisy_step_and_pause,1.73333,203.28,0.0,0,0
noisy_step_and_pause_004,noisy_step_and_pause,1.75,203.28,0.0,0,0
noisy_step_and_pause_004,noisy_step_and_pause,1.76667,203.28,0.0,0,0
noisy_step_and_pause_004,noisy_step_and_pause,1.78333,203.28,0.0,0,0
noisy_step_and_pause_004,noisy_step_and_pause,1.8,203.28,0.0,0,0
noisy_step_and_pause_004,noisy_step_and_pause,1.81667,203.28,0.0,0,0
noisy_step_and_pause_004,noisy_step_and_pause,1.83333,203.28,0.0,0,0
noisy_step_and_pause_004,noisy_step_and_pause,1.85,203.28,0.0,0,0
noisy_step_and_pause_004,noisy_step_and_pause,1.86667,203.28,0.0,0,0
noisy_step_and_pause_004,noisy_step_and_pause,1.88333,203.28,0.0,0,0
noisy_step_and_pause_004,noisy_step_and_pause,1.9,203.28,0.0,0,0
noisy_step_and_pause_004,noisy_step_and_pause,1.91667,203.28,0.0,0,0
noisy_step_and_pause_004,noisy_step_and_pause,1.93333,203.28,0.0,0,0
noisy_step_and_pause_004,noisy_step_and_pause,1.95,203.28,0.0,0,0
noisy_step_and_pause_004,noisy_step_and_pause,1.96667,203.28,0.0,0,0
noisy_step_and_pause_004,noisy_step_and_pause,1.98333,203.28,0.0,0,0
noisy_step_and_pause_004,noisy_step_and_pause,2.0,203.28,0.0,0,0
noisy_step_and_pause_004,noisy_step_and_pause,2.01667,203.28,0.0,0,0
noisy_step_and_pause_004,noisy_step_and_pause,2.03333,203.28,0.0,1,0
noisy_step_and_pause_004,noisy_step_and_pause,2.05,201.78,-90.0,0,1
noisy_step_and_pause_004,noisy_step_and_pause,2.06667,203.28,90.0,0,0
noisy_step_and_pause_004,noisy_step_and_pause,2.08333,203.28,0.0,0,0
noisy_step_and_pause_004,noisy_step_and_pause,2.1,203.28,0.0,0,0
noisy_step_and_pause_004,noisy_step_and_pause,2.11667,203.28,0.0,0,0
noisy_step_and_pause_004,noisy_step_and_pause,2.13333,203.28,0.0,0,0
noisy_step_and_pause_004,noisy_step_and_pause,2.15,203.28,0.0,0,0
noisy_step_and_pause_004,noisy_step_and_pause,2.16667,203.28,0.0,0,0
noisy_step_and_pause_004,noisy_step_and_pause,2.18333,203.28,0.0,0,0
noisy_step_and_pause_004,noisy_step_and_pause,2.2,203.28,0.0,0,0
noisy_step_and_pause_004,noisy_step_and_pause,2.21667,203.28,0.0,0,0
noisy_step_and_pause_004,noisy_step_and_pause,2.23333,203.28,0.0,0,0
noisy_step_and_pause_004,noisy_step_and_pause,2.25,203.28,0.0,0,0
noisy_step_and_pause_004,noisy_step_and_pause,2.26667,203.28,0.0,0,0
noisy_step_and_pause_004,noisy_step_and_pause,2.28333,203.28,0.0,0,0
noisy_step_and_pause_004,noisy_step_and_pause,2.3,203.28,0.0,0,0
noisy_step_and_pause_004,noisy_step_and_pause,2.31667,203.28,0.0,0,0
noisy_step_and_pause_004,noisy_step_and_pause,2.33333,203.28,0.0,0,0
noisy_step_and_pause_004,noisy_step_and_pause,2.35,203.28,0.0,1,0
noisy_step_and_pause_004,noisy_step_and_pause,2.36667,201.78,-90.0,0,1
noisy_step_and_pause_004,noisy_step_and_pause,2.38333,203.28,90.0,0,0
noisy_step_and_pause_004,noisy_step_and_pause,2.4,203.28,0.0,0,0
noisy_step_and_pause_004,noisy_step_and_pause,2.41667,203.28,0.0,0,0
noisy_step_and_pause_004,noisy_step_and_pause,2.43333,203.28,0.0,0,0
noisy_step_and_pause_004,noisy_step_and_pause,2.45,203.28,0.0,0,0
noisy_step_and_pause_004,noisy_step_and_pause,2.46667,203.28,0.0,0,0
noisy_step_and_pause_004,noisy_step_and_pause,2.48333,203.28,0.0,0,0
noisy_step_and_pause_004,noisy_step_and_pause,2.5,203.28,0.0,0,0
noisy_step_and_pause_004,noisy_step_and_pause,2.51667,203.28,0.0,0,0
noisy_step_and_pause_004,noisy_step_and_pause,2.53333,203.28,0.0,0,0
noisy_step_and_pause_004,noisy_step_and_pause,2.55,203.28,0.0,0,0
noisy_step_and_pause_004,noisy_step_and_pause,2.56667,203.28,0.0,0,0
noisy_step_and_pause_004,noisy_step_and_pause,2.58333,203.28,0.0,0,0
noisy_step_and_pause_004,noisy_step_and_pause,2.6,203.28,0.0,0,0
noisy_step_and_pause_004,noisy_step_and_pause,2.61667,203.28,0.0,0,0
noisy_step_and_pause_004,noisy_step_and_pause,2.63333,203.28,0.0,0,0
noisy_step_and_pause_004,noisy_step_and_pause,2.65,203.28,0.0,0,0
noisy_step_and_pause_004,noisy_step_and_pause,2.66667,203.28,0.0,0,0
noisy_step_and_pause_004,noisy_step_and_pause,2.68333,203.28,0.0,0,0
noisy_step_and_pause_004,noisy_step_and_pause,2.7,203.28,0.0,0,0
noisy_step_and_pause_004,noisy_step_and_pause,2.71667,203.28,0.0,0,0
noisy_step_and_pause_004,noisy_step_and_pause,2.73333,203.28,0.0,0,0
noisy_step_and_pause_004,noisy_step_and_pause,2.75,203.28,0.0,0,0
noisy_step_and_pause_004,noisy_step_and_pause,2.76667,203.28,0.0,0,0
noisy_step_and_pause_004,noisy_step_and_pause,2.78333,203.28,0.0,0,0
noisy_step_and_pause_004,noisy_step_and_pause,2.8,203.28,0.0,0,0
noisy_step_and_pause_004,noisy_step_and_pause,2.81667,203.28,0.0,0,0
noisy_step_and_pause_004,noisy_step_and_pause,2.83333,203.28,0.0,0,0
noisy_step_and_pause_004,noisy_step_and_pause,2.85,203.28,0.0,0,0
noisy_step_and_pause_004,noisy_step_and_pause,2.86667,203.28,0.0,0,0
noisy_step_and_pause_004,noisy_step_and_pause,2.88333,203.28,0.0,0,0
noisy_step_and_pause_004,noisy_step_and_pause,2.9,203.28,0.0,0,0
noisy_step_and_pause_004,noisy_step_and_pause,2.91667,203.28,0.0,0,0
noisy_step_and_pause_004,noisy_step_and_pause,2.93333,203.28,0.0,0,0
noisy_step_and_pause_004,noisy_step_and_pause,2.95,203.28,0.0,0,0
noisy_step_and_pause_004,noisy_step_and_pause,2.96667,203.28,0.0,1,0
noisy_step_and_pause_004,noisy_step_and_pause,2.98333,201.78,-90.0,0,0
noisy_step_and_pause_004,noisy_step_and_pause,3.0,201.78,0.0,0,0
noisy_step_and_pause_004,noisy_step_and_pause,3.01667,201.78,0.0,0,0
noisy_step_and_pause_004,noisy_step_and_pause,3.03333,201.78,0.0,1,0
noisy_step_and_pause_004,noisy_step_and_pause,3.05,200.28,-90.0,0,0
noisy_step_and_pause_004,noisy_step_and_pause,3.06667,200.28,0.0,0,0
noisy_step_and_pause_004,noisy_step_and_pause,3.08333,200.28,0.0,0,0
noisy_step_and_pause_004,noisy_step_and_pause,3.1,200.28,0.0,0,0
noisy_step_and_pause_004,noisy_step_and_pause,3.11667,200.28,0.0,0,0
noisy_step_and_pause_004,noisy_step_and_pause,3.13333,200.28,0.0,0,0
noisy_step_and_pause_004,noisy_step_and_pause,3.15,200.28,0.0,0,0
noisy_step_and_pause_004,noisy_step_and_pause,3.16667,200.28,0.0,0,1
noisy_step_and_pause_004,noisy_step_and_pause,3.18333,201.78,90.0,0,1
noisy_step_and_pause_004,noisy_step_and_pause,3.2,203.28,90.0,0,0
noisy_step_and_pause_004,noisy_step_and_pause,3.21667,203.28,0.0,0,0
noisy_step_and_pause_004,noisy_step_and_pause,3.23333,203.28,0.0,0,0
noisy_step_and_pause_004,noisy_step_and_pause,3.25,203.28,0.0,0,0
noisy_step_and_pause_004,noisy_step_and_pause,3.26667,203.28,0.0,0,0
noisy_step_and_pause_004,noisy_step_and_pause,3.28333,203.28,0.0,0,0
noisy_step_and_pause_004,noisy_step_and_pause,3.3,203.28,0.0,0,0
noisy_step_and_pause_004,noisy_step_and_pause,3.31667,203.28,0.0,0,0
noisy_step_and_pause_004,noisy_step_and_pause,3.33333,203.28,0.0,0,1
noisy_step_and_pause_004,noisy_step_and_pause,3.35,204,43.205,0,0
noisy_step_and_pause_004,noisy_step_and_pause,3.36667,204,0.0,0,0
noisy_step_and_pause_004,noisy_step_and_pause,3.38333,204,0.0,0,0
noisy_step_and_pause_004,noisy_step_and_pause,3.4,204,0.0,0,0
noisy_step_and_pause_004,noisy_step_and_pause,3.41667,204,0.0,0,0
noisy_step_and_pause_004,noisy_step_and_pause,3.43333,204,0.0,0,0
noisy_step_and_pause_004,noisy_step_and_pause,3.45,204,0.0,0,0
noisy_step_and_pause_004,noisy_step_and_pause,3.46667,204,0.0,0,0
noisy_step_and_pause_004,noisy_step_and_pause,3.48333,204,0.0,0,0
noisy_step_and_pause_004,noisy_step_and_pause,3.5,204,0.0,0,0
noisy_step_and_pause_004,noisy_step_and_pause,3.51667,204,0.0,0,0
noisy_step_and_pause_004,noisy_step_and_pause,3.53333,204,0.0,0,0
noisy_step_and_pause_004,noisy_step_and_pause,3.55,204,0.0,0,0
noisy_step_and_pause_004,noisy_step_and_pause,3.56667,204,0.0,0,0
noisy_step_and_pause_004,noisy_step_and_pause,3.58333,204,0.0,0,0
noisy_step_and_pause_004,noisy_step_and_pause,3.6,204,0.0,0,0
noisy_step_and_pause_004,noisy_step_and_pause,3.61667,204,0.0,0,0
noisy_step_and_pause_004,noisy_step_and_pause,3.63333,204,0.0,0,0
noisy_step_and_pause_004,noisy_step_and_pause,3.65,204,0.0,0,0
noisy_step_and_pause_004,noisy_step_and_pause,3.66667,204,0.0,0,0
noisy_step_and_pause_004,noisy_step_and_pause,3.68333,204,0.0,0,0
noisy_step_and_pause_004,noisy_step_and_pause,3.7,204,0.0,0,0
noisy_step_and_pause_004,noisy_step_and_pause,3.71667,204,0.0,0,0
noisy_step_and_pause_004,noisy_step_and_pause,3.73333,204,0.0,0,0
noisy_step_and_pause_004,noisy_step_and_pause,3.75,204,0.0,0,0
noisy_step_and_pause_004,noisy_step_and_pause,3.76667,204,0.0,0,0
noisy_step_and_pause_004,noisy_step_and_pause,3.78333,204,0.0,1,0
noisy_step_and_pause_004,noisy_step_and_pause,3.8,202.5,-90.0,0,1
noisy_step_and_pause_004,noisy_step_and_pause,3.81667,204,90.0,0,0
noisy_step_and_pause_004,noisy_step_and_pause,3.83333,204,0.0,1,0
noisy_step_and_pause_004,noisy_step_and_pause,3.85,202.5,-90.0,0,1
noisy_step_and_pause_004,noisy_step_and_pause,3.86667,204,90.0,0,0
noisy_step_and_pause_004,noisy_step_and_pause,3.88333,204,0.0,0,0
noisy_step_and_pause_004,noisy_step_and_pause,3.9,204,0.0,0,0
noisy_step_and_pause_004,noisy_step_and_pause,3.91667,204,0.0,0,0
noisy_step_and_pause_004,noisy_step_and_pause,3.93333,204,0.0,0,0
noisy_step_and_pause_004,noisy_step_and_pause,3.95,204,0.0,0,0
noisy_step_and_pause_004,noisy_step_and_pause,3.96667,204,0.0,0,0
noisy_step_and_pause_004,noisy_step_and_pause,3.98333,204,0.0,0,0
noisy_step_and_pause_004,noisy_step_and_pause,4.0,204,0.0,0,0
noisy_step_and_pause_004,noisy_step_and_pause,4.01667,204,0.0,0,0
noisy_step_and_pause_004,noisy_step_and_pause,4.03333,204,0.0,0,0
noisy_step_and_pause_004,noisy_step_and_pause,4.05,204,0.0,0,0
noisy_step_and_pause_004,noisy_step_and_pause,4.06667,204,0.0,0,0
noisy_step_and_pause_004,noisy_step_and_pause,4.08333,204,0.0,0,0
noisy_step_and_pause_004,noisy_step_and_pause,4.1,204,0.0,0,0
noisy_step_and_pause_004,noisy_step_and_pause,4.11667,204,0.0,0,0
noisy_step_and_pause_004,noisy_step_and_pause,4.13333,204,0.0,0,0
noisy_step_and_pause_004,noisy_step_and_pause,4.15,204,0.0,0,0
noisy_step_and_pause_004,noisy_step_and_pause,4.16667,204,0.0,0,0
noisy_step_and_pause_004,noisy_step_and_pause,4.18333,204,0.0,0,0
noisy_step_and_pause_004,noisy_step_and_pause,4.2,204,0.0,0,0
noisy_step_and_pause_004,noisy_step_and_pause,4.21667,204,0.0,0,0
noisy_step_and_pause_004,noisy_step_and_pause,4.23333,204,0.0,0,0
noisy_step_and_pause_004,noisy_step_and_pause,4.25,204,0.0,0,0
noisy_step_and_pause_004,noisy_step_and_pause,4.26667,204,0.0,0,0
noisy_step_and_pause_004,noisy_step_and_pause,4.28333,204,0.0,0,0
noisy_step_and_pause_004,noisy_step_and_pause,4.3,204,0.0,0,0
noisy_step_and_pause_004,noisy_step_and_pause,4.31667,204,0.0,0,0
noisy_step_and_pause_004,noisy_step_and_pause,4.33333,204,0.0,0,0
noisy_step_and_pause_004,noisy_step_and_pause,4.35,204,0.0,0,0
noisy_step_and_pause_004,noisy_step_and_pause,4.36667,204,0.0,0,0
noisy_step_and_pause_004,noisy_step_and_pause,4.38333,204,0.0,0,0
noisy_step_and_pause_004,noisy_step_and_pause,4.4,204,0.0,0,0
noisy_step_and_pause_004,noisy_step_and_pause,4.41667,204,0.0,0,0
noisy_step_and_pause_004,noisy_step_and_pause,4.43333,204,0.0,0,1
noisy_step_and_pause_004,noisy_step_and_pause,4.45,204,0.0,0,0
noisy_step_and_pause_004,noisy_step_and_pause,4.46667,204,0.0,0,0
noisy_step_and_pause_004,noisy_step_and_pause,4.48333,204,0.0,0,0
noisy_step_and_pause_004,noisy_step_and_pause,4.5,204,0.0,0,0
noisy_step_and_pause_004,noisy_step_and_pause,4.51667,204,0.0,0,0
noisy_step_and_pause_004,noisy_step_and_pause,4.53333,204,0.0,0,0
noisy_step_and_pause_004,noisy_step_and_pause,4.55,204,0.0,0,0
noisy_step_and_pause_004,noisy_step_and_pause,4.56667,204,0.0,0,0
noisy_step_and_pause_004,noisy_step_and_pause,4.58333,204,0.0,0,0
noisy_step_and_pause_004,noisy_step_and_pause,4.6,204,0.0,0,0
noisy_step_and_pause_004,noisy_step_and_pause,4.61667,204,0.0,0,0
noisy_step_and_pause_004,noisy_step_and_pause,4.63333,204,0.0,0,0
noisy_step_and_pause_004,noisy_step_and_pause,4.65,204,0.0,0,0
noisy_step_and_pause_004,noisy_step_and_pause,4.66667,204,0.0,0,0
noisy_step_and_pause_004,noisy_step_and_pause,4.68333,204,0.0,0,0
noisy_step_and_pause_004,noisy_step_and_pause,4.7,204,0.0,0,0
noisy_step_and_pause_004,noisy_step_and_pause,4.71667,204,0.0,0,0
noisy_step_and_pause_004,noisy_step_and_pause,4.73333,204,0.0,0,0
noisy_step_and_pause_004,noisy_step_and_pause,4.75,204,0.0,0,0
noisy_step_and_pause_004,noisy_step_and_pause,4.76667,204,0.0,0,0
noisy_step_and_pause_004,noisy_step_and_pause,4.78333,204,0.0,0,0
noisy_step_and_pause_004,noisy_step_and_pause,4.8,204,0.0,0,0
noisy_step_and_pause_004,noisy_step_and_pause,4.81667,204,0.0,0,0
noisy_step_and_pause_004,noisy_step_and_pause,4.83333,204,0.0,0,0
noisy_step_and_pause_004,noisy_step_and_pause,4.85,204,0.0,0,0
noisy_step_and_pause_004,noisy_step_and_pause,4.86667,204,0.0,0,0
noisy_step_and_pause_004,noisy_step_and_pause,4.88333,204,0.0,0,0
noisy_step_and_pause_004,noisy_step_and_pause,4.9,204,0.0,0,0
noisy_step_and_pause_004,noisy_step_and_pause,4.91667,204,0.0,0,0
noisy_step_and_pause_004,noisy_step_and_pause,4.93333,204,0.0,0,0
noisy_step_and_pause_004,noisy_step_and_pause,4.95,204,0.0,0,0
noisy_step_and_pause_004,noisy_step_and_pause,4.96667,204,0.0,0,0
noisy_step_and_pause_004,noisy_step_and_pause,4.98333,204,0.0,0,0
noisy_step_and_pause_004,noisy_step_and_pause,5.0,204,0.0,0,0
noisy_step_and_pause_004,noisy_step_and_pause,5.01667,204,0.0,0,0
noisy_step_and_pause_004,noisy_step_and_pause,5.03333,204,0.0,0,0
noisy_step_and_pause_004,noisy_step_and_pause,5.05,204,0.0,0,0
noisy_step_and_pause_004,noisy_step_and_pause,5.06667,204,0.0,0,0
noisy_step_and_pause_004,noisy_step_and_pause,5.08333,204,0.0,0,0
noisy_step_and_pause_004,noisy_step_and_pause,5.1,204,0.0,0,0
noisy_step_and_pause_004,noisy_step_and_pause,5.11667,204,0.0,0,0
noisy_step_and_pause_004,noisy_step_and_pause,5.13333,204,0.0,0,0
noisy_step_and_pause_004,noisy_step_and_pause,5.15,204,0.0,0,0
noisy_step_and_pause_004,noisy_step_and_pause,5.16667,204,0.0,0,0
noisy_step_and_pause_004,noisy_step_and_pause,5.18333,204,0.0,0,0
noisy_step_and_pause_004,noisy_step_and_pause,5.2,204,0.0,0,0
noisy_step_and_pause_004,noisy_step_and_pause,5.21667,204,0.0,0,0
noisy_step_and_pause_004,noisy_step_and_pause,5.23333,204,0.0,0,0
noisy_step_and_pause_004,noisy_step_and_pause,5.25,204,0.0,0,0
noisy_step_and_pause_004,noisy_step_and_pause,5.26667,204,0.0,0,0
noisy_step_and_pause_004,noisy_step_and_pause,5.28333,204,0.0,0,0
noisy_step_and_pause_004,noisy_step_and_pause,5.3,204,0.0,0,0
noisy_step_and_pause_004,noisy_step_and_pause,5.31667,204,0.0,0,0
noisy_step_and_pause_004,noisy_step_and_pause,5.33333,204,0.0,0,0
noisy_step_and_pause_004,noisy_step_and_pause,5.35,204,0.0,0,0
noisy_step_and_pause_004,noisy_step_and_pause,5.36667,204,0.0,0,0
noisy_step_and_pause_004,noisy_step_and_pause,5.38333,204,0.0,0,0
noisy_step_and_pause_004,noisy_step_and_pause,5.4,204,0.0,0,0
noisy_step_and_pause_004,noisy_step_and_pause,5.41667,204,0.0,0,0
noisy_step_and_pause_004,noisy_step_and_pause,5.43333,204,0.0,0,0
noisy_step_and_pause_004,noisy_step_and_pause,5.45,204,0.0,0,0
noisy_step_and_pause_004,noisy_step_and_pause,5.46667,204,0.0,0,0
noisy_step_and_pause_004,noisy_step_and_pause,5.48333,204,0.0,0,0
noisy_step_and_pause_004,noisy_step_and_pause,5.5,204,0.0,0,0
noisy_step_and_pause_004,noisy_step_and_pause,5.51667,204,0.0,0,0
noisy_step_and_pause_004,noisy_step_and_pause,5.53333,204,0.0,0,0
noisy_step_and_pause_004,noisy_step_and_pause,5.55,204,0.0,0,0
noisy_step_and_pause_004,noisy_step_and_pause,5.56667,204,0.0,0,0
noisy_step_and_pause_004,noisy_step_and_pause,5.58333,204,0.0,0,0
noisy_step_and_pause_004,noisy_step_and_pause,5.6,204,0.0,0,0
noisy_step_and_pause_004,noisy_step_and_pause,5.61667,204,0.0,0,0
noisy_step_and_pause_004,noisy_step_and_pause,5.63333,204,0.0,0,0
noisy_step_and_pause_004,noisy_step_and_pause,5.65,204,0.0,0,0
noisy_step_and_pause_004,noisy_step_and_pause,5.66667,204,0.0,0,0
noisy_step_and_pause_004,noisy_step_and_pause,5.68333,204,0.0,0,0
noisy_step_and_pause_004,noisy_step_and_pause,5.7,204,0.0,0,0
noisy_step_and_pause_004,noisy_step_and_pause,5.71667,204,0.0,0,0
noisy_step_and_pause_004,noisy_step_and_pause,5.73333,204,0.0,0,0
noisy_step_and_pause_004,noisy_step_and_pause,5.75,204,0.0,0,0
noisy_step_and_pause_004,noisy_step_and_pause,5.76667,204,0.0,0,0
noisy_step_and_pause_004,noisy_step_and_pause,5.78333,204,0.0,0,0
noisy_step_and_pause_004,noisy_step_and_pause,5.8,204,0.0,0,0
noisy_step_and_pause_004,noisy_step_and_pause,5.81667,204,0.0,0,0
noisy_step_and_pause_004,noisy_step_and_pause,5.83333,204,0.0,0,0
noisy_step_and_pause_004,noisy_step_and_pause,5.85,204,0.0,1,0
noisy_step_and_pause_004,noisy_step_and_pause,5.86667,202.5,-90.0,0,0
noisy_step_and_pause_004,noisy_step_and_pause,5.88333,202.5,0.0,0,0
noisy_step_and_pause_004,noisy_step_and_pause,5.9,202.5,0.0,0,0
noisy_step_and_pause_004,noisy_step_and_pause,5.91667,202.5,0.0,0,0
noisy_step_and_pause_004,noisy_step_and_pause,5.93333,202.5,0.0,0,0
noisy_step_and_pause_004,noisy_step_and_pause,5.95,202.5,0.0,0,0
noisy_step_and_pause_004,noisy_step_and_pause,5.96667,202.5,0.0,0,0
noisy_step_and_pause_004,noisy_step_and_pause,5.98333,202.5,0.0,0,0
noisy_step_and_pause_004,noisy_step_and_pause,6.0,202.5,0.0,0,0
noisy_step_and_pause_004,noisy_step_and_pause,6.01667,202.5,0.0,0,0
noisy_step_and_pause_004,noisy_step_and_pause,6.03333,202.5,0.0,0,0
noisy_step_and_pause_004,noisy_step_and_pause,6.05,202.5,0.0,0,0
noisy_step_and_pause_004,noisy_step_and_pause,6.06667,202.5,0.0,0,0
noisy_step_and_pause_004,noisy_step_and_pause,6.08333,202.5,0.0,0,0
noisy_step_and_pause_004,noisy_step_and_pause,6.1,202.5,0.0,1,0
noisy_step_and_pause_004,noisy_step_and_pause,6.11667,201.0,-90.0,0,0
noisy_step_and_pause_004,noisy_step_and_pause,6.13333,201.0,0.0,0,0
noisy_step_and_pause_004,noisy_step_and_pause,6.15,201.0,0.0,0,0
noisy_step_and_pause_004,noisy_step_and_pause,6.16667,201.0,0.0,0,0
noisy_step_and_pause_004,noisy_step_and_pause,6.18333,201.0,0.0,0,0
noisy_step_and_pause_004,noisy_step_and_pause,6.2,201.0,0.0,0,0
noisy_step_and_pause_004,noisy_step_and_pause,6.21667,201.0,0.0,0,0
noisy_step_and_pause_004,noisy_step_and_pause,6.23333,201.0,0.0,0,0
noisy_step_and_pause_004,noisy_step_and_pause,6.25,201.0,0.0,0,1
noisy_step_and_pause_004,noisy_step_and_pause,6.26667,202.5,90.0,0,1
noisy_step_and_pause_004,noisy_step_and_pause,6.28333,204,90.0,0,0
noisy_step_and_pause_004,noisy_step_and_pause,6.3,204,0.0,0,0
noisy_step_and_pause_004,noisy_step_and_pause,6.31667,204,0.0,0,0
noisy_step_and_pause_004,noisy_step_and_pause,6.33333,204,0.0,0,0
noisy_step_and_pause_004,noisy_step_and_pause,6.35,204,0.0,0,0
noisy_step_and_pause_004,noisy_step_and_pause,6.36667,204,0.0,0,0
noisy_step_and_pause_004,noisy_step_and_pause,6.38333,204,0.0,0,0
noisy_step_and_pause_004,noisy_step_and_pause,6.4,204,0.0,0,0
noisy_step_and_pause_004,noisy_step_and_pause,6.41667,204,0.0,0,0
noisy_step_and_pause_004,noisy_step_and_pause,6.43333,204,0.0,0,0
noisy_step_and_pause_004,noisy_step_and_pause,6.45,204,0.0,0,0
noisy_step_and_pause_004,noisy_step_and_pause,6.46667,204,0.0,0,0
noisy_step_and_pause_004,noisy_step_and_pause,6.48333,204,0.0,0,0
noisy_step_and_pause_004,noisy_step_and_pause,6.5,204,0.0,0,0
noisy_step_and_pause_004,noisy_step_and_pause,6.51667,204,0.0,1,0
noisy_step_and_pause_004,noisy_step_and_pause,6.53333,202.5,-90.0,0,0
noisy_step_and_pause_004,noisy_step_and_pause,6.55,202.5,0.0,0,1
noisy_step_and_pause_004,noisy_step_and_pause,6.56667,204,90.0,0,0
noisy_step_and_pause_004,noisy_step_and_pause,6.58333,204,0.0,0,0
noisy_step_and_pause_004,noisy_step_and_pause,6.6,204,0.0,0,0
noisy_step_and_pause_004,noisy_step_and_pause,6.61667,204,0.0,0,0
noisy_step_and_pause_004,noisy_step_and_pause,6.63333,204,0.0,0,0
noisy_step_and_pause_004,noisy_step_and_pause,6.65,204,0.0,0,0
noisy_step_and_pause_004,noisy_step_and_pause,6.66667,204,0.0,0,0
noisy_step_and_pause_004,noisy_step_and_pause,6.68333,204,0.0,0,0
noisy_step_and_pause_004,noisy_step_and_pause,6.7,204,0.0,0,0
noisy_step_and_pause_004,noisy_step_and_pause,6.71667,204,0.0,0,0
noisy_step_and_pause_004,noisy_step_and_pause,6.73333,204,0.0,0,0
noisy_step_and_pause_004,noisy_step_and_pause,6.75,204,0.0,0,0
noisy_step_and_pause_004,noisy_step_and_pause,6.76667,204,0.0,0,0
noisy_step_and_pause_004,noisy_step_and_pause,6.78333,204,0.0,0,0
noisy_step_and_pause_004,noisy_step_and_pause,6.8,204,0.0,0,0
noisy_step_and_pause_004,noisy_step_and_pause,6.81667,204,0.0,0,0
noisy_step_and_pause_004,noisy_step_and_pause,6.83333,204,0.0,0,0
noisy_step_and_pause_004,noisy_step_and_pause,6.85,204,0.0,0,0
noisy_step_and_pause_004,noisy_step_and_pause,6.86667,204,0.0,0,0
noisy_step_and_pause_004,noisy_step_and_pause,6.88333,204,0.0,0,0
noisy_step_and_pause_004,noisy_step_and_pause,6.9,204,0.0,0,0
noisy_step_and_pause_004,noisy_step_and_pause,6.91667,204,0.0,0,0
noisy_step_and_pause_004,noisy_step_and_pause,6.93333,204,0.0,0,0
noisy_step_and_pause_004,noisy_step_and_pause,6.95,204,0.0,1,0
noisy_step_and_pause_004,noisy_step_and_pause,6.96667,202.5,-90.0,0,1
noisy_step_and_pause_004,noisy_step_and_pause,6.98333,204,90.0,0,0
noisy_step_and_pause_004,noisy_step_and_pause,7.0,204,0.0,0,0
noisy_step_and_pause_004,noisy_step_and_pause,7.01667,204,0.0,0,0
noisy_step_and_pause_004,noisy_step_and_pause,7.03333,204,0.0,0,0
noisy_step_and_pause_004,noisy_step_and_pause,7.05,204,0.0,0,0
noisy_step_and_pause_004,noisy_step_and_pause,7.06667,204,0.0,0,0
noisy_step_and_pause_004,noisy_step_and_pause,7.08333,204,0.0,0,0
noisy_step_and_pause_004,noisy_step_and_pause,7.1,204,0.0,0,0
noisy_step_and_pause_004,noisy_step_and_pause,7.11667,204,0.0,0,0
noisy_step_and_pause_004,noisy_step_and_pause,7.13333,204,0.0,0,0
noisy_step_and_pause_004,noisy_step_and_pause,7.15,204,0.0,0,0
noisy_step_and_pause_004,noisy_step_and_pause,7.16667,204,0.0,0,0
noisy_step_and_pause_004,noisy_step_and_pause,7.18333,204,0.0,0,0
noisy_step_and_pause_004,noisy_step_and_pause,7.2,204,0.0,0,1
noisy_step_and_pause_004,noisy_step_and_pause,7.21667,204,0.0,0,0
noisy_step_and_pause_004,noisy_step_and_pause,7.23333,204,0.0,0,0
noisy_step_and_pause_004,noisy_step_and_pause,7.25,204,0.0,0,1
noisy_step_and_pause_004,noisy_step_and_pause,7.26667,204,0.0,0,0
noisy_step_and_pause_004,noisy_step_and_pause,7.28333,204,0.0,0,0
noisy_step_and_pause_004,noisy_step_and_pause,7.3,204,0.0,0,0
noisy_step_and_pause_004,noisy_step_and_pause,7.31667,204,0.0,0,0
noisy_step_and_pause_004,noisy_step_and_pause,7.33333,204,0.0,0,0
noisy_step_and_pause_004,noisy_step_and_pause,7.35,204,0.0,1,0
noisy_step_and_pause_004,noisy_step_and_pause,7.36667,202.5,-90.0,0,1
noisy_step_and_pause_004,noisy_step_and_pause,7.38333,204,90.0,0,0
noisy_step_and_pause_004,noisy_step_and_pause,7.4,204,0.0,1,0
noisy_step_and_pause_004,noisy_step_and_pause,7.41667,202.5,-90.0,1,0
noisy_step_and_pause_004,noisy_step_and_pause,7.43333,201.0,-90.0,1,0
noisy_step_and_pause_004,noisy_step_and_pause,7.45,199.5,-90.0,1,0
noisy_step_and_pause_004,noisy_step_and_pause,7.46667,198.0,-90.0,1,0
noisy_step_and_pause_004,noisy_step_and_pause,7.48333,196.5,-90.0,1,0
noisy_step_and_pause_004,noisy_step_and_pause,7.5,195.0,-90.0,1,0
noisy_step_and_pause_004,noisy_step_and_pause,7.51667,193.5,-90.0,1,0
noisy_step_and_pause_004,noisy_step_and_pause,7.53333,192.0,-90.0,1,0
noisy_step_and_pause_004,noisy_step_and_pause,7.55,190.5,-90.0,1,0
noisy_step_and_pause_004,noisy_step_and_pause,7.56667,189.0,-90.0,1,0
noisy_step_and_pause_004,noisy_step_and_pause,7.58333,187.5,-90.0,1,0
noisy_step_and_pause_004,noisy_step_and_pause,7.6,186.0,-90.0,1,0
noisy_step_and_pause_004,noisy_step_and_pause,7.61667,184.5,-90.0,0,1
noisy_step_and_pause_004,noisy_step_and_pause,7.63333,186.0,90.0,1,0
noisy_step_and_pause_004,noisy_step_and_pause,7.65,184.5,-90.0,1,0
noisy_step_and_pause_004,noisy_step_and_pause,7.66667,183.0,-90.0,1,0
noisy_step_and_pause_004,noisy_step_and_pause,7.68333,181.5,-90.0,1,0
noisy_step_and_pause_004,noisy_step_and_pause,7.7,180.0,-90.0,1,0
noisy_step_and_pause_004,noisy_step_and_pause,7.71667,178.5,-90.0,1,0
noisy_step_and_pause_004,noisy_step_and_pause,7.73333,177.0,-90.0,1,0
noisy_step_and_pause_004,noisy_step_and_pause,7.75,175.5,-90.0,1,0
noisy_step_and_pause_004,noisy_step_and_pause,7.76667,174.0,-90.0,1,0
noisy_step_and_pause_004,noisy_step_and_pause,7.78333,172.5,-90.0,1,0
noisy_step_and_pause_004,noisy_step_and_pause,7.8,171.0,-90.0,1,0
noisy_step_and_pause_004,noisy_step_and_pause,7.81667,169.5,-90.0,1,0
noisy_step_and_pause_004,noisy_step_and_pause,7.83333,168.0,-90.0,1,0
noisy_step_and_pause_004,noisy_step_and_pause,7.85,166.5,-90.0,1,0
noisy_step_and_pause_004,noisy_step_and_pause,7.86667,165.0,-90.0,1,0
noisy_step_and_pause_004,noisy_step_and_pause,7.88333,163.5,-90.0,1,0
noisy_step_and_pause_004,noisy_step_and_pause,7.9,162.0,-90.0,1,0
noisy_step_and_pause_004,noisy_step_and_pause,7.91667,160.5,-90.0,1,0
noisy_step_and_pause_004,noisy_step_and_pause,7.93333,159.0,-90.0,1,0
noisy_step_and_pause_004,noisy_step_and_pause,7.95,157.5,-90.0,1,0
noisy_step_and_pause_004,noisy_step_and_pause,7.96667,156.0,-90.0,1,0
noisy_step_and_pause_004,noisy_step_and_pause,7.98333,154.5,-90.0,1,0
noisy_step_and_pause_004,noisy_step_and_pause,8.0,153.0,-90.0,1,0
noisy_step_and_pause_004,noisy_step_and_pause,8.01667,151.5,-90.0,1,0
noisy_step_and_pause_004,noisy_step_and_pause,8.03333,150.0,-90.0,1,0
noisy_step_and_pause_004,noisy_step_and_pause,8.05,148.5,-90.0,1,0
noisy_step_and_pause_004,noisy_step_and_pause,8.06667,147.0,-90.0,1,0
noisy_step_and_pause_004,noisy_step_and_pause,8.08333,145.5,-90.0,1,0
noisy_step_and_pause_004,noisy_step_and_pause,8.1,144.0,-90.0,1,0
noisy_step_and_pause_004,noisy_step_and_pause,8.11667,142.5,-90.0,1,0
noisy_step_and_pause_004,noisy_step_and_pause,8.13333,141.0,-90.0,1,0
noisy_step_and_pause_004,noisy_step_and_pause,8.15,139.5,-90.0,1,0
noisy_step_and_pause_004,noisy_step_and_pause,8.16667,138.0,-90.0,1,0
noisy_step_and_pause_004,noisy_step_and_pause,8.18333,136.5,-90.0,1,0
noisy_step_and_pause_004,noisy_step_and_pause,8.2,135.0,-90.0,1,0
noisy_step_and_pause_004,noisy_step_and_pause,8.21667,133.5,-90.0,1,0
noisy_step_and_pause_004,noisy_step_and_pause,8.23333,132.0,-90.0,0,1
noisy_step_and_pause_004,noisy_step_and_pause,8.25,133.5,90.0,1,0
noisy_step_and_pause_004,noisy_step_and_pause,8.26667,132.0,-90.0,1,0
noisy_step_and_pause_004,noisy_step_and_pause,8.28333,130.5,-90.0,1,0
noisy_step_and_pause_004,noisy_step_and_pause,8.3,129.0,-90.0,1,0
noisy_step_and_pause_004,noisy_step_and_pause,8.31667,127.5,-90.0,1,0
noisy_step_and_pause_004,noisy_step_and_pause,8.33333,126.0,-90.0,1,0
noisy_step_and_pause_004,noisy_step_and_pause,8.35,124.5,-90.0,1,0
noisy_step_and_pause_004,noisy_step_and_pause,8.36667,123.0,-90.0,1,0
noisy_step_and_pause_004,noisy_step_and_pause,8.38333,121.5,-90.0,1,0
noisy_step_and_pause_004,noisy_step_and_pause,8.4,120.0,-90.0,1,0
noisy_step_and_pause_004,noisy_step_and_pause,8.41667,118.5,-90.0,1,0
noisy_step_and_pause_004,noisy_step_and_pause,8.43333,117.0,-90.0,1,0
noisy_step_and_pause_004,noisy_step_and_pause,8.45,115.5,-90.0,0,0
noisy_step_and_pause_004,noisy_step_and_pause,8.46667,115.5,0.0,1,0
noisy_step_and_pause_004,noisy_step_and_pause,8.48333,114.0,-90.0,1,0
noisy_step_and_pause_004,noisy_step_and_pause,8.5,112.5,-90.0,1,0
noisy_step_and_pause_004,noisy_step_and_pause,8.51667,111.0,-90.0,1,0
noisy_step_and_pause_004,noisy_step_and_pause,8.53333,109.5,-90.0,1,0
noisy_step_and_pause_004,noisy_step_and_pause,8.55,108.0,-90.0,1,0
noisy_step_and_pause_004,noisy_step_and_pause,8.56667,106.5,-90.0,1,0
noisy_step_and_pause_004,noisy_step_and_pause,8.58333,105.0,-90.0,1,0
noisy_step_and_pause_004,noisy_step_and_pause,8.6,103.5,-90.0,1,0
noisy_step_and_pause_004,noisy_step_and_pause,8.61667,102.0,-90.0,1,0
noisy_step_and_pause_004,noisy_step_and_pause,8.63333,100.5,-90.0,1,0
noisy_step_and_pause_004,noisy_step_and_pause,8.65,99.0,-90.0,1,0
noisy_step_and_pause_004,noisy_step_and_pause,8.66667,97.5,-90.0,1,0
noisy_step_and_pause_004,noisy_step_and_pause,8.68333,96.0,-90.0,1,0
noisy_step_and_pause_004,noisy_step_and_pause,8.7,94.5,-90.0,1,0
noisy_step_and_pause_004,noisy_step_and_pause,8.71667,93.0,-90.0,1,0
noisy_step_and_pause_004,noisy_step_and_pause,8.73333,91.5,-90.0,1,0
noisy_step_and_pause_004,noisy_step_and_pause,8.75,90.0,-90.0,0,1
noisy_step_and_pause_004,noisy_step_and_pause,8.76667,91.5,90.0,0,1
noisy_step_and_pause_004,noisy_step_and_pause,8.78333,93.0,90.0,0,1
noisy_step_and_pause_004,noisy_step_and_pause,8.8,94.5,90.0,0,1
noisy_step_and_pause_004,noisy_step_and_pause,8.81667,96.0,90.0,0,1
noisy_step_and_pause_004,noisy_step_and_pause,8.83333,97.5,90.0,0,1
noisy_step_and_pause_004,noisy_step_and_pause,8.85,99.0,90.0,0,1
noisy_step_and_pause_004,noisy_step_and_pause,8.86667,100.5,90.0,0,1
noisy_step_and_pause_004,noisy_step_and_pause,8.88333,102.0,90.0,0,1
noisy_step_and_pause_004,noisy_step_and_pause,8.9,103.5,90.0,0,1
noisy_step_and_pause_004,noisy_step_and_pause,8.91667,105.0,90.0,0,1
noisy_step_and_pause_004,noisy_step_and_pause,8.93333,106.5,90.0,0,1
noisy_step_and_pause_004,noisy_step_and_pause,8.95,108.0,90.0,0,1
noisy_step_and_pause_004,noisy_step_and_pause,8.96667,109.5,90.0,0,1
noisy_step_and_pause_004,noisy_step_and_pause,8.98333,111.0,90.0,0,1
noisy_step_and_pause_004,noisy_step_and_pause,9.0,112.5,90.0,0,1
noisy_step_and_pause_004,noisy_step_and_pause,9.01667,114.0,90.0,0,1
noisy_step_and_pause_004,noisy_step_and_pause,9.03333,115.5,90.0,0,1
noisy_step_and_pause_004,noisy_step_and_pause,9.05,117.0,90.0,0,1
noisy_step_and_pause_004,noisy_step_and_pause,9.06667,118.5,90.0,0,0
noisy_step_and_pause_004,noisy_step_and_pause,9.08333,118.5,0.0,0,1
noisy_step_and_pause_004,noisy_step_and_pause,9.1,120.0,90.0,0,1
noisy_step_and_pause_004,noisy_step_and_pause,9.11667,121.5,90.0,0,1
noisy_step_and_pause_004,noisy_step_and_pause,9.13333,123.0,90.0,0,1
noisy_step_and_pause_004,noisy_step_and_pause,9.15,124.5,90.0,0,1
noisy_step_and_pause_004,noisy_step_and_pause,9.16667,126.0,90.0,0,1
noisy_step_and_pause_004,noisy_step_and_pause,9.18333,127.5,90.0,0,1
noisy_step_and_pause_004,noisy_step_and_pause,9.2,129.0,90.0,0,1
noisy_step_and_pause_004,noisy_step_and_pause,9.21667,130.5,90.0,0,1
noisy_step_and_pause_004,noisy_step_and_pause,9.23333,132.0,90.0,0,1
noisy_step_and_pause_004,noisy_step_and_pause,9.25,133.5,90.0,0,1
noisy_step_and_pause_004,noisy_step_and_pause,9.26667,135.0,90.0,0,1
noisy_step_and_pause_004,noisy_step_and_pause,9.28333,136.5,90.0,0,1
noisy_step_and_pause_004,noisy_step_and_pause,9.3,138.0,90.0,0,1
noisy_step_and_pause_004,noisy_step_and_pause,9.31667,139.5,90.0,0,1
noisy_step_and_pause_004,noisy_step_and_pause,9.33333,141.0,90.0,0,1
noisy_step_and_pause_004,noisy_step_and_pause,9.35,142.5,90.0,0,1
noisy_step_and_pause_004,noisy_step_and_pause,9.36667,144.0,90.0,0,1
noisy_step_and_pause_004,noisy_step_and_pause,9.38333,145.5,90.0,0,1
noisy_step_and_pause_004,noisy_step_and_pause,9.4,147.0,90.0,0,1
noisy_step_and_pause_004,noisy_step_and_pause,9.41667,148.5,90.0,0,1
noisy_step_and_pause_004,noisy_step_and_pause,9.43333,150.0,90.0,0,1
noisy_step_and_pause_004,noisy_step_and_pause,9.45,151.5,90.0,0,1
noisy_step_and_pause_004,noisy_step_and_pause,9.46667,153.0,90.0,0,1
noisy_step_and_pause_004,noisy_step_and_pause,9.48333,154.5,90.0,0,1
noisy_step_and_pause_004,noisy_step_and_pause,9.5,156.0,90.0,0,1
noisy_step_and_pause_004,noisy_step_and_pause,9.51667,157.5,90.0,0,1
noisy_step_and_pause_004,noisy_step_and_pause,9.53333,159.0,90.0,0,1
noisy_step_and_pause_004,noisy_step_and_pause,9.55,160.5,90.0,1,0
noisy_step_and_pause_004,noisy_step_and_pause,9.56667,159.0,-90.0,0,1
noisy_step_and_pause_004,noisy_step_and_pause,9.58333,160.5,90.0,0,1
noisy_step_and_pause_004,noisy_step_and_pause,9.6,162.0,90.0,1,0
noisy_step_and_pause_004,noisy_step_and_pause,9.61667,160.5,-90.0,1,0
noisy_step_and_pause_004,noisy_step_and_pause,9.63333,159.0,-90.0,1,0
noisy_step_and_pause_004,noisy_step_and_pause,9.65,157.5,-90.0,1,0
noisy_step_and_pause_004,noisy_step_and_pause,9.66667,156.0,-90.0,1,0
noisy_step_and_pause_004,noisy_step_and_pause,9.68333,154.5,-90.0,1,0
noisy_step_and_pause_004,noisy_step_and_pause,9.7,153.0,-90.0,1,0
noisy_step_and_pause_004,noisy_step_and_pause,9.71667,151.5,-90.0,1,0
noisy_step_and_pause_004,noisy_step_and_pause,9.73333,150.0,-90.0,1,0
noisy_step_and_pause_004,noisy_step_and_pause,9.75,148.5,-90.0,1,0
noisy_step_and_pause_004,noisy_step_and_pause,9.76667,147.0,-90.0,0,1
noisy_step_and_pause_004,noisy_step_and_pause,9.78333,148.5,90.0,1,0
noisy_step_and_pause_004,noisy_step_and_pause,9.8,147.0,-90.0,1,0
noisy_step_and_pause_004,noisy_step_and_pause,9.81667,145.5,-90.0,1,0
noisy_step_and_pause_004,noisy_step_and_pause,9.83333,144.0,-90.0,1,0
noisy_step_and_pause_004,noisy_step_and_pause,9.85,142.5,-90.0,1,0
noisy_step_and_pause_004,noisy_step_and_pause,9.86667,141.0,-90.0,1,0
noisy_step_and_pause_004,noisy_step_and_pause,9.88333,139.5,-90.0,1,0
noisy_step_and_pause_004,noisy_step_and_pause,9.9,138.0,-90.0,1,0
noisy_step_and_pause_004,noisy_step_and_pause,9.91667,136.5,-90.0,1,0
noisy_step_and_pause_004,noisy_step_and_pause,9.93333,135.0,-90.0,1,0
noisy_step_and_pause_004,noisy_step_and_pause,9.95,133.5,-90.0,1,0
noisy_step_and_pause_004,noisy_step_and_pause,9.96667,132.0,-90.0,1,0
noisy_step_and_pause_004,noisy_step_and_pause,9.98333,130.5,-90.0,1,0
noisy_step_and_pause_004,noisy_step_and_pause,10.0,129.0,-90.0,1,0
noisy_step_and_pause_004,noisy_step_and_pause,10.01667,127.5,-90.0,1,0
noisy_step_and_pause_004,noisy_step_and_pause,10.03333,126.0,-90.0,1,0
noisy_step_and_pause_004,noisy_step_and_pause,10.05,124.5,-90.0,0,1
noisy_step_and_pause_004,noisy_step_and_pause,10.06667,126.0,90.0,1,0
noisy_step_and_pause_004,noisy_step_and_pause,10.08333,124.5,-90.0,1,0
noisy_step_and_pause_004,noisy_step_and_pause,10.1,123.0,-90.0,1,0
noisy_step_and_pause_004,noisy_step_and_pause,10.11667,121.5,-90.0,1,0
noisy_step_and_pause_004,noisy_step_and_pause,10.13333,120.0,-90.0,0,0
noisy_step_and_pause_004,noisy_step_and_pause,10.15,120.0,0.0,0,0
noisy_step_and_pause_004,noisy_step_and_pause,10.16667,120.0,0.0,0,0
noisy_step_and_pause_004,noisy_step_and_pause,10.18333,120.0,0.0,0,0
noisy_step_and_pause_004,noisy_step_and_pause,10.2,120.0,0.0,0,0
noisy_step_and_pause_004,noisy_step_and_pause,10.21667,120.0,0.0,0,0
noisy_step_and_pause_004,noisy_step_and_pause,10.23333,120.0,0.0,0,0
noisy_step_and_pause_004,noisy_step_and_pause,10.25,120.0,0.0,0,0
noisy_step_and_pause_004,noisy_step_and_pause,10.26667,120.0,0.0,0,0
noisy_step_and_pause_004,noisy_step_and_pause,10.28333,120.0,0.0,0,0
noisy_step_and_pause_004,noisy_step_and_pause,10.3,120.0,0.0,0,0
noisy_step_and_pause_004,noisy_step_and_pause,10.31667,120.0,0.0,0,0
noisy_step_and_pause_004,noisy_step_and_pause,10.33333,120.0,0.0,0,0
noisy_step_and_pause_004,noisy_step_and_pause,10.35,120.0,0.0,0,0
noisy_step_and_pause_004,noisy_step_and_pause,10.36667,120.0,0.0,0,0
noisy_step_and_pause_004,noisy_step_and_pause,10.38333,120.0,0.0,0,0
noisy_step_and_pause_004,noisy_step_and_pause,10.4,120.0,0.0,0,0
noisy_step_and_pause_004,noisy_step_and_pause,10.41667,120.0,0.0,1,0
noisy_step_and_pause_004,noisy_step_and_pause,10.43333,118.5,-90.0,1,0
noisy_step_and_pause_004,noisy_step_and_pause,10.45,117.0,-90.0,1,0
noisy_step_and_pause_004,noisy_step_and_pause,10.46667,115.5,-90.0,1,0
noisy_step_and_pause_004,noisy_step_and_pause,10.48333,114.0,-90.0,1,0
noisy_step_and_pause_004,noisy_step_and_pause,10.5,112.5,-90.0,1,0
noisy_step_and_pause_004,noisy_step_and_pause,10.51667,111.0,-90.0,1,0
noisy_step_and_pause_004,noisy_step_and_pause,10.53333,109.5,-90.0,1,0
noisy_step_and_pause_004,noisy_step_and_pause,10.55,108.0,-90.0,1,0
noisy_step_and_pause_004,noisy_step_and_pause,10.56667,106.5,-90.0,1,0
noisy_step_and_pause_004,noisy_step_and_pause,10.58333,105.0,-90.0,1,0
noisy_step_and_pause_004,noisy_step_and_pause,10.6,103.5,-90.0,1,0
noisy_step_and_pause_004,noisy_step_and_pause,10.61667,102.0,-90.0,1,0
noisy_step_and_pause_004,noisy_step_and_pause,10.63333,100.5,-90.0,1,0
noisy_step_and_pause_004,noisy_step_and_pause,10.65,99.0,-90.0,1,0
noisy_step_and_pause_004,noisy_step_and_pause,10.66667,97.5,-90.0,1,0
noisy_step_and_pause_004,noisy_step_and_pause,10.68333,96.0,-90.0,1,0
noisy_step_and_pause_004,noisy_step_and_pause,10.7,94.5,-90.0,1,0
noisy_step_and_pause_004,noisy_step_and_pause,10.71667,93.0,-90.0,1,0
noisy_step_and_pause_004,noisy_step_and_pause,10.73333,91.5,-90.0,1,0
noisy_step_and_pause_004,noisy_step_and_pause,10.75,90.0,-90.0,1,0
noisy_step_and_pause_004,noisy_step_and_pause,10.76667,88.5,-90.0,1,0
noisy_step_and_pause_004,noisy_step_and_pause,10.78333,87.0,-90.0,1,0
noisy_step_and_pause_004,noisy_step_and_pause,10.8,85.5,-90.0,1,0
noisy_step_and_pause_004,noisy_step_and_pause,10.81667,84.0,-90.0,1,0
noisy_step_and_pause_004,noisy_step_and_pause,10.83333,82.5,-90.0,1,0
noisy_step_and_pause_004,noisy_step_and_pause,10.85,81.0,-90.0,1,0
noisy_step_and_pause_004,noisy_step_and_pause,10.86667,79.5,-90.0,1,0
noisy_step_and_pause_004,noisy_step_and_pause,10.88333,78.0,-90.0,1,0
noisy_step_and_pause_004,noisy_step_and_pause,10.9,76.5,-90.0,1,0
noisy_step_and_pause_004,noisy_step_and_pause,10.91667,75.0,-90.0,1,0
noisy_step_and_pause_004,noisy_step_and_pause,10.93333,73.5,-90.0,1,0
noisy_step_and_pause_004,noisy_step_and_pause,10.95,72.0,-90.0,1,0
noisy_step_and_pause_004,noisy_step_and_pause,10.96667,70.5,-90.0,1,0
noisy_step_and_pause_004,noisy_step_and_pause,10.98333,69.0,-90.0,1,0
noisy_step_and_pause_004,noisy_step_and_pause,11.0,67.5,-90.0,1,0
noisy_step_and_pause_004,noisy_step_and_pause,11.01667,66.0,-90.0,1,0
noisy_step_and_pause_004,noisy_step_and_pause,11.03333,64.5,-90.0,1,0
noisy_step_and_pause_004,noisy_step_and_pause,11.05,63.0,-90.0,1,0
noisy_step_and_pause_004,noisy_step_and_pause,11.06667,61.5,-90.0,1,0
noisy_step_and_pause_004,noisy_step_and_pause,11.08333,60.0,-90.0,1,0
noisy_step_and_pause_004,noisy_step_and_pause,11.1,58.5,-90.0,1,0
noisy_step_and_pause_004,noisy_step_and_pause,11.11667,57.0,-90.0,0,0
noisy_step_and_pause_004,noisy_step_and_pause,11.13333,57.0,0.0,1,0
noisy_step_and_pause_004,noisy_step_and_pause,11.15,55.5,-90.0,1,0
noisy_step_and_pause_004,noisy_step_and_pause,11.16667,54.0,-90.0,1,0
noisy_step_and_pause_004,noisy_step_and_pause,11.18333,52.5,-90.0,1,0
noisy_step_and_pause_004,noisy_step_and_pause,11.2,51.0,-90.0,1,0
noisy_step_and_pause_004,noisy_step_and_pause,11.21667,49.5,-90.0,1,0
noisy_step_and_pause_004,noisy_step_and_pause,11.23333,48.0,-90.0,1,0
noisy_step_and_pause_004,noisy_step_and_pause,11.25,46.5,-90.0,1,0
noisy_step_and_pause_004,noisy_step_and_pause,11.26667,45.0,-90.0,1,0
noisy_step_and_pause_004,noisy_step_and_pause,11.28333,43.5,-90.0,1,0
noisy_step_and_pause_004,noisy_step_and_pause,11.3,42.0,-90.0,1,0
noisy_step_and_pause_004,noisy_step_and_pause,11.31667,40.5,-90.0,1,0
noisy_step_and_pause_004,noisy_step_and_pause,11.33333,39.0,-90.0,1,0
noisy_step_and_pause_004,noisy_step_and_pause,11.35,37.5,-90.0,1,0
noisy_step_and_pause_004,noisy_step_and_pause,11.36667,36.0,-90.0,1,0
noisy_step_and_pause_004,noisy_step_and_pause,11.38333,34.5,-90.0,1,0
noisy_step_and_pause_004,noisy_step_and_pause,11.4,33.0,-90.0,1,0
noisy_step_and_pause_004,noisy_step_and_pause,11.41667,31.5,-90.0,0,1
noisy_step_and_pause_004,noisy_step_and_pause,11.43333,33.0,90.0,1,0
noisy_step_and_pause_004,noisy_step_and_pause,11.45,31.5,-90.0,1,0
noisy_step_and_pause_004,noisy_step_and_pause,11.46667,30.0,-90.0,1,0
noisy_step_and_pause_004,noisy_step_and_pause,11.48333,28.5,-90.0,1,0
noisy_step_and_pause_004,noisy_step_and_pause,11.5,27.0,-90.0,1,0
noisy_step_and_pause_004,noisy_step_and_pause,11.51667,25.5,-90.0,1,0
noisy_step_and_pause_004,noisy_step_and_pause,11.53333,24.0,-90.0,1,0
noisy_step_and_pause_004,noisy_step_and_pause,11.55,22.5,-90.0,1,0
noisy_step_and_pause_004,noisy_step_and_pause,11.56667,21.0,-90.0,1,0
noisy_step_and_pause_004,noisy_step_and_pause,11.58333,19.5,-90.0,1,0
noisy_step_and_pause_004,noisy_step_and_pause,11.6,18.0,-90.0,1,0
noisy_step_and_pause_004,noisy_step_and_pause,11.61667,16.5,-90.0,1,0
noisy_step_and_pause_004,noisy_step_and_pause,11.63333,15.0,-90.0,1,0
noisy_step_and_pause_004,noisy_step_and_pause,11.65,13.5,-90.0,1,0
noisy_step_and_pause_004,noisy_step_and_pause,11.66667,12.0,-90.0,1,0
noisy_step_and_pause_004,noisy_step_and_pause,11.68333,10.5,-90.0,1,0
noisy_step_and_pause_004,noisy_step_and_pause,11.7,9.0,-90.0,1,0
noisy_step_and_pause_004,noisy_step_and_pause,11.71667,7.5,-90.0,1,0
noisy_step_and_pause_004,noisy_step_and_pause,11.73333,6.0,-90.0,1,0
noisy_step_and_pause_004,noisy_step_and_pause,11.75,4.5,-90.0,1,0
noisy_step_and_pause_004,noisy_step_and_pause,11.76667,3.0,-90.0,1,0
noisy_step_and_pause_004,noisy_step_and_pause,11.78333,1.5,-90.0,1,0
noisy_step_and_pause_004,noisy_step_and_pause,11.8,0.0,-90.0,0,0
noisy_step_and_pause_004,noisy_step_and_pause,11.81667,0.0,0.0,0,1
noisy_step_and_pause_004,noisy_step_and_pause,11.83333,1.5,90.0,1,0
noisy_step_and_pause_004,noisy_step_and_pause,11.85,0.0,-90.0,0,0
noisy_step_and_pause_004,noisy_step_and_pause,11.86667,0.0,0.0,0,0
noisy_step_and_pause_004,noisy_step_and_pause,11.88333,0.0,0.0,0,0
noisy_step_and_pause_004,noisy_step_and_pause,11.9,0.0,0.0,0,0
noisy_step_and_pause_004,noisy_step_and_pause,11.91667,0.0,0.0,0,0
noisy_step_and_pause_004,noisy_step_and_pause,11.93333,0.0,0.0,0,0
noisy_step_and_pause_004,noisy_step_and_pause,11.95,0.0,0.0,0,0
noisy_step_and_pause_004,noisy_step_and_pause,11.96667,0.0,0.0,0,0
noisy_step_and_pause_004,noisy_step_and_pause,11.98333,0.0,0.0,0,0
noisy_step_and_pause_004,noisy_step_and_pause,12.0,0.0,0.0,0,0
noisy_step_and_pause_004,noisy_step_and_pause,12.01667,0.0,0.0,0,0
noisy_step_and_pause_004,noisy_step_and_pause,12.03333,0.0,0.0,0,0
noisy_step_and_pause_004,noisy_step_and_pause,12.05,0.0,0.0,0,0
noisy_step_and_pause_004,noisy_step_and_pause,12.06667,0.0,0.0,0,0
noisy_step_and_pause_004,noisy_step_and_pause,12.08333,0.0,0.0,0,0
noisy_step_and_pause_004,noisy_step_and_pause,12.1,0.0,0.0,0,0
noisy_step_and_pause_004,noisy_step_and_pause,12.11667,0.0,0.0,0,1
noisy_step_and_pause_004,noisy_step_and_pause,12.13333,1.5,90.0,1,0
noisy_step_and_pause_004,noisy_step_and_pause,12.15,0.0,-90.0,0,0
noisy_step_and_pause_004,noisy_step_and_pause,12.16667,0.0,0.0,0,0
noisy_step_and_pause_004,noisy_step_and_pause,12.18333,0.0,0.0,0,0
noisy_step_and_pause_004,noisy_step_and_pause,12.2,0.0,0.0,0,0
noisy_step_and_pause_004,noisy_step_and_pause,12.21667,0.0,0.0,0,0
noisy_step_and_pause_004,noisy_step_and_pause,12.23333,0.0,0.0,0,0
noisy_step_and_pause_004,noisy_step_and_pause,12.25,0.0,0.0,0,0
noisy_step_and_pause_004,noisy_step_and_pause,12.26667,0.0,0.0,0,0
noisy_step_and_pause_004,noisy_step_and_pause,12.28333,0.0,0.0,0,0
noisy_step_and_pause_004,noisy_step_and_pause,12.3,0.0,0.0,0,0
noisy_step_and_pause_004,noisy_step_and_pause,12.31667,0.0,0.0,0,0
noisy_step_and_pause_004,noisy_step_and_pause,12.33333,0.0,0.0,0,0
noisy_step_and_pause_004,noisy_step_and_pause,12.35,0.0,0.0,0,0
noisy_step_and_pause_004,noisy_step_and_pause,12.36667,0.0,0.0,0,0
noisy_step_and_pause_004,noisy_step_and_pause,12.38333,0.0,0.0,0,0
noisy_step_and_pause_004,noisy_step_and_pause,12.4,0.0,0.0,0,0
noisy_step_and_pause_004,noisy_step_and_pause,12.41667,0.0,0.0,0,0
noisy_step_and_pause_004,noisy_step_and_pause,12.43333,0.0,0.0,0,0
noisy_step_and_pause_004,noisy_step_and_pause,12.45,0.0,0.0,0,0
noisy_step_and_pause_004,noisy_step_and_pause,12.46667,0.0,0.0,0,0
noisy_step_and_pause_004,noisy_step_and_pause,12.48333,0.0,0.0,0,0
noisy_step_and_pause_004,noisy_step_and_pause,12.5,0.0,0.0,0,0
noisy_step_and_pause_004,noisy_step_and_pause,12.51667,0.0,0.0,0,0
noisy_step_and_pause_004,noisy_step_and_pause,12.53333,0.0,0.0,0,0
noisy_step_and_pause_004,noisy_step_and_pause,12.55,0.0,0.0,0,0
noisy_step_and_pause_004,noisy_step_and_pause,12.56667,0.0,0.0,0,0
noisy_step_and_pause_004,noisy_step_and_pause,12.58333,0.0,0.0,0,0
noisy_step_and_pause_004,noisy_step_and_pause,12.6,0.0,0.0,0,0
noisy_step_and_pause_004,noisy_step_and_pause,12.61667,0.0,0.0,0,0
noisy_step_and_pause_004,noisy_step_and_pause,12.63333,0.0,0.0,0,0
noisy_step_and_pause_004,noisy_step_and_pause,12.65,0.0,0.0,0,0
noisy_step_and_pause_004,noisy_step_and_pause,12.66667,0.0,0.0,0,0
noisy_step_and_pause_004,noisy_step_and_pause,12.68333,0.0,0.0,0,0
noisy_step_and_pause_004,noisy_step_and_pause,12.7,0.0,0.0,1,0
noisy_step_and_pause_004,noisy_step_and_pause,12.71667,0.0,0.0,0,0
noisy_step_and_pause_004,noisy_step_and_pause,12.73333,0.0,0.0,0,0
noisy_step_and_pause_004,noisy_step_and_pause,12.75,0.0,0.0,0,0
noisy_step_and_pause_004,noisy_step_and_pause,12.76667,0.0,0.0,0,0
noisy_step_and_pause_004,noisy_step_and_pause,12.78333,0.0,0.0,0,0
noisy_step_and_pause_004,noisy_step_and_pause,12.8,0.0,0.0,0,0
noisy_step_and_pause_004,noisy_step_and_pause,12.81667,0.0,0.0,0,0
noisy_step_and_pause_004,noisy_step_and_pause,12.83333,0.0,0.0,0,0
noisy_step_and_pause_004,noisy_step_and_pause,12.85,0.0,0.0,1,0
noisy_step_and_pause_004,noisy_step_and_pause,12.86667,0.0,0.0,0,0
noisy_step_and_pause_004,noisy_step_and_pause,12.88333,0.0,0.0,0,0
noisy_step_and_pause_004,noisy_step_and_pause,12.9,0.0,0.0,0,0
noisy_step_and_pause_004,noisy_step_and_pause,12.91667,0.0,0.0,0,0
noisy_step_and_pause_004,noisy_step_and_pause,12.93333,0.0,0.0,0,0
noisy_step_and_pause_004,noisy_step_and_pause,12.95,0.0,0.0,0,0
noisy_step_and_pause_004,noisy_step_and_pause,12.96667,0.0,0.0,0,0
noisy_step_and_pause_004,noisy_step_and_pause,12.98333,0.0,0.0,0,0
noisy_step_and_pause_004,noisy_step_and_pause,13.0,0.0,0.0,0,0
noisy_step_and_pause_004,noisy_step_and_pause,13.01667,0.0,0.0,0,0
noisy_step_and_pause_004,noisy_step_and_pause,13.03333,0.0,0.0,0,0
noisy_step_and_pause_004,noisy_step_and_pause,13.05,0.0,0.0,0,0
noisy_step_and_pause_004,noisy_step_and_pause,13.06667,0.0,0.0,0,0
noisy_step_and_pause_004,noisy_step_and_pause,13.08333,0.0,0.0,0,0
noisy_step_and_pause_004,noisy_step_and_pause,13.1,0.0,0.0,0,0
noisy_step_and_pause_004,noisy_step_and_pause,13.11667,0.0,0.0,0,1
noisy_step_and_pause_004,noisy_step_and_pause,13.13333,1.5,90.0,1,0
noisy_step_and_pause_004,noisy_step_and_pause,13.15,0.0,-90.0,0,0
noisy_step_and_pause_004,noisy_step_and_pause,13.16667,0.0,0.0,0,0
noisy_step_and_pause_004,noisy_step_and_pause,13.18333,0.0,0.0,0,0
noisy_step_and_pause_004,noisy_step_and_pause,13.2,0.0,0.0,0,0
noisy_step_and_pause_004,noisy_step_and_pause,13.21667,0.0,0.0,0,0
noisy_step_and_pause_004,noisy_step_and_pause,13.23333,0.0,0.0,0,0
noisy_step_and_pause_004,noisy_step_and_pause,13.25,0.0,0.0,0,0
noisy_step_and_pause_004,noisy_step_and_pause,13.26667,0.0,0.0,0,0
noisy_step_and_pause_004,noisy_step_and_pause,13.28333,0.0,0.0,0,0
noisy_step_and_pause_004,noisy_step_and_pause,13.3,0.0,0.0,0,0
noisy_step_and_pause_004,noisy_step_and_pause,13.31667,0.0,0.0,0,0
noisy_step_and_pause_004,noisy_step_and_pause,13.33333,0.0,0.0,0,0
noisy_step_and_pause_004,noisy_step_and_pause,13.35,0.0,0.0,0,0
noisy_step_and_pause_004,noisy_step_and_pause,13.36667,0.0,0.0,0,0
noisy_step_and_pause_004,noisy_step_and_pause,13.38333,0.0,0.0,0,0
noisy_step_and_pause_004,noisy_step_and_pause,13.4,0.0,0.0,0,0
noisy_step_and_pause_004,noisy_step_and_pause,13.41667,0.0,0.0,0,0
noisy_step_and_pause_004,noisy_step_and_pause,13.43333,0.0,0.0,0,0
noisy_step_and_pause_004,noisy_step_and_pause,13.45,0.0,0.0,0,0
noisy_step_and_pause_004,noisy_step_and_pause,13.46667,0.0,0.0,0,0
noisy_step_and_pause_004,noisy_step_and_pause,13.48333,0.0,0.0,0,0
noisy_step_and_pause_004,noisy_step_and_pause,13.5,0.0,0.0,0,0
noisy_step_and_pause_004,noisy_step_and_pause,13.51667,0.0,0.0,0,0
noisy_step_and_pause_004,noisy_step_and_pause,13.53333,0.0,0.0,0,0
noisy_step_and_pause_004,noisy_step_and_pause,13.55,0.0,0.0,0,0
noisy_step_and_pause_004,noisy_step_and_pause,13.56667,0.0,0.0,0,0
noisy_step_and_pause_004,noisy_step_and_pause,13.58333,0.0,0.0,0,0
noisy_step_and_pause_004,noisy_step_and_pause,13.6,0.0,0.0,0,0
noisy_step_and_pause_004,noisy_step_and_pause,13.61667,0.0,0.0,0,0
noisy_step_and_pause_004,noisy_step_and_pause,13.63333,0.0,0.0,0,0
noisy_step_and_pause_004,noisy_step_and_pause,13.65,0.0,0.0,0,0
noisy_step_and_pause_004,noisy_step_and_pause,13.66667,0.0,0.0,0,0
noisy_step_and_pause_004,noisy_step_and_pause,13.68333,0.0,0.0,0,0
noisy_step_and_pause_004,noisy_step_and_pause,13.7,0.0,0.0,0,0
noisy_step_and_pause_004,noisy_step_and_pause,13.71667,0.0,0.0,0,0
noisy_step_and_pause_004,noisy_step_and_pause,13.73333,0.0,0.0,0,0
noisy_step_and_pause_004,noisy_step_and_pause,13.75,0.0,0.0,0,0
noisy_step_and_pause_004,noisy_step_and_pause,13.76667,0.0,0.0,0,0
noisy_step_and_pause_004,noisy_step_and_pause,13.78333,0.0,0.0,0,0
noisy_step_and_pause_004,noisy_step_and_pause,13.8,0.0,0.0,0,0
noisy_step_and_pause_004,noisy_step_and_pause,13.81667,0.0,0.0,0,0
noisy_step_and_pause_004,noisy_step_and_pause,13.83333,0.0,0.0,0,0
noisy_step_and_pause_004,noisy_step_and_pause,13.85,0.0,0.0,0,0
noisy_step_and_pause_004,noisy_step_and_pause,13.86667,0.0,0.0,0,0
noisy_step_and_pause_004,noisy_step_and_pause,13.88333,0.0,0.0,0,0
noisy_step_and_pause_004,noisy_step_and_pause,13.9,0.0,0.0,0,0
noisy_step_and_pause_004,noisy_step_and_pause,13.91667,0.0,0.0,0,0
noisy_step_and_pause_004,noisy_step_and_pause,13.93333,0.0,0.0,0,0
noisy_step_and_pause_004,noisy_step_and_pause,13.95,0.0,0.0,0,0
noisy_step_and_pause_004,noisy_step_and_pause,13.96667,0.0,0.0,0,0
noisy_step_and_pause_004,noisy_step_and_pause,13.98333,0.0,0.0,0,0
noisy_step_and_pause_004,noisy_step_and_pause,14.0,0.0,0.0,0,0
noisy_step_and_pause_004,noisy_step_and_pause,14.01667,0.0,0.0,0,0
noisy_step_and_pause_004,noisy_step_and_pause,14.03333,0.0,0.0,0,0
noisy_step_and_pause_004,noisy_step_and_pause,14.05,0.0,0.0,0,0
noisy_step_and_pause_004,noisy_step_and_pause,14.06667,0.0,0.0,0,0
noisy_step_and_pause_004,noisy_step_and_pause,14.08333,0.0,0.0,1,0
noisy_step_and_pause_004,noisy_step_and_pause,14.1,0.0,0.0,0,0
noisy_step_and_pause_004,noisy_step_and_pause,14.11667,0.0,0.0,0,0
noisy_step_and_pause_004,noisy_step_and_pause,14.13333,0.0,0.0,0,1
noisy_step_and_pause_004,noisy_step_and_pause,14.15,1.5,90.0,0,1
noisy_step_and_pause_004,noisy_step_and_pause,14.16667,3.0,90.0,0,1
noisy_step_and_pause_004,noisy_step_and_pause,14.18333,4.5,90.0,0,1
noisy_step_and_pause_004,noisy_step_and_pause,14.2,6.0,90.0,0,1
noisy_step_and_pause_004,noisy_step_and_pause,14.21667,7.5,90.0,0,1
noisy_step_and_pause_004,noisy_step_and_pause,14.23333,9.0,90.0,0,1
noisy_step_and_pause_004,noisy_step_and_pause,14.25,10.5,90.0,0,1
noisy_step_and_pause_004,noisy_step_and_pause,14.26667,12.0,90.0,0,1
noisy_step_and_pause_004,noisy_step_and_pause,14.28333,13.5,90.0,0,1
noisy_step_and_pause_004,noisy_step_and_pause,14.3,15.0,90.0,0,1
noisy_step_and_pause_004,noisy_step_and_pause,14.31667,16.5,90.0,0,1
noisy_step_and_pause_004,noisy_step_and_pause,14.33333,18.0,90.0,0,1
noisy_step_and_pause_004,noisy_step_and_pause,14.35,19.5,90.0,0,1
noisy_step_and_pause_004,noisy_step_and_pause,14.36667,21.0,90.0,0,1
noisy_step_and_pause_004,noisy_step_and_pause,14.38333,22.5,90.0,0,1
noisy_step_and_pause_004,noisy_step_and_pause,14.4,24.0,90.0,0,1
noisy_step_and_pause_004,noisy_step_and_pause,14.41667,25.5,90.0,0,1
noisy_step_and_pause_004,noisy_step_and_pause,14.43333,27.0,90.0,0,1
noisy_step_and_pause_004,noisy_step_and_pause,14.45,28.5,90.0,0,1
noisy_step_and_pause_004,noisy_step_and_pause,14.46667,30.0,90.0,0,1
noisy_step_and_pause_004,noisy_step_and_pause,14.48333,31.5,90.0,0,1
noisy_step_and_pause_004,noisy_step_and_pause,14.5,33.0,90.0,0,1
noisy_step_and_pause_004,noisy_step_and_pause,14.51667,34.5,90.0,0,1
noisy_step_and_pause_004,noisy_step_and_pause,14.53333,36.0,90.0,0,1
noisy_step_and_pause_004,noisy_step_and_pause,14.55,37.5,90.0,0,1
noisy_step_and_pause_004,noisy_step_and_pause,14.56667,39.0,90.0,0,1
noisy_step_and_pause_004,noisy_step_and_pause,14.58333,40.5,90.0,0,1
noisy_step_and_pause_004,noisy_step_and_pause,14.6,42.0,90.0,0,1
noisy_step_and_pause_004,noisy_step_and_pause,14.61667,43.5,90.0,0,1
noisy_step_and_pause_004,noisy_step_and_pause,14.63333,45.0,90.0,0,1
noisy_step_and_pause_004,noisy_step_and_pause,14.65,46.5,90.0,0,1
noisy_step_and_pause_004,noisy_step_and_pause,14.66667,48.0,90.0,0,1
noisy_step_and_pause_004,noisy_step_and_pause,14.68333,49.5,90.0,0,1
noisy_step_and_pause_004,noisy_step_and_pause,14.7,51.0,90.0,0,0
noisy_step_and_pause_004,noisy_step_and_pause,14.71667,51.0,0.0,1,0
noisy_step_and_pause_004,noisy_step_and_pause,14.73333,49.5,-90.0,1,0
noisy_step_and_pause_004,noisy_step_and_pause,14.75,48.0,-90.0,1,0
noisy_step_and_pause_004,noisy_step_and_pause,14.76667,46.5,-90.0,1,0
noisy_step_and_pause_004,noisy_step_and_pause,14.78333,45.0,-90.0,1,0
noisy_step_and_pause_004,noisy_step_and_pause,14.8,43.5,-90.0,1,0
noisy_step_and_pause_004,noisy_step_and_pause,14.81667,42.0,-90.0,1,0
noisy_step_and_pause_004,noisy_step_and_pause,14.83333,40.5,-90.0,1,0
noisy_step_and_pause_004,noisy_step_and_pause,14.85,39.0,-90.0,1,0
noisy_step_and_pause_004,noisy_step_and_pause,14.86667,37.5,-90.0,1,0
noisy_step_and_pause_004,noisy_step_and_pause,14.88333,36.0,-90.0,1,0
noisy_step_and_pause_004,noisy_step_and_pause,14.9,34.5,-90.0,0,0
noisy_step_and_pause_004,noisy_step_and_pause,14.91667,34.5,0.0,1,0
noisy_step_and_pause_004,noisy_step_and_pause,14.93333,33.0,-90.0,1,0
noisy_step_and_pause_004,noisy_step_and_pause,14.95,31.5,-90.0,1,0
noisy_step_and_pause_004,noisy_step_and_pause,14.96667,30.0,-90.0,1,0
noisy_step_and_pause_004,noisy_step_and_pause,14.98333,28.5,-90.0,1,0
noisy_step_and_pause_004,noisy_step_and_pause,15.0,27.0,-90.0,1,0
noisy_step_and_pause_004,noisy_step_and_pause,15.01667,25.5,-90.0,1,0
noisy_step_and_pause_004,noisy_step_and_pause,15.03333,24.0,-90.0,1,0
noisy_step_and_pause_004,noisy_step_and_pause,15.05,22.5,-90.0,1,0
noisy_step_and_pause_004,noisy_step_and_pause,15.06667,21.0,-90.0,1,0
noisy_step_and_pause_004,noisy_step_and_pause,15.08333,19.5,-90.0,1,0
noisy_step_and_pause_004,noisy_step_and_pause,15.1,18.0,-90.0,1,0
noisy_step_and_pause_004,noisy_step_and_pause,15.11667,16.5,-90.0,1,0
noisy_step_and_pause_004,noisy_step_and_pause,15.13333,15.0,-90.0,1,0
noisy_step_and_pause_004,noisy_step_and_pause,15.15,13.5,-90.0,1,0
noisy_step_and_pause_004,noisy_step_and_pause,15.16667,12.0,-90.0,1,0
noisy_step_and_pause_004,noisy_step_and_pause,15.18333,10.5,-90.0,1,0
noisy_step_and_pause_004,noisy_step_and_pause,15.2,9.0,-90.0,1,0
noisy_step_and_pause_004,noisy_step_and_pause,15.21667,7.5,-90.0,1,0
noisy_step_and_pause_004,noisy_step_and_pause,15.23333,6.0,-90.0,1,0
noisy_step_and_pause_004,noisy_step_and_pause,15.25,4.5,-90.0,1,0
noisy_step_and_pause_004,noisy_step_and_pause,15.26667,3.0,-90.0,1,0
noisy_step_and_pause_004,noisy_step_and_pause,15.28333,1.5,-90.0,1,0
noisy_step_and_pause_004,noisy_step_and_pause,15.3,0.0,-90.0,0,0
noisy_step_and_pause_004,noisy_step_and_pause,15.31667,0.0,0.0,0,0
noisy_step_and_pause_004,noisy_step_and_pause,15.33333,0.0,0.0,0,0
noisy_step_and_pause_004,noisy_step_and_pause,15.35,0.0,0.0,0,0
noisy_step_and_pause_004,noisy_step_and_pause,15.36667,0.0,0.0,0,0
noisy_step_and_pause_004,noisy_step_and_pause,15.38333,0.0,0.0,0,0
noisy_step_and_pause_004,noisy_step_and_pause,15.4,0.0,0.0,0,0
noisy_step_and_pause_004,noisy_step_and_pause,15.41667,0.0,0.0,0,0
noisy_step_and_pause_004,noisy_step_and_pause,15.43333,0.0,0.0,1,0
noisy_step_and_pause_004,noisy_step_and_pause,15.45,0.0,0.0,0,0
noisy_step_and_pause_004,noisy_step_and_pause,15.46667,0.0,0.0,0,0
noisy_step_and_pause_004,noisy_step_and_pause,15.48333,0.0,0.0,0,0
noisy_step_and_pause_004,noisy_step_and_pause,15.5,0.0,0.0,0,0
noisy_step_and_pause_004,noisy_step_and_pause,15.51667,0.0,0.0,0,0
noisy_step_and_pause_004,noisy_step_and_pause,15.53333,0.0,0.0,0,0
noisy_step_and_pause_004,noisy_step_and_pause,15.55,0.0,0.0,0,0
noisy_step_and_pause_004,noisy_step_and_pause,15.56667,0.0,0.0,0,0
noisy_step_and_pause_004,noisy_step_and_pause,15.58333,0.0,0.0,0,0
noisy_step_and_pause_004,noisy_step_and_pause,15.6,0.0,0.0,0,0
noisy_step_and_pause_004,noisy_step_and_pause,15.61667,0.0,0.0,0,0
noisy_step_and_pause_004,noisy_step_and_pause,15.63333,0.0,0.0,0,0
noisy_step_and_pause_004,noisy_step_and_pause,15.65,0.0,0.0,0,0
noisy_step_and_pause_004,noisy_step_and_pause,15.66667,0.0,0.0,0,0
noisy_step_and_pause_004,noisy_step_and_pause,15.68333,0.0,0.0,0,0
noisy_step_and_pause_004,noisy_step_and_pause,15.7,0.0,0.0,0,0
noisy_step_and_pause_004,noisy_step_and_pause,15.71667,0.0,0.0,0,0
noisy_step_and_pause_004,noisy_step_and_pause,15.73333,0.0,0.0,0,0
noisy_step_and_pause_004,noisy_step_and_pause,15.75,0.0,0.0,0,0
noisy_step_and_pause_004,noisy_step_and_pause,15.76667,0.0,0.0,0,0
noisy_step_and_pause_004,noisy_step_and_pause,15.78333,0.0,0.0,0,0
noisy_step_and_pause_004,noisy_step_and_pause,15.8,0.0,0.0,0,1
noisy_step_and_pause_004,noisy_step_and_pause,15.81667,1.5,90.0,1,0
noisy_step_and_pause_004,noisy_step_and_pause,15.83333,0.0,-90.0,0,0
noisy_step_and_pause_004,noisy_step_and_pause,15.85,0.0,0.0,0,0
noisy_step_and_pause_004,noisy_step_and_pause,15.86667,0.0,0.0,0,0
noisy_step_and_pause_004,noisy_step_and_pause,15.88333,0.0,0.0,0,0
noisy_step_and_pause_004,noisy_step_and_pause,15.9,0.0,0.0,0,0
noisy_step_and_pause_004,noisy_step_and_pause,15.91667,0.0,0.0,0,0
noisy_step_and_pause_004,noisy_step_and_pause,15.93333,0.0,0.0,0,0
noisy_step_and_pause_004,noisy_step_and_pause,15.95,0.0,0.0,0,0
noisy_step_and_pause_004,noisy_step_and_pause,15.96667,0.0,0.0,0,0
noisy_step_and_pause_004,noisy_step_and_pause,15.98333,0.0,0.0,0,0
noisy_step_and_pause_004,noisy_step_and_pause,16.0,0.0,0.0,0,0
noisy_step_and_pause_004,noisy_step_and_pause,16.01667,0.0,0.0,0,1
noisy_step_and_pause_004,noisy_step_and_pause,16.03333,1.5,90.0,1,0
noisy_step_and_pause_004,noisy_step_and_pause,16.05,0.0,-90.0,0,0
noisy_step_and_pause_004,noisy_step_and_pause,16.06667,0.0,0.0,0,0
noisy_step_and_pause_004,noisy_step_and_pause,16.08333,0.0,0.0,0,0
noisy_step_and_pause_004,noisy_step_and_pause,16.1,0.0,0.0,0,0
noisy_step_and_pause_004,noisy_step_and_pause,16.11667,0.0,0.0,0,0
noisy_step_and_pause_004,noisy_step_and_pause,16.13333,0.0,0.0,0,0
noisy_step_and_pause_004,noisy_step_and_pause,16.15,0.0,0.0,0,0
noisy_step_and_pause_004,noisy_step_and_pause,16.16667,0.0,0.0,0,0
noisy_step_and_pause_004,noisy_step_and_pause,16.18333,0.0,0.0,0,0
noisy_step_and_pause_004,noisy_step_and_pause,16.2,0.0,0.0,0,1
noisy_step_and_pause_004,noisy_step_and_pause,16.21667,1.5,90.0,0,1
noisy_step_and_pause_004,noisy_step_and_pause,16.23333,3.0,90.0,0,1
noisy_step_and_pause_004,noisy_step_and_pause,16.25,4.5,90.0,0,1
noisy_step_and_pause_004,noisy_step_and_pause,16.26667,6.0,90.0,0,1
noisy_step_and_pause_004,noisy_step_and_pause,16.28333,7.5,90.0,0,1
noisy_step_and_pause_004,noisy_step_and_pause,16.3,9.0,90.0,0,1
noisy_step_and_pause_004,noisy_step_and_pause,16.31667,10.5,90.0,0,1
noisy_step_and_pause_004,noisy_step_and_pause,16.33333,12.0,90.0,0,1
noisy_step_and_pause_004,noisy_step_and_pause,16.35,13.5,90.0,0,1
noisy_step_and_pause_004,noisy_step_and_pause,16.36667,15.0,90.0,0,1
noisy_step_and_pause_004,noisy_step_and_pause,16.38333,16.5,90.0,0,1
noisy_step_and_pause_004,noisy_step_and_pause,16.4,18.0,90.0,0,1
noisy_step_and_pause_004,noisy_step_and_pause,16.41667,19.5,90.0,0,1
noisy_step_and_pause_004,noisy_step_and_pause,16.43333,21.0,90.0,0,1
noisy_step_and_pause_004,noisy_step_and_pause,16.45,22.5,90.0,0,1
noisy_step_and_pause_004,noisy_step_and_pause,16.46667,24.0,90.0,0,1
noisy_step_and_pause_004,noisy_step_and_pause,16.48333,25.5,90.0,0,1
noisy_step_and_pause_004,noisy_step_and_pause,16.5,27.0,90.0,0,1
noisy_step_and_pause_004,noisy_step_and_pause,16.51667,28.5,90.0,0,1
noisy_step_and_pause_004,noisy_step_and_pause,16.53333,30.0,90.0,0,1
noisy_step_and_pause_004,noisy_step_and_pause,16.55,31.5,90.0,0,1
noisy_step_and_pause_004,noisy_step_and_pause,16.56667,33.0,90.0,0,1
noisy_step_and_pause_004,noisy_step_and_pause,16.58333,34.5,90.0,0,1
noisy_step_and_pause_004,noisy_step_and_pause,16.6,36.0,90.0,0,1
noisy_step_and_pause_004,noisy_step_and_pause,16.61667,37.5,90.0,0,1
noisy_step_and_pause_004,noisy_step_and_pause,16.63333,39.0,90.0,0,1
noisy_step_and_pause_004,noisy_step_and_pause,16.65,40.5,90.0,0,1
noisy_step_and_pause_004,noisy_step_and_pause,16.66667,42.0,90.0,0,1
noisy_step_and_pause_004,noisy_step_and_pause,16.68333,43.5,90.0,0,0
noisy_step_and_pause_004,noisy_step_and_pause,16.7,43.5,0.0,0,1
noisy_step_and_pause_004,noisy_step_and_pause,16.71667,45.0,90.0,0,1
noisy_step_and_pause_004,noisy_step_and_pause,16.73333,46.5,90.0,0,1
noisy_step_and_pause_004,noisy_step_and_pause,16.75,48.0,90.0,0,1
noisy_step_and_pause_004,noisy_step_and_pause,16.76667,49.5,90.0,1,0
noisy_step_and_pause_004,noisy_step_and_pause,16.78333,48.0,-90.0,1,0
noisy_step_and_pause_004,noisy_step_and_pause,16.8,46.5,-90.0,1,0
noisy_step_and_pause_004,noisy_step_and_pause,16.81667,45.0,-90.0,1,0
noisy_step_and_pause_004,noisy_step_and_pause,16.83333,43.5,-90.0,1,0
noisy_step_and_pause_004,noisy_step_and_pause,16.85,42.0,-90.0,1,0
noisy_step_and_pause_004,noisy_step_and_pause,16.86667,40.5,-90.0,1,0
noisy_step_and_pause_004,noisy_step_and_pause,16.88333,39.0,-90.0,1,0
noisy_step_and_pause_004,noisy_step_and_pause,16.9,37.5,-90.0,1,0
noisy_step_and_pause_004,noisy_step_and_pause,16.91667,36.0,-90.0,1,0
noisy_step_and_pause_004,noisy_step_and_pause,16.93333,34.5,-90.0,1,0
noisy_step_and_pause_004,noisy_step_and_pause,16.95,33.0,-90.0,1,0
noisy_step_and_pause_004,noisy_step_and_pause,16.96667,31.5,-90.0,1,0
noisy_step_and_pause_004,noisy_step_and_pause,16.98333,30.0,-90.0,1,0
noisy_step_and_pause_004,noisy_step_and_pause,17.0,28.5,-90.0,1,0
noisy_step_and_pause_004,noisy_step_and_pause,17.01667,27.0,-90.0,1,0
noisy_step_and_pause_004,noisy_step_and_pause,17.03333,25.5,-90.0,1,0
noisy_step_and_pause_004,noisy_step_and_pause,17.05,24.0,-90.0,1,0
noisy_step_and_pause_004,noisy_step_and_pause,17.06667,22.5,-90.0,1,0
noisy_step_and_pause_004,noisy_step_and_pause,17.08333,21.0,-90.0,1,0
noisy_step_and_pause_004,noisy_step_and_pause,17.1,19.5,-90.0,1,0
noisy_step_and_pause_004,noisy_step_and_pause,17.11667,18.0,-90.0,1,0
noisy_step_and_pause_004,noisy_step_and_pause,17.13333,16.5,-90.0,1,0
noisy_step_and_pause_004,noisy_step_and_pause,17.15,15.0,-90.0,1,0
noisy_step_and_pause_004,noisy_step_and_pause,17.16667,13.5,-90.0,1,0
noisy_step_and_pause_004,noisy_step_and_pause,17.18333,12.0,-90.0,1,0
noisy_step_and_pause_004,noisy_step_and_pause,17.2,10.5,-90.0,1,0
noisy_step_and_pause_004,noisy_step_and_pause,17.21667,9.0,-90.0,1,0
noisy_step_and_pause_004,noisy_step_and_pause,17.23333,7.5,-90.0,1,0
noisy_step_and_pause_004,noisy_step_and_pause,17.25,6.0,-90.0,1,0
noisy_step_and_pause_004,noisy_step_and_pause,17.26667,4.5,-90.0,1,0
noisy_step_and_pause_004,noisy_step_and_pause,17.28333,3.0,-90.0,1,0
noisy_step_and_pause_004,noisy_step_and_pause,17.3,1.5,-90.0,1,0
noisy_step_and_pause_004,noisy_step_and_pause,17.31667,0.0,-90.0,0,0
noisy_step_and_pause_004,noisy_step_and_pause,17.33333,0.0,0.0,0,0
noisy_step_and_pause_004,noisy_step_and_pause,17.35,0.0,0.0,0,0
noisy_step_and_pause_004,noisy_step_and_pause,17.36667,0.0,0.0,0,0
noisy_step_and_pause_004,noisy_step_and_pause,17.38333,0.0,0.0,0,0
noisy_step_and_pause_004,noisy_step_and_pause,17.4,0.0,0.0,0,0
noisy_step_and_pause_004,noisy_step_and_pause,17.41667,0.0,0.0,0,0
noisy_step_and_pause_004,noisy_step_and_pause,17.43333,0.0,0.0,0,0
noisy_step_and_pause_004,noisy_step_and_pause,17.45,0.0,0.0,0,0
noisy_step_and_pause_004,noisy_step_and_pause,17.46667,0.0,0.0,0,0
noisy_step_and_pause_004,noisy_step_and_pause,17.48333,0.0,0.0,0,0
noisy_step_and_pause_004,noisy_step_and_pause,17.5,0.0,0.0,0,0
noisy_step_and_pause_004,noisy_step_and_pause,17.51667,0.0,0.0,0,0
noisy_step_and_pause_004,noisy_step_and_pause,17.53333,0.0,0.0,0,0
noisy_step_and_pause_004,noisy_step_and_pause,17.55,0.0,0.0,0,0
noisy_step_and_pause_004,noisy_step_and_pause,17.56667,0.0,0.0,0,0
noisy_step_and_pause_004,noisy_step_and_pause,17.58333,0.0,0.0,0,0
noisy_step_and_pause_004,noisy_step_and_pause,17.6,0.0,0.0,0,0
noisy_step_and_pause_004,noisy_step_and_pause,17.61667,0.0,0.0,0,0
noisy_step_and_pause_004,noisy_step_and_pause,17.63333,0.0,0.0,0,0
noisy_step_and_pause_004,noisy_step_and_pause,17.65,0.0,0.0,0,0
noisy_step_and_pause_004,noisy_step_and_pause,17.66667,0.0,0.0,0,0
noisy_step_and_pause_004,noisy_step_and_pause,17.68333,0.0,0.0,0,0
noisy_step_and_pause_004,noisy_step_and_pause,17.7,0.0,0.0,0,0
noisy_step_and_pause_004,noisy_step_and_pause,17.71667,0.0,0.0,0,0
noisy_step_and_pause_004,noisy_step_and_pause,17.73333,0.0,0.0,0,0
noisy_step_and_pause_004,noisy_step_and_pause,17.75,0.0,0.0,0,0
noisy_step_and_pause_004,noisy_step_and_pause,17.76667,0.0,0.0,0,0
noisy_step_and_pause_004,noisy_step_and_pause,17.78333,0.0,0.0,0,0
noisy_step_and_pause_004,noisy_step_and_pause,17.8,0.0,0.0,0,1
noisy_step_and_pause_004,noisy_step_and_pause,17.81667,1.5,90.0,1,0
noisy_step_and_pause_004,noisy_step_and_pause,17.83333,0.0,-90.0,0,0
noisy_step_and_pause_004,noisy_step_and_pause,17.85,0.0,0.0,0,0
noisy_step_and_pause_004,noisy_step_and_pause,17.86667,0.0,0.0,0,0
noisy_step_and_pause_004,noisy_step_and_pause,17.88333,0.0,0.0,0,0
noisy_step_and_pause_004,noisy_step_and_pause,17.9,0.0,0.0,0,0
noisy_step_and_pause_004,noisy_step_and_pause,17.91667,0.0,0.0,0,0
noisy_step_and_pause_004,noisy_step_and_pause,17.93333,0.0,0.0,0,0
noisy_step_and_pause_004,noisy_step_and_pause,17.95,0.0,0.0,0,0
noisy_step_and_pause_004,noisy_step_and_pause,17.96667,0.0,0.0,0,0
noisy_step_and_pause_004,noisy_step_and_pause,17.98333,0.0,0.0,0,0
noisy_step_and_pause_004,noisy_step_and_pause,18.0,0.0,0.0,0,0
noisy_step_and_pause_004,noisy_step_and_pause,18.01667,0.0,0.0,0,0
noisy_step_and_pause_004,noisy_step_and_pause,18.03333,0.0,0.0,0,0
noisy_step_and_pause_004,noisy_step_and_pause,18.05,0.0,0.0,0,0
noisy_step_and_pause_004,noisy_step_and_pause,18.06667,0.0,0.0,0,0
noisy_step_and_pause_004,noisy_step_and_pause,18.08333,0.0,0.0,0,0
noisy_step_and_pause_004,noisy_step_and_pause,18.1,0.0,0.0,0,0
noisy_step_and_pause_004,noisy_step_and_pause,18.11667,0.0,0.0,1,0
noisy_step_and_pause_004,noisy_step_and_pause,18.13333,0.0,0.0,0,0
noisy_step_and_pause_004,noisy_step_and_pause,18.15,0.0,0.0,0,0
noisy_step_and_pause_004,noisy_step_and_pause,18.16667,0.0,0.0,0,0
noisy_step_and_pause_004,noisy_step_and_pause,18.18333,0.0,0.0,0,0
noisy_step_and_pause_004,noisy_step_and_pause,18.2,0.0,0.0,0,0
noisy_step_and_pause_004,noisy_step_and_pause,18.21667,0.0,0.0,0,0
noisy_step_and_pause_004,noisy_step_and_pause,18.23333,0.0,0.0,0,0
noisy_step_and_pause_004,noisy_step_and_pause,18.25,0.0,0.0,1,0
noisy_step_and_pause_004,noisy_step_and_pause,18.26667,0.0,0.0,0,0
noisy_step_and_pause_004,noisy_step_and_pause,18.28333,0.0,0.0,0,0
noisy_step_and_pause_004,noisy_step_and_pause,18.3,0.0,0.0,0,0
noisy_step_and_pause_004,noisy_step_and_pause,18.31667,0.0,0.0,0,0
noisy_step_and_pause_004,noisy_step_and_pause,18.33333,0.0,0.0,0,0
noisy_step_and_pause_004,noisy_step_and_pause,18.35,0.0,0.0,0,0
noisy_step_and_pause_004,noisy_step_and_pause,18.36667,0.0,0.0,0,0
noisy_step_and_pause_004,noisy_step_and_pause,18.38333,0.0,0.0,1,0
noisy_step_and_pause_004,noisy_step_and_pause,18.4,0.0,0.0,0,0
noisy_step_and_pause_004,noisy_step_and_pause,18.41667,0.0,0.0,0,0
noisy_step_and_pause_004,noisy_step_and_pause,18.43333,0.0,0.0,0,0
noisy_step_and_pause_004,noisy_step_and_pause,18.45,0.0,0.0,0,1
noisy_step_and_pause_004,noisy_step_and_pause,18.46667,1.5,90.0,1,0
noisy_step_and_pause_004,noisy_step_and_pause,18.48333,0.0,-90.0,0,0
noisy_step_and_pause_004,noisy_step_and_pause,18.5,0.0,0.0,0,0
noisy_step_and_pause_004,noisy_step_and_pause,18.51667,0.0,0.0,0,0
noisy_step_and_pause_004,noisy_step_and_pause,18.53333,0.0,0.0,0,0
noisy_step_and_pause_004,noisy_step_and_pause,18.55,0.0,0.0,0,0
noisy_step_and_pause_004,noisy_step_and_pause,18.56667,0.0,0.0,0,0
noisy_step_and_pause_004,noisy_step_and_pause,18.58333,0.0,0.0,0,0
noisy_step_and_pause_004,noisy_step_and_pause,18.6,0.0,0.0,0,0
noisy_step_and_pause_004,noisy_step_and_pause,18.61667,0.0,0.0,0,0
noisy_step_and_pause_004,noisy_step_and_pause,18.63333,0.0,0.0,0,0
noisy_step_and_pause_004,noisy_step_and_pause,18.65,0.0,0.0,0,0
noisy_step_and_pause_004,noisy_step_and_pause,18.66667,0.0,0.0,0,0
noisy_step_and_pause_004,noisy_step_and_pause,18.68333,0.0,0.0,0,0
noisy_step_and_pause_004,noisy_step_and_pause,18.7,0.0,0.0,0,1
noisy_step_and_pause_004,noisy_step_and_pause,18.71667,1.5,90.0,0,0
noisy_step_and_pause_004,noisy_step_and_pause,18.73333,1.5,0.0,0,0
noisy_step_and_pause_004,noisy_step_and_pause,18.75,1.5,0.0,0,0
noisy_step_and_pause_004,noisy_step_and_pause,18.76667,1.5,0.0,0,0
noisy_step_and_pause_004,noisy_step_and_pause,18.78333,1.5,0.0,0,0
noisy_step_and_pause_004,noisy_step_and_pause,18.8,1.5,0.0,0,0
noisy_step_and_pause_004,noisy_step_and_pause,18.81667,1.5,0.0,0,0
noisy_step_and_pause_004,noisy_step_and_pause,18.83333,1.5,0.0,0,0
noisy_step_and_pause_004,noisy_step_and_pause,18.85,1.5,0.0,0,0
noisy_step_and_pause_004,noisy_step_and_pause,18.86667,1.5,0.0,0,0
noisy_step_and_pause_004,noisy_step_and_pause,18.88333,1.5,0.0,0,0
noisy_step_and_pause_004,noisy_step_and_pause,18.9,1.5,0.0,0,0
noisy_step_and_pause_004,noisy_step_and_pause,18.91667,1.5,0.0,0,0
noisy_step_and_pause_004,noisy_step_and_pause,18.93333,1.5,0.0,0,0
noisy_step_and_pause_004,noisy_step_and_pause,18.95,1.5,0.0,0,0
noisy_step_and_pause_004,noisy_step_and_pause,18.96667,1.5,0.0,0,0
noisy_step_and_pause_004,noisy_step_and_pause,18.98333,1.5,0.0,0,0
noisy_step_and_pause_004,noisy_step_and_pause,19.0,1.5,0.0,0,0
noisy_step_and_pause_004,noisy_step_and_pause,19.01667,1.5,0.0,0,0
noisy_step_and_pause_004,noisy_step_and_pause,19.03333,1.5,0.0,0,0
noisy_step_and_pause_004,noisy_step_and_pause,19.05,1.5,0.0,0,0
noisy_step_and_pause_004,noisy_step_and_pause,19.06667,1.5,0.0,0,0
noisy_step_and_pause_004,noisy_step_and_pause,19.08333,1.5,0.0,0,0
noisy_step_and_pause_004,noisy_step_and_pause,19.1,1.5,0.0,0,0
noisy_step_and_pause_004,noisy_step_and_pause,19.11667,1.5,0.0,0,0
noisy_step_and_pause_004,noisy_step_and_pause,19.13333,1.5,0.0,0,0
noisy_step_and_pause_004,noisy_step_and_pause,19.15,1.5,0.0,0,0
noisy_step_and_pause_004,noisy_step_and_pause,19.16667,1.5,0.0,1,0
noisy_step_and_pause_004,noisy_step_and_pause,19.18333,0.0,-90.0,0,0
noisy_step_and_pause_004,noisy_step_and_pause,19.2,0.0,0.0,0,0
noisy_step_and_pause_004,noisy_step_and_pause,19.21667,0.0,0.0,0,0
noisy_step_and_pause_004,noisy_step_and_pause,19.23333,0.0,0.0,0,0
noisy_step_and_pause_004,noisy_step_and_pause,19.25,0.0,0.0,0,0
noisy_step_and_pause_004,noisy_step_and_pause,19.26667,0.0,0.0,0,0
noisy_step_and_pause_004,noisy_step_and_pause,19.28333,0.0,0.0,0,0
noisy_step_and_pause_004,noisy_step_and_pause,19.3,0.0,0.0,1,0
noisy_step_and_pause_004,noisy_step_and_pause,19.31667,0.0,0.0,0,0
noisy_step_and_pause_004,noisy_step_and_pause,19.33333,0.0,0.0,0,0
noisy_step_and_pause_004,noisy_step_and_pause,19.35,0.0,0.0,0,0
noisy_step_and_pause_004,noisy_step_and_pause,19.36667,0.0,0.0,0,0
noisy_step_and_pause_004,noisy_step_and_pause,19.38333,0.0,0.0,0,0
noisy_step_and_pause_004,noisy_step_and_pause,19.4,0.0,0.0,0,0
noisy_step_and_pause_004,noisy_step_and_pause,19.41667,0.0,0.0,0,0
noisy_step_and_pause_004,noisy_step_and_pause,19.43333,0.0,0.0,0,0
noisy_step_and_pause_004,noisy_step_and_pause,19.45,0.0,0.0,0,0
noisy_step_and_pause_004,noisy_step_and_pause,19.46667,0.0,0.0,0,0
noisy_step_and_pause_004,noisy_step_and_pause,19.48333,0.0,0.0,0,0
noisy_step_and_pause_004,noisy_step_and_pause,19.5,0.0,0.0,0,0
noisy_step_and_pause_004,noisy_step_and_pause,19.51667,0.0,0.0,0,0
noisy_step_and_pause_004,noisy_step_and_pause,19.53333,0.0,0.0,0,0
noisy_step_and_pause_004,noisy_step_and_pause,19.55,0.0,0.0,0,0
noisy_step_and_pause_004,noisy_step_and_pause,19.56667,0.0,0.0,0,0
noisy_step_and_pause_004,noisy_step_and_pause,19.58333,0.0,0.0,0,0
noisy_step_and_pause_004,noisy_step_and_pause,19.6,0.0,0.0,0,0
noisy_step_and_pause_004,noisy_step_and_pause,19.61667,0.0,0.0,0,0
noisy_step_and_pause_004,noisy_step_and_pause,19.63333,0.0,0.0,0,0
noisy_step_and_pause_004,noisy_step_and_pause,19.65,0.0,0.0,0,0
noisy_step_and_pause_004,noisy_step_and_pause,19.66667,0.0,0.0,0,0
noisy_step_and_pause_004,noisy_step_and_pause,19.68333,0.0,0.0,0,0
noisy_step_and_pause_004,noisy_step_and_pause,19.7,0.0,0.0,0,0
noisy_step_and_pause_004,noisy_step_and_pause,19.71667,0.0,0.0,0,0
noisy_step_and_pause_004,noisy_step_and_pause,19.73333,0.0,0.0,0,0
noisy_step_and_pause_004,noisy_step_and_pause,19.75,0.0,0.0,0,0
noisy_step_and_pause_004,noisy_step_and_pause,19.76667,0.0,0.0,0,0
noisy_step_and_pause_004,noisy_step_and_pause,19.78333,0.0,0.0,0,0
noisy_step_and_pause_004,noisy_step_and_pause,19.8,0.0,0.0,0,1
noisy_step_and_pause_004,noisy_step_and_pause,19.81667,1.5,90.0,0,0
noisy_step_and_pause_004,noisy_step_and_pause,19.83333,1.5,0.0,0,1
noisy_step_and_pause_004,noisy_step_and_pause,19.85,3.0,90.0,0,1
noisy_step_and_pause_004,noisy_step_and_pause,19.86667,4.5,90.0,0,1
noisy_step_and_pause_004,noisy_step_and_pause,19.88333,6.0,90.0,0,1
noisy_step_and_pause_004,noisy_step_and_pause,19.9,7.5,90.0,0,1
noisy_step_and_pause_004,noisy_step_and_pause,19.91667,9.0,90.0,0,1
noisy_step_and_pause_004,noisy_step_and_pause,19.93333,10.5,90.0,0,1
noisy_step_and_pause_004,noisy_step_and_pause,19.95,12.0,90.0,0,1
noisy_step_and_pause_004,noisy_step_and_pause,19.96667,13.5,90.0,0,1
noisy_step_and_pause_004,noisy_step_and_pause,19.98333,15.0,90.0,0,1
noisy_step_and_pause_004,noisy_step_and_pause,20.0,16.5,90.0,0,1
noisy_step_and_pause_004,noisy_step_and_pause,20.01667,18.0,90.0,0,1
noisy_step_and_pause_004,noisy_step_and_pause,20.03333,19.5,90.0,0,0
noisy_step_and_pause_004,noisy_step_and_pause,20.05,19.5,0.0,0,1
noisy_step_and_pause_004,noisy_step_and_pause,20.06667,21.0,90.0,0,1
noisy_step_and_pause_004,noisy_step_and_pause,20.08333,22.5,90.0,0,1
noisy_step_and_pause_004,noisy_step_and_pause,20.1,24.0,90.0,0,1
noisy_step_and_pause_004,noisy_step_and_pause,20.11667,25.5,90.0,0,1
noisy_step_and_pause_004,noisy_step_and_pause,20.13333,27.0,90.0,0,1
noisy_step_and_pause_004,noisy_step_and_pause,20.15,28.5,90.0,0,1
noisy_step_and_pause_004,noisy_step_and_pause,20.16667,30.0,90.0,0,1
noisy_step_and_pause_004,noisy_step_and_pause,20.18333,31.5,90.0,0,1
noisy_step_and_pause_004,noisy_step_and_pause,20.2,33.0,90.0,0,1
noisy_step_and_pause_004,noisy_step_and_pause,20.21667,34.5,90.0,0,1
noisy_step_and_pause_004,noisy_step_and_pause,20.23333,36.0,90.0,0,1
noisy_step_and_pause_004,noisy_step_and_pause,20.25,37.5,90.0,0,1
noisy_step_and_pause_004,noisy_step_and_pause,20.26667,39.0,90.0,0,1
noisy_step_and_pause_004,noisy_step_and_pause,20.28333,40.5,90.0,0,1
noisy_step_and_pause_004,noisy_step_and_pause,20.3,42.0,90.0,0,1
noisy_step_and_pause_004,noisy_step_and_pause,20.31667,43.5,90.0,0,1
noisy_step_and_pause_004,noisy_step_and_pause,20.33333,45.0,90.0,0,1
noisy_step_and_pause_004,noisy_step_and_pause,20.35,46.5,90.0,0,1
noisy_step_and_pause_004,noisy_step_and_pause,20.36667,48.0,90.0,0,1
noisy_step_and_pause_004,noisy_step_and_pause,20.38333,49.5,90.0,0,1
noisy_step_and_pause_004,noisy_step_and_pause,20.4,51.0,90.0,0,1
noisy_step_and_pause_004,noisy_step_and_pause,20.41667,52.5,90.0,0,1
noisy_step_and_pause_004,noisy_step_and_pause,20.43333,54.0,90.0,0,1
noisy_step_and_pause_004,noisy_step_and_pause,20.45,55.5,90.0,0,1
noisy_step_and_pause_004,noisy_step_and_pause,20.46667,57.0,90.0,0,1
noisy_step_and_pause_004,noisy_step_and_pause,20.48333,58.5,90.0,0,1
noisy_step_and_pause_004,noisy_step_and_pause,20.5,60.0,90.0,0,1
noisy_step_and_pause_004,noisy_step_and_pause,20.51667,61.5,90.0,0,1
noisy_step_and_pause_004,noisy_step_and_pause,20.53333,63.0,90.0,0,1
noisy_step_and_pause_004,noisy_step_and_pause,20.55,64.5,90.0,0,1
noisy_step_and_pause_004,noisy_step_and_pause,20.56667,66.0,90.0,0,1
noisy_step_and_pause_004,noisy_step_and_pause,20.58333,67.5,90.0,0,1
noisy_step_and_pause_004,noisy_step_and_pause,20.6,69.0,90.0,0,1
noisy_step_and_pause_004,noisy_step_and_pause,20.61667,70.5,90.0,0,1
noisy_step_and_pause_004,noisy_step_and_pause,20.63333,72.0,90.0,0,0
noisy_step_and_pause_004,noisy_step_and_pause,20.65,72.0,0.0,0,1
noisy_step_and_pause_004,noisy_step_and_pause,20.66667,73.5,90.0,0,1
noisy_step_and_pause_004,noisy_step_and_pause,20.68333,75.0,90.0,1,0
noisy_step_and_pause_004,noisy_step_and_pause,20.7,73.5,-90.0,0,1
noisy_step_and_pause_004,noisy_step_and_pause,20.71667,75.0,90.0,0,1
noisy_step_and_pause_004,noisy_step_and_pause,20.73333,76.5,90.0,0,1
noisy_step_and_pause_004,noisy_step_and_pause,20.75,78.0,90.0,0,1
noisy_step_and_pause_004,noisy_step_and_pause,20.76667,79.5,90.0,0,1
noisy_step_and_pause_004,noisy_step_and_pause,20.78333,81.0,90.0,0,1
noisy_step_and_pause_004,noisy_step_and_pause,20.8,82.5,90.0,0,1
noisy_step_and_pause_004,noisy_step_and_pause,20.81667,84.0,90.0,0,0
noisy_step_and_pause_004,noisy_step_and_pause,20.83333,84.0,0.0,0,1
noisy_step_and_pause_004,noisy_step_and_pause,20.85,85.5,90.0,0,1
noisy_step_and_pause_004,noisy_step_and_pause,20.86667,87.0,90.0,0,1
noisy_step_and_pause_004,noisy_step_and_pause,20.88333,88.5,90.0,0,1
noisy_step_and_pause_004,noisy_step_and_pause,20.9,90.0,90.0,0,0
noisy_step_and_pause_004,noisy_step_and_pause,20.91667,90.0,0.0,0,1
noisy_step_and_pause_004,noisy_step_and_pause,20.93333,91.5,90.0,0,1
noisy_step_and_pause_004,noisy_step_and_pause,20.95,93.0,90.0,0,1
noisy_step_and_pause_004,noisy_step_and_pause,20.96667,94.5,90.0,0,1
noisy_step_and_pause_004,noisy_step_and_pause,20.98333,96.0,90.0,0,1
noisy_step_and_pause_004,noisy_step_and_pause,21.0,97.5,90.0,0,1
noisy_step_and_pause_004,noisy_step_and_pause,21.01667,99.0,90.0,0,1
noisy_step_and_pause_004,noisy_step_and_pause,21.03333,100.5,90.0,0,1
noisy_step_and_pause_004,noisy_step_and_pause,21.05,102.0,90.0,1,0
noisy_step_and_pause_004,noisy_step_and_pause,21.06667,100.5,-90.0,1,0
noisy_step_and_pause_004,noisy_step_and_pause,21.08333,99.0,-90.0,1,0
noisy_step_and_pause_004,noisy_step_and_pause,21.1,97.5,-90.0,1,0
noisy_step_and_pause_004,noisy_step_and_pause,21.11667,96.0,-90.0,1,0
noisy_step_and_pause_004,noisy_step_and_pause,21.13333,94.5,-90.0,1,0
noisy_step_and_pause_004,noisy_step_and_pause,21.15,93.0,-90.0,1,0
noisy_step_and_pause_004,noisy_step_and_pause,21.16667,91.5,-90.0,1,0
noisy_step_and_pause_004,noisy_step_and_pause,21.18333,90.0,-90.0,1,0
noisy_step_and_pause_004,noisy_step_and_pause,21.2,88.5,-90.0,1,0
noisy_step_and_pause_004,noisy_step_and_pause,21.21667,87.0,-90.0,1,0
noisy_step_and_pause_004,noisy_step_and_pause,21.23333,85.5,-90.0,1,0
noisy_step_and_pause_004,noisy_step_and_pause,21.25,84.0,-90.0,1,0
noisy_step_and_pause_004,noisy_step_and_pause,21.26667,82.5,-90.0,0,0
noisy_step_and_pause_004,noisy_step_and_pause,21.28333,82.5,0.0,1,0
noisy_step_and_pause_004,noisy_step_and_pause,21.3,81.0,-90.0,1,0
noisy_step_and_pause_004,noisy_step_and_pause,21.31667,79.5,-90.0,1,0
noisy_step_and_pause_004,noisy_step_and_pause,21.33333,78.0,-90.0,1,0
noisy_step_and_pause_004,noisy_step_and_pause,21.35,76.5,-90.0,1,0
noisy_step_and_pause_004,noisy_step_and_pause,21.36667,75.0,-90.0,1,0
noisy_step_and_pause_004,noisy_step_and_pause,21.38333,73.5,-90.0,1,0
noisy_step_and_pause_004,noisy_step_and_pause,21.4,72.0,-90.0,1,0
noisy_step_and_pause_004,noisy_step_and_pause,21.41667,70.5,-90.0,1,0
noisy_step_and_pause_004,noisy_step_and_pause,21.43333,69.0,-90.0,1,0
noisy_step_and_pause_004,noisy_step_and_pause,21.45,67.5,-90.0,1,0
noisy_step_and_pause_004,noisy_step_and_pause,21.46667,66.0,-90.0,1,0
noisy_step_and_pause_004,noisy_step_and_pause,21.48333,64.5,-90.0,1,0
noisy_step_and_pause_004,noisy_step_and_pause,21.5,63.0,-90.0,1,0
noisy_step_and_pause_004,noisy_step_and_pause,21.51667,61.5,-90.0,1,0
noisy_step_and_pause_004,noisy_step_and_pause,21.53333,60.0,-90.0,1,0
noisy_step_and_pause_004,noisy_step_and_pause,21.55,58.5,-90.0,1,0
noisy_step_and_pause_004,noisy_step_and_pause,21.56667,57.0,-90.0,1,0
noisy_step_and_pause_004,noisy_step_and_pause,21.58333,55.5,-90.0,1,0
noisy_step_and_pause_004,noisy_step_and_pause,21.6,54.0,-90.0,1,0
noisy_step_and_pause_004,noisy_step_and_pause,21.61667,52.5,-90.0,1,0
noisy_step_and_pause_004,noisy_step_and_pause,21.63333,51.0,-90.0,0,1
noisy_step_and_pause_004,noisy_step_and_pause,21.65,52.5,90.0,1,0
noisy_step_and_pause_004,noisy_step_and_pause,21.66667,51.0,-90.0,1,0
noisy_step_and_pause_004,noisy_step_and_pause,21.68333,49.5,-90.0,1,0
noisy_step_and_pause_004,noisy_step_and_pause,21.7,48.0,-90.0,1,0
noisy_step_and_pause_004,noisy_step_and_pause,21.71667,46.5,-90.0,0,1
noisy_step_and_pause_004,noisy_step_and_pause,21.73333,48.0,90.0,1,0
noisy_step_and_pause_004,noisy_step_and_pause,21.75,46.5,-90.0,1,0
noisy_step_and_pause_004,noisy_step_and_pause,21.76667,45.0,-90.0,1,0
noisy_step_and_pause_004,noisy_step_and_pause,21.78333,43.5,-90.0,1,0
noisy_step_and_pause_004,noisy_step_and_pause,21.8,42.0,-90.0,0,0
noisy_step_and_pause_004,noisy_step_and_pause,21.81667,42.0,0.0,1,0
noisy_step_and_pause_004,noisy_step_and_pause,21.83333,40.5,-90.0,1,0
noisy_step_and_pause_004,noisy_step_and_pause,21.85,39.0,-90.0,1,0
noisy_step_and_pause_004,noisy_step_and_pause,21.86667,37.5,-90.0,1,0
noisy_step_and_pause_004,noisy_step_and_pause,21.88333,36.0,-90.0,1,0
noisy_step_and_pause_004,noisy_step_and_pause,21.9,34.5,-90.0,1,0
noisy_step_and_pause_004,noisy_step_and_pause,21.91667,33.0,-90.0,1,0
noisy_step_and_pause_004,noisy_step_and_pause,21.93333,31.5,-90.0,1,0
noisy_step_and_pause_004,noisy_step_and_pause,21.95,30.0,-90.0,1,0
noisy_step_and_pause_004,noisy_step_and_pause,21.96667,28.5,-90.0,0,1
noisy_step_and_pause_004,noisy_step_and_pause,21.98333,30.0,90.0,1,0
noisy_step_and_pause_004,noisy_step_and_pause,22.0,28.5,-90.0,1,0
noisy_step_and_pause_004,noisy_step_and_pause,22.01667,27.0,-90.0,1,0
noisy_step_and_pause_004,noisy_step_and_pause,22.03333,25.5,-90.0,1,0
noisy_step_and_pause_004,noisy_step_and_pause,22.05,24.0,-90.0,1,0
noisy_step_and_pause_004,noisy_step_and_pause,22.06667,22.5,-90.0,1,0
noisy_step_and_pause_004,noisy_step_and_pause,22.08333,21.0,-90.0,1,0
noisy_step_and_pause_004,noisy_step_and_pause,22.1,19.5,-90.0,1,0
noisy_step_and_pause_004,noisy_step_and_pause,22.11667,18.0,-90.0,1,0
noisy_step_and_pause_004,noisy_step_and_pause,22.13333,16.5,-90.0,1,0
noisy_step_and_pause_004,noisy_step_and_pause,22.15,15.0,-90.0,1,0
noisy_step_and_pause_004,noisy_step_and_pause,22.16667,13.5,-90.0,1,0
noisy_step_and_pause_004,noisy_step_and_pause,22.18333,12.0,-90.0,1,0
noisy_step_and_pause_004,noisy_step_and_pause,22.2,10.5,-90.0,1,0
noisy_step_and_pause_004,noisy_step_and_pause,22.21667,9.0,-90.0,1,0
noisy_step_and_pause_004,noisy_step_and_pause,22.23333,7.5,-90.0,1,0
noisy_step_and_pause_004,noisy_step_and_pause,22.25,6.0,-90.0,1,0
noisy_step_and_pause_004,noisy_step_and_pause,22.26667,4.5,-90.0,0,1
noisy_step_and_pause_004,noisy_step_and_pause,22.28333,6.0,90.0,0,1
noisy_step_and_pause_004,noisy_step_and_pause,22.3,7.5,90.0,0,1
noisy_step_and_pause_004,noisy_step_and_pause,22.31667,9.0,90.0,0,1
noisy_step_and_pause_004,noisy_step_and_pause,22.33333,10.5,90.0,0,1
noisy_step_and_pause_004,noisy_step_and_pause,22.35,12.0,90.0,0,1
noisy_step_and_pause_004,noisy_step_and_pause,22.36667,13.5,90.0,0,1
noisy_step_and_pause_004,noisy_step_and_pause,22.38333,15.0,90.0,0,1
noisy_step_and_pause_004,noisy_step_and_pause,22.4,16.5,90.0,0,1
noisy_step_and_pause_004,noisy_step_and_pause,22.41667,18.0,90.0,0,1
noisy_step_and_pause_004,noisy_step_and_pause,22.43333,19.5,90.0,0,1
noisy_step_and_pause_004,noisy_step_and_pause,22.45,21.0,90.0,0,1
noisy_step_and_pause_004,noisy_step_and_pause,22.46667,22.5,90.0,0,1
noisy_step_and_pause_004,noisy_step_and_pause,22.48333,24.0,90.0,0,1
noisy_step_and_pause_004,noisy_step_and_pause,22.5,25.5,90.0,0,1
noisy_step_and_pause_004,noisy_step_and_pause,22.51667,27.0,90.0,0,1
noisy_step_and_pause_004,noisy_step_and_pause,22.53333,28.5,90.0,0,1
noisy_step_and_pause_004,noisy_step_and_pause,22.55,30.0,90.0,0,1
noisy_step_and_pause_004,noisy_step_and_pause,22.56667,31.5,90.0,0,1
noisy_step_and_pause_004,noisy_step_and_pause,22.58333,33.0,90.0,0,1
noisy_step_and_pause_004,noisy_step_and_pause,22.6,34.5,90.0,0,0
noisy_step_and_pause_004,noisy_step_and_pause,22.61667,34.5,0.0,0,0
noisy_step_and_pause_004,noisy_step_and_pause,22.63333,34.5,0.0,0,0
noisy_step_and_pause_004,noisy_step_and_pause,22.65,34.5,0.0,0,0
noisy_step_and_pause_004,noisy_step_and_pause,22.66667,34.5,0.0,0,0
noisy_step_and_pause_004,noisy_step_and_pause,22.68333,34.5,0.0,0,0
noisy_step_and_pause_004,noisy_step_and_pause,22.7,34.5,0.0,0,0
noisy_step_and_pause_004,noisy_step_and_pause,22.71667,34.5,0.0,0,0
noisy_step_and_pause_004,noisy_step_and_pause,22.73333,34.5,0.0,0,0
noisy_step_and_pause_004,noisy_step_and_pause,22.75,34.5,0.0,0,0
noisy_step_and_pause_004,noisy_step_and_pause,22.76667,34.5,0.0,0,0
noisy_step_and_pause_004,noisy_step_and_pause,22.78333,34.5,0.0,0,0
noisy_step_and_pause_004,noisy_step_and_pause,22.8,34.5,0.0,0,0
noisy_step_and_pause_004,noisy_step_and_pause,22.81667,34.5,0.0,0,0
noisy_step_and_pause_004,noisy_step_and_pause,22.83333,34.5,0.0,1,0
noisy_step_and_pause_004,noisy_step_and_pause,22.85,33.0,-90.0,0,0
noisy_step_and_pause_004,noisy_step_and_pause,22.86667,33.0,0.0,0,0
noisy_step_and_pause_004,noisy_step_and_pause,22.88333,33.0,0.0,0,0
noisy_step_and_pause_004,noisy_step_and_pause,22.9,33.0,0.0,0,1
noisy_step_and_pause_004,noisy_step_and_pause,22.91667,34.5,90.0,0,0
noisy_step_and_pause_004,noisy_step_and_pause,22.93333,34.5,0.0,0,0
noisy_step_and_pause_004,noisy_step_and_pause,22.95,34.5,0.0,0,0
noisy_step_and_pause_004,noisy_step_and_pause,22.96667,34.5,0.0,0,0
noisy_step_and_pause_004,noisy_step_and_pause,22.98333,34.5,0.0,0,0
noisy_step_and_pause_004,noisy_step_and_pause,23.0,34.5,0.0,0,0
noisy_step_and_pause_004,noisy_step_and_pause,23.01667,34.5,0.0,0,0
noisy_step_and_pause_004,noisy_step_and_pause,23.03333,34.5,0.0,0,0
noisy_step_and_pause_004,noisy_step_and_pause,23.05,34.5,0.0,0,0
noisy_step_and_pause_004,noisy_step_and_pause,23.06667,34.5,0.0,0,0
noisy_step_and_pause_004,noisy_step_and_pause,23.08333,34.5,0.0,0,0
noisy_step_and_pause_004,noisy_step_and_pause,23.1,34.5,0.0,0,0
noisy_step_and_pause_004,noisy_step_and_pause,23.11667,34.5,0.0,0,0
noisy_step_and_pause_004,noisy_step_and_pause,23.13333,34.5,0.0,0,0
noisy_step_and_pause_004,noisy_step_and_pause,23.15,34.5,0.0,0,0
noisy_step_and_pause_004,noisy_step_and_pause,23.16667,34.5,0.0,0,0
noisy_step_and_pause_004,noisy_step_and_pause,23.18333,34.5,0.0,0,0
noisy_step_and_pause_004,noisy_step_and_pause,23.2,34.5,0.0,0,0
noisy_step_and_pause_004,noisy_step_and_pause,23.21667,34.5,0.0,0,0
noisy_step_and_pause_004,noisy_step_and_pause,23.23333,34.5,0.0,0,0
noisy_step_and_pause_004,noisy_step_and_pause,23.25,34.5,0.0,0,0
noisy_step_and_pause_004,noisy_step_and_pause,23.26667,34.5,0.0,0,0
noisy_step_and_pause_004,noisy_step_and_pause,23.28333,34.5,0.0,0,0
noisy_step_and_pause_004,noisy_step_and_pause,23.3,34.5,0.0,0,0
noisy_step_and_pause_004,noisy_step_and_pause,23.31667,34.5,0.0,0,0
noisy_step_and_pause_004,noisy_step_and_pause,23.33333,34.5,0.0,0,0
noisy_step_and_pause_004,noisy_step_and_pause,23.35,34.5,0.0,0,0
noisy_step_and_pause_004,noisy_step_and_pause,23.36667,34.5,0.0,0,0
noisy_step_and_pause_004,noisy_step_and_pause,23.38333,34.5,0.0,0,0
noisy_step_and_pause_004,noisy_step_and_pause,23.4,34.5,0.0,0,0
noisy_step_and_pause_004,noisy_step_and_pause,23.41667,34.5,0.0,0,0
noisy_step_and_pause_004,noisy_step_and_pause,23.43333,34.5,0.0,0,0
noisy_step_and_pause_004,noisy_step_and_pause,23.45,34.5,0.0,0,0
noisy_step_and_pause_004,noisy_step_and_pause,23.46667,34.5,0.0,0,0
noisy_step_and_pause_004,noisy_step_and_pause,23.48333,34.5,0.0,0,0
noisy_step_and_pause_004,noisy_step_and_pause,23.5,34.5,0.0,0,0
noisy_step_and_pause_004,noisy_step_and_pause,23.51667,34.5,0.0,0,0
noisy_step_and_pause_004,noisy_step_and_pause,23.53333,34.5,0.0,0,0
noisy_step_and_pause_004,noisy_step_and_pause,23.55,34.5,0.0,0,0
noisy_step_and_pause_004,noisy_step_and_pause,23.56667,34.5,0.0,0,0
noisy_step_and_pause_004,noisy_step_and_pause,23.58333,34.5,0.0,0,0
noisy_step_and_pause_004,noisy_step_and_pause,23.6,34.5,0.0,0,0
noisy_step_and_pause_004,noisy_step_and_pause,23.61667,34.5,0.0,0,0
noisy_step_and_pause_004,noisy_step_and_pause,23.63333,34.5,0.0,0,0
noisy_step_and_pause_004,noisy_step_and_pause,23.65,34.5,0.0,0,0
noisy_step_and_pause_004,noisy_step_and_pause,23.66667,34.5,0.0,0,0
noisy_step_and_pause_004,noisy_step_and_pause,23.68333,34.5,0.0,0,0
noisy_step_and_pause_004,noisy_step_and_pause,23.7,34.5,0.0,0,0
noisy_step_and_pause_004,noisy_step_and_pause,23.71667,34.5,0.0,0,0
noisy_step_and_pause_004,noisy_step_and_pause,23.73333,34.5,0.0,0,0
noisy_step_and_pause_004,noisy_step_and_pause,23.75,34.5,0.0,0,0
noisy_step_and_pause_004,noisy_step_and_pause,23.76667,34.5,0.0,0,0
noisy_step_and_pause_004,noisy_step_and_pause,23.78333,34.5,0.0,0,0
noisy_step_and_pause_004,noisy_step_and_pause,23.8,34.5,0.0,0,0
noisy_step_and_pause_004,noisy_step_and_pause,23.81667,34.5,0.0,0,0
noisy_step_and_pause_004,noisy_step_and_pause,23.83333,34.5,0.0,0,0
noisy_step_and_pause_004,noisy_step_and_pause,23.85,34.5,0.0,0,0
noisy_step_and_pause_004,noisy_step_and_pause,23.86667,34.5,0.0,0,0
noisy_step_and_pause_004,noisy_step_and_pause,23.88333,34.5,0.0,0,0
noisy_step_and_pause_004,noisy_step_and_pause,23.9,34.5,0.0,0,0
noisy_step_and_pause_004,noisy_step_and_pause,23.91667,34.5,0.0,0,0
noisy_step_and_pause_004,noisy_step_and_pause,23.93333,34.5,0.0,0,0
noisy_step_and_pause_004,noisy_step_and_pause,23.95,34.5,0.0,0,0
noisy_step_and_pause_004,noisy_step_and_pause,23.96667,34.5,0.0,0,0
noisy_step_and_pause_004,noisy_step_and_pause,23.98333,34.5,0.0,0,1
noisy_step_and_pause_004,noisy_step_and_pause,24.0,36.0,90.0,0,0
noisy_step_and_pause_004,noisy_step_and_pause,24.01667,36.0,0.0,0,0
noisy_step_and_pause_004,noisy_step_and_pause,24.03333,36.0,0.0,0,0
noisy_step_and_pause_004,noisy_step_and_pause,24.05,36.0,0.0,0,0
noisy_step_and_pause_004,noisy_step_and_pause,24.06667,36.0,0.0,0,0
noisy_step_and_pause_004,noisy_step_and_pause,24.08333,36.0,0.0,0,0
noisy_step_and_pause_004,noisy_step_and_pause,24.1,36.0,0.0,0,0
noisy_step_and_pause_004,noisy_step_and_pause,24.11667,36.0,0.0,0,0
noisy_step_and_pause_004,noisy_step_and_pause,24.13333,36.0,0.0,0,0
noisy_step_and_pause_004,noisy_step_and_pause,24.15,36.0,0.0,0,0
noisy_step_and_pause_004,noisy_step_and_pause,24.16667,36.0,0.0,0,0
noisy_step_and_pause_004,noisy_step_and_pause,24.18333,36.0,0.0,1,0
noisy_step_and_pause_004,noisy_step_and_pause,24.2,34.5,-90.0,1,0
noisy_step_and_pause_004,noisy_step_and_pause,24.21667,33.0,-90.0,1,0
noisy_step_and_pause_004,noisy_step_and_pause,24.23333,31.5,-90.0,1,0
noisy_step_and_pause_004,noisy_step_and_pause,24.25,30.0,-90.0,0,0
noisy_step_and_pause_004,noisy_step_and_pause,24.26667,30.0,0.0,1,0
noisy_step_and_pause_004,noisy_step_and_pause,24.28333,28.5,-90.0,1,0
noisy_step_and_pause_004,noisy_step_and_pause,24.3,27.0,-90.0,1,0
noisy_step_and_pause_004,noisy_step_and_pause,24.31667,25.5,-90.0,1,0
noisy_step_and_pause_004,noisy_step_and_pause,24.33333,24.0,-90.0,1,0
noisy_step_and_pause_004,noisy_step_and_pause,24.35,22.5,-90.0,1,0
noisy_step_and_pause_004,noisy_step_and_pause,24.36667,21.0,-90.0,1,0
noisy_step_and_pause_004,noisy_step_and_pause,24.38333,19.5,-90.0,1,0
noisy_step_and_pause_004,noisy_step_and_pause,24.4,18.0,-90.0,1,0
noisy_step_and_pause_004,noisy_step_and_pause,24.41667,16.5,-90.0,1,0
noisy_step_and_pause_004,noisy_step_and_pause,24.43333,15.0,-90.0,1,0
noisy_step_and_pause_004,noisy_step_and_pause,24.45,13.5,-90.0,1,0
noisy_step_and_pause_004,noisy_step_and_pause,24.46667,12.0,-90.0,1,0
noisy_step_and_pause_004,noisy_step_and_pause,24.48333,10.5,-90.0,1,0
noisy_step_and_pause_004,noisy_step_and_pause,24.5,9.0,-90.0,1,0
noisy_step_and_pause_004,noisy_step_and_pause,24.51667,7.5,-90.0,1,0
noisy_step_and_pause_004,noisy_step_and_pause,24.53333,6.0,-90.0,0,1
noisy_step_and_pause_004,noisy_step_and_pause,24.55,7.5,90.0,1,0
noisy_step_and_pause_004,noisy_step_and_pause,24.56667,6.0,-90.0,1,0
noisy_step_and_pause_004,noisy_step_and_pause,24.58333,4.5,-90.0,1,0
noisy_step_and_pause_004,noisy_step_and_pause,24.6,3.0,-90.0,0,0
noisy_step_and_pause_004,noisy_step_and_pause,24.61667,3.0,0.0,1,0
noisy_step_and_pause_004,noisy_step_and_pause,24.63333,1.5,-90.0,1,0
noisy_step_and_pause_004,noisy_step_and_pause,24.65,0.0,-90.0,0,0
noisy_step_and_pause_004,noisy_step_and_pause,24.66667,0.0,0.0,0,0
noisy_step_and_pause_004,noisy_step_and_pause,24.68333,0.0,0.0,0,0
noisy_step_and_pause_004,noisy_step_and_pause,24.7,0.0,0.0,0,0
noisy_step_and_pause_004,noisy_step_and_pause,24.71667,0.0,0.0,0,0
noisy_step_and_pause_004,noisy_step_and_pause,24.73333,0.0,0.0,0,0
noisy_step_and_pause_004,noisy_step_and_pause,24.75,0.0,0.0,0,0
noisy_step_and_pause_004,noisy_step_and_pause,24.76667,0.0,0.0,0,0
noisy_step_and_pause_004,noisy_step_and_pause,24.78333,0.0,0.0,0,0
noisy_step_and_pause_004,noisy_step_and_pause,24.8,0.0,0.0,0,0
noisy_step_and_pause_004,noisy_step_and_pause,24.81667,0.0,0.0,0,0
noisy_step_and_pause_004,noisy_step_and_pause,24.83333,0.0,0.0,1,0
noisy_step_and_pause_004,noisy_step_and_pause,24.85,0.0,0.0,0,0
noisy_step_and_pause_004,noisy_step_and_pause,24.86667,0.0,0.0,0,0
noisy_step_and_pause_004,noisy_step_and_pause,24.88333,0.0,0.0,0,0
noisy_step_and_pause_004,noisy_step_and_pause,24.9,0.0,0.0,0,0
noisy_step_and_pause_004,noisy_step_and_pause,24.91667,0.0,0.0,0,0
noisy_step_and_pause_004,noisy_step_and_pause,24.93333,0.0,0.0,0,0
noisy_step_and_pause_004,noisy_step_and_pause,24.95,0.0,0.0,0,0
noisy_step_and_pause_004,noisy_step_and_pause,24.96667,0.0,0.0,0,0
noisy_step_and_pause_004,noisy_step_and_pause,24.98333,0.0,0.0,0,0
noisy_step_and_pause_004,noisy_step_and_pause,25.0,0.0,0.0,0,0
noisy_step_and_pause_004,noisy_step_and_pause,25.01667,0.0,0.0,0,1
noisy_step_and_pause_004,noisy_step_and_pause,25.03333,1.5,90.0,1,0
noisy_step_and_pause_004,noisy_step_and_pause,25.05,0.0,-90.0,0,0
noisy_step_and_pause_004,noisy_step_and_pause,25.06667,0.0,0.0,0,0
noisy_step_and_pause_004,noisy_step_and_pause,25.08333,0.0,0.0,0,0
noisy_step_and_pause_004,noisy_step_and_pause,25.1,0.0,0.0,0,0
noisy_step_and_pause_004,noisy_step_and_pause,25.11667,0.0,0.0,0,0
noisy_step_and_pause_004,noisy_step_and_pause,25.13333,0.0,0.0,0,0
noisy_step_and_pause_004,noisy_step_and_pause,25.15,0.0,0.0,0,0
noisy_step_and_pause_004,noisy_step_and_pause,25.16667,0.0,0.0,0,0
noisy_step_and_pause_004,noisy_step_and_pause,25.18333,0.0,0.0,0,0
noisy_step_and_pause_004,noisy_step_and_pause,25.2,0.0,0.0,0,0
noisy_step_and_pause_004,noisy_step_and_pause,25.21667,0.0,0.0,0,0
noisy_step_and_pause_004,noisy_step_and_pause,25.23333,0.0,0.0,0,0
noisy_step_and_pause_004,noisy_step_and_pause,25.25,0.0,0.0,0,0
noisy_step_and_pause_004,noisy_step_and_pause,25.26667,0.0,0.0,0,0
noisy_step_and_pause_004,noisy_step_and_pause,25.28333,0.0,0.0,0,0
noisy_step_and_pause_004,noisy_step_and_pause,25.3,0.0,0.0,0,0
noisy_step_and_pause_004,noisy_step_and_pause,25.31667,0.0,0.0,0,1
noisy_step_and_pause_004,noisy_step_and_pause,25.33333,1.5,90.0,1,0
noisy_step_and_pause_004,noisy_step_and_pause,25.35,0.0,-90.0,0,0
noisy_step_and_pause_004,noisy_step_and_pause,25.36667,0.0,0.0,0,0
noisy_step_and_pause_004,noisy_step_and_pause,25.38333,0.0,0.0,0,0
noisy_step_and_pause_004,noisy_step_and_pause,25.4,0.0,0.0,0,0
noisy_step_and_pause_004,noisy_step_and_pause,25.41667,0.0,0.0,0,0
noisy_step_and_pause_004,noisy_step_and_pause,25.43333,0.0,0.0,0,0
noisy_step_and_pause_004,noisy_step_and_pause,25.45,0.0,0.0,0,0
noisy_step_and_pause_004,noisy_step_and_pause,25.46667,0.0,0.0,0,0
noisy_step_and_pause_004,noisy_step_and_pause,25.48333,0.0,0.0,0,0
noisy_step_and_pause_004,noisy_step_and_pause,25.5,0.0,0.0,0,0
noisy_step_and_pause_004,noisy_step_and_pause,25.51667,0.0,0.0,0,0
noisy_step_and_pause_004,noisy_step_and_pause,25.53333,0.0,0.0,0,0
noisy_step_and_pause_004,noisy_step_and_pause,25.55,0.0,0.0,0,0
noisy_step_and_pause_004,noisy_step_and_pause,25.56667,0.0,0.0,0,1
noisy_step_and_pause_004,noisy_step_and_pause,25.58333,1.5,90.0,1,0
noisy_step_and_pause_004,noisy_step_and_pause,25.6,0.0,-90.0,0,0
noisy_step_and_pause_004,noisy_step_and_pause,25.61667,0.0,0.0,0,0
noisy_step_and_pause_004,noisy_step_and_pause,25.63333,0.0,0.0,0,0
noisy_step_and_pause_004,noisy_step_and_pause,25.65,0.0,0.0,0,0
noisy_step_and_pause_004,noisy_step_and_pause,25.66667,0.0,0.0,0,1
noisy_step_and_pause_004,noisy_step_and_pause,25.68333,1.5,90.0,1,0
noisy_step_and_pause_004,noisy_step_and_pause,25.7,0.0,-90.0,0,0
noisy_step_and_pause_004,noisy_step_and_pause,25.71667,0.0,0.0,0,0
noisy_step_and_pause_004,noisy_step_and_pause,25.73333,0.0,0.0,0,0
noisy_step_and_pause_004,noisy_step_and_pause,25.75,0.0,0.0,0,0
noisy_step_and_pause_004,noisy_step_and_pause,25.76667,0.0,0.0,0,0
noisy_step_and_pause_004,noisy_step_and_pause,25.78333,0.0,0.0,0,0
noisy_step_and_pause_004,noisy_step_and_pause,25.8,0.0,0.0,0,0
noisy_step_and_pause_004,noisy_step_and_pause,25.81667,0.0,0.0,0,0
noisy_step_and_pause_004,noisy_step_and_pause,25.83333,0.0,0.0,0,0
noisy_step_and_pause_004,noisy_step_and_pause,25.85,0.0,0.0,0,0
noisy_step_and_pause_004,noisy_step_and_pause,25.86667,0.0,0.0,0,0
noisy_step_and_pause_004,noisy_step_and_pause,25.88333,0.0,0.0,0,0
noisy_step_and_pause_004,noisy_step_and_pause,25.9,0.0,0.0,0,0
noisy_step_and_pause_004,noisy_step_and_pause,25.91667,0.0,0.0,0,0
noisy_step_and_pause_004,noisy_step_and_pause,25.93333,0.0,0.0,0,0
noisy_step_and_pause_004,noisy_step_and_pause,25.95,0.0,0.0,0,0
noisy_step_and_pause_004,noisy_step_and_pause,25.96667,0.0,0.0,0,0
noisy_step_and_pause_004,noisy_step_and_pause,25.98333,0.0,0.0,0,0
noisy_step_and_pause_004,noisy_step_and_pause,26.0,0.0,0.0,0,0
noisy_step_and_pause_004,noisy_step_and_pause,26.01667,0.0,0.0,0,0
noisy_step_and_pause_004,noisy_step_and_pause,26.03333,0.0,0.0,0,0
noisy_step_and_pause_004,noisy_step_and_pause,26.05,0.0,0.0,0,0
noisy_step_and_pause_004,noisy_step_and_pause,26.06667,0.0,0.0,0,0
noisy_step_and_pause_004,noisy_step_and_pause,26.08333,0.0,0.0,0,0
noisy_step_and_pause_004,noisy_step_and_pause,26.1,0.0,0.0,0,0
noisy_step_and_pause_004,noisy_step_and_pause,26.11667,0.0,0.0,0,0
noisy_step_and_pause_004,noisy_step_and_pause,26.13333,0.0,0.0,0,0
noisy_step_and_pause_004,noisy_step_and_pause,26.15,0.0,0.0,0,0
noisy_step_and_pause_004,noisy_step_and_pause,26.16667,0.0,0.0,0,0
noisy_step_and_pause_004,noisy_step_and_pause,26.18333,0.0,0.0,0,0
noisy_step_and_pause_004,noisy_step_and_pause,26.2,0.0,0.0,0,0
noisy_step_and_pause_004,noisy_step_and_pause,26.21667,0.0,0.0,0,0
noisy_step_and_pause_004,noisy_step_and_pause,26.23333,0.0,0.0,0,0
noisy_step_and_pause_004,noisy_step_and_pause,26.25,0.0,0.0,0,1
noisy_step_and_pause_004,noisy_step_and_pause,26.26667,1.5,90.0,1,0
noisy_step_and_pause_004,noisy_step_and_pause,26.28333,0.0,-90.0,0,0
noisy_step_and_pause_004,noisy_step_and_pause,26.3,0.0,0.0,1,0
noisy_step_and_pause_004,noisy_step_and_pause,26.31667,0.0,0.0,0,0
noisy_step_and_pause_004,noisy_step_and_pause,26.33333,0.0,0.0,0,0
noisy_step_and_pause_004,noisy_step_and_pause,26.35,0.0,0.0,0,0
noisy_step_and_pause_004,noisy_step_and_pause,26.36667,0.0,0.0,0,0
noisy_step_and_pause_004,noisy_step_and_pause,26.38333,0.0,0.0,0,0
noisy_step_and_pause_004,noisy_step_and_pause,26.4,0.0,0.0,0,0
noisy_step_and_pause_004,noisy_step_and_pause,26.41667,0.0,0.0,0,0
noisy_step_and_pause_004,noisy_step_and_pause,26.43333,0.0,0.0,0,0
noisy_step_and_pause_004,noisy_step_and_pause,26.45,0.0,0.0,0,0
noisy_step_and_pause_004,noisy_step_and_pause,26.46667,0.0,0.0,0,0
noisy_step_and_pause_004,noisy_step_and_pause,26.48333,0.0,0.0,0,0
noisy_step_and_pause_004,noisy_step_and_pause,26.5,0.0,0.0,0,0
noisy_step_and_pause_004,noisy_step_and_pause,26.51667,0.0,0.0,0,0
noisy_step_and_pause_004,noisy_step_and_pause,26.53333,0.0,0.0,0,1
noisy_step_and_pause_004,noisy_step_and_pause,26.55,1.5,90.0,0,1
noisy_step_and_pause_004,noisy_step_and_pause,26.56667,3.0,90.0,0,1
noisy_step_and_pause_004,noisy_step_and_pause,26.58333,4.5,90.0,0,1
noisy_step_and_pause_004,noisy_step_and_pause,26.6,6.0,90.0,0,1
noisy_step_and_pause_004,noisy_step_and_pause,26.61667,7.5,90.0,0,0
noisy_step_and_pause_004,noisy_step_and_pause,26.63333,7.5,0.0,0,1
noisy_step_and_pause_004,noisy_step_and_pause,26.65,9.0,90.0,0,1
noisy_step_and_pause_004,noisy_step_and_pause,26.66667,10.5,90.0,0,1
noisy_step_and_pause_004,noisy_step_and_pause,26.68333,12.0,90.0,0,1
noisy_step_and_pause_004,noisy_step_and_pause,26.7,13.5,90.0,0,1
noisy_step_and_pause_004,noisy_step_and_pause,26.71667,15.0,90.0,0,1
noisy_step_and_pause_004,noisy_step_and_pause,26.73333,16.5,90.0,0,1
noisy_step_and_pause_004,noisy_step_and_pause,26.75,18.0,90.0,1,0
noisy_step_and_pause_004,noisy_step_and_pause,26.76667,16.5,-90.0,0,1
noisy_step_and_pause_004,noisy_step_and_pause,26.78333,18.0,90.0,0,1
noisy_step_and_pause_004,noisy_step_and_pause,26.8,19.5,90.0,0,1
noisy_step_and_pause_004,noisy_step_and_pause,26.81667,21.0,90.0,0,1
noisy_step_and_pause_004,noisy_step_and_pause,26.83333,22.5,90.0,0,1
noisy_step_and_pause_004,noisy_step_and_pause,26.85,24.0,90.0,0,1
noisy_step_and_pause_004,noisy_step_and_pause,26.86667,25.5,90.0,0,1
noisy_step_and_pause_004,noisy_step_and_pause,26.88333,27.0,90.0,0,1
noisy_step_and_pause_004,noisy_step_and_pause,26.9,28.5,90.0,0,1
noisy_step_and_pause_004,noisy_step_and_pause,26.91667,30.0,90.0,0,1
noisy_step_and_pause_004,noisy_step_and_pause,26.93333,31.5,90.0,0,1
noisy_step_and_pause_004,noisy_step_and_pause,26.95,33.0,90.0,0,1
noisy_step_and_pause_004,noisy_step_and_pause,26.96667,34.5,90.0,0,1
noisy_step_and_pause_004,noisy_step_and_pause,26.98333,36.0,90.0,0,1
noisy_step_and_pause_004,noisy_step_and_pause,27.0,37.5,90.0,0,1
noisy_step_and_pause_004,noisy_step_and_pause,27.01667,39.0,90.0,0,1
noisy_step_and_pause_004,noisy_step_and_pause,27.03333,40.5,90.0,0,1
noisy_step_and_pause_004,noisy_step_and_pause,27.05,42.0,90.0,0,1
noisy_step_and_pause_004,noisy_step_and_pause,27.06667,43.5,90.0,0,1
noisy_step_and_pause_004,noisy_step_and_pause,27.08333,45.0,90.0,0,1
noisy_step_and_pause_004,noisy_step_and_pause,27.1,46.5,90.0,0,1
noisy_step_and_pause_004,noisy_step_and_pause,27.11667,48.0,90.0,0,1
noisy_step_and_pause_004,noisy_step_and_pause,27.13333,49.5,90.0,0,1
noisy_step_and_pause_004,noisy_step_and_pause,27.15,51.0,90.0,0,1
noisy_step_and_pause_004,noisy_step_and_pause,27.16667,52.5,90.0,0,1
noisy_step_and_pause_004,noisy_step_and_pause,27.18333,54.0,90.0,0,1
noisy_step_and_pause_004,noisy_step_and_pause,27.2,55.5,90.0,0,1
noisy_step_and_pause_004,noisy_step_and_pause,27.21667,57.0,90.0,0,1
noisy_step_and_pause_004,noisy_step_and_pause,27.23333,58.5,90.0,0,1
noisy_step_and_pause_004,noisy_step_and_pause,27.25,60.0,90.0,0,1
noisy_step_and_pause_004,noisy_step_and_pause,27.26667,61.5,90.0,0,1
noisy_step_and_pause_004,noisy_step_and_pause,27.28333,63.0,90.0,1,0
noisy_step_and_pause_004,noisy_step_and_pause,27.3,61.5,-90.0,0,1
noisy_step_and_pause_004,noisy_step_and_pause,27.31667,63.0,90.0,0,1
noisy_step_and_pause_004,noisy_step_and_pause,27.33333,64.5,90.0,0,1
noisy_step_and_pause_004,noisy_step_and_pause,27.35,66.0,90.0,0,1
noisy_step_and_pause_004,noisy_step_and_pause,27.36667,67.5,90.0,0,1
noisy_step_and_pause_004,noisy_step_and_pause,27.38333,69.0,90.0,0,1
noisy_step_and_pause_004,noisy_step_and_pause,27.4,70.5,90.0,0,1
noisy_step_and_pause_004,noisy_step_and_pause,27.41667,72.0,90.0,0,0
noisy_step_and_pause_004,noisy_step_and_pause,27.43333,72.0,0.0,0,1
noisy_step_and_pause_004,noisy_step_and_pause,27.45,73.5,90.0,0,1
noisy_step_and_pause_004,noisy_step_and_pause,27.46667,75.0,90.0,0,1
noisy_step_and_pause_004,noisy_step_and_pause,27.48333,76.5,90.0,0,1
noisy_step_and_pause_004,noisy_step_and_pause,27.5,78.0,90.0,0,1
noisy_step_and_pause_004,noisy_step_and_pause,27.51667,79.5,90.0,0,1
noisy_step_and_pause_004,noisy_step_and_pause,27.53333,81.0,90.0,0,1
noisy_step_and_pause_004,noisy_step_and_pause,27.55,82.5,90.0,0,1
noisy_step_and_pause_004,noisy_step_and_pause,27.56667,84.0,90.0,0,1
noisy_step_and_pause_004,noisy_step_and_pause,27.58333,85.5,90.0,0,1
noisy_step_and_pause_004,noisy_step_and_pause,27.6,87.0,90.0,0,1
noisy_step_and_pause_004,noisy_step_and_pause,27.61667,88.5,90.0,0,1
noisy_step_and_pause_004,noisy_step_and_pause,27.63333,90.0,90.0,0,1
noisy_step_and_pause_004,noisy_step_and_pause,27.65,91.5,90.0,0,1
noisy_step_and_pause_004,noisy_step_and_pause,27.66667,93.0,90.0,0,1
noisy_step_and_pause_004,noisy_step_and_pause,27.68333,94.5,90.0,0,1
noisy_step_and_pause_004,noisy_step_and_pause,27.7,96.0,90.0,0,1
noisy_step_and_pause_004,noisy_step_and_pause,27.71667,97.5,90.0,0,1
noisy_step_and_pause_004,noisy_step_and_pause,27.73333,99.0,90.0,0,1
noisy_step_and_pause_004,noisy_step_and_pause,27.75,100.5,90.0,1,0
noisy_step_and_pause_004,noisy_step_and_pause,27.76667,99.0,-90.0,0,1
noisy_step_and_pause_004,noisy_step_and_pause,27.78333,100.5,90.0,0,1
noisy_step_and_pause_004,noisy_step_and_pause,27.8,102.0,90.0,0,1
noisy_step_and_pause_004,noisy_step_and_pause,27.81667,103.5,90.0,1,0
noisy_step_and_pause_004,noisy_step_and_pause,27.83333,102.0,-90.0,0,1
noisy_step_and_pause_004,noisy_step_and_pause,27.85,103.5,90.0,0,1
noisy_step_and_pause_004,noisy_step_and_pause,27.86667,105.0,90.0,0,1
noisy_step_and_pause_004,noisy_step_and_pause,27.88333,106.5,90.0,0,1
noisy_step_and_pause_004,noisy_step_and_pause,27.9,108.0,90.0,0,1
noisy_step_and_pause_004,noisy_step_and_pause,27.91667,109.5,90.0,0,1
noisy_step_and_pause_004,noisy_step_and_pause,27.93333,111.0,90.0,0,1
noisy_step_and_pause_004,noisy_step_and_pause,27.95,112.5,90.0,0,1
noisy_step_and_pause_004,noisy_step_and_pause,27.96667,114.0,90.0,0,1
noisy_step_and_pause_004,noisy_step_and_pause,27.98333,115.5,90.0,0,1
noisy_step_and_pause_004,noisy_step_and_pause,28.0,117.0,90.0,1,0
noisy_step_and_pause_004,noisy_step_and_pause,28.01667,115.5,-90.0,0,1
noisy_step_and_pause_004,noisy_step_and_pause,28.03333,117.0,90.0,0,1
noisy_step_and_pause_004,noisy_step_and_pause,28.05,118.5,90.0,0,1
noisy_step_and_pause_004,noisy_step_and_pause,28.06667,120.0,90.0,0,1
noisy_step_and_pause_004,noisy_step_and_pause,28.08333,121.5,90.0,0,1
noisy_step_and_pause_004,noisy_step_and_pause,28.1,123.0,90.0,0,1
noisy_step_and_pause_004,noisy_step_and_pause,28.11667,124.5,90.0,0,1
noisy_step_and_pause_004,noisy_step_and_pause,28.13333,126.0,90.0,0,1
noisy_step_and_pause_004,noisy_step_and_pause,28.15,127.5,90.0,0,1
noisy_step_and_pause_004,noisy_step_and_pause,28.16667,129.0,90.0,0,1
noisy_step_and_pause_004,noisy_step_and_pause,28.18333,130.5,90.0,1,0
noisy_step_and_pause_004,noisy_step_and_pause,28.2,129.0,-90.0,0,1
noisy_step_and_pause_004,noisy_step_and_pause,28.21667,130.5,90.0,0,1
noisy_step_and_pause_004,noisy_step_and_pause,28.23333,132.0,90.0,0,1
noisy_step_and_pause_004,noisy_step_and_pause,28.25,133.5,90.0,0,1
noisy_step_and_pause_004,noisy_step_and_pause,28.26667,135.0,90.0,0,1
noisy_step_and_pause_004,noisy_step_and_pause,28.28333,136.5,90.0,0,1
noisy_step_and_pause_004,noisy_step_and_pause,28.3,138.0,90.0,0,0
noisy_step_and_pause_004,noisy_step_and_pause,28.31667,138.0,0.0,0,1
noisy_step_and_pause_004,noisy_step_and_pause,28.33333,139.5,90.0,0,1
noisy_step_and_pause_004,noisy_step_and_pause,28.35,141.0,90.0,0,1
noisy_step_and_pause_004,noisy_step_and_pause,28.36667,142.5,90.0,0,1
noisy_step_and_pause_004,noisy_step_and_pause,28.38333,144.0,90.0,0,1
noisy_step_and_pause_004,noisy_step_and_pause,28.4,145.5,90.0,0,1
noisy_step_and_pause_004,noisy_step_and_pause,28.41667,147.0,90.0,0,1
noisy_step_and_pause_004,noisy_step_and_pause,28.43333,148.5,90.0,0,1
noisy_step_and_pause_004,noisy_step_and_pause,28.45,150.0,90.0,0,1
noisy_step_and_pause_004,noisy_step_and_pause,28.46667,151.5,90.0,0,1
noisy_step_and_pause_004,noisy_step_and_pause,28.48333,153.0,90.0,0,1
noisy_step_and_pause_004,noisy_step_and_pause,28.5,154.5,90.0,0,1
noisy_step_and_pause_004,noisy_step_and_pause,28.51667,156.0,90.0,0,1
noisy_step_and_pause_004,noisy_step_and_pause,28.53333,157.5,90.0,0,1
noisy_step_and_pause_004,noisy_step_and_pause,28.55,159.0,90.0,0,1
noisy_step_and_pause_004,noisy_step_and_pause,28.56667,160.5,90.0,0,1
noisy_step_and_pause_004,noisy_step_and_pause,28.58333,162.0,90.0,0,1
noisy_step_and_pause_004,noisy_step_and_pause,28.6,163.5,90.0,1,0
noisy_step_and_pause_004,noisy_step_and_pause,28.61667,162.0,-90.0,0,1
noisy_step_and_pause_004,noisy_step_and_pause,28.63333,163.5,90.0,0,1
noisy_step_and_pause_004,noisy_step_and_pause,28.65,165.0,90.0,0,1
noisy_step_and_pause_004,noisy_step_and_pause,28.66667,166.5,90.0,0,1
noisy_step_and_pause_004,noisy_step_and_pause,28.68333,168.0,90.0,0,1
noisy_step_and_pause_004,noisy_step_and_pause,28.7,169.5,90.0,0,1
noisy_step_and_pause_004,noisy_step_and_pause,28.71667,171.0,90.0,0,1
noisy_step_and_pause_004,noisy_step_and_pause,28.73333,172.5,90.0,0,1
noisy_step_and_pause_004,noisy_step_and_pause,28.75,174.0,90.0,0,1
noisy_step_and_pause_004,noisy_step_and_pause,28.76667,175.5,90.0,0,1
noisy_step_and_pause_004,noisy_step_and_pause,28.78333,177.0,90.0,0,1
noisy_step_and_pause_004,noisy_step_and_pause,28.8,178.5,90.0,0,1
noisy_step_and_pause_004,noisy_step_and_pause,28.81667,180.0,90.0,0,1
noisy_step_and_pause_004,noisy_step_and_pause,28.83333,181.5,90.0,0,1
noisy_step_and_pause_004,noisy_step_and_pause,28.85,183.0,90.0,0,1
noisy_step_and_pause_004,noisy_step_and_pause,28.86667,184.5,90.0,0,1
noisy_step_and_pause_004,noisy_step_and_pause,28.88333,186.0,90.0,0,1
noisy_step_and_pause_004,noisy_step_and_pause,28.9,187.5,90.0,0,1
noisy_step_and_pause_004,noisy_step_and_pause,28.91667,189.0,90.0,0,1
noisy_step_and_pause_004,noisy_step_and_pause,28.93333,190.5,90.0,1,0
noisy_step_and_pause_004,noisy_step_and_pause,28.95,189.0,-90.0,0,1
noisy_step_and_pause_004,noisy_step_and_pause,28.96667,190.5,90.0,0,0
noisy_step_and_pause_004,noisy_step_and_pause,28.98333,190.5,0.0,0,1
noisy_step_and_pause_004,noisy_step_and_pause,29.0,192.0,90.0,0,1
noisy_step_and_pause_004,noisy_step_and_pause,29.01667,193.5,90.0,0,1
noisy_step_and_pause_004,noisy_step_and_pause,29.03333,195.0,90.0,0,1
noisy_step_and_pause_004,noisy_step_and_pause,29.05,196.5,90.0,0,1
noisy_step_and_pause_004,noisy_step_and_pause,29.06667,198.0,90.0,0,1
noisy_step_and_pause_004,noisy_step_and_pause,29.08333,199.5,90.0,0,1
noisy_step_and_pause_004,noisy_step_and_pause,29.1,201.0,90.0,0,1
noisy_step_and_pause_004,noisy_step_and_pause,29.11667,202.5,90.0,0,1
noisy_step_and_pause_004,noisy_step_and_pause,29.13333,204,90.0,1,0
noisy_step_and_pause_004,noisy_step_and_pause,29.15,202.5,-90.0,1,0
noisy_step_and_pause_004,noisy_step_and_pause,29.16667,201.0,-90.0,1,0
noisy_step_and_pause_004,noisy_step_and_pause,29.18333,199.5,-90.0,1,0
noisy_step_and_pause_004,noisy_step_and_pause,29.2,198.0,-90.0,0,1
noisy_step_and_pause_004,noisy_step_and_pause,29.21667,199.5,90.0,1,0
noisy_step_and_pause_004,noisy_step_and_pause,29.23333,198.0,-90.0,1,0
noisy_step_and_pause_004,noisy_step_and_pause,29.25,196.5,-90.0,1,0
noisy_step_and_pause_004,noisy_step_and_pause,29.26667,195.0,-90.0,1,0
noisy_step_and_pause_004,noisy_step_and_pause,29.28333,193.5,-90.0,1,0
noisy_step_and_pause_004,noisy_step_and_pause,29.3,192.0,-90.0,1,0
noisy_step_and_pause_004,noisy_step_and_pause,29.31667,190.5,-90.0,1,0
noisy_step_and_pause_004,noisy_step_and_pause,29.33333,189.0,-90.0,1,0
noisy_step_and_pause_004,noisy_step_and_pause,29.35,187.5,-90.0,1,0
noisy_step_and_pause_004,noisy_step_and_pause,29.36667,186.0,-90.0,0,1
noisy_step_and_pause_004,noisy_step_and_pause,29.38333,187.5,90.0,1,0
noisy_step_and_pause_004,noisy_step_and_pause,29.4,186.0,-90.0,1,0
noisy_step_and_pause_004,noisy_step_and_pause,29.41667,184.5,-90.0,1,0
noisy_step_and_pause_004,noisy_step_and_pause,29.43333,183.0,-90.0,1,0
noisy_step_and_pause_004,noisy_step_and_pause,29.45,181.5,-90.0,0,0
noisy_step_and_pause_004,noisy_step_and_pause,29.46667,181.5,0.0,1,0
noisy_step_and_pause_004,noisy_step_and_pause,29.48333,180.0,-90.0,1,0
noisy_step_and_pause_004,noisy_step_and_pause,29.5,178.5,-90.0,1,0
noisy_step_and_pause_004,noisy_step_and_pause,29.51667,177.0,-90.0,1,0
noisy_step_and_pause_004,noisy_step_and_pause,29.53333,175.5,-90.0,1,0
noisy_step_and_pause_004,noisy_step_and_pause,29.55,174.0,-90.0,1,0
noisy_step_and_pause_004,noisy_step_and_pause,29.56667,172.5,-90.0,1,0
noisy_step_and_pause_004,noisy_step_and_pause,29.58333,171.0,-90.0,1,0
noisy_step_and_pause_004,noisy_step_and_pause,29.6,169.5,-90.0,0,0
noisy_step_and_pause_004,noisy_step_and_pause,29.61667,169.5,0.0,1,0
noisy_step_and_pause_004,noisy_step_and_pause,29.63333,168.0,-90.0,1,0
noisy_step_and_pause_004,noisy_step_and_pause,29.65,166.5,-90.0,1,0
noisy_step_and_pause_004,noisy_step_and_pause,29.66667,165.0,-90.0,1,0
noisy_step_and_pause_004,noisy_step_and_pause,29.68333,163.5,-90.0,1,0
noisy_step_and_pause_004,noisy_step_and_pause,29.7,162.0,-90.0,1,0
noisy_step_and_pause_004,noisy_step_and_pause,29.71667,160.5,-90.0,1,0
noisy_step_and_pause_004,noisy_step_and_pause,29.73333,159.0,-90.0,1,0
noisy_step_and_pause_004,noisy_step_and_pause,29.75,157.5,-90.0,1,0
noisy_step_and_pause_004,noisy_step_and_pause,29.76667,156.0,-90.0,1,0
noisy_step_and_pause_004,noisy_step_and_pause,29.78333,154.5,-90.0,1,0
noisy_step_and_pause_004,noisy_step_and_pause,29.8,153.0,-90.0,1,0
noisy_step_and_pause_004,noisy_step_and_pause,29.81667,151.5,-90.0,1,0
noisy_step_and_pause_004,noisy_step_and_pause,29.83333,150.0,-90.0,1,0
noisy_step_and_pause_004,noisy_step_and_pause,29.85,148.5,-90.0,1,0
noisy_step_and_pause_004,noisy_step_and_pause,29.86667,147.0,-90.0,1,0
noisy_step_and_pause_004,noisy_step_and_pause,29.88333,145.5,-90.0,1,0
noisy_step_and_pause_004,noisy_step_and_pause,29.9,144.0,-90.0,1,0
noisy_step_and_pause_004,noisy_step_and_pause,29.91667,142.5,-90.0,1,0
noisy_step_and_pause_004,noisy_step_and_pause,29.93333,141.0,-90.0,1,0
noisy_step_and_pause_004,noisy_step_and_pause,29.95,139.5,-90.0,1,0
noisy_step_and_pause_004,noisy_step_and_pause,29.96667,138.0,-90.0,1,0
noisy_step_and_pause_004,noisy_step_and_pause,29.98333,136.5,-90.0,1,0
noisy_step_and_pause_004,noisy_step_and_pause,30.0,135.0,-90.0,1,0
noisy_step_and_pause_004,noisy_step_and_pause,30.01667,133.5,-90.0,1,0
noisy_step_and_pause_004,noisy_step_and_pause,30.03333,132.0,-90.0,1,0
noisy_step_and_pause_004,noisy_step_and_pause,30.05,130.5,-90.0,1,0
noisy_step_and_pause_004,noisy_step_and_pause,30.06667,129.0,-90.0,1,0
noisy_step_and_pause_004,noisy_step_and_pause,30.08333,127.5,-90.0,1,0
noisy_step_and_pause_004,noisy_step_and_pause,30.1,126.0,-90.0,1,0
noisy_step_and_pause_004,noisy_step_and_pause,30.11667,124.5,-90.0,0,0
noisy_step_and_pause_004,noisy_step_and_pause,30.13333,124.5,0.0,1,0
noisy_step_and_pause_004,noisy_step_and_pause,30.15,123.0,-90.0,1,0
noisy_step_and_pause_004,noisy_step_and_pause,30.16667,121.5,-90.0,1,0
noisy_step_and_pause_004,noisy_step_and_pause,30.18333,120.0,-90.0,1,0
noisy_step_and_pause_004,noisy_step_and_pause,30.2,118.5,-90.0,1,0
noisy_step_and_pause_004,noisy_step_and_pause,30.21667,117.0,-90.0,1,0
noisy_step_and_pause_004,noisy_step_and_pause,30.23333,115.5,-90.0,1,0
noisy_step_and_pause_004,noisy_step_and_pause,30.25,114.0,-90.0,1,0
noisy_step_and_pause_004,noisy_step_and_pause,30.26667,112.5,-90.0,1,0
noisy_step_and_pause_004,noisy_step_and_pause,30.28333,111.0,-90.0,1,0
noisy_step_and_pause_004,noisy_step_and_pause,30.3,109.5,-90.0,1,0
noisy_step_and_pause_004,noisy_step_and_pause,30.31667,108.0,-90.0,1,0
noisy_step_and_pause_004,noisy_step_and_pause,30.33333,106.5,-90.0,1,0
noisy_step_and_pause_004,noisy_step_and_pause,30.35,105.0,-90.0,1,0
noisy_step_and_pause_004,noisy_step_and_pause,30.36667,103.5,-90.0,1,0
noisy_step_and_pause_004,noisy_step_and_pause,30.38333,102.0,-90.0,1,0
noisy_step_and_pause_004,noisy_step_and_pause,30.4,100.5,-90.0,1,0
noisy_step_and_pause_004,noisy_step_and_pause,30.41667,99.0,-90.0,1,0
noisy_step_and_pause_004,noisy_step_and_pause,30.43333,97.5,-90.0,1,0
noisy_step_and_pause_004,noisy_step_and_pause,30.45,96.0,-90.0,1,0
noisy_step_and_pause_004,noisy_step_and_pause,30.46667,94.5,-90.0,1,0
noisy_step_and_pause_004,noisy_step_and_pause,30.48333,93.0,-90.0,1,0
noisy_step_and_pause_004,noisy_step_and_pause,30.5,91.5,-90.0,1,0
noisy_step_and_pause_004,noisy_step_and_pause,30.51667,90.0,-90.0,1,0
noisy_step_and_pause_004,noisy_step_and_pause,30.53333,88.5,-90.0,1,0
noisy_step_and_pause_004,noisy_step_and_pause,30.55,87.0,-90.0,1,0
noisy_step_and_pause_004,noisy_step_and_pause,30.56667,85.5,-90.0,1,0
noisy_step_and_pause_004,noisy_step_and_pause,30.58333,84.0,-90.0,0,1
noisy_step_and_pause_004,noisy_step_and_pause,30.6,85.5,90.0,0,1
noisy_step_and_pause_004,noisy_step_and_pause,30.61667,87.0,90.0,0,1
noisy_step_and_pause_004,noisy_step_and_pause,30.63333,88.5,90.0,0,1
noisy_step_and_pause_004,noisy_step_and_pause,30.65,90.0,90.0,0,1
noisy_step_and_pause_004,noisy_step_and_pause,30.66667,91.5,90.0,0,1
noisy_step_and_pause_004,noisy_step_and_pause,30.68333,93.0,90.0,0,1
noisy_step_and_pause_004,noisy_step_and_pause,30.7,94.5,90.0,0,1
noisy_step_and_pause_004,noisy_step_and_pause,30.71667,96.0,90.0,0,1
noisy_step_and_pause_004,noisy_step_and_pause,30.73333,97.5,90.0,0,1
noisy_step_and_pause_004,noisy_step_and_pause,30.75,99.0,90.0,0,1
noisy_step_and_pause_004,noisy_step_and_pause,30.76667,100.5,90.0,0,1
noisy_step_and_pause_004,noisy_step_and_pause,30.78333,102.0,90.0,0,1
noisy_step_and_pause_004,noisy_step_and_pause,30.8,103.5,90.0,0,1
noisy_step_and_pause_004,noisy_step_and_pause,30.81667,105.0,90.0,0,1
noisy_step_and_pause_004,noisy_step_and_pause,30.83333,106.5,90.0,0,1
noisy_step_and_pause_004,noisy_step_and_pause,30.85,108.0,90.0,0,1
noisy_step_and_pause_004,noisy_step_and_pause,30.86667,109.5,90.0,0,1
noisy_step_and_pause_004,noisy_step_and_pause,30.88333,111.0,90.0,0,1
noisy_step_and_pause_004,noisy_step_and_pause,30.9,112.5,90.0,0,1
noisy_step_and_pause_004,noisy_step_and_pause,30.91667,114.0,90.0,0,1
noisy_step_and_pause_004,noisy_step_and_pause,30.93333,115.5,90.0,0,1
noisy_step_and_pause_004,noisy_step_and_pause,30.95,117.0,90.0,0,1
noisy_step_and_pause_004,noisy_step_and_pause,30.96667,118.5,90.0,1,0
noisy_step_and_pause_004,noisy_step_and_pause,30.98333,117.0,-90.0,0,1
noisy_step_and_pause_004,noisy_step_and_pause,31.0,118.5,90.0,0,1
noisy_step_and_pause_004,noisy_step_and_pause,31.01667,120.0,90.0,0,1
noisy_step_and_pause_004,noisy_step_and_pause,31.03333,121.5,90.0,0,1
noisy_step_and_pause_004,noisy_step_and_pause,31.05,123.0,90.0,0,1
noisy_step_and_pause_004,noisy_step_and_pause,31.06667,124.5,90.0,0,1
noisy_step_and_pause_004,noisy_step_and_pause,31.08333,126.0,90.0,0,1
noisy_step_and_pause_004,noisy_step_and_pause,31.1,127.5,90.0,0,1
noisy_step_and_pause_004,noisy_step_and_pause,31.11667,129.0,90.0,0,1
noisy_step_and_pause_004,noisy_step_and_pause,31.13333,130.5,90.0,0,1
noisy_step_and_pause_004,noisy_step_and_pause,31.15,132.0,90.0,0,1
noisy_step_and_pause_004,noisy_step_and_pause,31.16667,133.5,90.0,0,1
noisy_step_and_pause_004,noisy_step_and_pause,31.18333,135.0,90.0,0,1
noisy_step_and_pause_004,noisy_step_and_pause,31.2,136.5,90.0,0,1
noisy_step_and_pause_004,noisy_step_and_pause,31.21667,138.0,90.0,0,1
noisy_step_and_pause_004,noisy_step_and_pause,31.23333,139.5,90.0,0,1
noisy_step_and_pause_004,noisy_step_and_pause,31.25,141.0,90.0,1,0
noisy_step_and_pause_004,noisy_step_and_pause,31.26667,139.5,-90.0,0,1
noisy_step_and_pause_004,noisy_step_and_pause,31.28333,141.0,90.0,0,1
noisy_step_and_pause_004,noisy_step_and_pause,31.3,142.5,90.0,1,0
noisy_step_and_pause_004,noisy_step_and_pause,31.31667,141.0,-90.0,1,0
noisy_step_and_pause_004,noisy_step_and_pause,31.33333,139.5,-90.0,1,0
noisy_step_and_pause_004,noisy_step_and_pause,31.35,138.0,-90.0,0,0
noisy_step_and_pause_004,noisy_step_and_pause,31.36667,138.0,0.0,1,0
noisy_step_and_pause_004,noisy_step_and_pause,31.38333,136.5,-90.0,1,0
noisy_step_and_pause_004,noisy_step_and_pause,31.4,135.0,-90.0,1,0
noisy_step_and_pause_004,noisy_step_and_pause,31.41667,133.5,-90.0,1,0
noisy_step_and_pause_004,noisy_step_and_pause,31.43333,132.0,-90.0,1,0
noisy_step_and_pause_004,noisy_step_and_pause,31.45,130.5,-90.0,1,0
noisy_step_and_pause_004,noisy_step_and_pause,31.46667,129.0,-90.0,1,0
noisy_step_and_pause_004,noisy_step_and_pause,31.48333,127.5,-90.0,0,1
