session_id,pattern,t,x,vx,input_left,input_right
noisy_ping_pong_002,noisy_ping_pong,0.0,52.113,0.0,0,1
noisy_ping_pong_002,noisy_ping_pong,0.01667,53.613,90.0,0,1
noisy_ping_pong_002,noisy_ping_pong,0.03333,55.113,90.0,0,1
noisy_ping_pong_002,noisy_ping_pong,0.05,56.613,90.0,0,1
noisy_ping_pong_002,noisy_ping_pong,0.06667,58.113,90.0,0,1
noisy_ping_pong_002,noisy_ping_pong,0.08333,59.613,90.0,0,1
noisy_ping_pong_002,noisy_ping_pong,0.1,61.113,90.0,0,1
noisy_ping_pong_002,noisy_ping_pong,0.11667,62.613,90.0,0,1
noisy_ping_pong_002,noisy_ping_pong,0.13333,64.113,90.0,0,1
noisy_ping_pong_002,noisy_ping_pong,0.15,65.613,90.0,0,1
noisy_ping_pong_002,noisy_ping_pong,0.16667,67.113,90.0,0,1
noisy_ping_pong_002,noisy_ping_pong,0.18333,68.613,90.0,0,1
noisy_ping_pong_002,noisy_ping_pong,0.2,70.113,90.0,0,1
noisy_ping_pong_002,noisy_ping_pong,0.21667,71.613,90.0,0,1
noisy_ping_pong_002,noisy_ping_pong,0.23333,73.113,90.0,0,1
noisy_ping_pong_002,noisy_ping_pong,0.25,74.613,90.0,0,1
noisy_ping_pong_002,noisy_ping_pong,0.26667,76.113,90.0,0,1
noisy_ping_pong_002,noisy_ping_pong,0.28333,77.613,90.0,0,1
noisy_ping_pong_002,noisy_ping_pong,0.3,79.113,90.0,0,1
noisy_ping_pong_002,noisy_ping_pong,0.31667,80.613,90.0,0,1
noisy_ping_pong_002,noisy_ping_pong,0.33333,82.113,90.0,0,1
noisy_ping_pong_002,noisy_ping_pong,0.35,83.613,90.0,0,1
noisy_ping_pong_002,noisy_ping_pong,0.36667,85.113,90.0,0,1
noisy_ping_pong_002,noisy_ping_pong,0.38333,86.613,90.0,0,1
noisy_ping_pong_002,noisy_ping_pong,0.4,88.113,90.0,0,1
noisy_ping_pong_002,noisy_ping_pong,0.41667,89.613,90.0,0,1
noisy_ping_pong_002,noisy_ping_pong,0.43333,91.113,90.0,0,1
noisy_ping_pong_002,noisy_ping_pong,0.45,92.613,90.0,0,1
noisy_ping_pong_002,noisy_ping_pong,0.46667,94.113,90.0,0,1
noisy_ping_pong_002,noisy_ping_pong,0.48333,95.613,90.0,0,1
noisy_ping_pong_002,noisy_ping_pong,0.5,97.113,90.0,0,1
noisy_ping_pong_002,noisy_ping_pong,0.51667,98.613,90.0,0,1
noisy_ping_pong_002,noisy_ping_pong,0.53333,100.113,90.0,0,1
noisy_ping_pong_002,noisy_ping_pong,0.55,101.613,90.0,0,1
noisy_ping_pong_002,noisy_ping_pong,0.56667,103.113,90.0,0,1
noisy_ping_pong_002,noisy_ping_pong,0.58333,104.613,90.0,0,1
noisy_ping_pong_002,noisy_ping_pong,0.6,106.113,90.0,0,1
noisy_ping_pong_002,noisy_ping_pong,0.61667,107.613,90.0,0,1
noisy_ping_pong_002,noisy_ping_pong,0.63333,109.113,90.0,0,1
noisy_ping_pong_002,noisy_ping_pong,0.65,110.613,90.0,1,0
noisy_ping_pong_002,noisy_ping_pong,0.66667,109.113,-90.0,0,1
noisy_ping_pong_002,noisy_ping_pong,0.68333,110.613,90.0,0,1
noisy_ping_pong_002,noisy_ping_pong,0.7,112.113,90.0,0,1
noisy_ping_pong_002,noisy_ping_pong,0.71667,113.613,90.0,0,1
noisy_ping_pong_002,noisy_ping_pong,0.73333,115.113,90.0,0,1
noisy_ping_pong_002,noisy_ping_pong,0.75,116.613,90.0,0,0
noisy_ping_pong_002,noisy_ping_pong,0.76667,116.613,0.0,0,1
noisy_ping_pong_002,noisy_ping_pong,0.78333,118.113,90.0,0,1
noisy_ping_pong_002,noisy_ping_pong,0.8,119.613,90.0,0,1
noisy_ping_pong_002,noisy_ping_pong,0.81667,121.113,90.0,1,0
noisy_ping_pong_002,noisy_ping_pong,0.83333,119.613,-90.0,1,0
noisy_ping_pong_002,noisy_ping_pong,0.85,118.113,-90.0,0,1
noisy_ping_pong_002,noisy_ping_pong,0.86667,119.613,90.0,1,0
noisy_ping_pong_002,noisy_ping_pong,0.88333,118.113,-90.0,0,1
noisy_ping_pong_002,noisy_ping_pong,0.9,119.613,90.0,0,1
noisy_ping_pong_002,noisy_ping_pong,0.91667,121.113,90.0,0,1
noisy_ping_pong_002,noisy_ping_pong,0.93333,122.613,90.0,0,1
noisy_ping_pong_002,noisy_ping_pong,0.95,124.113,90.0,0,1
noisy_ping_pong_002,noisy_ping_pong,0.96667,125.613,90.0,0,1
noisy_ping_pong_002,noisy_ping_pong,0.98333,127.113,90.0,0,1
noisy_ping_pong_002,noisy_ping_pong,1.0,128.613,90.0,0,1
noisy_ping_pong_002,noisy_ping_pong,1.01667,130.113,90.0,0,1
noisy_ping_pong_002,noisy_ping_pong,1.03333,131.613,90.0,0,1
noisy_ping_pong_002,noisy_ping_pong,1.05,133.113,90.0,0,1
noisy_ping_pong_002,noisy_ping_pong,1.06667,134.613,90.0,0,1
noisy_ping_pong_002,noisy_ping_pong,1.08333,136.113,90.0,1,0
noisy_ping_pong_002,noisy_ping_pong,1.1,134.613,-90.0,0,1
noisy_ping_pong_002,noisy_ping_pong,1.11667,136.113,90.0,0,1
noisy_ping_pong_002,noisy_ping_pong,1.13333,137.613,90.0,0,1
noisy_ping_pong_002,noisy_ping_pong,1.15,139.113,90.0,0,1
noisy_ping_pong_002,noisy_ping_pong,1.16667,140.613,90.0,0,1
noisy_ping_pong_002,noisy_ping_pong,1.18333,142.113,90.0,0,1
noisy_ping_pong_002,noisy_ping_pong,1.2,143.613,90.0,0,1
noisy_ping_pong_002,noisy_ping_pong,1.21667,145.113,90.0,0,1
noisy_ping_pong_002,noisy_ping_pong,1.23333,146.613,90.0,0,1
noisy_ping_pong_002,noisy_ping_pong,1.25,148.113,90.0,0,1
noisy_ping_pong_002,noisy_ping_pong,1.26667,149.613,90.0,0,1
noisy_ping_pong_002,noisy_ping_pong,1.28333,151.113,90.0,0,1
noisy_ping_pong_002,noisy_ping_pong,1.3,152.613,90.0,0,1
noisy_ping_pong_002,noisy_ping_pong,1.31667,154.113,90.0,0,1
noisy_ping_pong_002,noisy_ping_pong,1.33333,155.613,90.0,0,1
noisy_ping_pong_002,noisy_ping_pong,1.35,157.113,90.0,0,1
noisy_ping_pong_002,noisy_ping_pong,1.36667,158.613,90.0,0,1
noisy_ping_pong_002,noisy_ping_pong,1.38333,160.113,90.0,0,1
noisy_ping_pong_002,noisy_ping_pong,1.4,161.613,90.0,0,1
noisy_ping_pong_002,noisy_ping_pong,1.41667,163.113,90.0,0,1
noisy_ping_pong_002,noisy_ping_pong,1.43333,164.613,90.0,0,1
noisy_ping_pong_002,noisy_ping_pong,1.45,166.113,90.0,0,1
noisy_ping_pong_002,noisy_ping_pong,1.46667,167.613,90.0,0,1
noisy_ping_pong_002,noisy_ping_pong,1.48333,169.113,90.0,0,1
noisy_ping_pong_002,noisy_ping_pong,1.5,170.613,90.0,0,1
noisy_ping_pong_002,noisy_ping_pong,1.51667,172.113,90.0,0,0
noisy_ping_pong_002,noisy_ping_pong,1.53333,172.113,0.0,0,1
noisy_ping_pong_002,noisy_ping_pong,1.55,173.613,90.0,0,1
noisy_ping_pong_002,noisy_ping_pong,1.56667,175.113,90.0,0,1
noisy_ping_pong_002,noisy_ping_pong,1.58333,176.613,90.0,0,1
noisy_ping_pong_002,noisy_ping_pong,1.6,178.113,90.0,0,1
noisy_ping_pong_002,noisy_ping_pong,1.61667,179.613,90.0,0,1
noisy_ping_pong_002,noisy_ping_pong,1.63333,181.113,90.0,0,1
noisy_ping_pong_002,noisy_ping_pong,1.65,182.613,90.0,0,1
noisy_ping_pong_002,noisy_ping_pong,1.66667,184.113,90.0,0,1
noisy_ping_pong_002,noisy_ping_pong,1.68333,185.613,90.0,0,0
noisy_ping_pong_002,noisy_ping_pong,1.7,185.613,0.0,0,1
noisy_ping_pong_002,noisy_ping_pong,1.71667,187.113,90.0,0,1
noisy_ping_pong_002,noisy_ping_pong,1.73333,188.613,90.0,0,1
noisy_ping_pong_002,noisy_ping_pong,1.75,190.113,90.0,0,1
noisy_ping_pong_002,noisy_ping_pong,1.76667,191.613,90.0,0,1
noisy_ping_pong_002,noisy_ping_pong,1.78333,193.113,90.0,0,0
noisy_ping_pong_002,noisy_ping_pong,1.8,193.113,0.0,0,1
noisy_ping_pong_002,noisy_ping_pong,1.81667,194.613,90.0,0,1
noisy_ping_pong_002,noisy_ping_pong,1.83333,196.113,90.0,0,1
noisy_ping_pong_002,noisy_ping_pong,1.85,197.613,90.0,0,1
noisy_ping_pong_002,noisy_ping_pong,1.86667,199.113,90.0,0,1
noisy_ping_pong_002,noisy_ping_pong,1.88333,200.613,90.0,0,0
noisy_ping_pong_002,noisy_ping_pong,1.9,200.613,0.0,0,0
noisy_ping_pong_002,noisy_ping_pong,1.91667,200.613,0.0,0,0
noisy_ping_pong_002,noisy_ping_pong,1.93333,200.613,0.0,0,1
noisy_ping_pong_002,noisy_ping_pong,1.95,202.113,90.0,0,0
noisy_ping_pong_002,noisy_ping_pong,1.96667,202.113,0.0,0,0
noisy_ping_pong_002,noisy_ping_pong,1.98333,202.113,0.0,0,0
noisy_ping_pong_002,noisy_ping_pong,2.0,202.113,0.0,0,0
noisy_ping_pong_002,noisy_ping_pong,2.01667,202.113,0.0,0,0
noisy_ping_pong_002,noisy_ping_pong,2.03333,202.113,0.0,0,0
noisy_ping_pong_002,noisy_ping_pong,2.05,202.113,0.0,0,0
noisy_ping_pong_002,noisy_ping_pong,2.06667,202.113,0.0,0,0
noisy_ping_pong_002,noisy_ping_pong,2.08333,202.113,0.0,0,0
noisy_ping_pong_002,noisy_ping_pong,2.1,202.113,0.0,0,0
noisy_ping_pong_002,noisy_ping_pong,2.11667,202.113,0.0,0,0
noisy_ping_pong_002,noisy_ping_pong,2.13333,202.113,0.0,0,0
noisy_ping_pong_002,noisy_ping_pong,2.15,202.113,0.0,0,0
noisy_ping_pong_002,noisy_ping_pong,2.16667,202.113,0.0,0,0
noisy_ping_pong_002,noisy_ping_pong,2.18333,202.113,0.0,0,0
noisy_ping_pong_002,noisy_ping_pong,2.2,202.113,0.0,1,0
noisy_ping_pong_002,noisy_ping_pong,2.21667,200.613,-90.0,1,0
noisy_ping_pong_002,noisy_ping_pong,2.23333,199.113,-90.0,1,0
noisy_ping_pong_002,noisy_ping_pong,2.25,197.613,-90.0,1,0
noisy_ping_pong_002,noisy_ping_pong,2.26667,196.113,-90.0,1,0
noisy_ping_pong_002,noisy_ping_pong,2.28333,194.613,-90.0,1,0
noisy_ping_pong_002,noisy_ping_pong,2.3,193.113,-90.0,1,0
noisy_ping_pong_002,noisy_ping_pong,2.31667,191.613,-90.0,1,0
noisy_ping_pong_002,noisy_ping_pong,2.33333,190.113,-90.0,1,0
noisy_ping_pong_002,noisy_ping_pong,2.35,188.613,-90.0,1,0
noisy_ping_pong_002,noisy_ping_pong,2.36667,187.113,-90.0,1,0
noisy_ping_pong_002,noisy_ping_pong,2.38333,185.613,-90.0,1,0
noisy_ping_pong_002,noisy_ping_pong,2.4,184.113,-90.0,1,0
noisy_ping_pong_002,noisy_ping_pong,2.41667,182.613,-90.0,1,0
noisy_ping_pong_002,noisy_ping_pong,2.43333,181.113,-90.0,1,0
noisy_ping_pong_002,noisy_ping_pong,2.45,179.613,-90.0,1,0
noisy_ping_pong_002,noisy_ping_pong,2.46667,178.113,-90.0,0,0
noisy_ping_pong_002,noisy_ping_pong,2.48333,178.113,0.0,1,0
noisy_ping_pong_002,noisy_ping_pong,2.5,176.613,-90.0,1,0
noisy_ping_pong_002,noisy_ping_pong,2.51667,175.113,-90.0,1,0
noisy_ping_pong_002,noisy_ping_pong,2.53333,173.613,-90.0,1,0
noisy_ping_pong_002,noisy_ping_pong,2.55,172.113,-90.0,1,0
noisy_ping_pong_002,noisy_ping_pong,2.56667,170.613,-90.0,0,0
noisy_ping_pong_002,noisy_ping_pong,2.58333,170.613,0.0,1,0
noisy_ping_pong_002,noisy_ping_pong,2.6,169.113,-90.0,1,0
noisy_ping_pong_002,noisy_ping_pong,2.61667,167.613,-90.0,1,0
noisy_ping_pong_002,noisy_ping_pong,2.63333,166.113,-90.0,1,0
noisy_ping_pong_002,noisy_ping_pong,2.65,164.613,-90.0,1,0
noisy_ping_pong_002,noisy_ping_pong,2.66667,163.113,-90.0,1,0
noisy_ping_pong_002,noisy_ping_pong,2.68333,161.613,-90.0,1,0
noisy_ping_pong_002,noisy_ping_pong,2.7,160.113,-90.0,1,0
noisy_ping_pong_002,noisy_ping_pong,2.71667,158.613,-90.0,1,0
noisy_ping_pong_002,noisy_ping_pong,2.73333,157.113,-90.0,1,0
noisy_ping_pong_002,noisy_ping_pong,2.75,155.613,-90.0,1,0
noisy_ping_pong_002,noisy_ping_pong,2.76667,154.113,-90.0,1,0
noisy_ping_pong_002,noisy_ping_pong,2.78333,152.613,-90.0,1,0
noisy_ping_pong_002,noisy_ping_pong,2.8,151.113,-90.0,0,0
noisy_ping_pong_002,noisy_ping_pong,2.81667,151.113,0.0,1,0
noisy_ping_pong_002,noisy_ping_pong,2.83333,149.613,-90.0,1,0
noisy_ping_pong_002,noisy_ping_pong,2.85,148.113,-90.0,1,0
noisy_ping_pong_002,noisy_ping_pong,2.86667,146.613,-90.0,1,0
noisy_ping_pong_002,noisy_ping_pong,2.88333,145.113,-90.0,1,0
noisy_ping_pong_002,noisy_ping_pong,2.9,143.613,-90.0,1,0
noisy_ping_pong_002,noisy_ping_pong,2.91667,142.113,-90.0,1,0
noisy_ping_pong_002,noisy_ping_pong,2.93333,140.613,-90.0,1,0
noisy_ping_pong_002,noisy_ping_pong,2.95,139.113,-90.0,1,0
noisy_ping_pong_002,noisy_ping_pong,2.96667,137.613,-90.0,1,0
noisy_ping_pong_002,noisy_ping_pong,2.98333,136.113,-90.0,1,0
noisy_ping_pong_002,noisy_ping_pong,3.0,134.613,-90.0,1,0
noisy_ping_pong_002,noisy_ping_pong,3.01667,133.113,-90.0,1,0
noisy_ping_pong_002,noisy_ping_pong,3.03333,131.613,-90.0,1,0
noisy_ping_pong_002,noisy_ping_pong,3.05,130.113,-90.0,1,0
noisy_ping_pong_002,noisy_ping_pong,3.06667,128.613,-90.0,1,0
noisy_ping_pong_002,noisy_ping_pong,3.08333,127.113,-90.0,1,0
noisy_ping_pong_002,noisy_ping_pong,3.1,125.613,-90.0,1,0
noisy_ping_pong_002,noisy_ping_pong,3.11667,124.113,-90.0,1,0
noisy_ping_pong_002,noisy_ping_pong,3.13333,122.613,-90.0,1,0
noisy_ping_pong_002,noisy_ping_pong,3.15,121.113,-90.0,1,0
noisy_ping_pong_002,noisy_ping_pong,3.16667,119.613,-90.0,1,0
noisy_ping_pong_002,noisy_ping_pong,3.18333,118.113,-90.0,1,0
noisy_ping_pong_002,noisy_ping_pong,3.2,116.613,-90.0,1,0
noisy_ping_pong_002,noisy_ping_pong,3.21667,115.113,-90.0,1,0
noisy_ping_pong_002,noisy_ping_pong,3.23333,113.613,-90.0,1,0
noisy_ping_pong_002,noisy_ping_pong,3.25,112.113,-90.0,1,0
noisy_ping_pong_002,noisy_ping_pong,3.26667,110.613,-90.0,1,0
noisy_ping_pong_002,noisy_ping_pong,3.28333,109.113,-90.0,1,0
noisy_ping_pong_002,noisy_ping_pong,3.3,107.613,-90.0,1,0
noisy_ping_pong_002,noisy_ping_pong,3.31667,106.113,-90.0,1,0
noisy_ping_pong_002,noisy_ping_pong,3.33333,104.613,-90.0,1,0
noisy_ping_pong_002,noisy_ping_pong,3.35,103.113,-90.0,1,0
noisy_ping_pong_002,noisy_ping_pong,3.36667,101.613,-90.0,1,0
noisy_ping_pong_002,noisy_ping_pong,3.38333,100.113,-90.0,1,0
noisy_ping_pong_002,noisy_ping_pong,3.4,98.613,-90.0,1,0
noisy_ping_pong_002,noisy_ping_pong,3.41667,97.113,-90.0,1,0
noisy_ping_pong_002,noisy_ping_pong,3.43333,95.613,-90.0,1,0
noisy_ping_pong_002,noisy_ping_pong,3.45,94.113,-90.0,1,0
noisy_ping_pong_002,noisy_ping_pong,3.46667,92.613,-90.0,1,0
noisy_ping_pong_002,noisy_ping_pong,3.48333,91.113,-90.0,1,0
noisy_ping_pong_002,noisy_ping_pong,3.5,89.613,-90.0,1,0
noisy_ping_pong_002,noisy_ping_pong,3.51667,88.113,-90.0,1,0
noisy_ping_pong_002,noisy_ping_pong,3.53333,86.613,-90.0,1,0
noisy_ping_pong_002,noisy_ping_pong,3.55,85.113,-90.0,1,0
noisy_ping_pong_002,noisy_ping_pong,3.56667,83.613,-90.0,1,0
noisy_ping_pong_002,noisy_ping_pong,3.58333,82.113,-90.0,1,0
noisy_ping_pong_002,noisy_ping_pong,3.6,80.613,-90.0,1,0
noisy_ping_pong_002,noisy_ping_pong,3.61667,79.113,-90.0,1,0
noisy_ping_pong_002,noisy_ping_pong,3.63333,77.613,-90.0,1,0
noisy_ping_pong_002,noisy_ping_pong,3.65,76.113,-90.0,1,0
noisy_ping_pong_002,noisy_ping_pong,3.66667,74.613,-90.0,0,0
noisy_ping_pong_002,noisy_ping_pong,3.68333,74.613,0.0,0,0
noisy_ping_pong_002,noisy_ping_pong,3.7,74.613,0.0,1,0
noisy_ping_pong_002,noisy_ping_pong,3.71667,73.113,-90.0,1,0
noisy_ping_pong_002,noisy_ping_pong,3.73333,71.613,-90.0,1,0
noisy_ping_pong_002,noisy_ping_pong,3.75,70.113,-90.0,1,0
noisy_ping_pong_002,noisy_ping_pong,3.76667,68.613,-90.0,1,0
noisy_ping_pong_002,noisy_ping_pong,3.78333,67.113,-90.0,1,0
noisy_ping_pong_002,noisy_ping_pong,3.8,65.613,-90.0,1,0
noisy_ping_pong_002,noisy_ping_pong,3.81667,64.113,-90.0,1,0
noisy_ping_pong_002,noisy_ping_pong,3.83333,62.613,-90.0,1,0
noisy_ping_pong_002,noisy_ping_pong,3.85,61.113,-90.0,1,0
noisy_ping_pong_002,noisy_ping_pong,3.86667,59.613,-90.0,1,0
noisy_ping_pong_002,noisy_ping_pong,3.88333,58.113,-90.0,1,0
noisy_ping_pong_002,noisy_ping_pong,3.9,56.613,-90.0,1,0
noisy_ping_pong_002,noisy_ping_pong,3.91667,55.113,-90.0,1,0
noisy_ping_pong_002,noisy_ping_pong,3.93333,53.613,-90.0,1,0
noisy_ping_pong_002,noisy_ping_pong,3.95,52.113,-90.0,1,0
noisy_ping_pong_002,noisy_ping_pong,3.96667,50.613,-90.0,1,0
noisy_ping_pong_002,noisy_ping_pong,3.98333,49.113,-90.0,1,0
noisy_ping_pong_002,noisy_ping_pong,4.0,47.613,-90.0,1,0
noisy_ping_pong_002,noisy_ping_pong,4.01667,46.113,-90.0,1,0
noisy_ping_pong_002,noisy_ping_pong,4.03333,44.613,-90.0,1,0
noisy_ping_pong_002,noisy_ping_pong,4.05,43.113,-90.0,1,0
noisy_ping_pong_002,noisy_ping_pong,4.06667,41.613,-90.0,1,0
noisy_ping_pong_002,noisy_ping_pong,4.08333,40.113,-90.0,1,0
noisy_ping_pong_002,noisy_ping_pong,4.1,38.613,-90.0,1,0
noisy_ping_pong_002,noisy_ping_pong,4.11667,37.113,-90.0,1,0
noisy_ping_pong_002,noisy_ping_pong,4.13333,35.613,-90.0,1,0
noisy_ping_pong_002,noisy_ping_pong,4.15,34.113,-90.0,1,0
noisy_ping_pong_002,noisy_ping_pong,4.16667,32.613,-90.0,1,0
noisy_ping_pong_002,noisy_ping_pong,4.18333,31.113,-90.0,1,0
noisy_ping_pong_002,noisy_ping_pong,4.2,29.613,-90.0,1,0
noisy_ping_pong_002,noisy_ping_pong,4.21667,28.113,-90.0,1,0
noisy_ping_pong_002,noisy_ping_pong,4.23333,26.613,-90.0,0,1
noisy_ping_pong_002,noisy_ping_pong,4.25,28.113,90.0,1,0
noisy_ping_pong_002,noisy_ping_pong,4.26667,26.613,-90.0,1,0
noisy_ping_pong_002,noisy_ping_pong,4.28333,25.113,-90.0,1,0
noisy_ping_pong_002,noisy_ping_pong,4.3,23.613,-90.0,1,0
noisy_ping_pong_002,noisy_ping_pong,4.31667,22.113,-90.0,1,0
noisy_ping_pong_002,noisy_ping_pong,4.33333,20.613,-90.0,1,0
noisy_ping_pong_002,noisy_ping_pong,4.35,19.113,-90.0,1,0
noisy_ping_pong_002,noisy_ping_pong,4.36667,17.613,-90.0,1,0
noisy_ping_pong_002,noisy_ping_pong,4.38333,16.113,-90.0,1,0
noisy_ping_pong_002,noisy_ping_pong,4.4,14.613,-90.0,1,0
noisy_ping_pong_002,noisy_ping_pong,4.41667,13.113,-90.0,1,0
noisy_ping_pong_002,noisy_ping_pong,4.43333,11.613,-90.0,1,0
noisy_ping_pong_002,noisy_ping_pong,4.45,10.113,-90.0,1,0
noisy_ping_pong_002,noisy_ping_pong,4.46667,8.613,-90.0,1,0
noisy_ping_pong_002,noisy_ping_pong,4.48333,7.113,-90.0,1,0
noisy_ping_pong_002,noisy_ping_pong,4.5,5.613,-90.0,1,0
noisy_ping_pong_002,noisy_ping_pong,4.51667,4.113,-90.0,1,0
noisy_ping_pong_002,noisy_ping_pong,4.53333,2.613,-90.0,0,0
noisy_ping_pong_002,noisy_ping_pong,4.55,2.613,0.0,0,0
noisy_ping_pong_002,noisy_ping_pong,4.56667,2.613,0.0,0,0
noisy_ping_pong_002,noisy_ping_pong,4.58333,2.613,0.0,0,0
noisy_ping_pong_002,noisy_ping_pong,4.6,2.613,0.0,0,1
noisy_ping_pong_002,noisy_ping_pong,4.61667,4.113,90.0,0,0
noisy_ping_pong_002,noisy_ping_pong,4.63333,4.113,0.0,0,0
noisy_ping_pong_002,noisy_ping_pong,4.65,4.113,0.0,0,0
noisy_ping_pong_002,noisy_ping_pong,4.66667,4.113,0.0,0,1
noisy_ping_pong_002,noisy_ping_pong,4.68333,5.613,90.0,0,0
noisy_ping_pong_002,noisy_ping_pong,4.7,5.613,0.0,0,0
noisy_ping_pong_002,noisy_ping_pong,4.71667,5.613,0.0,0,0
noisy_ping_pong_002,noisy_ping_pong,4.73333,5.613,0.0,0,0
noisy_ping_pong_002,noisy_ping_pong,4.75,5.613,0.0,0,0
noisy_ping_pong_002,noisy_ping_pong,4.76667,5.613,0.0,0,0
noisy_ping_pong_002,noisy_ping_pong,4.78333,5.613,0.0,0,0
noisy_ping_pong_002,noisy_ping_pong,4.8,5.613,0.0,0,0
noisy_ping_pong_002,noisy_ping_pong,4.81667,5.613,0.0,0,0
noisy_ping_pong_002,noisy_ping_pong,4.83333,5.613,0.0,0,0
noisy_ping_pong_002,noisy_ping_pong,4.85,5.613,0.0,0,1
noisy_ping_pong_002,noisy_ping_pong,4.86667,7.113,90.0,0,1
noisy_ping_pong_002,noisy_ping_pong,4.88333,8.613,90.0,0,1
noisy_ping_pong_002,noisy_ping_pong,4.9,10.113,90.0,0,1
noisy_ping_pong_002,noisy_ping_pong,4.91667,11.613,90.0,0,1
noisy_ping_pong_002,noisy_ping_pong,4.93333,13.113,90.0,0,1
noisy_ping_pong_002,noisy_ping_pong,4.95,14.613,90.0,0,1
noisy_ping_pong_002,noisy_ping_pong,4.96667,16.113,90.0,0,1
noisy_ping_pong_002,noisy_ping_pong,4.98333,17.613,90.0,0,1
noisy_ping_pong_002,noisy_ping_pong,5.0,19.113,90.0,0,1
noisy_ping_pong_002,noisy_ping_pong,5.01667,20.613,90.0,0,1
noisy_ping_pong_002,noisy_ping_pong,5.03333,22.113,90.0,0,1
noisy_ping_pong_002,noisy_ping_pong,5.05,23.613,90.0,0,1
noisy_ping_pong_002,noisy_ping_pong,5.06667,25.113,90.0,0,1
noisy_ping_pong_002,noisy_ping_pong,5.08333,26.613,90.0,0,1
noisy_ping_pong_002,noisy_ping_pong,5.1,28.113,90.0,0,1
noisy_ping_pong_002,noisy_ping_pong,5.11667,29.613,90.0,0,1
noisy_ping_pong_002,noisy_ping_pong,5.13333,31.113,90.0,0,1
noisy_ping_pong_002,noisy_ping_pong,5.15,32.613,90.0,0,1
noisy_ping_pong_002,noisy_ping_pong,5.16667,34.113,90.0,0,1
noisy_ping_pong_002,noisy_ping_pong,5.18333,35.613,90.0,0,1
noisy_ping_pong_002,noisy_ping_pong,5.2,37.113,90.0,0,1
noisy_ping_pong_002,noisy_ping_pong,5.21667,38.613,90.0,0,1
noisy_ping_pong_002,noisy_ping_pong,5.23333,40.113,90.0,0,1
noisy_ping_pong_002,noisy_ping_pong,5.25,41.613,90.0,0,1
noisy_ping_pong_002,noisy_ping_pong,5.26667,43.113,90.0,0,1
noisy_ping_pong_002,noisy_ping_pong,5.28333,44.613,90.0,0,1
noisy_ping_pong_002,noisy_ping_pong,5.3,46.113,90.0,0,1
noisy_ping_pong_002,noisy_ping_pong,5.31667,47.613,90.0,0,1
noisy_ping_pong_002,noisy_ping_pong,5.33333,49.113,90.0,0,1
noisy_ping_pong_002,noisy_ping_pong,5.35,50.613,90.0,0,1
noisy_ping_pong_002,noisy_ping_pong,5.36667,52.113,90.0,0,1
noisy_ping_pong_002,noisy_ping_pong,5.38333,53.613,90.0,0,1
noisy_ping_pong_002,noisy_ping_pong,5.4,55.113,90.0,0,1
noisy_ping_pong_002,noisy_ping_pong,5.41667,56.613,90.0,0,1
noisy_ping_pong_002,noisy_ping_pong,5.43333,58.113,90.0,0,1
noisy_ping_pong_002,noisy_ping_pong,5.45,59.613,90.0,0,1
noisy_ping_pong_002,noisy_ping_pong,5.46667,61.113,90.0,0,1
noisy_ping_pong_002,noisy_ping_pong,5.48333,62.613,90.0,0,1
noisy_ping_pong_002,noisy_ping_pong,5.5,64.113,90.0,0,1
noisy_ping_pong_002,noisy_ping_pong,5.51667,65.613,90.0,0,1
noisy_ping_pong_002,noisy_ping_pong,5.53333,67.113,90.0,0,1
noisy_ping_pong_002,noisy_ping_pong,5.55,68.613,90.0,0,1
noisy_ping_pong_002,noisy_ping_pong,5.56667,70.113,90.0,0,1
noisy_ping_pong_002,noisy_ping_pong,5.58333,71.613,90.0,0,1
noisy_ping_pong_002,noisy_ping_pong,5.6,73.113,90.0,0,1
noisy_ping_pong_002,noisy_ping_pong,5.61667,74.613,90.0,0,1
noisy_ping_pong_002,noisy_ping_pong,5.63333,76.113,90.0,0,1
noisy_ping_pong_002,noisy_ping_pong,5.65,77.613,90.0,0,1
noisy_ping_pong_002,noisy_ping_pong,5.66667,79.113,90.0,0,1
noisy_ping_pong_002,noisy_ping_pong,5.68333,80.613,90.0,0,1
noisy_ping_pong_002,noisy_ping_pong,5.7,82.113,90.0,0,1
noisy_ping_pong_002,noisy_ping_pong,5.71667,83.613,90.0,0,1
noisy_ping_pong_002,noisy_ping_pong,5.73333,85.113,90.0,0,1
noisy_ping_pong_002,noisy_ping_pong,5.75,86.613,90.0,0,1
noisy_ping_pong_002,noisy_ping_pong,5.76667,88.113,90.0,0,1
noisy_ping_pong_002,noisy_ping_pong,5.78333,89.613,90.0,0,1
noisy_ping_pong_002,noisy_ping_pong,5.8,91.113,90.0,0,1
noisy_ping_pong_002,noisy_ping_pong,5.81667,92.613,90.0,0,1
noisy_ping_pong_002,noisy_ping_pong,5.83333,94.113,90.0,0,1
noisy_ping_pong_002,noisy_ping_pong,5.85,95.613,90.0,0,1
noisy_ping_pong_002,noisy_ping_pong,5.86667,97.113,90.0,0,1
noisy_ping_pong_002,noisy_ping_pong,5.88333,98.613,90.0,0,1
noisy_ping_pong_002,noisy_ping_pong,5.9,100.113,90.0,0,1
noisy_ping_pong_002,noisy_ping_pong,5.91667,101.613,90.0,0,1
noisy_ping_pong_002,noisy_ping_pong,5.93333,103.113,90.0,0,1
noisy_ping_pong_002,noisy_ping_pong,5.95,104.613,90.0,0,1
noisy_ping_pong_002,noisy_ping_pong,5.96667,106.113,90.0,0,1
noisy_ping_pong_002,noisy_ping_pong,5.98333,107.613,90.0,0,1
noisy_ping_pong_002,noisy_ping_pong,6.0,109.113,90.0,0,1
noisy_ping_pong_002,noisy_ping_pong,6.01667,110.613,90.0,0,1
noisy_ping_pong_002,noisy_ping_pong,6.03333,112.113,90.0,0,1
noisy_ping_pong_002,noisy_ping_pong,6.05,113.613,90.0,0,1
noisy_ping_pong_002,noisy_ping_pong,6.06667,115.113,90.0,0,1
noisy_ping_pong_002,noisy_ping_pong,6.08333,116.613,90.0,0,1
noisy_ping_pong_002,noisy_ping_pong,6.1,118.113,90.0,0,1
noisy_ping_pong_002,noisy_ping_pong,6.11667,119.613,90.0,0,1
noisy_ping_pong_002,noisy_ping_pong,6.13333,121.113,90.0,1,0
noisy_ping_pong_002,noisy_ping_pong,6.15,119.613,-90.0,0,1
noisy_ping_pong_002,noisy_ping_pong,6.16667,121.113,90.0,0,1
noisy_ping_pong_002,noisy_ping_pong,6.18333,122.613,90.0,0,1
noisy_ping_pong_002,noisy_ping_pong,6.2,124.113,90.0,0,1
noisy_ping_pong_002,noisy_ping_pong,6.21667,125.613,90.0,0,1
noisy_ping_pong_002,noisy_ping_pong,6.23333,127.113,90.0,0,1
noisy_ping_pong_002,noisy_ping_pong,6.25,128.613,90.0,0,1
noisy_ping_pong_002,noisy_ping_pong,6.26667,130.113,90.0,0,1
noisy_ping_pong_002,noisy_ping_pong,6.28333,131.613,90.0,0,1
noisy_ping_pong_002,noisy_ping_pong,6.3,133.113,90.0,0,1
noisy_ping_pong_002,noisy_ping_pong,6.31667,134.613,90.0,0,1
noisy_ping_pong_002,noisy_ping_pong,6.33333,136.113,90.0,0,1
noisy_ping_pong_002,noisy_ping_pong,6.35,137.613,90.0,0,1
noisy_ping_pong_002,noisy_ping_pong,6.36667,139.113,90.0,0,1
noisy_ping_pong_002,noisy_ping_pong,6.38333,140.613,90.0,0,1
noisy_ping_pong_002,noisy_ping_pong,6.4,142.113,90.0,0,1
noisy_ping_pong_002,noisy_ping_pong,6.41667,143.613,90.0,0,1
noisy_ping_pong_002,noisy_ping_pong,6.43333,145.113,90.0,0,1
noisy_ping_pong_002,noisy_ping_pong,6.45,146.613,90.0,0,1
noisy_ping_pong_002,noisy_ping_pong,6.46667,148.113,90.0,0,1
noisy_ping_pong_002,noisy_ping_pong,6.48333,149.613,90.0,0,1
noisy_ping_pong_002,noisy_ping_pong,6.5,151.113,90.0,0,1
noisy_ping_pong_002,noisy_ping_pong,6.51667,152.613,90.0,0,1
noisy_ping_pong_002,noisy_ping_pong,6.53333,154.113,90.0,0,1
noisy_ping_pong_002,noisy_ping_pong,6.55,155.613,90.0,0,1
noisy_ping_pong_002,noisy_ping_pong,6.56667,157.113,90.0,0,1
noisy_ping_pong_002,noisy_ping_pong,6.58333,158.613,90.0,0,1
noisy_ping_pong_002,noisy_ping_pong,6.6,160.113,90.0,0,1
noisy_ping_pong_002,noisy_ping_pong,6.61667,161.613,90.0,0,1
noisy_ping_pong_002,noisy_ping_pong,6.63333,163.113,90.0,0,1
noisy_ping_pong_002,noisy_ping_pong,6.65,164.613,90.0,0,1
noisy_ping_pong_002,noisy_ping_pong,6.66667,166.113,90.0,0,1
noisy_ping_pong_002,noisy_ping_pong,6.68333,167.613,90.0,0,1
noisy_ping_pong_002,noisy_ping_pong,6.7,169.113,90.0,0,1
noisy_ping_pong_002,noisy_ping_pong,6.71667,170.613,90.0,0,1
noisy_ping_pong_002,noisy_ping_pong,6.73333,172.113,90.0,0,1
noisy_ping_pong_002,noisy_ping_pong,6.75,173.613,90.0,0,1
noisy_ping_pong_002,noisy_ping_pong,6.76667,175.113,90.0,0,1
noisy_ping_pong_002,noisy_ping_pong,6.78333,176.613,90.0,0,1
noisy_ping_pong_002,noisy_ping_pong,6.8,178.113,90.0,0,1
noisy_ping_pong_002,noisy_ping_pong,6.81667,179.613,90.0,0,1
noisy_ping_pong_002,noisy_ping_pong,6.83333,181.113,90.0,0,1
noisy_ping_pong_002,noisy_ping_pong,6.85,182.613,90.0,0,1
noisy_ping_pong_002,noisy_ping_pong,6.86667,184.113,90.0,0,1
noisy_ping_pong_002,noisy_ping_pong,6.88333,185.613,90.0,0,1
noisy_ping_pong_002,noisy_ping_pong,6.9,187.113,90.0,0,1
noisy_ping_pong_002,noisy_ping_pong,6.91667,188.613,90.0,0,1
noisy_ping_pong_002,noisy_ping_pong,6.93333,190.113,90.0,0,1
noisy_ping_pong_002,noisy_ping_pong,6.95,191.613,90.0,0,1
noisy_ping_pong_002,noisy_ping_pong,6.96667,193.113,90.0,0,1
noisy_ping_pong_002,noisy_ping_pong,6.98333,194.613,90.0,0,1
noisy_ping_pong_002,noisy_ping_pong,7.0,196.113,90.0,0,1
noisy_ping_pong_002,noisy_ping_pong,7.01667,197.613,90.0,0,1
noisy_ping_pong_002,noisy_ping_pong,7.03333,199.113,90.0,0,1
noisy_ping_pong_002,noisy_ping_pong,7.05,200.613,90.0,0,0
noisy_ping_pong_002,noisy_ping_pong,7.06667,200.613,0.0,0,0
noisy_ping_pong_002,noisy_ping_pong,7.08333,200.613,0.0,0,0
noisy_ping_pong_002,noisy_ping_pong,7.1,200.613,0.0,0,1
noisy_ping_pong_002,noisy_ping_pong,7.11667,202.113,90.0,0,1
noisy_ping_pong_002,noisy_ping_pong,7.13333,203.613,90.0,0,0
noisy_ping_pong_002,noisy_ping_pong,7.15,203.613,0.0,0,0
noisy_ping_pong_002,noisy_ping_pong,7.16667,203.613,0.0,0,0
noisy_ping_pong_002,noisy_ping_pong,7.18333,203.613,0.0,0,0
noisy_ping_pong_002,noisy_ping_pong,7.2,203.613,0.0,0,0
noisy_ping_pong_002,noisy_ping_pong,7.21667,203.613,0.0,0,1
noisy_ping_pong_002,noisy_ping_pong,7.23333,204,23.209,0,0
noisy_ping_pong_002,noisy_ping_pong,7.25,204,0.0,0,0
noisy_ping_pong_002,noisy_ping_pong,7.26667,204,0.0,0,0
noisy_ping_pong_002,noisy_ping_pong,7.28333,204,0.0,1,0
noisy_ping_pong_002,noisy_ping_pong,7.3,202.5,-90.0,0,0
noisy_ping_pong_002,noisy_ping_pong,7.31667,202.5,0.0,0,0
noisy_ping_pong_002,noisy_ping_pong,7.33333,202.5,0.0,0,1
noisy_ping_pong_002,noisy_ping_pong,7.35,204,90.0,0,0
noisy_ping_pong_002,noisy_ping_pong,7.36667,204,0.0,1,0
noisy_ping_pong_002,noisy_ping_pong,7.38333,202.5,-90.0,1,0
noisy_ping_pong_002,noisy_ping_pong,7.4,201.0,-90.0,1,0
noisy_ping_pong_002,noisy_ping_pong,7.41667,199.5,-90.0,1,0
noisy_ping_pong_002,noisy_ping_pong,7.43333,198.0,-90.0,1,0
noisy_ping_pong_002,noisy_ping_pong,7.45,196.5,-90.0,1,0
noisy_ping_pong_002,noisy_ping_pong,7.46667,195.0,-90.0,1,0
noisy_ping_pong_002,noisy_ping_pong,7.48333,193.5,-90.0,1,0
noisy_ping_pong_002,noisy_ping_pong,7.5,192.0,-90.0,1,0
noisy_ping_pong_002,noisy_ping_pong,7.51667,190.5,-90.0,1,0
noisy_ping_pong_002,noisy_ping_pong,7.53333,189.0,-90.0,1,0
noisy_ping_pong_002,noisy_ping_pong,7.55,187.5,-90.0,1,0
noisy_ping_pong_002,noisy_ping_pong,7.56667,186.0,-90.0,1,0
noisy_ping_pong_002,noisy_ping_pong,7.58333,184.5,-90.0,1,0
noisy_ping_pong_002,noisy_ping_pong,7.6,183.0,-90.0,1,0
noisy_ping_pong_002,noisy_ping_pong,7.61667,181.5,-90.0,1,0
noisy_ping_pong_002,noisy_ping_pong,7.63333,180.0,-90.0,1,0
noisy_ping_pong_002,noisy_ping_pong,7.65,178.5,-90.0,1,0
noisy_ping_pong_002,noisy_ping_pong,7.66667,177.0,-90.0,1,0
noisy_ping_pong_002,noisy_ping_pong,7.68333,175.5,-90.0,1,0
noisy_ping_pong_002,noisy_ping_pong,7.7,174.0,-90.0,1,0
noisy_ping_pong_002,noisy_ping_pong,7.71667,172.5,-90.0,1,0
noisy_ping_pong_002,noisy_ping_pong,7.73333,171.0,-90.0,1,0
noisy_ping_pong_002,noisy_ping_pong,7.75,169.5,-90.0,1,0
noisy_ping_pong_002,noisy_ping_pong,7.76667,168.0,-90.0,1,0
noisy_ping_pong_002,noisy_ping_pong,7.78333,166.5,-90.0,1,0
noisy_ping_pong_002,noisy_ping_pong,7.8,165.0,-90.0,1,0
noisy_ping_pong_002,noisy_ping_pong,7.81667,163.5,-90.0,1,0
noisy_ping_pong_002,noisy_ping_pong,7.83333,162.0,-90.0,1,0
noisy_ping_pong_002,noisy_ping_pong,7.85,160.5,-90.0,1,0
noisy_ping_pong_002,noisy_ping_pong,7.86667,159.0,-90.0,1,0
noisy_ping_pong_002,noisy_ping_pong,7.88333,157.5,-90.0,1,0
noisy_ping_pong_002,noisy_ping_pong,7.9,156.0,-90.0,0,1
noisy_ping_pong_002,noisy_ping_pong,7.91667,157.5,90.0,1,0
noisy_ping_pong_002,noisy_ping_pong,7.93333,156.0,-90.0,1,0
noisy_ping_pong_002,noisy_ping_pong,7.95,154.5,-90.0,1,0
noisy_ping_pong_002,noisy_ping_pong,7.96667,153.0,-90.0,1,0
noisy_ping_pong_002,noisy_ping_pong,7.98333,151.5,-90.0,1,0
noisy_ping_pong_002,noisy_ping_pong,8.0,150.0,-90.0,1,0
noisy_ping_pong_002,noisy_ping_pong,8.01667,148.5,-90.0,1,0
noisy_ping_pong_002,noisy_ping_pong,8.03333,147.0,-90.0,0,0
noisy_ping_pong_002,noisy_ping_pong,8.05,147.0,0.0,1,0
noisy_ping_pong_002,noisy_ping_pong,8.06667,145.5,-90.0,1,0
noisy_ping_pong_002,noisy_ping_pong,8.08333,144.0,-90.0,1,0
noisy_ping_pong_002,noisy_ping_pong,8.1,142.5,-90.0,1,0
noisy_ping_pong_002,noisy_ping_pong,8.11667,141.0,-90.0,1,0
noisy_ping_pong_002,noisy_ping_pong,8.13333,139.5,-90.0,1,0
noisy_ping_pong_002,noisy_ping_pong,8.15,138.0,-90.0,1,0
noisy_ping_pong_002,noisy_ping_pong,8.16667,136.5,-90.0,1,0
noisy_ping_pong_002,noisy_ping_pong,8.18333,135.0,-90.0,1,0
noisy_ping_pong_002,noisy_ping_pong,8.2,133.5,-90.0,1,0
noisy_ping_pong_002,noisy_ping_pong,8.21667,132.0,-90.0,1,0
noisy_ping_pong_002,noisy_ping_pong,8.23333,130.5,-90.0,1,0
noisy_ping_pong_002,noisy_ping_pong,8.25,129.0,-90.0,1,0
noisy_ping_pong_002,noisy_ping_pong,8.26667,127.5,-90.0,1,0
noisy_ping_pong_002,noisy_ping_pong,8.28333,126.0,-90.0,1,0
noisy_ping_pong_002,noisy_ping_pong,8.3,124.5,-90.0,1,0
noisy_ping_pong_002,noisy_ping_pong,8.31667,123.0,-90.0,1,0
noisy_ping_pong_002,noisy_ping_pong,8.33333,121.5,-90.0,0,1
noisy_ping_pong_002,noisy_ping_pong,8.35,123.0,90.0,1,0
noisy_ping_pong_002,noisy_ping_pong,8.36667,121.5,-90.0,1,0
noisy_ping_pong_002,noisy_ping_pong,8.38333,120.0,-90.0,1,0
noisy_ping_pong_002,noisy_ping_pong,8.4,118.5,-90.0,1,0
noisy_ping_pong_002,noisy_ping_pong,8.41667,117.0,-90.0,1,0
noisy_ping_pong_002,noisy_ping_pong,8.43333,115.5,-90.0,1,0
noisy_ping_pong_002,noisy_ping_pong,8.45,114.0,-90.0,1,0
noisy_ping_pong_002,noisy_ping_pong,8.46667,112.5,-90.0,1,0
noisy_ping_pong_002,noisy_ping_pong,8.48333,111.0,-90.0,1,0
noisy_ping_pong_002,noisy_ping_pong,8.5,109.5,-90.0,1,0
noisy_ping_pong_002,noisy_ping_pong,8.51667,108.0,-90.0,1,0
noisy_ping_pong_002,noisy_ping_pong,8.53333,106.5,-90.0,1,0
noisy_ping_pong_002,noisy_ping_pong,8.55,105.0,-90.0,1,0
noisy_ping_pong_002,noisy_ping_pong,8.56667,103.5,-90.0,1,0
noisy_ping_pong_002,noisy_ping_pong,8.58333,102.0,-90.0,1,0
noisy_ping_pong_002,noisy_ping_pong,8.6,100.5,-90.0,1,0
noisy_ping_pong_002,noisy_ping_pong,8.61667,99.0,-90.0,1,0
noisy_ping_pong_002,noisy_ping_pong,8.63333,97.5,-90.0,1,0
noisy_ping_pong_002,noisy_ping_pong,8.65,96.0,-90.0,1,0
noisy_ping_pong_002,noisy_ping_pong,8.66667,94.5,-90.0,1,0
noisy_ping_pong_002,noisy_ping_pong,8.68333,93.0,-90.0,1,0
noisy_ping_pong_002,noisy_ping_pong,8.7,91.5,-90.0,1,0
noisy_ping_pong_002,noisy_ping_pong,8.71667,90.0,-90.0,1,0
noisy_ping_pong_002,noisy_ping_pong,8.73333,88.5,-90.0,1,0
noisy_ping_pong_002,noisy_ping_pong,8.75,87.0,-90.0,1,0
noisy_ping_pong_002,noisy_ping_pong,8.76667,85.5,-90.0,1,0
noisy_ping_pong_002,noisy_ping_pong,8.78333,84.0,-90.0,1,0
noisy_ping_pong_002,noisy_ping_pong,8.8,82.5,-90.0,1,0
noisy_ping_pong_002,noisy_ping_pong,8.81667,81.0,-90.0,1,0
noisy_ping_pong_002,noisy_ping_pong,8.83333,79.5,-90.0,1,0
noisy_ping_pong_002,noisy_ping_pong,8.85,78.0,-90.0,1,0
noisy_ping_pong_002,noisy_ping_pong,8.86667,76.5,-90.0,1,0
noisy_ping_pong_002,noisy_ping_pong,8.88333,75.0,-90.0,0,0
noisy_ping_pong_002,noisy_ping_pong,8.9,75.0,0.0,1,0
noisy_ping_pong_002,noisy_ping_pong,8.91667,73.5,-90.0,1,0
noisy_ping_pong_002,noisy_ping_pong,8.93333,72.0,-90.0,1,0
noisy_ping_pong_002,noisy_ping_pong,8.95,70.5,-90.0,1,0
noisy_ping_pong_002,noisy_ping_pong,8.96667,69.0,-90.0,1,0
noisy_ping_pong_002,noisy_ping_pong,8.98333,67.5,-90.0,1,0
noisy_ping_pong_002,noisy_ping_pong,9.0,66.0,-90.0,1,0
noisy_ping_pong_002,noisy_ping_pong,9.01667,64.5,-90.0,1,0
noisy_ping_pong_002,noisy_ping_pong,9.03333,63.0,-90.0,1,0
noisy_ping_pong_002,noisy_ping_pong,9.05,61.5,-90.0,1,0
noisy_ping_pong_002,noisy_ping_pong,9.06667,60.0,-90.0,1,0
noisy_ping_pong_002,noisy_ping_pong,9.08333,58.5,-90.0,1,0
noisy_ping_pong_002,noisy_ping_pong,9.1,57.0,-90.0,1,0
noisy_ping_pong_002,noisy_ping_pong,9.11667,55.5,-90.0,1,0
noisy_ping_pong_002,noisy_ping_pong,9.13333,54.0,-90.0,1,0
noisy_ping_pong_002,noisy_ping_pong,9.15,52.5,-90.0,1,0
noisy_ping_pong_002,noisy_ping_pong,9.16667,51.0,-90.0,1,0
noisy_ping_pong_002,noisy_ping_pong,9.18333,49.5,-90.0,1,0
noisy_ping_pong_002,noisy_ping_pong,9.2,48.0,-90.0,1,0
noisy_ping_pong_002,noisy_ping_pong,9.21667,46.5,-90.0,1,0
noisy_ping_pong_002,noisy_ping_pong,9.23333,45.0,-90.0,1,0
noisy_ping_pong_002,noisy_ping_pong,9.25,43.5,-90.0,1,0
noisy_ping_pong_002,noisy_ping_pong,9.26667,42.0,-90.0,1,0
noisy_ping_pong_002,noisy_ping_pong,9.28333,40.5,-90.0,1,0
noisy_ping_pong_002,noisy_ping_pong,9.3,39.0,-90.0,1,0
noisy_ping_pong_002,noisy_ping_pong,9.31667,37.5,-90.0,1,0
noisy_ping_pong_002,noisy_ping_pong,9.33333,36.0,-90.0,1,0
noisy_ping_pong_002,noisy_ping_pong,9.35,34.5,-90.0,1,0
noisy_ping_pong_002,noisy_ping_pong,9.36667,33.0,-90.0,1,0
noisy_ping_pong_002,noisy_ping_pong,9.38333,31.5,-90.0,1,0
noisy_ping_pong_002,noisy_ping_pong,9.4,30.0,-90.0,0,0
noisy_ping_pong_002,noisy_ping_pong,9.41667,30.0,0.0,1,0
noisy_ping_pong_002,noisy_ping_pong,9.43333,28.5,-90.0,1,0
noisy_ping_pong_002,noisy_ping_pong,9.45,27.0,-90.0,1,0
noisy_ping_pong_002,noisy_ping_pong,9.46667,25.5,-90.0,1,0
noisy_ping_pong_002,noisy_ping_pong,9.48333,24.0,-90.0,1,0
noisy_ping_pong_002,noisy_ping_pong,9.5,22.5,-90.0,1,0
noisy_ping_pong_002,noisy_ping_pong,9.51667,21.0,-90.0,0,0
noisy_ping_pong_002,noisy_ping_pong,9.53333,21.0,0.0,1,0
noisy_ping_pong_002,noisy_ping_pong,9.55,19.5,-90.0,1,0
noisy_ping_pong_002,noisy_ping_pong,9.56667,18.0,-90.0,1,0
noisy_ping_pong_002,noisy_ping_pong,9.58333,16.5,-90.0,1,0
noisy_ping_pong_002,noisy_ping_pong,9.6,15.0,-90.0,1,0
noisy_ping_pong_002,noisy_ping_pong,9.61667,13.5,-90.0,1,0
noisy_ping_pong_002,noisy_ping_pong,9.63333,12.0,-90.0,1,0
noisy_ping_pong_002,noisy_ping_pong,9.65,10.5,-90.0,1,0
noisy_ping_pong_002,noisy_ping_pong,9.66667,9.0,-90.0,1,0
noisy_ping_pong_002,noisy_ping_pong,9.68333,7.5,-90.0,1,0
noisy_ping_pong_002,noisy_ping_pong,9.7,6.0,-90.0,1,0
noisy_ping_pong_002,noisy_ping_pong,9.71667,4.5,-90.0,1,0
noisy_ping_pong_002,noisy_ping_pong,9.73333,3.0,-90.0,0,0
noisy_ping_pong_002,noisy_ping_pong,9.75,3.0,0.0,0,0
noisy_ping_pong_002,noisy_ping_pong,9.76667,3.0,0.0,0,0
noisy_ping_pong_002,noisy_ping_pong,9.78333,3.0,0.0,0,0
noisy_ping_pong_002,noisy_ping_pong,9.8,3.0,0.0,0,0
noisy_ping_pong_002,noisy_ping_pong,9.81667,3.0,0.0,0,0
noisy_ping_pong_002,noisy_ping_pong,9.83333,3.0,0.0,0,0
noisy_ping_pong_002,noisy_ping_pong,9.85,3.0,0.0,0,0
noisy_ping_pong_002,noisy_ping_pong,9.86667,3.0,0.0,0,0
noisy_ping_pong_002,noisy_ping_pong,9.88333,3.0,0.0,0,0
noisy_ping_pong_002,noisy_ping_pong,9.9,3.0,0.0,0,0
noisy_ping_pong_002,noisy_ping_pong,9.91667,3.0,0.0,0,0
noisy_ping_pong_002,noisy_ping_pong,9.93333,3.0,0.0,0,0
noisy_ping_pong_002,noisy_ping_pong,9.95,3.0,0.0,0,0
noisy_ping_pong_002,noisy_ping_pong,9.96667,3.0,0.0,0,0
noisy_ping_pong_002,noisy_ping_pong,9.98333,3.0,0.0,0,0
noisy_ping_pong_002,noisy_ping_pong,10.0,3.0,0.0,0,0
noisy_ping_pong_002,noisy_ping_pong,10.01667,3.0,0.0,0,0
noisy_ping_pong_002,noisy_ping_pong,10.03333,3.0,0.0,0,0
noisy_ping_pong_002,noisy_ping_pong,10.05,3.0,0.0,0,1
noisy_ping_pong_002,noisy_ping_pong,10.06667,4.5,90.0,0,1
noisy_ping_pong_002,noisy_ping_pong,10.08333,6.0,90.0,0,1
noisy_ping_pong_002,noisy_ping_pong,10.1,7.5,90.0,0,1
noisy_ping_pong_002,noisy_ping_pong,10.11667,9.0,90.0,0,1
noisy_ping_pong_002,noisy_ping_pong,10.13333,10.5,90.0,0,1
noisy_ping_pong_002,noisy_ping_pong,10.15,12.0,90.0,1,0
noisy_ping_pong_002,noisy_ping_pong,10.16667,10.5,-90.0,0,1
noisy_ping_pong_002,noisy_ping_pong,10.18333,12.0,90.0,0,1
noisy_ping_pong_002,noisy_ping_pong,10.2,13.5,90.0,0,1
noisy_ping_pong_002,noisy_ping_pong,10.21667,15.0,90.0,0,1
noisy_ping_pong_002,noisy_ping_pong,10.23333,16.5,90.0,0,1
noisy_ping_pong_002,noisy_ping_pong,10.25,18.0,90.0,0,1
noisy_ping_pong_002,noisy_ping_pong,10.26667,19.5,90.0,0,1
noisy_ping_pong_002,noisy_ping_pong,10.28333,21.0,90.0,0,1
noisy_ping_pong_002,noisy_ping_pong,10.3,22.5,90.0,0,1
noisy_ping_pong_002,noisy_ping_pong,10.31667,24.0,90.0,0,1
noisy_ping_pong_002,noisy_ping_pong,10.33333,25.5,90.0,0,1
noisy_ping_pong_002,noisy_ping_pong,10.35,27.0,90.0,0,1
noisy_ping_pong_002,noisy_ping_pong,10.36667,28.5,90.0,0,1
noisy_ping_pong_002,noisy_ping_pong,10.38333,30.0,90.0,0,1
noisy_ping_pong_002,noisy_ping_pong,10.4,31.5,90.0,0,1
noisy_ping_pong_002,noisy_ping_pong,10.41667,33.0,90.0,0,1
noisy_ping_pong_002,noisy_ping_pong,10.43333,34.5,90.0,0,1
noisy_ping_pong_002,noisy_ping_pong,10.45,36.0,90.0,0,1
noisy_ping_pong_002,noisy_ping_pong,10.46667,37.5,90.0,0,1
noisy_ping_pong_002,noisy_ping_pong,10.48333,39.0,90.0,0,1
noisy_ping_pong_002,noisy_ping_pong,10.5,40.5,90.0,0,1
noisy_ping_pong_002,noisy_ping_pong,10.51667,42.0,90.0,0,1
noisy_ping_pong_002,noisy_ping_pong,10.53333,43.5,90.0,0,1
noisy_ping_pong_002,noisy_ping_pong,10.55,45.0,90.0,1,0
noisy_ping_pong_002,noisy_ping_pong,10.56667,43.5,-90.0,0,1
noisy_ping_pong_002,noisy_ping_pong,10.58333,45.0,90.0,0,1
noisy_ping_pong_002,noisy_ping_pong,10.6,46.5,90.0,0,1
noisy_ping_pong_002,noisy_ping_pong,10.61667,48.0,90.0,0,1
noisy_ping_pong_002,noisy_ping_pong,10.63333,49.5,90.0,0,1
noisy_ping_pong_002,noisy_ping_pong,10.65,51.0,90.0,0,1
noisy_ping_pong_002,noisy_ping_pong,10.66667,52.5,90.0,0,1
noisy_ping_pong_002,noisy_ping_pong,10.68333,54.0,90.0,0,1
noisy_ping_pong_002,noisy_ping_pong,10.7,55.5,90.0,0,1
noisy_ping_pong_002,noisy_ping_pong,10.71667,57.0,90.0,0,1
noisy_ping_pong_002,noisy_ping_pong,10.73333,58.5,90.0,0,1
noisy_ping_pong_002,noisy_ping_pong,10.75,60.0,90.0,0,1
noisy_ping_pong_002,noisy_ping_pong,10.76667,61.5,90.0,0,1
noisy_ping_pong_002,noisy_ping_pong,10.78333,63.0,90.0,0,1
noisy_ping_pong_002,noisy_ping_pong,10.8,64.5,90.0,0,1
noisy_ping_pong_002,noisy_ping_pong,10.81667,66.0,90.0,0,1
noisy_ping_pong_002,noisy_ping_pong,10.83333,67.5,90.0,0,1
noisy_ping_pong_002,noisy_ping_pong,10.85,69.0,90.0,0,1
noisy_ping_pong_002,noisy_ping_pong,10.86667,70.5,90.0,0,1
noisy_ping_pong_002,noisy_ping_pong,10.88333,72.0,90.0,0,1
noisy_ping_pong_002,noisy_ping_pong,10.9,73.5,90.0,0,1
noisy_ping_pong_002,noisy_ping_pong,10.91667,75.0,90.0,0,1
noisy_ping_pong_002,noisy_ping_pong,10.93333,76.5,90.0,1,0
noisy_ping_pong_002,noisy_ping_pong,10.95,75.0,-90.0,0,1
noisy_ping_pong_002,noisy_ping_pong,10.96667,76.5,90.0,0,1
noisy_ping_pong_002,noisy_ping_pong,10.98333,78.0,90.0,0,1
noisy_ping_pong_002,noisy_ping_pong,11.0,79.5,90.0,0,1
noisy_ping_pong_002,noisy_ping_pong,11.01667,81.0,90.0,0,1
noisy_ping_pong_002,noisy_ping_pong,11.03333,82.5,90.0,0,1
noisy_ping_pong_002,noisy_ping_pong,11.05,84.0,90.0,0,1
noisy_ping_pong_002,noisy_ping_pong,11.06667,85.5,90.0,0,1
noisy_ping_pong_002,noisy_ping_pong,11.08333,87.0,90.0,0,1
noisy_ping_pong_002,noisy_ping_pong,11.1,88.5,90.0,0,1
noisy_ping_pong_002,noisy_ping_pong,11.11667,90.0,90.0,0,1
noisy_ping_pong_002,noisy_ping_pong,11.13333,91.5,90.0,0,1
noisy_ping_pong_002,noisy_ping_pong,11.15,93.0,90.0,0,1
noisy_ping_pong_002,noisy_ping_pong,11.16667,94.5,90.0,0,1
noisy_ping_pong_002,noisy_ping_pong,11.18333,96.0,90.0,0,1
noisy_ping_pong_002,noisy_ping_pong,11.2,97.5,90.0,0,1
noisy_ping_pong_002,noisy_ping_pong,11.21667,99.0,90.0,0,1
noisy_ping_pong_002,noisy_ping_pong,11.23333,100.5,90.0,0,1
noisy_ping_pong_002,noisy_ping_pong,11.25,102.0,90.0,0,1
noisy_ping_pong_002,noisy_ping_pong,11.26667,103.5,90.0,0,1
noisy_ping_pong_002,noisy_ping_pong,11.28333,105.0,90.0,0,1
noisy_ping_pong_002,noisy_ping_pong,11.3,106.5,90.0,0,1
noisy_ping_pong_002,noisy_ping_pong,11.31667,108.0,90.0,0,1
noisy_ping_pong_002,noisy_ping_pong,11.33333,109.5,90.0,0,1
noisy_ping_pong_002,noisy_ping_pong,11.35,111.0,90.0,1,0
noisy_ping_pong_002,noisy_ping_pong,11.36667,109.5,-90.0,0,1
noisy_ping_pong_002,noisy_ping_pong,11.38333,111.0,90.0,0,1
noisy_ping_pong_002,noisy_ping_pong,11.4,112.5,90.0,0,1
noisy_ping_pong_002,noisy_ping_pong,11.41667,114.0,90.0,0,1
noisy_ping_pong_002,noisy_ping_pong,11.43333,115.5,90.0,0,1
noisy_ping_pong_002,noisy_ping_pong,11.45,117.0,90.0,0,1
noisy_ping_pong_002,noisy_ping_pong,11.46667,118.5,90.0,0,1
noisy_ping_pong_002,noisy_ping_pong,11.48333,120.0,90.0,0,1
noisy_ping_pong_002,noisy_ping_pong,11.5,121.5,90.0,0,1
noisy_ping_pong_002,noisy_ping_pong,11.51667,123.0,90.0,0,1
noisy_ping_pong_002,noisy_ping_pong,11.53333,124.5,90.0,0,1
noisy_ping_pong_002,noisy_ping_pong,11.55,126.0,90.0,1,0
noisy_ping_pong_002,noisy_ping_pong,11.56667,124.5,-90.0,0,1
noisy_ping_pong_002,noisy_ping_pong,11.58333,126.0,90.0,0,1
noisy_ping_pong_002,noisy_ping_pong,11.6,127.5,90.0,0,1
noisy_ping_pong_002,noisy_ping_pong,11.61667,129.0,90.0,0,1
noisy_ping_pong_002,noisy_ping_pong,11.63333,130.5,90.0,0,1
noisy_ping_pong_002,noisy_ping_pong,11.65,132.0,90.0,0,1
noisy_ping_pong_002,noisy_ping_pong,11.66667,133.5,90.0,0,1
noisy_ping_pong_002,noisy_ping_pong,11.68333,135.0,90.0,0,1
noisy_ping_pong_002,noisy_ping_pong,11.7,136.5,90.0,1,0
noisy_ping_pong_002,noisy_ping_pong,11.71667,135.0,-90.0,0,1
noisy_ping_pong_002,noisy_ping_pong,11.73333,136.5,90.0,0,1
noisy_ping_pong_002,noisy_ping_pong,11.75,138.0,90.0,0,1
noisy_ping_pong_002,noisy_ping_pong,11.76667,139.5,90.0,0,1
noisy_ping_pong_002,noisy_ping_pong,11.78333,141.0,90.0,1,0
noisy_ping_pong_002,noisy_ping_pong,11.8,139.5,-90.0,0,1
noisy_ping_pong_002,noisy_ping_pong,11.81667,141.0,90.0,0,1
noisy_ping_pong_002,noisy_ping_pong,11.83333,142.5,90.0,0,1
noisy_ping_pong_002,noisy_ping_pong,11.85,144.0,90.0,0,1
noisy_ping_pong_002,noisy_ping_pong,11.86667,145.5,90.0,0,1
noisy_ping_pong_002,noisy_ping_pong,11.88333,147.0,90.0,0,1
noisy_ping_pong_002,noisy_ping_pong,11.9,148.5,90.0,0,1
noisy_ping_pong_002,noisy_ping_pong,11.91667,150.0,90.0,0,1
noisy_ping_pong_002,noisy_ping_pong,11.93333,151.5,90.0,0,1
noisy_ping_pong_002,noisy_ping_pong,11.95,153.0,90.0,0,1
noisy_ping_pong_002,noisy_ping_pong,11.96667,154.5,90.0,0,1
noisy_ping_pong_002,noisy_ping_pong,11.98333,156.0,90.0,0,1
noisy_ping_pong_002,noisy_ping_pong,12.0,157.5,90.0,0,1
noisy_ping_pong_002,noisy_ping_pong,12.01667,159.0,90.0,0,1
noisy_ping_pong_002,noisy_ping_pong,12.03333,160.5,90.0,0,1
noisy_ping_pong_002,noisy_ping_pong,12.05,162.0,90.0,0,1
noisy_ping_pong_002,noisy_ping_pong,12.06667,163.5,90.0,0,1
noisy_ping_pong_002,noisy_ping_pong,12.08333,165.0,90.0,0,1
noisy_ping_pong_002,noisy_ping_pong,12.1,166.5,90.0,0,1
noisy_ping_pong_002,noisy_ping_pong,12.11667,168.0,90.0,0,1
noisy_ping_pong_002,noisy_ping_pong,12.13333,169.5,90.0,0,1
noisy_ping_pong_002,noisy_ping_pong,12.15,171.0,90.0,0,1
noisy_ping_pong_002,noisy_ping_pong,12.16667,172.5,90.0,0,1
noisy_ping_pong_002,noisy_ping_pong,12.18333,174.0,90.0,0,1
noisy_ping_pong_002,noisy_ping_pong,12.2,175.5,90.0,0,1
noisy_ping_pong_002,noisy_ping_pong,12.21667,177.0,90.0,0,1
noisy_ping_pong_002,noisy_ping_pong,12.23333,178.5,90.0,0,1
noisy_ping_pong_002,noisy_ping_pong,12.25,180.0,90.0,0,1
noisy_ping_pong_002,noisy_ping_pong,12.26667,181.5,90.0,0,1
noisy_ping_pong_002,noisy_ping_pong,12.28333,183.0,90.0,0,1
noisy_ping_pong_002,noisy_ping_pong,12.3,184.5,90.0,0,1
noisy_ping_pong_002,noisy_ping_pong,12.31667,186.0,90.0,0,1
noisy_ping_pong_002,noisy_ping_pong,12.33333,187.5,90.0,0,1
noisy_ping_pong_002,noisy_ping_pong,12.35,189.0,90.0,0,1
noisy_ping_pong_002,noisy_ping_pong,12.36667,190.5,90.0,0,1
noisy_ping_pong_002,noisy_ping_pong,12.38333,192.0,90.0,0,1
noisy_ping_pong_002,noisy_ping_pong,12.4,193.5,90.0,0,1
noisy_ping_pong_002,noisy_ping_pong,12.41667,195.0,90.0,0,1
noisy_ping_pong_002,noisy_ping_pong,12.43333,196.5,90.0,0,1
noisy_ping_pong_002,noisy_ping_pong,12.45,198.0,90.0,0,1
noisy_ping_pong_002,noisy_ping_pong,12.46667,199.5,90.0,0,1
noisy_ping_pong_002,noisy_ping_pong,12.48333,201.0,90.0,0,0
noisy_ping_pong_002,noisy_ping_pong,12.5,201.0,0.0,0,0
noisy_ping_pong_002,noisy_ping_pong,12.51667,201.0,0.0,0,0
noisy_ping_pong_002,noisy_ping_pong,12.53333,201.0,0.0,0,0
noisy_ping_pong_002,noisy_ping_pong,12.55,201.0,0.0,0,0
noisy_ping_pong_002,noisy_ping_pong,12.56667,201.0,0.0,0,0
noisy_ping_pong_002,noisy_ping_pong,12.58333,201.0,0.0,0,0
noisy_ping_pong_002,noisy_ping_pong,12.6,201.0,0.0,0,0
noisy_ping_pong_002,noisy_ping_pong,12.61667,201.0,0.0,0,0
noisy_ping_pong_002,noisy_ping_pong,12.63333,201.0,0.0,0,0
noisy_ping_pong_002,noisy_ping_pong,12.65,201.0,0.0,0,0
noisy_ping_pong_002,noisy_ping_pong,12.66667,201.0,0.0,0,0
noisy_ping_pong_002,noisy_ping_pong,12.68333,201.0,0.0,0,0
noisy_ping_pong_002,noisy_ping_pong,12.7,201.0,0.0,0,0
noisy_ping_pong_002,noisy_ping_pong,12.71667,201.0,0.0,0,0
noisy_ping_pong_002,noisy_ping_pong,12.73333,201.0,0.0,0,0
noisy_ping_pong_002,noisy_ping_pong,12.75,201.0,0.0,0,0
noisy_ping_pong_002,noisy_ping_pong,12.76667,201.0,0.0,0,0
noisy_ping_pong_002,noisy_ping_pong,12.78333,201.0,0.0,0,0
noisy_ping_pong_002,noisy_ping_pong,12.8,201.0,0.0,1,0
noisy_ping_pong_002,noisy_ping_pong,12.81667,199.5,-90.0,1,0
noisy_ping_pong_002,noisy_ping_pong,12.83333,198.0,-90.0,1,0
noisy_ping_pong_002,noisy_ping_pong,12.85,196.5,-90.0,1,0
noisy_ping_pong_002,noisy_ping_pong,12.86667,195.0,-90.0,0,0
noisy_ping_pong_002,noisy_ping_pong,12.88333,195.0,0.0,1,0
noisy_ping_pong_002,noisy_ping_pong,12.9,193.5,-90.0,1,0
noisy_ping_pong_002,noisy_ping_pong,12.91667,192.0,-90.0,1,0
noisy_ping_pong_002,noisy_ping_pong,12.93333,190.5,-90.0,1,0
noisy_ping_pong_002,noisy_ping_pong,12.95,189.0,-90.0,1,0
noisy_ping_pong_002,noisy_ping_pong,12.96667,187.5,-90.0,1,0
noisy_ping_pong_002,noisy_ping_pong,12.98333,186.0,-90.0,1,0
noisy_ping_pong_002,noisy_ping_pong,13.0,184.5,-90.0,1,0
noisy_ping_pong_002,noisy_ping_pong,13.01667,183.0,-90.0,1,0
noisy_ping_pong_002,noisy_ping_pong,13.03333,181.5,-90.0,1,0
noisy_ping_pong_002,noisy_ping_pong,13.05,180.0,-90.0,1,0
noisy_ping_pong_002,noisy_ping_pong,13.06667,178.5,-90.0,1,0
noisy_ping_pong_002,noisy_ping_pong,13.08333,177.0,-90.0,1,0
noisy_ping_pong_002,noisy_ping_pong,13.1,175.5,-90.0,1,0
noisy_ping_pong_002,noisy_ping_pong,13.11667,174.0,-90.0,1,0
noisy_ping_pong_002,noisy_ping_pong,13.13333,172.5,-90.0,1,0
noisy_ping_pong_002,noisy_ping_pong,13.15,171.0,-90.0,1,0
noisy_ping_pong_002,noisy_ping_pong,13.16667,169.5,-90.0,1,0
noisy_ping_pong_002,noisy_ping_pong,13.18333,168.0,-90.0,1,0
noisy_ping_pong_002,noisy_ping_pong,13.2,166.5,-90.0,1,0
noisy_ping_pong_002,noisy_ping_pong,13.21667,165.0,-90.0,1,0
noisy_ping_pong_002,noisy_ping_pong,13.23333,163.5,-90.0,1,0
noisy_ping_pong_002,noisy_ping_pong,13.25,162.0,-90.0,1,0
noisy_ping_pong_002,noisy_ping_pong,13.26667,160.5,-90.0,1,0
noisy_ping_pong_002,noisy_ping_pong,13.28333,159.0,-90.0,0,0
noisy_ping_pong_002,noisy_ping_pong,13.3,159.0,0.0,1,0
noisy_ping_pong_002,noisy_ping_pong,13.31667,157.5,-90.0,1,0
noisy_ping_pong_002,noisy_ping_pong,13.33333,156.0,-90.0,1,0
noisy_ping_pong_002,noisy_ping_pong,13.35,154.5,-90.0,1,0
noisy_ping_pong_002,noisy_ping_pong,13.36667,153.0,-90.0,0,0
noisy_ping_pong_002,noisy_ping_pong,13.38333,153.0,0.0,1,0
noisy_ping_pong_002,noisy_ping_pong,13.4,151.5,-90.0,1,0
noisy_ping_pong_002,noisy_ping_pong,13.41667,150.0,-90.0,1,0
noisy_ping_pong_002,noisy_ping_pong,13.43333,148.5,-90.0,1,0
noisy_ping_pong_002,noisy_ping_pong,13.45,147.0,-90.0,1,0
noisy_ping_pong_002,noisy_ping_pong,13.46667,145.5,-90.0,1,0
noisy_ping_pong_002,noisy_ping_pong,13.48333,144.0,-90.0,1,0
noisy_ping_pong_002,noisy_ping_pong,13.5,142.5,-90.0,1,0
noisy_ping_pong_002,noisy_ping_pong,13.51667,141.0,-90.0,1,0
noisy_ping_pong_002,noisy_ping_pong,13.53333,139.5,-90.0,1,0
noisy_ping_pong_002,noisy_ping_pong,13.55,138.0,-90.0,1,0
noisy_ping_pong_002,noisy_ping_pong,13.56667,136.5,-90.0,1,0
noisy_ping_pong_002,noisy_ping_pong,13.58333,135.0,-90.0,1,0
noisy_ping_pong_002,noisy_ping_pong,13.6,133.5,-90.0,1,0
noisy_ping_pong_002,noisy_ping_pong,13.61667,132.0,-90.0,1,0
noisy_ping_pong_002,noisy_ping_pong,13.63333,130.5,-90.0,1,0
noisy_ping_pong_002,noisy_ping_pong,13.65,129.0,-90.0,1,0
noisy_ping_pong_002,noisy_ping_pong,13.66667,127.5,-90.0,1,0
noisy_ping_pong_002,noisy_ping_pong,13.68333,126.0,-90.0,1,0
noisy_ping_pong_002,noisy_ping_pong,13.7,124.5,-90.0,1,0
noisy_ping_pong_002,noisy_ping_pong,13.71667,123.0,-90.0,1,0
noisy_ping_pong_002,noisy_ping_pong,13.73333,121.5,-90.0,1,0
noisy_ping_pong_002,noisy_ping_pong,13.75,120.0,-90.0,1,0
noisy_ping_pong_002,noisy_ping_pong,13.76667,118.5,-90.0,1,0
noisy_ping_pong_002,noisy_ping_pong,13.78333,117.0,-90.0,1,0
noisy_ping_pong_002,noisy_ping_pong,13.8,115.5,-90.0,1,0
noisy_ping_pong_002,noisy_ping_pong,13.81667,114.0,-90.0,1,0
noisy_ping_pong_002,noisy_ping_pong,13.83333,112.5,-90.0,1,0
noisy_ping_pong_002,noisy_ping_pong,13.85,111.0,-90.0,1,0
noisy_ping_pong_002,noisy_ping_pong,13.86667,109.5,-90.0,1,0
noisy_ping_pong_002,noisy_ping_pong,13.88333,108.0,-90.0,1,0
noisy_ping_pong_002,noisy_ping_pong,13.9,106.5,-90.0,1,0
noisy_ping_pong_002,noisy_ping_pong,13.91667,105.0,-90.0,1,0
noisy_ping_pong_002,noisy_ping_pong,13.93333,103.5,-90.0,1,0
noisy_ping_pong_002,noisy_ping_pong,13.95,102.0,-90.0,1,0
noisy_ping_pong_002,noisy_ping_pong,13.96667,100.5,-90.0,1,0
noisy_ping_pong_002,noisy_ping_pong,13.98333,99.0,-90.0,1,0
noisy_ping_pong_002,noisy_ping_pong,14.0,97.5,-90.0,1,0
noisy_ping_pong_002,noisy_ping_pong,14.01667,96.0,-90.0,1,0
noisy_ping_pong_002,noisy_ping_pong,14.03333,94.5,-90.0,1,0
noisy_ping_pong_002,noisy_ping_pong,14.05,93.0,-90.0,1,0
noisy_ping_pong_002,noisy_ping_pong,14.06667,91.5,-90.0,1,0
noisy_ping_pong_002,noisy_ping_pong,14.08333,90.0,-90.0,1,0
noisy_ping_pong_002,noisy_ping_pong,14.1,88.5,-90.0,1,0
noisy_ping_pong_002,noisy_ping_pong,14.11667,87.0,-90.0,1,0
noisy_ping_pong_002,noisy_ping_pong,14.13333,85.5,-90.0,1,0
noisy_ping_pong_002,noisy_ping_pong,14.15,84.0,-90.0,1,0
noisy_ping_pong_002,noisy_ping_pong,14.16667,82.5,-90.0,1,0
noisy_ping_pong_002,noisy_ping_pong,14.18333,81.0,-90.0,1,0
noisy_ping_pong_002,noisy_ping_pong,14.2,79.5,-90.0,1,0
noisy_ping_pong_002,noisy_ping_pong,14.21667,78.0,-90.0,1,0
noisy_ping_pong_002,noisy_ping_pong,14.23333,76.5,-90.0,1,0
noisy_ping_pong_002,noisy_ping_pong,14.25,75.0,-90.0,1,0
noisy_ping_pong_002,noisy_ping_pong,14.26667,73.5,-90.0,1,0
noisy_ping_pong_002,noisy_ping_pong,14.28333,72.0,-90.0,1,0
noisy_ping_pong_002,noisy_ping_pong,14.3,70.5,-90.0,1,0
noisy_ping_pong_002,noisy_ping_pong,14.31667,69.0,-90.0,1,0
noisy_ping_pong_002,noisy_ping_pong,14.33333,67.5,-90.0,1,0
noisy_ping_pong_002,noisy_ping_pong,14.35,66.0,-90.0,1,0
noisy_ping_pong_002,noisy_ping_pong,14.36667,64.5,-90.0,1,0
noisy_ping_pong_002,noisy_ping_pong,14.38333,63.0,-90.0,1,0
noisy_ping_pong_002,noisy_ping_pong,14.4,61.5,-90.0,1,0
noisy_ping_pong_002,noisy_ping_pong,14.41667,60.0,-90.0,1,0
noisy_ping_pong_002,noisy_ping_pong,14.43333,58.5,-90.0,1,0
noisy_ping_pong_002,noisy_ping_pong,14.45,57.0,-90.0,1,0
noisy_ping_pong_002,noisy_ping_pong,14.46667,55.5,-90.0,1,0
noisy_ping_pong_002,noisy_ping_pong,14.48333,54.0,-90.0,1,0
noisy_ping_pong_002,noisy_ping_pong,14.5,52.5,-90.0,1,0
noisy_ping_pong_002,noisy_ping_pong,14.51667,51.0,-90.0,1,0
noisy_ping_pong_002,noisy_ping_pong,14.53333,49.5,-90.0,1,0
noisy_ping_pong_002,noisy_ping_pong,14.55,48.0,-90.0,1,0
noisy_ping_pong_002,noisy_ping_pong,14.56667,46.5,-90.0,1,0
noisy_ping_pong_002,noisy_ping_pong,14.58333,45.0,-90.0,1,0
noisy_ping_pong_002,noisy_ping_pong,14.6,43.5,-90.0,1,0
noisy_ping_pong_002,noisy_ping_pong,14.61667,42.0,-90.0,1,0
noisy_ping_pong_002,noisy_ping_pong,14.63333,40.5,-90.0,1,0
noisy_ping_pong_002,noisy_ping_pong,14.65,39.0,-90.0,1,0
noisy_ping_pong_002,noisy_ping_pong,14.66667,37.5,-90.0,1,0
noisy_ping_pong_002,noisy_ping_pong,14.68333,36.0,-90.0,1,0
noisy_ping_pong_002,noisy_ping_pong,14.7,34.5,-90.0,1,0
noisy_ping_pong_002,noisy_ping_pong,14.71667,33.0,-90.0,1,0
noisy_ping_pong_002,noisy_ping_pong,14.73333,31.5,-90.0,0,0
noisy_ping_pong_002,noisy_ping_pong,14.75,31.5,0.0,1,0
noisy_ping_pong_002,noisy_ping_pong,14.76667,30.0,-90.0,1,0
noisy_ping_pong_002,noisy_ping_pong,14.78333,28.5,-90.0,1,0
noisy_ping_pong_002,noisy_ping_pong,14.8,27.0,-90.0,1,0
noisy_ping_pong_002,noisy_ping_pong,14.81667,25.5,-90.0,1,0
noisy_ping_pong_002,noisy_ping_pong,14.83333,24.0,-90.0,1,0
noisy_ping_pong_002,noisy_ping_pong,14.85,22.5,-90.0,0,0
noisy_ping_pong_002,noisy_ping_pong,14.86667,22.5,0.0,1,0
noisy_ping_pong_002,noisy_ping_pong,14.88333,21.0,-90.0,1,0
noisy_ping_pong_002,noisy_ping_pong,14.9,19.5,-90.0,1,0
noisy_ping_pong_002,noisy_ping_pong,14.91667,18.0,-90.0,1,0
noisy_ping_pong_002,noisy_ping_pong,14.93333,16.5,-90.0,1,0
noisy_ping_pong_002,noisy_ping_pong,14.95,15.0,-90.0,1,0
noisy_ping_pong_002,noisy_ping_pong,14.96667,13.5,-90.0,1,0
noisy_ping_pong_002,noisy_ping_pong,14.98333,12.0,-90.0,1,0
noisy_ping_pong_002,noisy_ping_pong,15.0,10.5,-90.0,1,0
noisy_ping_pong_002,noisy_ping_pong,15.01667,9.0,-90.0,1,0
noisy_ping_pong_002,noisy_ping_pong,15.03333,7.5,-90.0,1,0
noisy_ping_pong_002,noisy_ping_pong,15.05,6.0,-90.0,1,0
noisy_ping_pong_002,noisy_ping_pong,15.06667,4.5,-90.0,1,0
noisy_ping_pong_002,noisy_ping_pong,15.08333,3.0,-90.0,0,0
noisy_ping_pong_002,noisy_ping_pong,15.1,3.0,0.0,0,0
noisy_ping_pong_002,noisy_ping_pong,15.11667,3.0,0.0,0,0
noisy_ping_pong_002,noisy_ping_pong,15.13333,3.0,0.0,0,0
noisy_ping_pong_002,noisy_ping_pong,15.15,3.0,0.0,0,0
noisy_ping_pong_002,noisy_ping_pong,15.16667,3.0,0.0,0,0
noisy_ping_pong_002,noisy_ping_pong,15.18333,3.0,0.0,0,0
noisy_ping_pong_002,noisy_ping_pong,15.2,3.0,0.0,0,0
noisy_ping_pong_002,noisy_ping_pong,15.21667,3.0,0.0,0,0
noisy_ping_pong_002,noisy_ping_pong,15.23333,3.0,0.0,0,0
noisy_ping_pong_002,noisy_ping_pong,15.25,3.0,0.0,0,0
noisy_ping_pong_002,noisy_ping_pong,15.26667,3.0,0.0,0,1
noisy_ping_pong_002,noisy_ping_pong,15.28333,4.5,90.0,0,0
noisy_ping_pong_002,noisy_ping_pong,15.3,4.5,0.0,0,0
noisy_ping_pong_002,noisy_ping_pong,15.31667,4.5,0.0,0,0
noisy_ping_pong_002,noisy_ping_pong,15.33333,4.5,0.0,0,0
noisy_ping_pong_002,noisy_ping_pong,15.35,4.5,0.0,0,0
noisy_ping_pong_002,noisy_ping_pong,15.36667,4.5,0.0,0,0
noisy_ping_pong_002,noisy_ping_pong,15.38333,4.5,0.0,0,0
noisy_ping_pong_002,noisy_ping_pong,15.4,4.5,0.0,0,1
noisy_ping_pong_002,noisy_ping_pong,15.41667,6.0,90.0,0,1
noisy_ping_pong_002,noisy_ping_pong,15.43333,7.5,90.0,0,1
noisy_ping_pong_002,noisy_ping_pong,15.45,9.0,90.0,0,1
noisy_ping_pong_002,noisy_ping_pong,15.46667,10.5,90.0,0,1
noisy_ping_pong_002,noisy_ping_pong,15.48333,12.0,90.0,0,1
noisy_ping_pong_002,noisy_ping_pong,15.5,13.5,90.0,0,1
noisy_ping_pong_002,noisy_ping_pong,15.51667,15.0,90.0,0,1
noisy_ping_pong_002,noisy_ping_pong,15.53333,16.5,90.0,0,1
noisy_ping_pong_002,noisy_ping_pong,15.55,18.0,90.0,0,1
noisy_ping_pong_002,noisy_ping_pong,15.56667,19.5,90.0,0,1
noisy_ping_pong_002,noisy_ping_pong,15.58333,21.0,90.0,0,1
noisy_ping_pong_002,noisy_ping_pong,15.6,22.5,90.0,0,1
noisy_ping_pong_002,noisy_ping_pong,15.61667,24.0,90.0,0,0
noisy_ping_pong_002,noisy_ping_pong,15.63333,24.0,0.0,0,1
noisy_ping_pong_002,noisy_ping_pong,15.65,25.5,90.0,0,1
noisy_ping_pong_002,noisy_ping_pong,15.66667,27.0,90.0,0,1
noisy_ping_pong_002,noisy_ping_pong,15.68333,28.5,90.0,0,1
noisy_ping_pong_002,noisy_ping_pong,15.7,30.0,90.0,0,1
noisy_ping_pong_002,noisy_ping_pong,15.71667,31.5,90.0,0,1
noisy_ping_pong_002,noisy_ping_pong,15.73333,33.0,90.0,0,1
noisy_ping_pong_002,noisy_ping_pong,15.75,34.5,90.0,0,1
noisy_ping_pong_002,noisy_ping_pong,15.76667,36.0,90.0,0,1
noisy_ping_pong_002,noisy_ping_pong,15.78333,37.5,90.0,1,0
noisy_ping_pong_002,noisy_ping_pong,15.8,36.0,-90.0,0,1
noisy_ping_pong_002,noisy_ping_pong,15.81667,37.5,90.0,0,1
noisy_ping_pong_002,noisy_ping_pong,15.83333,39.0,90.0,0,1
noisy_ping_pong_002,noisy_ping_pong,15.85,40.5,90.0,0,1
noisy_ping_pong_002,noisy_ping_pong,15.86667,42.0,90.0,0,1
noisy_ping_pong_002,noisy_ping_pong,15.88333,43.5,90.0,0,1
noisy_ping_pong_002,noisy_ping_pong,15.9,45.0,90.0,0,1
noisy_ping_pong_002,noisy_ping_pong,15.91667,46.5,90.0,0,1
noisy_ping_pong_002,noisy_ping_pong,15.93333,48.0,90.0,0,1
noisy_ping_pong_002,noisy_ping_pong,15.95,49.5,90.0,0,1
noisy_ping_pong_002,noisy_ping_pong,15.96667,51.0,90.0,0,1
noisy_ping_pong_002,noisy_ping_pong,15.98333,52.5,90.0,0,1
noisy_ping_pong_002,noisy_ping_pong,16.0,54.0,90.0,0,1
noisy_ping_pong_002,noisy_ping_pong,16.01667,55.5,90.0,0,1
noisy_ping_pong_002,noisy_ping_pong,16.03333,57.0,90.0,0,1
noisy_ping_pong_002,noisy_ping_pong,16.05,58.5,90.0,0,1
noisy_ping_pong_002,noisy_ping_pong,16.06667,60.0,90.0,0,1
noisy_ping_pong_002,noisy_ping_pong,16.08333,61.5,90.0,0,1
noisy_ping_pong_002,noisy_ping_pong,16.1,63.0,90.0,0,1
noisy_ping_pong_002,noisy_ping_pong,16.11667,64.5,90.0,0,1
noisy_ping_pong_002,noisy_ping_pong,16.13333,66.0,90.0,0,1
noisy_ping_pong_002,noisy_ping_pong,16.15,67.5,90.0,1,0
noisy_ping_pong_002,noisy_ping_pong,16.16667,66.0,-90.0,0,1
noisy_ping_pong_002,noisy_ping_pong,16.18333,67.5,90.0,0,1
noisy_ping_pong_002,noisy_ping_pong,16.2,69.0,90.0,0,1
noisy_ping_pong_002,noisy_ping_pong,16.21667,70.5,90.0,0,1
noisy_ping_pong_002,noisy_ping_pong,16.23333,72.0,90.0,0,1
noisy_ping_pong_002,noisy_ping_pong,16.25,73.5,90.0,0,1
noisy_ping_pong_002,noisy_ping_pong,16.26667,75.0,90.0,0,1
noisy_ping_pong_002,noisy_ping_pong,16.28333,76.5,90.0,0,1
noisy_ping_pong_002,noisy_ping_pong,16.3,78.0,90.0,0,1
noisy_ping_pong_002,noisy_ping_pong,16.31667,79.5,90.0,0,1
noisy_ping_pong_002,noisy_ping_pong,16.33333,81.0,90.0,0,1
noisy_ping_pong_002,noisy_ping_pong,16.35,82.5,90.0,0,1
noisy_ping_pong_002,noisy_ping_pong,16.36667,84.0,90.0,0,1
noisy_ping_pong_002,noisy_ping_pong,16.38333,85.5,90.0,0,1
noisy_ping_pong_002,noisy_ping_pong,16.4,87.0,90.0,0,1
noisy_ping_pong_002,noisy_ping_pong,16.41667,88.5,90.0,0,1
noisy_ping_pong_002,noisy_ping_pong,16.43333,90.0,90.0,0,1
noisy_ping_pong_002,noisy_ping_pong,16.45,91.5,90.0,0,1
noisy_ping_pong_002,noisy_ping_pong,16.46667,93.0,90.0,0,1
noisy_ping_pong_002,noisy_ping_pong,16.48333,94.5,90.0,0,1
noisy_ping_pong_002,noisy_ping_pong,16.5,96.0,90.0,0,1
noisy_ping_pong_002,noisy_ping_pong,16.51667,97.5,90.0,0,1
noisy_ping_pong_002,noisy_ping_pong,16.53333,99.0,90.0,0,1
noisy_ping_pong_002,noisy_ping_pong,16.55,100.5,90.0,0,1
noisy_ping_pong_002,noisy_ping_pong,16.56667,102.0,90.0,0,1
noisy_ping_pong_002,noisy_ping_pong,16.58333,103.5,90.0,0,1
noisy_ping_pong_002,noisy_ping_pong,16.6,105.0,90.0,0,1
noisy_ping_pong_002,noisy_ping_pong,16.61667,106.5,90.0,0,1
noisy_ping_pong_002,noisy_ping_pong,16.63333,108.0,90.0,0,1
noisy_ping_pong_002,noisy_ping_pong,16.65,109.5,90.0,0,1
noisy_ping_pong_002,noisy_ping_pong,16.66667,111.0,90.0,0,1
noisy_ping_pong_002,noisy_ping_pong,16.68333,112.5,90.0,0,1
noisy_ping_pong_002,noisy_ping_pong,16.7,114.0,90.0,0,1
noisy_ping_pong_002,noisy_ping_pong,16.71667,115.5,90.0,0,1
noisy_ping_pong_002,noisy_ping_pong,16.73333,117.0,90.0,0,1
noisy_ping_pong_002,noisy_ping_pong,16.75,118.5,90.0,0,1
noisy_ping_pong_002,noisy_ping_pong,16.76667,120.0,90.0,0,1
noisy_ping_pong_002,noisy_ping_pong,16.78333,121.5,90.0,0,1
noisy_ping_pong_002,noisy_ping_pong,16.8,123.0,90.0,0,1
noisy_ping_pong_002,noisy_ping_pong,16.81667,124.5,90.0,0,1
noisy_ping_pong_002,noisy_ping_pong,16.83333,126.0,90.0,0,1
noisy_ping_pong_002,noisy_ping_pong,16.85,127.5,90.0,0,1
noisy_ping_pong_002,noisy_ping_pong,16.86667,129.0,90.0,1,0
noisy_ping_pong_002,noisy_ping_pong,16.88333,127.5,-90.0,0,1
noisy_ping_pong_002,noisy_ping_pong,16.9,129.0,90.0,0,1
noisy_ping_pong_002,noisy_ping_pong,16.91667,130.5,90.0,0,1
noisy_ping_pong_002,noisy_ping_pong,16.93333,132.0,90.0,0,1
noisy_ping_pong_002,noisy_ping_pong,16.95,133.5,90.0,0,1
noisy_ping_pong_002,noisy_ping_pong,16.96667,135.0,90.0,0,1
noisy_ping_pong_002,noisy_ping_pong,16.98333,136.5,90.0,0,1
noisy_ping_pong_002,noisy_ping_pong,17.0,138.0,90.0,1,0
noisy_ping_pong_002,noisy_ping_pong,17.01667,136.5,-90.0,0,1
noisy_ping_pong_002,noisy_ping_pong,17.03333,138.0,90.0,0,1
noisy_ping_pong_002,noisy_ping_pong,17.05,139.5,90.0,0,1
noisy_ping_pong_002,noisy_ping_pong,17.06667,141.0,90.0,0,1
noisy_ping_pong_002,noisy_ping_pong,17.08333,142.5,90.0,0,1
noisy_ping_pong_002,noisy_ping_pong,17.1,144.0,90.0,0,1
noisy_ping_pong_002,noisy_ping_pong,17.11667,145.5,90.0,0,1
noisy_ping_pong_002,noisy_ping_pong,17.13333,147.0,90.0,0,1
noisy_ping_pong_002,noisy_ping_pong,17.15,148.5,90.0,0,1
noisy_ping_pong_002,noisy_ping_pong,17.16667,150.0,90.0,0,1
noisy_ping_pong_002,noisy_ping_pong,17.18333,151.5,90.0,0,1
noisy_ping_pong_002,noisy_ping_pong,17.2,153.0,90.0,0,1
noisy_ping_pong_002,noisy_ping_pong,17.21667,154.5,90.0,0,1
noisy_ping_pong_002,noisy_ping_pong,17.23333,156.0,90.0,0,1
noisy_ping_pong_002,noisy_ping_pong,17.25,157.5,90.0,0,1
noisy_ping_pong_002,noisy_ping_pong,17.26667,159.0,90.0,0,1
noisy_ping_pong_002,noisy_ping_pong,17.28333,160.5,90.0,0,1
noisy_ping_pong_002,noisy_ping_pong,17.3,162.0,90.0,0,1
noisy_ping_pong_002,noisy_ping_pong,17.31667,163.5,90.0,0,1
noisy_ping_pong_002,noisy_ping_pong,17.33333,165.0,90.0,0,1
noisy_ping_pong_002,noisy_ping_pong,17.35,166.5,90.0,0,1
noisy_ping_pong_002,noisy_ping_pong,17.36667,168.0,90.0,0,1
noisy_ping_pong_002,noisy_ping_pong,17.38333,169.5,90.0,0,1
noisy_ping_pong_002,noisy_ping_pong,17.4,171.0,90.0,0,1
noisy_ping_pong_002,noisy_ping_pong,17.41667,172.5,90.0,0,1
noisy_ping_pong_002,noisy_ping_pong,17.43333,174.0,90.0,0,1
noisy_ping_pong_002,noisy_ping_pong,17.45,175.5,90.0,0,1
noisy_ping_pong_002,noisy_ping_pong,17.46667,177.0,90.0,0,1
noisy_ping_pong_002,noisy_ping_pong,17.48333,178.5,90.0,0,1
noisy_ping_pong_002,noisy_ping_pong,17.5,180.0,90.0,0,1
noisy_ping_pong_002,noisy_ping_pong,17.51667,181.5,90.0,0,1
noisy_ping_pong_002,noisy_ping_pong,17.53333,183.0,90.0,0,1
noisy_ping_pong_002,noisy_ping_pong,17.55,184.5,90.0,0,1
noisy_ping_pong_002,noisy_ping_pong,17.56667,186.0,90.0,0,1
noisy_ping_pong_002,noisy_ping_pong,17.58333,187.5,90.0,0,1
noisy_ping_pong_002,noisy_ping_pong,17.6,189.0,90.0,0,1
noisy_ping_pong_002,noisy_ping_pong,17.61667,190.5,90.0,0,1
noisy_ping_pong_002,noisy_ping_pong,17.63333,192.0,90.0,0,1
noisy_ping_pong_002,noisy_ping_pong,17.65,193.5,90.0,0,1
noisy_ping_pong_002,noisy_ping_pong,17.66667,195.0,90.0,0,1
noisy_ping_pong_002,noisy_ping_pong,17.68333,196.5,90.0,0,1
noisy_ping_pong_002,noisy_ping_pong,17.7,198.0,90.0,0,1
noisy_ping_pong_002,noisy_ping_pong,17.71667,199.5,90.0,0,1
noisy_ping_pong_002,noisy_ping_pong,17.73333,201.0,90.0,0,0
noisy_ping_pong_002,noisy_ping_pong,17.75,201.0,0.0,0,0
noisy_ping_pong_002,noisy_ping_pong,17.76667,201.0,0.0,0,0
noisy_ping_pong_002,noisy_ping_pong,17.78333,201.0,0.0,0,0
noisy_ping_pong_002,noisy_ping_pong,17.8,201.0,0.0,0,0
noisy_ping_pong_002,noisy_ping_pong,17.81667,201.0,0.0,0,0
noisy_ping_pong_002,noisy_ping_pong,17.83333,201.0,0.0,0,0
noisy_ping_pong_002,noisy_ping_pong,17.85,201.0,0.0,0,0
noisy_ping_pong_002,noisy_ping_pong,17.86667,201.0,0.0,0,0
noisy_ping_pong_002,noisy_ping_pong,17.88333,201.0,0.0,0,0
noisy_ping_pong_002,noisy_ping_pong,17.9,201.0,0.0,0,0
noisy_ping_pong_002,noisy_ping_pong,17.91667,201.0,0.0,0,0
noisy_ping_pong_002,noisy_ping_pong,17.93333,201.0,0.0,0,0
noisy_ping_pong_002,noisy_ping_pong,17.95,201.0,0.0,0,0
noisy_ping_pong_002,noisy_ping_pong,17.96667,201.0,0.0,0,0
noisy_ping_pong_002,noisy_ping_pong,17.98333,201.0,0.0,0,0
noisy_ping_pong_002,noisy_ping_pong,18.0,201.0,0.0,0,0
noisy_ping_pong_002,noisy_ping_pong,18.01667,201.0,0.0,0,0
noisy_ping_pong_002,noisy_ping_pong,18.03333,201.0,0.0,0,0
noisy_ping_pong_002,noisy_ping_pong,18.05,201.0,0.0,1,0
noisy_ping_pong_002,noisy_ping_pong,18.06667,199.5,-90.0,1,0
noisy_ping_pong_002,noisy_ping_pong,18.08333,198.0,-90.0,1,0
noisy_ping_pong_002,noisy_ping_pong,18.1,196.5,-90.0,1,0
noisy_ping_pong_002,noisy_ping_pong,18.11667,195.0,-90.0,1,0
noisy_ping_pong_002,noisy_ping_pong,18.13333,193.5,-90.0,1,0
noisy_ping_pong_002,noisy_ping_pong,18.15,192.0,-90.0,1,0
noisy_ping_pong_002,noisy_ping_pong,18.16667,190.5,-90.0,1,0
noisy_ping_pong_002,noisy_ping_pong,18.18333,189.0,-90.0,1,0
noisy_ping_pong_002,noisy_ping_pong,18.2,187.5,-90.0,1,0
noisy_ping_pong_002,noisy_ping_pong,18.21667,186.0,-90.0,1,0
noisy_ping_pong_002,noisy_ping_pong,18.23333,184.5,-90.0,1,0
noisy_ping_pong_002,noisy_ping_pong,18.25,183.0,-90.0,0,0
noisy_ping_pong_002,noisy_ping_pong,18.26667,183.0,0.0,1,0
noisy_ping_pong_002,noisy_ping_pong,18.28333,181.5,-90.0,1,0
noisy_ping_pong_002,noisy_ping_pong,18.3,180.0,-90.0,1,0
noisy_ping_pong_002,noisy_ping_pong,18.31667,178.5,-90.0,1,0
noisy_ping_pong_002,noisy_ping_pong,18.33333,177.0,-90.0,1,0
noisy_ping_pong_002,noisy_ping_pong,18.35,175.5,-90.0,1,0
noisy_ping_pong_002,noisy_ping_pong,18.36667,174.0,-90.0,1,0
noisy_ping_pong_002,noisy_ping_pong,18.38333,172.5,-90.0,1,0
noisy_ping_pong_002,noisy_ping_pong,18.4,171.0,-90.0,1,0
noisy_ping_pong_002,noisy_ping_pong,18.41667,169.5,-90.0,1,0
noisy_ping_pong_002,noisy_ping_pong,18.43333,168.0,-90.0,1,0
noisy_ping_pong_002,noisy_ping_pong,18.45,166.5,-90.0,1,0
noisy_ping_pong_002,noisy_ping_pong,18.46667,165.0,-90.0,1,0
noisy_ping_pong_002,noisy_ping_pong,18.48333,163.5,-90.0,1,0
noisy_ping_pong_002,noisy_ping_pong,18.5,162.0,-90.0,1,0
noisy_ping_pong_002,noisy_ping_pong,18.51667,160.5,-90.0,1,0
noisy_ping_pong_002,noisy_ping_pong,18.53333,159.0,-90.0,1,0
noisy_ping_pong_002,noisy_ping_pong,18.55,157.5,-90.0,1,0
noisy_ping_pong_002,noisy_ping_pong,18.56667,156.0,-90.0,1,0
noisy_ping_pong_002,noisy_ping_pong,18.58333,154.5,-90.0,1,0
noisy_ping_pong_002,noisy_ping_pong,18.6,153.0,-90.0,1,0
noisy_ping_pong_002,noisy_ping_pong,18.61667,151.5,-90.0,1,0
noisy_ping_pong_002,noisy_ping_pong,18.63333,150.0,-90.0,1,0
noisy_ping_pong_002,noisy_ping_pong,18.65,148.5,-90.0,1,0
noisy_ping_pong_002,noisy_ping_pong,18.66667,147.0,-90.0,1,0
noisy_ping_pong_002,noisy_ping_pong,18.68333,145.5,-90.0,1,0
noisy_ping_pong_002,noisy_ping_pong,18.7,144.0,-90.0,1,0
noisy_ping_pong_002,noisy_ping_pong,18.71667,142.5,-90.0,1,0
noisy_ping_pong_002,noisy_ping_pong,18.73333,141.0,-90.0,1,0
noisy_ping_pong_002,noisy_ping_pong,18.75,139.5,-90.0,1,0
noisy_ping_pong_002,noisy_ping_pong,18.76667,138.0,-90.0,1,0
noisy_ping_pong_002,noisy_ping_pong,18.78333,136.5,-90.0,1,0
noisy_ping_pong_002,noisy_ping_pong,18.8,135.0,-90.0,1,0
noisy_ping_pong_002,noisy_ping_pong,18.81667,133.5,-90.0,1,0
noisy_ping_pong_002,noisy_ping_pong,18.83333,132.0,-90.0,1,0
noisy_ping_pong_002,noisy_ping_pong,18.85,130.5,-90.0,1,0
noisy_ping_pong_002,noisy_ping_pong,18.86667,129.0,-90.0,1,0
noisy_ping_pong_002,noisy_ping_pong,18.88333,127.5,-90.0,1,0
noisy_ping_pong_002,noisy_ping_pong,18.9,126.0,-90.0,1,0
noisy_ping_pong_002,noisy_ping_pong,18.91667,124.5,-90.0,1,0
noisy_ping_pong_002,noisy_ping_pong,18.93333,123.0,-90.0,1,0
noisy_ping_pong_002,noisy_ping_pong,18.95,121.5,-90.0,1,0
noisy_ping_pong_002,noisy_ping_pong,18.96667,120.0,-90.0,1,0
noisy_ping_pong_002,noisy_ping_pong,18.98333,118.5,-90.0,0,0
noisy_ping_pong_002,noisy_ping_pong,19.0,118.5,0.0,1,0
noisy_ping_pong_002,noisy_ping_pong,19.01667,117.0,-90.0,1,0
noisy_ping_pong_002,noisy_ping_pong,19.03333,115.5,-90.0,1,0
noisy_ping_pong_002,noisy_ping_pong,19.05,114.0,-90.0,1,0
noisy_ping_pong_002,noisy_ping_pong,19.06667,112.5,-90.0,1,0
noisy_ping_pong_002,noisy_ping_pong,19.08333,111.0,-90.0,1,0
noisy_ping_pong_002,noisy_ping_pong,19.1,109.5,-90.0,1,0
noisy_ping_pong_002,noisy_ping_pong,19.11667,108.0,-90.0,1,0
noisy_ping_pong_002,noisy_ping_pong,19.13333,106.5,-90.0,1,0
noisy_ping_pong_002,noisy_ping_pong,19.15,105.0,-90.0,1,0
noisy_ping_pong_002,noisy_ping_pong,19.16667,103.5,-90.0,1,0
noisy_ping_pong_002,noisy_ping_pong,19.18333,102.0,-90.0,1,0
noisy_ping_pong_002,noisy_ping_pong,19.2,100.5,-90.0,1,0
noisy_ping_pong_002,noisy_ping_pong,19.21667,99.0,-90.0,1,0
noisy_ping_pong_002,noisy_ping_pong,19.23333,97.5,-90.0,0,0
noisy_ping_pong_002,noisy_ping_pong,19.25,97.5,0.0,1,0
noisy_ping_pong_002,noisy_ping_pong,19.26667,96.0,-90.0,1,0
noisy_ping_pong_002,noisy_ping_pong,19.28333,94.5,-90.0,1,0
noisy_ping_pong_002,noisy_ping_pong,19.3,93.0,-90.0,1,0
noisy_ping_pong_002,noisy_ping_pong,19.31667,91.5,-90.0,1,0
noisy_ping_pong_002,noisy_ping_pong,19.33333,90.0,-90.0,1,0
noisy_ping_pong_002,noisy_ping_pong,19.35,88.5,-90.0,1,0
noisy_ping_pong_002,noisy_ping_pong,19.36667,87.0,-90.0,1,0
noisy_ping_pong_002,noisy_ping_pong,19.38333,85.5,-90.0,1,0
noisy_ping_pong_002,noisy_ping_pong,19.4,84.0,-90.0,1,0
noisy_ping_pong_002,noisy_ping_pong,19.41667,82.5,-90.0,1,0
noisy_ping_pong_002,noisy_ping_pong,19.43333,81.0,-90.0,1,0
noisy_ping_pong_002,noisy_ping_pong,19.45,79.5,-90.0,1,0
noisy_ping_pong_002,noisy_ping_pong,19.46667,78.0,-90.0,1,0
noisy_ping_pong_002,noisy_ping_pong,19.48333,76.5,-90.0,1,0
noisy_ping_pong_002,noisy_ping_pong,19.5,75.0,-90.0,1,0
noisy_ping_pong_002,noisy_ping_pong,19.51667,73.5,-90.0,1,0
noisy_ping_pong_002,noisy_ping_pong,19.53333,72.0,-90.0,1,0
noisy_ping_pong_002,noisy_ping_pong,19.55,70.5,-90.0,1,0
noisy_ping_pong_002,noisy_ping_pong,19.56667,69.0,-90.0,1,0
noisy_ping_pong_002,noisy_ping_pong,19.58333,67.5,-90.0,1,0
noisy_ping_pong_002,noisy_ping_pong,19.6,66.0,-90.0,1,0
noisy_ping_pong_002,noisy_ping_pong,19.61667,64.5,-90.0,1,0
noisy_ping_pong_002,noisy_ping_pong,19.63333,63.0,-90.0,1,0
noisy_ping_pong_002,noisy_ping_pong,19.65,61.5,-90.0,1,0
noisy_ping_pong_002,noisy_ping_pong,19.66667,60.0,-90.0,1,0
noisy_ping_pong_002,noisy_ping_pong,19.68333,58.5,-90.0,1,0
noisy_ping_pong_002,noisy_ping_pong,19.7,57.0,-90.0,1,0
noisy_ping_pong_002,noisy_ping_pong,19.71667,55.5,-90.0,1,0
noisy_ping_pong_002,noisy_ping_pong,19.73333,54.0,-90.0,1,0
noisy_ping_pong_002,noisy_ping_pong,19.75,52.5,-90.0,0,0
noisy_ping_pong_002,noisy_ping_pong,19.76667,52.5,0.0,1,0
noisy_ping_pong_002,noisy_ping_pong,19.78333,51.0,-90.0,1,0
noisy_ping_pong_002,noisy_ping_pong,19.8,49.5,-90.0,1,0
noisy_ping_pong_002,noisy_ping_pong,19.81667,48.0,-90.0,1,0
noisy_ping_pong_002,noisy_ping_pong,19.83333,46.5,-90.0,1,0
noisy_ping_pong_002,noisy_ping_pong,19.85,45.0,-90.0,1,0
noisy_ping_pong_002,noisy_ping_pong,19.86667,43.5,-90.0,1,0
noisy_ping_pong_002,noisy_ping_pong,19.88333,42.0,-90.0,1,0
noisy_ping_pong_002,noisy_ping_pong,19.9,40.5,-90.0,0,1
noisy_ping_pong_002,noisy_ping_pong,19.91667,42.0,90.0,1,0
noisy_ping_pong_002,noisy_ping_pong,19.93333,40.5,-90.0,1,0
noisy_ping_pong_002,noisy_ping_pong,19.95,39.0,-90.0,1,0
noisy_ping_pong_002,noisy_ping_pong,19.96667,37.5,-90.0,1,0
noisy_ping_pong_002,noisy_ping_pong,19.98333,36.0,-90.0,1,0
noisy_ping_pong_002,noisy_ping_pong,20.0,34.5,-90.0,1,0
noisy_ping_pong_002,noisy_ping_pong,20.01667,33.0,-90.0,1,0
noisy_ping_pong_002,noisy_ping_pong,20.03333,31.5,-90.0,1,0
noisy_ping_pong_002,noisy_ping_pong,20.05,30.0,-90.0,0,1
noisy_ping_pong_002,noisy_ping_pong,20.06667,31.5,90.0,1,0
noisy_ping_pong_002,noisy_ping_pong,20.08333,30.0,-90.0,1,0
noisy_ping_pong_002,noisy_ping_pong,20.1,28.5,-90.0,1,0
noisy_ping_pong_002,noisy_ping_pong,20.11667,27.0,-90.0,1,0
noisy_ping_pong_002,noisy_ping_pong,20.13333,25.5,-90.0,1,0
noisy_ping_pong_002,noisy_ping_pong,20.15,24.0,-90.0,1,0
noisy_ping_pong_002,noisy_ping_pong,20.16667,22.5,-90.0,1,0
noisy_ping_pong_002,noisy_ping_pong,20.18333,21.0,-90.0,1,0
noisy_ping_pong_002,noisy_ping_pong,20.2,19.5,-90.0,1,0
noisy_ping_pong_002,noisy_ping_pong,20.21667,18.0,-90.0,1,0
noisy_ping_pong_002,noisy_ping_pong,20.23333,16.5,-90.0,1,0
noisy_ping_pong_002,noisy_ping_pong,20.25,15.0,-90.0,1,0
noisy_ping_pong_002,noisy_ping_pong,20.26667,13.5,-90.0,1,0
noisy_ping_pong_002,noisy_ping_pong,20.28333,12.0,-90.0,1,0
noisy_ping_pong_002,noisy_ping_pong,20.3,10.5,-90.0,1,0
noisy_ping_pong_002,noisy_ping_pong,20.31667,9.0,-90.0,1,0
noisy_ping_pong_002,noisy_ping_pong,20.33333,7.5,-90.0,1,0
noisy_ping_pong_002,noisy_ping_pong,20.35,6.0,-90.0,1,0
noisy_ping_pong_002,noisy_ping_pong,20.36667,4.5,-90.0,1,0
noisy_ping_pong_002,noisy_ping_pong,20.38333,3.0,-90.0,0,0
noisy_ping_pong_002,noisy_ping_pong,20.4,3.0,0.0,0,0
noisy_ping_pong_002,noisy_ping_pong,20.41667,3.0,0.0,0,0
noisy_ping_pong_002,noisy_ping_pong,20.43333,3.0,0.0,0,0
noisy_ping_pong_002,noisy_ping_pong,20.45,3.0,0.0,0,0
noisy_ping_pong_002,noisy_ping_pong,20.46667,3.0,0.0,0,0
noisy_ping_pong_002,noisy_ping_pong,20.48333,3.0,0.0,0,0
noisy_ping_pong_002,noisy_ping_pong,20.5,3.0,0.0,0,0
noisy_ping_pong_002,noisy_ping_pong,20.51667,3.0,0.0,0,0
noisy_ping_pong_002,noisy_ping_pong,20.53333,3.0,0.0,0,0
noisy_ping_pong_002,noisy_ping_pong,20.55,3.0,0.0,0,0
noisy_ping_pong_002,noisy_ping_pong,20.56667,3.0,0.0,0,0
noisy_ping_pong_002,noisy_ping_pong,20.58333,3.0,0.0,0,0
noisy_ping_pong_002,noisy_ping_pong,20.6,3.0,0.0,0,0
noisy_ping_pong_002,noisy_ping_pong,20.61667,3.0,0.0,0,0
noisy_ping_pong_002,noisy_ping_pong,20.63333,3.0,0.0,0,0
noisy_ping_pong_002,noisy_ping_pong,20.65,3.0,0.0,0,1
noisy_ping_pong_002,noisy_ping_pong,20.66667,4.5,90.0,0,0
noisy_ping_pong_002,noisy_ping_pong,20.68333,4.5,0.0,0,0
noisy_ping_pong_002,noisy_ping_pong,20.7,4.5,0.0,0,1
noisy_ping_pong_002,noisy_ping_pong,20.71667,6.0,90.0,0,1
noisy_ping_pong_002,noisy_ping_pong,20.73333,7.5,90.0,0,1
noisy_ping_pong_002,noisy_ping_pong,20.75,9.0,90.0,0,1
noisy_ping_pong_002,noisy_ping_pong,20.76667,10.5,90.0,0,1
noisy_ping_pong_002,noisy_ping_pong,20.78333,12.0,90.0,0,1
noisy_ping_pong_002,noisy_ping_pong,20.8,13.5,90.0,0,1
noisy_ping_pong_002,noisy_ping_pong,20.81667,15.0,90.0,0,1
noisy_ping_pong_002,noisy_ping_pong,20.83333,16.5,90.0,0,1
noisy_ping_pong_002,noisy_ping_pong,20.85,18.0,90.0,0,1
noisy_ping_pong_002,noisy_ping_pong,20.86667,19.5,90.0,0,1
noisy_ping_pong_002,noisy_ping_pong,20.88333,21.0,90.0,0,1
noisy_ping_pong_002,noisy_ping_pong,20.9,22.5,90.0,0,1
noisy_ping_pong_002,noisy_ping_pong,20.91667,24.0,90.0,0,1
noisy_ping_pong_002,noisy_ping_pong,20.93333,25.5,90.0,0,1
noisy_ping_pong_002,noisy_ping_pong,20.95,27.0,90.0,0,1
noisy_ping_pong_002,noisy_ping_pong,20.96667,28.5,90.0,0,1
noisy_ping_pong_002,noisy_ping_pong,20.98333,30.0,90.0,0,1
noisy_ping_pong_002,noisy_ping_pong,21.0,31.5,90.0,0,1
noisy_ping_pong_002,noisy_ping_pong,21.01667,33.0,90.0,0,1
noisy_ping_pong_002,noisy_ping_pong,21.03333,34.5,90.0,0,1
noisy_ping_pong_002,noisy_ping_pong,21.05,36.0,90.0,0,1
noisy_ping_pong_002,noisy_ping_pong,21.06667,37.5,90.0,0,1
noisy_ping_pong_002,noisy_ping_pong,21.08333,39.0,90.0,0,1
noisy_ping_pong_002,noisy_ping_pong,21.1,40.5,90.0,0,1
noisy_ping_pong_002,noisy_ping_pong,21.11667,42.0,90.0,0,1
noisy_ping_pong_002,noisy_ping_pong,21.13333,43.5,90.0,0,1
noisy_ping_pong_002,noisy_ping_pong,21.15,45.0,90.0,0,1
noisy_ping_pong_002,noisy_ping_pong,21.16667,46.5,90.0,0,1
noisy_ping_pong_002,noisy_ping_pong,21.18333,48.0,90.0,0,1
noisy_ping_pong_002,noisy_ping_pong,21.2,49.5,90.0,0,1
noisy_ping_pong_002,noisy_ping_pong,21.21667,51.0,90.0,0,1
noisy_ping_pong_002,noisy_ping_pong,21.23333,52.5,90.0,0,1
noisy_ping_pong_002,noisy_ping_pong,21.25,54.0,90.0,0,1
noisy_ping_pong_002,noisy_ping_pong,21.26667,55.5,90.0,0,1
noisy_ping_pong_002,noisy_ping_pong,21.28333,57.0,90.0,0,1
noisy_ping_pong_002,noisy_ping_pong,21.3,58.5,90.0,0,1
noisy_ping_pong_002,noisy_ping_pong,21.31667,60.0,90.0,0,1
noisy_ping_pong_002,noisy_ping_pong,21.33333,61.5,90.0,0,1
noisy_ping_pong_002,noisy_ping_pong,21.35,63.0,90.0,0,1
noisy_ping_pong_002,noisy_ping_pong,21.36667,64.5,90.0,0,1
noisy_ping_pong_002,noisy_ping_pong,21.38333,66.0,90.0,0,1
noisy_ping_pong_002,noisy_ping_pong,21.4,67.5,90.0,0,1
noisy_ping_pong_002,noisy_ping_pong,21.41667,69.0,90.0,0,1
noisy_ping_pong_002,noisy_ping_pong,21.43333,70.5,90.0,0,1
noisy_ping_pong_002,noisy_ping_pong,21.45,72.0,90.0,0,1
noisy_ping_pong_002,noisy_ping_pong,21.46667,73.5,90.0,0,1
noisy_ping_pong_002,noisy_ping_pong,21.48333,75.0,90.0,0,1
noisy_ping_pong_002,noisy_ping_pong,21.5,76.5,90.0,0,1
noisy_ping_pong_002,noisy_ping_pong,21.51667,78.0,90.0,0,1
noisy_ping_pong_002,noisy_ping_pong,21.53333,79.5,90.0,0,1
noisy_ping_pong_002,noisy_ping_pong,21.55,81.0,90.0,0,1
noisy_ping_pong_002,noisy_ping_pong,21.56667,82.5,90.0,0,1
noisy_ping_pong_002,noisy_ping_pong,21.58333,84.0,90.0,0,1
noisy_ping_pong_002,noisy_ping_pong,21.6,85.5,90.0,0,1
noisy_ping_pong_002,noisy_ping_pong,21.61667,87.0,90.0,0,1
noisy_ping_pong_002,noisy_ping_pong,21.63333,88.5,90.0,0,1
noisy_ping_pong_002,noisy_ping_pong,21.65,90.0,90.0,0,1
noisy_ping_pong_002,noisy_ping_pong,21.66667,91.5,90.0,0,1
noisy_ping_pong_002,noisy_ping_pong,21.68333,93.0,90.0,0,1
noisy_ping_pong_002,noisy_ping_pong,21.7,94.5,90.0,0,1
noisy_ping_pong_002,noisy_ping_pong,21.71667,96.0,90.0,0,1
noisy_ping_pong_002,noisy_ping_pong,21.73333,97.5,90.0,0,1
noisy_ping_pong_002,noisy_ping_pong,21.75,99.0,90.0,0,1
noisy_ping_pong_002,noisy_ping_pong,21.76667,100.5,90.0,0,1
noisy_ping_pong_002,noisy_ping_pong,21.78333,102.0,90.0,0,1
noisy_ping_pong_002,noisy_ping_pong,21.8,103.5,90.0,0,1
noisy_ping_pong_002,noisy_ping_pong,21.81667,105.0,90.0,0,1
noisy_ping_pong_002,noisy_ping_pong,21.83333,106.5,90.0,0,1
noisy_ping_pong_002,noisy_ping_pong,21.85,108.0,90.0,0,1
noisy_ping_pong_002,noisy_ping_pong,21.86667,109.5,90.0,0,1
noisy_ping_pong_002,noisy_ping_pong,21.88333,111.0,90.0,0,1
noisy_ping_pong_002,noisy_ping_pong,21.9,112.5,90.0,0,1
noisy_ping_pong_002,noisy_ping_pong,21.91667,114.0,90.0,0,1
noisy_ping_pong_002,noisy_ping_pong,21.93333,115.5,90.0,0,1
noisy_ping_pong_002,noisy_ping_pong,21.95,117.0,90.0,0,1
noisy_ping_pong_002,noisy_ping_pong,21.96667,118.5,90.0,0,1
noisy_ping_pong_002,noisy_ping_pong,21.98333,120.0,90.0,0,1
noisy_ping_pong_002,noisy_ping_pong,22.0,121.5,90.0,0,1
noisy_ping_pong_002,noisy_ping_pong,22.01667,123.0,90.0,0,1
noisy_ping_pong_002,noisy_ping_pong,22.03333,124.5,90.0,0,1
noisy_ping_pong_002,noisy_ping_pong,22.05,126.0,90.0,1,0
noisy_ping_pong_002,noisy_ping_pong,22.06667,124.5,-90.0,0,1
noisy_ping_pong_002,noisy_ping_pong,22.08333,126.0,90.0,0,1
noisy_ping_pong_002,noisy_ping_pong,22.1,127.5,90.0,0,1
noisy_ping_pong_002,noisy_ping_pong,22.11667,129.0,90.0,0,1
noisy_ping_pong_002,noisy_ping_pong,22.13333,130.5,90.0,0,1
noisy_ping_pong_002,noisy_ping_pong,22.15,132.0,90.0,0,1
noisy_ping_pong_002,noisy_ping_pong,22.16667,133.5,90.0,0,1
noisy_ping_pong_002,noisy_ping_pong,22.18333,135.0,90.0,1,0
noisy_ping_pong_002,noisy_ping_pong,22.2,133.5,-90.0,0,1
noisy_ping_pong_002,noisy_ping_pong,22.21667,135.0,90.0,0,1
noisy_ping_pong_002,noisy_ping_pong,22.23333,136.5,90.0,0,1
noisy_ping_pong_002,noisy_ping_pong,22.25,138.0,90.0,0,1
noisy_ping_pong_002,noisy_ping_pong,22.26667,139.5,90.0,0,1
noisy_ping_pong_002,noisy_ping_pong,22.28333,141.0,90.0,0,1
noisy_ping_pong_002,noisy_ping_pong,22.3,142.5,90.0,0,1
noisy_ping_pong_002,noisy_ping_pong,22.31667,144.0,90.0,0,1
noisy_ping_pong_002,noisy_ping_pong,22.33333,145.5,90.0,0,1
noisy_ping_pong_002,noisy_ping_pong,22.35,147.0,90.0,0,1
noisy_ping_pong_002,noisy_ping_pong,22.36667,148.5,90.0,0,1
noisy_ping_pong_002,noisy_ping_pong,22.38333,150.0,90.0,0,1
noisy_ping_pong_002,noisy_ping_pong,22.4,151.5,90.0,0,1
noisy_ping_pong_002,noisy_ping_pong,22.41667,153.0,90.0,0,1
noisy_ping_pong_002,noisy_ping_pong,22.43333,154.5,90.0,0,1
noisy_ping_pong_002,noisy_ping_pong,22.45,156.0,90.0,0,1
noisy_ping_pong_002,noisy_ping_pong,22.46667,157.5,90.0,0,1
noisy_ping_pong_002,noisy_ping_pong,22.48333,159.0,90.0,0,1
noisy_ping_pong_002,noisy_ping_pong,22.5,160.5,90.0,0,1
noisy_ping_pong_002,noisy_ping_pong,22.51667,162.0,90.0,0,1
noisy_ping_pong_002,noisy_ping_pong,22.53333,163.5,90.0,0,1
noisy_ping_pong_002,noisy_ping_pong,22.55,165.0,90.0,0,1
noisy_ping_pong_002,noisy_ping_pong,22.56667,166.5,90.0,0,1
noisy_ping_pong_002,noisy_ping_pong,22.58333,168.0,90.0,0,1
noisy_ping_pong_002,noisy_ping_pong,22.6,169.5,90.0,0,1
noisy_ping_pong_002,noisy_ping_pong,22.61667,171.0,90.0,0,1
noisy_ping_pong_002,noisy_ping_pong,22.63333,172.5,90.0,0,1
noisy_ping_pong_002,noisy_ping_pong,22.65,174.0,90.0,0,1
noisy_ping_pong_002,noisy_ping_pong,22.66667,175.5,90.0,0,1
noisy_ping_pong_002,noisy_ping_pong,22.68333,177.0,90.0,0,1
noisy_ping_pong_002,noisy_ping_pong,22.7,178.5,90.0,0,1
noisy_ping_pong_002,noisy_ping_pong,22.71667,180.0,90.0,0,1
noisy_ping_pong_002,noisy_ping_pong,22.73333,181.5,90.0,0,1
noisy_ping_pong_002,noisy_ping_pong,22.75,183.0,90.0,0,1
noisy_ping_pong_002,noisy_ping_pong,22.76667,184.5,90.0,0,1
noisy_ping_pong_002,noisy_ping_pong,22.78333,186.0,90.0,0,1
noisy_ping_pong_002,noisy_ping_pong,22.8,187.5,90.0,0,1
noisy_ping_pong_002,noisy_ping_pong,22.81667,189.0,90.0,0,1
noisy_ping_pong_002,noisy_ping_pong,22.83333,190.5,90.0,0,1
noisy_ping_pong_002,noisy_ping_pong,22.85,192.0,90.0,0,1
noisy_ping_pong_002,noisy_ping_pong,22.86667,193.5,90.0,0,1
noisy_ping_pong_002,noisy_ping_pong,22.88333,195.0,90.0,0,1
noisy_ping_pong_002,noisy_ping_pong,22.9,196.5,90.0,0,1
noisy_ping_pong_002,noisy_ping_pong,22.91667,198.0,90.0,0,1
noisy_ping_pong_002,noisy_ping_pong,22.93333,199.5,90.0,0,1
noisy_ping_pong_002,noisy_ping_pong,22.95,201.0,90.0,1,0
noisy_ping_pong_002,noisy_ping_pong,22.96667,199.5,-90.0,0,0
noisy_ping_pong_002,noisy_ping_pong,22.98333,199.5,0.0,0,0
noisy_ping_pong_002,noisy_ping_pong,23.0,199.5,0.0,0,0
noisy_ping_pong_002,noisy_ping_pong,23.01667,199.5,0.0,0,0
noisy_ping_pong_002,noisy_ping_pong,23.03333,199.5,0.0,0,0
noisy_ping_pong_002,noisy_ping_pong,23.05,199.5,0.0,0,0
noisy_ping_pong_002,noisy_ping_pong,23.06667,199.5,0.0,0,0
noisy_ping_pong_002,noisy_ping_pong,23.08333,199.5,0.0,0,0
noisy_ping_pong_002,noisy_ping_pong,23.1,199.5,0.0,0,0
noisy_ping_pong_002,noisy_ping_pong,23.11667,199.5,0.0,0,0
noisy_ping_pong_002,noisy_ping_pong,23.13333,199.5,0.0,0,0
noisy_ping_pong_002,noisy_ping_pong,23.15,199.5,0.0,0,0
noisy_ping_pong_002,noisy_ping_pong,23.16667,199.5,0.0,0,0
noisy_ping_pong_002,noisy_ping_pong,23.18333,199.5,0.0,0,0
noisy_ping_pong_002,noisy_ping_pong,23.2,199.5,0.0,0,0
noisy_ping_pong_002,noisy_ping_pong,23.21667,199.5,0.0,0,0
noisy_ping_pong_002,noisy_ping_pong,23.23333,199.5,0.0,0,0
noisy_ping_pong_002,noisy_ping_pong,23.25,199.5,0.0,0,0
noisy_ping_pong_002,noisy_ping_pong,23.26667,199.5,0.0,1,0
noisy_ping_pong_002,noisy_ping_pong,23.28333,198.0,-90.0,1,0
noisy_ping_pong_002,noisy_ping_pong,23.3,196.5,-90.0,1,0
noisy_ping_pong_002,noisy_ping_pong,23.31667,195.0,-90.0,1,0
noisy_ping_pong_002,noisy_ping_pong,23.33333,193.5,-90.0,1,0
noisy_ping_pong_002,noisy_ping_pong,23.35,192.0,-90.0,1,0
noisy_ping_pong_002,noisy_ping_pong,23.36667,190.5,-90.0,1,0
noisy_ping_pong_002,noisy_ping_pong,23.38333,189.0,-90.0,1,0
noisy_ping_pong_002,noisy_ping_pong,23.4,187.5,-90.0,1,0
noisy_ping_pong_002,noisy_ping_pong,23.41667,186.0,-90.0,1,0
noisy_ping_pong_002,noisy_ping_pong,23.43333,184.5,-90.0,1,0
noisy_ping_pong_002,noisy_ping_pong,23.45,183.0,-90.0,1,0
noisy_ping_pong_002,noisy_ping_pong,23.46667,181.5,-90.0,1,0
noisy_ping_pong_002,noisy_ping_pong,23.48333,180.0,-90.0,1,0
noisy_ping_pong_002,noisy_ping_pong,23.5,178.5,-90.0,1,0
noisy_ping_pong_002,noisy_ping_pong,23.51667,177.0,-90.0,1,0
noisy_ping_pong_002,noisy_ping_pong,23.53333,175.5,-90.0,1,0
noisy_ping_pong_002,noisy_ping_pong,23.55,174.0,-90.0,1,0
noisy_ping_pong_002,noisy_ping_pong,23.56667,172.5,-90.0,1,0
noisy_ping_pong_002,noisy_ping_pong,23.58333,171.0,-90.0,1,0
noisy_ping_pong_002,noisy_ping_pong,23.6,169.5,-90.0,1,0
noisy_ping_pong_002,noisy_ping_pong,23.61667,168.0,-90.0,1,0
noisy_ping_pong_002,noisy_ping_pong,23.63333,166.5,-90.0,1,0
noisy_ping_pong_002,noisy_ping_pong,23.65,165.0,-90.0,1,0
noisy_ping_pong_002,noisy_ping_pong,23.66667,163.5,-90.0,1,0
noisy_ping_pong_002,noisy_ping_pong,23.68333,162.0,-90.0,1,0
noisy_ping_pong_002,noisy_ping_pong,23.7,160.5,-90.0,1,0
noisy_ping_pong_002,noisy_ping_pong,23.71667,159.0,-90.0,1,0
noisy_ping_pong_002,noisy_ping_pong,23.73333,157.5,-90.0,1,0
noisy_ping_pong_002,noisy_ping_pong,23.75,156.0,-90.0,1,0
noisy_ping_pong_002,noisy_ping_pong,23.76667,154.5,-90.0,1,0
noisy_ping_pong_002,noisy_ping_pong,23.78333,153.0,-90.0,1,0
noisy_ping_pong_002,noisy_ping_pong,23.8,151.5,-90.0,1,0
noisy_ping_pong_002,noisy_ping_pong,23.81667,150.0,-90.0,1,0
noisy_ping_pong_002,noisy_ping_pong,23.83333,148.5,-90.0,1,0
noisy_ping_pong_002,noisy_ping_pong,23.85,147.0,-90.0,1,0
noisy_ping_pong_002,noisy_ping_pong,23.86667,145.5,-90.0,1,0
noisy_ping_pong_002,noisy_ping_pong,23.88333,144.0,-90.0,1,0
noisy_ping_pong_002,noisy_ping_pong,23.9,142.5,-90.0,1,0
noisy_ping_pong_002,noisy_ping_pong,23.91667,141.0,-90.0,1,0
noisy_ping_pong_002,noisy_ping_pong,23.93333,139.5,-90.0,1,0
noisy_ping_pong_002,noisy_ping_pong,23.95,138.0,-90.0,1,0
noisy_ping_pong_002,noisy_ping_pong,23.96667,136.5,-90.0,1,0
noisy_ping_pong_002,noisy_ping_pong,23.98333,135.0,-90.0,1,0
noisy_ping_pong_002,noisy_ping_pong,24.0,133.5,-90.0,1,0
noisy_ping_pong_002,noisy_ping_pong,24.01667,132.0,-90.0,1,0
noisy_ping_pong_002,noisy_ping_pong,24.03333,130.5,-90.0,0,1
noisy_ping_pong_002,noisy_ping_pong,24.05,132.0,90.0,1,0
noisy_ping_pong_002,noisy_ping_pong,24.06667,130.5,-90.0,1,0
noisy_ping_pong_002,noisy_ping_pong,24.08333,129.0,-90.0,1,0
noisy_ping_pong_002,noisy_ping_pong,24.1,127.5,-90.0,1,0
noisy_ping_pong_002,noisy_ping_pong,24.11667,126.0,-90.0,1,0
noisy_ping_pong_002,noisy_ping_pong,24.13333,124.5,-90.0,1,0
noisy_ping_pong_002,noisy_ping_pong,24.15,123.0,-90.0,0,1
noisy_ping_pong_002,noisy_ping_pong,24.16667,124.5,90.0,1,0
noisy_ping_pong_002,noisy_ping_pong,24.18333,123.0,-90.0,1,0
noisy_ping_pong_002,noisy_ping_pong,24.2,121.5,-90.0,1,0
noisy_ping_pong_002,noisy_ping_pong,24.21667,120.0,-90.0,1,0
noisy_ping_pong_002,noisy_ping_pong,24.23333,118.5,-90.0,1,0
noisy_ping_pong_002,noisy_ping_pong,24.25,117.0,-90.0,1,0
noisy_ping_pong_002,noisy_ping_pong,24.26667,115.5,-90.0,1,0
noisy_ping_pong_002,noisy_ping_pong,24.28333,114.0,-90.0,1,0
noisy_ping_pong_002,noisy_ping_pong,24.3,112.5,-90.0,1,0
noisy_ping_pong_002,noisy_ping_pong,24.31667,111.0,-90.0,1,0
noisy_ping_pong_002,noisy_ping_pong,24.33333,109.5,-90.0,1,0
noisy_ping_pong_002,noisy_ping_pong,24.35,108.0,-90.0,1,0
noisy_ping_pong_002,noisy_ping_pong,24.36667,106.5,-90.0,1,0
noisy_ping_pong_002,noisy_ping_pong,24.38333,105.0,-90.0,1,0
noisy_ping_pong_002,noisy_ping_pong,24.4,103.5,-90.0,1,0
noisy_ping_pong_002,noisy_ping_pong,24.41667,102.0,-90.0,1,0
noisy_ping_pong_002,noisy_ping_pong,24.43333,100.5,-90.0,1,0
noisy_ping_pong_002,noisy_ping_pong,24.45,99.0,-90.0,1,0
noisy_ping_pong_002,noisy_ping_pong,24.46667,97.5,-90.0,1,0
noisy_ping_pong_002,noisy_ping_pong,24.48333,96.0,-90.0,1,0
noisy_ping_pong_002,noisy_ping_pong,24.5,94.5,-90.0,1,0
noisy_ping_pong_002,noisy_ping_pong,24.51667,93.0,-90.0,1,0
noisy_ping_pong_002,noisy_ping_pong,24.53333,91.5,-90.0,1,0
noisy_ping_pong_002,noisy_ping_pong,24.55,90.0,-90.0,1,0
noisy_ping_pong_002,noisy_ping_pong,24.56667,88.5,-90.0,1,0
noisy_ping_pong_002,noisy_ping_pong,24.58333,87.0,-90.0,1,0
noisy_ping_pong_002,noisy_ping_pong,24.6,85.5,-90.0,1,0
noisy_ping_pong_002,noisy_ping_pong,24.61667,84.0,-90.0,0,1
noisy_ping_pong_002,noisy_ping_pong,24.63333,85.5,90.0,0,0
noisy_ping_pong_002,noisy_ping_pong,24.65,85.5,0.0,1,0
noisy_ping_pong_002,noisy_ping_pong,24.66667,84.0,-90.0,1,0
noisy_ping_pong_002,noisy_ping_pong,24.68333,82.5,-90.0,1,0
noisy_ping_pong_002,noisy_ping_pong,24.7,81.0,-90.0,1,0
noisy_ping_pong_002,noisy_ping_pong,24.71667,79.5,-90.0,1,0
noisy_ping_pong_002,noisy_ping_pong,24.73333,78.0,-90.0,1,0
noisy_ping_pong_002,noisy_ping_pong,24.75,76.5,-90.0,1,0
noisy_ping_pong_002,noisy_ping_pong,24.76667,75.0,-90.0,1,0
noisy_ping_pong_002,noisy_ping_pong,24.78333,73.5,-90.0,1,0
noisy_ping_pong_002,noisy_ping_pong,24.8,72.0,-90.0,1,0
noisy_ping_pong_002,noisy_ping_pong,24.81667,70.5,-90.0,1,0
noisy_ping_pong_002,noisy_ping_pong,24.83333,69.0,-90.0,1,0
noisy_ping_pong_002,noisy_ping_pong,24.85,67.5,-90.0,1,0
noisy_ping_pong_002,noisy_ping_pong,24.86667,66.0,-90.0,1,0
noisy_ping_pong_002,noisy_ping_pong,24.88333,64.5,-90.0,1,0
noisy_ping_pong_002,noisy_ping_pong,24.9,63.0,-90.0,1,0
noisy_ping_pong_002,noisy_ping_pong,24.91667,61.5,-90.0,1,0
noisy_ping_pong_002,noisy_ping_pong,24.93333,60.0,-90.0,1,0
noisy_ping_pong_002,noisy_ping_pong,24.95,58.5,-90.0,1,0
noisy_ping_pong_002,noisy_ping_pong,24.96667,57.0,-90.0,1,0
noisy_ping_pong_002,noisy_ping_pong,24.98333,55.5,-90.0,1,0
noisy_ping_pong_002,noisy_ping_pong,25.0,54.0,-90.0,1,0
noisy_ping_pong_002,noisy_ping_pong,25.01667,52.5,-90.0,1,0
noisy_ping_pong_002,noisy_ping_pong,25.03333,51.0,-90.0,1,0
noisy_ping_pong_002,noisy_ping_pong,25.05,49.5,-90.0,1,0
noisy_ping_pong_002,noisy_ping_pong,25.06667,48.0,-90.0,1,0
noisy_ping_pong_002,noisy_ping_pong,25.08333,46.5,-90.0,1,0
noisy_ping_pong_002,noisy_ping_pong,25.1,45.0,-90.0,1,0
noisy_ping_pong_002,noisy_ping_pong,25.11667,43.5,-90.0,1,0
noisy_ping_pong_002,noisy_ping_pong,25.13333,42.0,-90.0,0,0
noisy_ping_pong_002,noisy_ping_pong,25.15,42.0,0.0,1,0
noisy_ping_pong_002,noisy_ping_pong,25.16667,40.5,-90.0,1,0
noisy_ping_pong_002,noisy_ping_pong,25.18333,39.0,-90.0,1,0
noisy_ping_pong_002,noisy_ping_pong,25.2,37.5,-90.0,1,0
noisy_ping_pong_002,noisy_ping_pong,25.21667,36.0,-90.0,1,0
noisy_ping_pong_002,noisy_ping_pong,25.23333,34.5,-90.0,1,0
noisy_ping_pong_002,noisy_ping_pong,25.25,33.0,-90.0,1,0
noisy_ping_pong_002,noisy_ping_pong,25.26667,31.5,-90.0,1,0
noisy_ping_pong_002,noisy_ping_pong,25.28333,30.0,-90.0,1,0
noisy_ping_pong_002,noisy_ping_pong,25.3,28.5,-90.0,1,0
noisy_ping_pong_002,noisy_ping_pong,25.31667,27.0,-90.0,1,0
noisy_ping_pong_002,noisy_ping_pong,25.33333,25.5,-90.0,1,0
noisy_ping_pong_002,noisy_ping_pong,25.35,24.0,-90.0,1,0
noisy_ping_pong_002,noisy_ping_pong,25.36667,22.5,-90.0,1,0
noisy_ping_pong_002,noisy_ping_pong,25.38333,21.0,-90.0,1,0
noisy_ping_pong_002,noisy_ping_pong,25.4,19.5,-90.0,1,0
noisy_ping_pong_002,noisy_ping_pong,25.41667,18.0,-90.0,1,0
noisy_ping_pong_002,noisy_ping_pong,25.43333,16.5,-90.0,1,0
noisy_ping_pong_002,noisy_ping_pong,25.45,15.0,-90.0,1,0
noisy_ping_pong_002,noisy_ping_pong,25.46667,13.5,-90.0,1,0
noisy_ping_pong_002,noisy_ping_pong,25.48333,12.0,-90.0,1,0
noisy_ping_pong_002,noisy_ping_pong,25.5,10.5,-90.0,1,0
noisy_ping_pong_002,noisy_ping_pong,25.51667,9.0,-90.0,1,0
noisy_ping_pong_002,noisy_ping_pong,25.53333,7.5,-90.0,1,0
noisy_ping_pong_002,noisy_ping_pong,25.55,6.0,-90.0,1,0
noisy_ping_pong_002,noisy_ping_pong,25.56667,4.5,-90.0,1,0
noisy_ping_pong_002,noisy_ping_pong,25.58333,3.0,-90.0,0,0
noisy_ping_pong_002,noisy_ping_pong,25.6,3.0,0.0,0,0
noisy_ping_pong_002,noisy_ping_pong,25.61667,3.0,0.0,0,0
noisy_ping_pong_002,noisy_ping_pong,25.63333,3.0,0.0,0,0
noisy_ping_pong_002,noisy_ping_pong,25.65,3.0,0.0,0,1
noisy_ping_pong_002,noisy_ping_pong,25.66667,4.5,90.0,0,0
noisy_ping_pong_002,noisy_ping_pong,25.68333,4.5,0.0,0,0
noisy_ping_pong_002,noisy_ping_pong,25.7,4.5,0.0,0,0
noisy_ping_pong_002,noisy_ping_pong,25.71667,4.5,0.0,0,0
noisy_ping_pong_002,noisy_ping_pong,25.73333,4.5,0.0,0,0
noisy_ping_pong_002,noisy_ping_pong,25.75,4.5,0.0,0,0
noisy_ping_pong_002,noisy_ping_pong,25.76667,4.5,0.0,0,0
noisy_ping_pong_002,noisy_ping_pong,25.78333,4.5,0.0,0,0
noisy_ping_pong_002,noisy_ping_pong,25.8,4.5,0.0,0,0
noisy_ping_pong_002,noisy_ping_pong,25.81667,4.5,0.0,0,0
noisy_ping_pong_002,noisy_ping_pong,25.83333,4.5,0.0,0,0
noisy_ping_pong_002,noisy_ping_pong,25.85,4.5,0.0,0,0
noisy_ping_pong_002,noisy_ping_pong,25.86667,4.5,0.0,0,0
noisy_ping_pong_002,noisy_ping_pong,25.88333,4.5,0.0,0,0
noisy_ping_pong_002,noisy_ping_pong,25.9,4.5,0.0,0,1
noisy_ping_pong_002,noisy_ping_pong,25.91667,6.0,90.0,0,1
noisy_ping_pong_002,noisy_ping_pong,25.93333,7.5,90.0,0,1
noisy_ping_pong_002,noisy_ping_pong,25.95,9.0,90.0,0,1
noisy_ping_pong_002,noisy_ping_pong,25.96667,10.5,90.0,0,1
noisy_ping_pong_002,noisy_ping_pong,25.98333,12.0,90.0,0,1
noisy_ping_pong_002,noisy_ping_pong,26.0,13.5,90.0,0,1
noisy_ping_pong_002,noisy_ping_pong,26.01667,15.0,90.0,0,1
noisy_ping_pong_002,noisy_ping_pong,26.03333,16.5,90.0,0,1
noisy_ping_pong_002,noisy_ping_pong,26.05,18.0,90.0,0,1
noisy_ping_pong_002,noisy_ping_pong,26.06667,19.5,90.0,0,1
noisy_ping_pong_002,noisy_ping_pong,26.08333,21.0,90.0,0,1
noisy_ping_pong_002,noisy_ping_pong,26.1,22.5,90.0,0,1
noisy_ping_pong_002,noisy_ping_pong,26.11667,24.0,90.0,0,1
noisy_ping_pong_002,noisy_ping_pong,26.13333,25.5,90.0,0,1
noisy_ping_pong_002,noisy_ping_pong,26.15,27.0,90.0,0,1
noisy_ping_pong_002,noisy_ping_pong,26.16667,28.5,90.0,0,1
noisy_ping_pong_002,noisy_ping_pong,26.18333,30.0,90.0,0,1
noisy_ping_pong_002,noisy_ping_pong,26.2,31.5,90.0,0,1
noisy_ping_pong_002,noisy_ping_pong,26.21667,33.0,90.0,0,0
noisy_ping_pong_002,noisy_ping_pong,26.23333,33.0,0.0,0,1
noisy_ping_pong_002,noisy_ping_pong,26.25,34.5,90.0,0,1
noisy_ping_pong_002,noisy_ping_pong,26.26667,36.0,90.0,0,1
noisy_ping_pong_002,noisy_ping_pong,26.28333,37.5,90.0,0,1
noisy_ping_pong_002,noisy_ping_pong,26.3,39.0,90.0,0,1
noisy_ping_pong_002,noisy_ping_pong,26.31667,40.5,90.0,0,1
noisy_ping_pong_002,noisy_ping_pong,26.33333,42.0,90.0,0,1
noisy_ping_pong_002,noisy_ping_pong,26.35,43.5,90.0,0,1
noisy_ping_pong_002,noisy_ping_pong,26.36667,45.0,90.0,0,1
noisy_ping_pong_002,noisy_ping_pong,26.38333,46.5,90.0,0,1
noisy_ping_pong_002,noisy_ping_pong,26.4,48.0,90.0,0,1
noisy_ping_pong_002,noisy_ping_pong,26.41667,49.5,90.0,0,1
noisy_ping_pong_002,noisy_ping_pong,26.43333,51.0,90.0,1,0
noisy_ping_pong_002,noisy_ping_pong,26.45,49.5,-90.0,0,1
noisy_ping_pong_002,noisy_ping_pong,26.46667,51.0,90.0,0,1
noisy_ping_pong_002,noisy_ping_pong,26.48333,52.5,90.0,0,1
noisy_ping_pong_002,noisy_ping_pong,26.5,54.0,90.0,0,1
noisy_ping_pong_002,noisy_ping_pong,26.51667,55.5,90.0,0,1
noisy_ping_pong_002,noisy_ping_pong,26.53333,57.0,90.0,0,1
noisy_ping_pong_002,noisy_ping_pong,26.55,58.5,90.0,0,1
noisy_ping_pong_002,noisy_ping_pong,26.56667,60.0,90.0,0,1
noisy_ping_pong_002,noisy_ping_pong,26.58333,61.5,90.0,0,1
noisy_ping_pong_002,noisy_ping_pong,26.6,63.0,90.0,0,1
noisy_ping_pong_002,noisy_ping_pong,26.61667,64.5,90.0,0,1
noisy_ping_pong_002,noisy_ping_pong,26.63333,66.0,90.0,0,1
noisy_ping_pong_002,noisy_ping_pong,26.65,67.5,90.0,0,1
noisy_ping_pong_002,noisy_ping_pong,26.66667,69.0,90.0,0,1
noisy_ping_pong_002,noisy_ping_pong,26.68333,70.5,90.0,0,1
noisy_ping_pong_002,noisy_ping_pong,26.7,72.0,90.0,0,1
noisy_ping_pong_002,noisy_ping_pong,26.71667,73.5,90.0,0,1
noisy_ping_pong_002,noisy_ping_pong,26.73333,75.0,90.0,0,1
noisy_ping_pong_002,noisy_ping_pong,26.75,76.5,90.0,0,1
noisy_ping_pong_002,noisy_ping_pong,26.76667,78.0,90.0,0,1
noisy_ping_pong_002,noisy_ping_pong,26.78333,79.5,90.0,0,1
noisy_ping_pong_002,noisy_ping_pong,26.8,81.0,90.0,0,1
noisy_ping_pong_002,noisy_ping_pong,26.81667,82.5,90.0,0,1
noisy_ping_pong_002,noisy_ping_pong,26.83333,84.0,90.0,0,1
noisy_ping_pong_002,noisy_ping_pong,26.85,85.5,90.0,0,1
noisy_ping_pong_002,noisy_ping_pong,26.86667,87.0,90.0,0,1
noisy_ping_pong_002,noisy_ping_pong,26.88333,88.5,90.0,0,1
noisy_ping_pong_002,noisy_ping_pong,26.9,90.0,90.0,0,1
noisy_ping_pong_002,noisy_ping_pong,26.91667,91.5,90.0,0,1
noisy_ping_pong_002,noisy_ping_pong,26.93333,93.0,90.0,0,1
noisy_ping_pong_002,noisy_ping_pong,26.95,94.5,90.0,0,1
noisy_ping_pong_002,noisy_ping_pong,26.96667,96.0,90.0,0,1
noisy_ping_pong_002,noisy_ping_pong,26.98333,97.5,90.0,0,1
noisy_ping_pong_002,noisy_ping_pong,27.0,99.0,90.0,0,1
noisy_ping_pong_002,noisy_ping_pong,27.01667,100.5,90.0,0,1
noisy_ping_pong_002,noisy_ping_pong,27.03333,102.0,90.0,0,1
noisy_ping_pong_002,noisy_ping_pong,27.05,103.5,90.0,0,1
noisy_ping_pong_002,noisy_ping_pong,27.06667,105.0,90.0,0,1
noisy_ping_pong_002,noisy_ping_pong,27.08333,106.5,90.0,0,1
noisy_ping_pong_002,noisy_ping_pong,27.1,108.0,90.0,0,1
noisy_ping_pong_002,noisy_ping_pong,27.11667,109.5,90.0,0,1
noisy_ping_pong_002,noisy_ping_pong,27.13333,111.0,90.0,0,1
noisy_ping_pong_002,noisy_ping_pong,27.15,112.5,90.0,0,1
noisy_ping_pong_002,noisy_ping_pong,27.16667,114.0,90.0,0,1
noisy_ping_pong_002,noisy_ping_pong,27.18333,115.5,90.0,0,1
noisy_ping_pong_002,noisy_ping_pong,27.2,117.0,90.0,0,1
noisy_ping_pong_002,noisy_ping_pong,27.21667,118.5,90.0,0,1
noisy_ping_pong_002,noisy_ping_pong,27.23333,120.0,90.0,0,1
noisy_ping_pong_002,noisy_ping_pong,27.25,121.5,90.0,0,1
noisy_ping_pong_002,noisy_ping_pong,27.26667,123.0,90.0,0,1
noisy_ping_pong_002,noisy_ping_pong,27.28333,124.5,90.0,0,1
noisy_ping_pong_002,noisy_ping_pong,27.3,126.0,90.0,0,1
noisy_ping_pong_002,noisy_ping_pong,27.31667,127.5,90.0,0,1
noisy_ping_pong_002,noisy_ping_pong,27.33333,129.0,90.0,0,1
noisy_ping_pong_002,noisy_ping_pong,27.35,130.5,90.0,0,1
noisy_ping_pong_002,noisy_ping_pong,27.36667,132.0,90.0,0,1
noisy_ping_pong_002,noisy_ping_pong,27.38333,133.5,90.0,0,1
noisy_ping_pong_002,noisy_ping_pong,27.4,135.0,90.0,0,1
noisy_ping_pong_002,noisy_ping_pong,27.41667,136.5,90.0,0,1
noisy_ping_pong_002,noisy_ping_pong,27.43333,138.0,90.0,0,1
noisy_ping_pong_002,noisy_ping_pong,27.45,139.5,90.0,0,0
noisy_ping_pong_002,noisy_ping_pong,27.46667,139.5,0.0,0,1
noisy_ping_pong_002,noisy_ping_pong,27.48333,141.0,90.0,0,1
noisy_ping_pong_002,noisy_ping_pong,27.5,142.5,90.0,0,1
noisy_ping_pong_002,noisy_ping_pong,27.51667,144.0,90.0,0,1
noisy_ping_pong_002,noisy_ping_pong,27.53333,145.5,90.0,0,1
noisy_ping_pong_002,noisy_ping_pong,27.55,147.0,90.0,0,1
noisy_ping_pong_002,noisy_ping_pong,27.56667,148.5,90.0,0,1
noisy_ping_pong_002,noisy_ping_pong,27.58333,150.0,90.0,0,1
noisy_ping_pong_002,noisy_ping_pong,27.6,151.5,90.0,0,1
noisy_ping_pong_002,noisy_ping_pong,27.61667,153.0,90.0,0,1
noisy_ping_pong_002,noisy_ping_pong,27.63333,154.5,90.0,0,1
noisy_ping_pong_002,noisy_ping_pong,27.65,156.0,90.0,0,1
noisy_ping_pong_002,noisy_ping_pong,27.66667,157.5,90.0,0,1
noisy_ping_pong_002,noisy_ping_pong,27.68333,159.0,90.0,0,1
noisy_ping_pong_002,noisy_ping_pong,27.7,160.5,90.0,0,1
noisy_ping_pong_002,noisy_ping_pong,27.71667,162.0,90.0,0,1
noisy_ping_pong_002,noisy_ping_pong,27.73333,163.5,90.0,0,1
noisy_ping_pong_002,noisy_ping_pong,27.75,165.0,90.0,0,1
noisy_ping_pong_002,noisy_ping_pong,27.76667,166.5,90.0,0,1
noisy_ping_pong_002,noisy_ping_pong,27.78333,168.0,90.0,0,1
noisy_ping_pong_002,noisy_ping_pong,27.8,169.5,90.0,0,1
noisy_ping_pong_002,noisy_ping_pong,27.81667,171.0,90.0,0,1
noisy_ping_pong_002,noisy_ping_pong,27.83333,172.5,90.0,0,1
noisy_ping_pong_002,noisy_ping_pong,27.85,174.0,90.0,0,1
noisy_ping_pong_002,noisy_ping_pong,27.86667,175.5,90.0,0,1
noisy_ping_pong_002,noisy_ping_pong,27.88333,177.0,90.0,0,1
noisy_ping_pong_002,noisy_ping_pong,27.9,178.5,90.0,0,1
noisy_ping_pong_002,noisy_ping_pong,27.91667,180.0,90.0,0,1
noisy_ping_pong_002,noisy_ping_pong,27.93333,181.5,90.0,0,1
noisy_ping_pong_002,noisy_ping_pong,27.95,183.0,90.0,0,1
noisy_ping_pong_002,noisy_ping_pong,27.96667,184.5,90.0,0,1
noisy_ping_pong_002,noisy_ping_pong,27.98333,186.0,90.0,0,1
noisy_ping_pong_002,noisy_ping_pong,28.0,187.5,90.0,0,1
noisy_ping_pong_002,noisy_ping_pong,28.01667,189.0,90.0,0,1
noisy_ping_pong_002,noisy_ping_pong,28.03333,190.5,90.0,0,1
noisy_ping_pong_002,noisy_ping_pong,28.05,192.0,90.0,0,1
noisy_ping_pong_002,noisy_ping_pong,28.06667,193.5,90.0,0,1
noisy_ping_pong_002,noisy_ping_pong,28.08333,195.0,90.0,0,1
noisy_ping_pong_002,noisy_ping_pong,28.1,196.5,90.0,0,1
noisy_ping_pong_002,noisy_ping_pong,28.11667,198.0,90.0,0,1
noisy_ping_pong_002,noisy_ping_pong,28.13333,199.5,90.0,0,1
noisy_ping_pong_002,noisy_ping_pong,28.15,201.0,90.0,0,0
noisy_ping_pong_002,noisy_ping_pong,28.16667,201.0,0.0,0,0
noisy_ping_pong_002,noisy_ping_pong,28.18333,201.0,0.0,0,0
noisy_ping_pong_002,noisy_ping_pong,28.2,201.0,0.0,0,0
noisy_ping_pong_002,noisy_ping_pong,28.21667,201.0,0.0,0,0
noisy_ping_pong_002,noisy_ping_pong,28.23333,201.0,0.0,0,0
noisy_ping_pong_002,noisy_ping_pong,28.25,201.0,0.0,0,0
noisy_ping_pong_002,noisy_ping_pong,28.26667,201.0,0.0,0,0
noisy_ping_pong_002,noisy_ping_pong,28.28333,201.0,0.0,0,0
noisy_ping_pong_002,noisy_ping_pong,28.3,201.0,0.0,0,0
noisy_ping_pong_002,noisy_ping_pong,28.31667,201.0,0.0,0,0
noisy_ping_pong_002,noisy_ping_pong,28.33333,201.0,0.0,0,0
noisy_ping_pong_002,noisy_ping_pong,28.35,201.0,0.0,0,0
noisy_ping_pong_002,noisy_ping_pong,28.36667,201.0,0.0,0,0
noisy_ping_pong_002,noisy_ping_pong,28.38333,201.0,0.0,0,0
noisy_ping_pong_002,noisy_ping_pong,28.4,201.0,0.0,0,0
noisy_ping_pong_002,noisy_ping_pong,28.41667,201.0,0.0,0,0
noisy_ping_pong_002,noisy_ping_pong,28.43333,201.0,0.0,0,0
noisy_ping_pong_002,noisy_ping_pong,28.45,201.0,0.0,0,0
noisy_ping_pong_002,noisy_ping_pong,28.46667,201.0,0.0,1,0
noisy_ping_pong_002,noisy_ping_pong,28.48333,199.5,-90.0,1,0
noisy_ping_pong_002,noisy_ping_pong,28.5,198.0,-90.0,1,0
noisy_ping_pong_002,noisy_ping_pong,28.51667,196.5,-90.0,1,0
noisy_ping_pong_002,noisy_ping_pong,28.53333,195.0,-90.0,1,0
noisy_ping_pong_002,noisy_ping_pong,28.55,193.5,-90.0,1,0
noisy_ping_pong_002,noisy_ping_pong,28.56667,192.0,-90.0,1,0
noisy_ping_pong_002,noisy_ping_pong,28.58333,190.5,-90.0,1,0
noisy_ping_pong_002,noisy_ping_pong,28.6,189.0,-90.0,1,0
noisy_ping_pong_002,noisy_ping_pong,28.61667,187.5,-90.0,1,0
noisy_ping_pong_002,noisy_ping_pong,28.63333,186.0,-90.0,1,0
noisy_ping_pong_002,noisy_ping_pong,28.65,184.5,-90.0,1,0
noisy_ping_pong_002,noisy_ping_pong,28.66667,183.0,-90.0,1,0
noisy_ping_pong_002,noisy_ping_pong,28.68333,181.5,-90.0,1,0
noisy_ping_pong_002,noisy_ping_pong,28.7,180.0,-90.0,1,0
noisy_ping_pong_002,noisy_ping_pong,28.71667,178.5,-90.0,1,0
noisy_ping_pong_002,noisy_ping_pong,28.73333,177.0,-90.0,1,0
noisy_ping_pong_002,noisy_ping_pong,28.75,175.5,-90.0,1,0
noisy_ping_pong_002,noisy_ping_pong,28.76667,174.0,-90.0,1,0
noisy_ping_pong_002,noisy_ping_pong,28.78333,172.5,-90.0,1,0
noisy_ping_pong_002,noisy_ping_pong,28.8,171.0,-90.0,1,0
noisy_ping_pong_002,noisy_ping_pong,28.81667,169.5,-90.0,1,0
noisy_ping_pong_002,noisy_ping_pong,28.83333,168.0,-90.0,1,0
noisy_ping_pong_002,noisy_ping_pong,28.85,166.5,-90.0,1,0
noisy_ping_pong_002,noisy_ping_pong,28.86667,165.0,-90.0,1,0
noisy_ping_pong_002,noisy_ping_pong,28.88333,163.5,-90.0,1,0
noisy_ping_pong_002,noisy_ping_pong,28.9,162.0,-90.0,1,0
noisy_ping_pong_002,noisy_ping_pong,28.91667,160.5,-90.0,1,0
noisy_ping_pong_002,noisy_ping_pong,28.93333,159.0,-90.0,1,0
noisy_ping_pong_002,noisy_ping_pong,28.95,157.5,-90.0,1,0
noisy_ping_pong_002,noisy_ping_pong,28.96667,156.0,-90.0,1,0
noisy_ping_pong_002,noisy_ping_pong,28.98333,154.5,-90.0,1,0
noisy_ping_pong_002,noisy_ping_pong,29.0,153.0,-90.0,1,0
noisy_ping_pong_002,noisy_ping_pong,29.01667,151.5,-90.0,0,1
noisy_ping_pong_002,noisy_ping_pong,29.03333,153.0,90.0,1,0
noisy_ping_pong_002,noisy_ping_pong,29.05,151.5,-90.0,0,0
noisy_ping_pong_002,noisy_ping_pong,29.06667,151.5,0.0,1,0
noisy_ping_pong_002,noisy_ping_pong,29.08333,150.0,-90.0,1,0
noisy_ping_pong_002,noisy_ping_pong,29.1,148.5,-90.0,1,0
noisy_ping_pong_002,noisy_ping_pong,29.11667,147.0,-90.0,1,0
noisy_ping_pong_002,noisy_ping_pong,29.13333,145.5,-90.0,1,0
noisy_ping_pong_002,noisy_ping_pong,29.15,144.0,-90.0,1,0
noisy_ping_pong_002,noisy_ping_pong,29.16667,142.5,-90.0,1,0
noisy_ping_pong_002,noisy_ping_pong,29.18333,141.0,-90.0,1,0
noisy_ping_pong_002,noisy_ping_pong,29.2,139.5,-90.0,1,0
noisy_ping_pong_002,noisy_ping_pong,29.21667,138.0,-90.0,1,0
noisy_ping_pong_002,noisy_ping_pong,29.23333,136.5,-90.0,1,0
noisy_ping_pong_002,noisy_ping_pong,29.25,135.0,-90.0,1,0
noisy_ping_pong_002,noisy_ping_pong,29.26667,133.5,-90.0,1,0
noisy_ping_pong_002,noisy_ping_pong,29.28333,132.0,-90.0,1,0
noisy_ping_pong_002,noisy_ping_pong,29.3,130.5,-90.0,1,0
noisy_ping_pong_002,noisy_ping_pong,29.31667,129.0,-90.0,1,0
noisy_ping_pong_002,noisy_ping_pong,29.33333,127.5,-90.0,0,1
noisy_ping_pong_002,noisy_ping_pong,29.35,129.0,90.0,1,0
noisy_ping_pong_002,noisy_ping_pong,29.36667,127.5,-90.0,1,0
noisy_ping_pong_002,noisy_ping_pong,29.38333,126.0,-90.0,1,0
noisy_ping_pong_002,noisy_ping_pong,29.4,124.5,-90.0,1,0
noisy_ping_pong_002,noisy_ping_pong,29.41667,123.0,-90.0,1,0
noisy_ping_pong_002,noisy_ping_pong,29.43333,121.5,-90.0,1,0
noisy_ping_pong_002,noisy_ping_pong,29.45,120.0,-90.0,1,0
noisy_ping_pong_002,noisy_ping_pong,29.46667,118.5,-90.0,1,0
noisy_ping_pong_002,noisy_ping_pong,29.48333,117.0,-90.0,1,0
noisy_ping_pong_002,noisy_ping_pong,29.5,115.5,-90.0,1,0
noisy_ping_pong_002,noisy_ping_pong,29.51667,114.0,-90.0,1,0
noisy_ping_pong_002,noisy_ping_pong,29.53333,112.5,-90.0,1,0
noisy_ping_pong_002,noisy_ping_pong,29.55,111.0,-90.0,1,0
noisy_ping_pong_002,noisy_ping_pong,29.56667,109.5,-90.0,1,0
noisy_ping_pong_002,noisy_ping_pong,29.58333,108.0,-90.0,1,0
noisy_ping_pong_002,noisy_ping_pong,29.6,106.5,-90.0,1,0
noisy_ping_pong_002,noisy_ping_pong,29.61667,105.0,-90.0,1,0
noisy_ping_pong_002,noisy_ping_pong,29.63333,103.5,-90.0,1,0
noisy_ping_pong_002,noisy_ping_pong,29.65,102.0,-90.0,1,0
noisy_ping_pong_002,noisy_ping_pong,29.66667,100.5,-90.0,1,0
noisy_ping_pong_002,noisy_ping_pong,29.68333,99.0,-90.0,1,0
noisy_ping_pong_002,noisy_ping_pong,29.7,97.5,-90.0,1,0
noisy_ping_pong_002,noisy_ping_pong,29.71667,96.0,-90.0,1,0
noisy_ping_pong_002,noisy_ping_pong,29.73333,94.5,-90.0,1,0
noisy_ping_pong_002,noisy_ping_pong,29.75,93.0,-90.0,1,0
noisy_ping_pong_002,noisy_ping_pong,29.76667,91.5,-90.0,1,0
noisy_ping_pong_002,noisy_ping_pong,29.78333,90.0,-90.0,1,0
noisy_ping_pong_002,noisy_ping_pong,29.8,88.5,-90.0,1,0
noisy_ping_pong_002,noisy_ping_pong,29.81667,87.0,-90.0,1,0
noisy_ping_pong_002,noisy_ping_pong,29.83333,85.5,-90.0,1,0
noisy_ping_pong_002,noisy_ping_pong,29.85,84.0,-90.0,1,0
noisy_ping_pong_002,noisy_ping_pong,29.86667,82.5,-90.0,1,0
noisy_ping_pong_002,noisy_ping_pong,29.88333,81.0,-90.0,1,0
noisy_ping_pong_002,noisy_ping_pong,29.9,79.5,-90.0,1,0
noisy_ping_pong_002,noisy_ping_pong,29.91667,78.0,-90.0,1,0
noisy_ping_pong_002,noisy_ping_pong,29.93333,76.5,-90.0,1,0
noisy_ping_pong_002,noisy_ping_pong,29.95,75.0,-90.0,1,0
noisy_ping_pong_002,noisy_ping_pong,29.96667,73.5,-90.0,1,0
noisy_ping_pong_002,noisy_ping_pong,29.98333,72.0,-90.0,1,0
noisy_ping_pong_002,noisy_ping_pong,30.0,70.5,-90.0,1,0
noisy_ping_pong_002,noisy_ping_pong,30.01667,69.0,-90.0,1,0
noisy_ping_pong_002,noisy_ping_pong,30.03333,67.5,-90.0,1,0
noisy_ping_pong_002,noisy_ping_pong,30.05,66.0,-90.0,1,0
noisy_ping_pong_002,noisy_ping_pong,30.06667,64.5,-90.0,1,0
noisy_ping_pong_002,noisy_ping_pong,30.08333,63.0,-90.0,1,0
noisy_ping_pong_002,noisy_ping_pong,30.1,61.5,-90.0,1,0
noisy_ping_pong_002,noisy_ping_pong,30.11667,60.0,-90.0,1,0
noisy_ping_pong_002,noisy_ping_pong,30.13333,58.5,-90.0,1,0
noisy_ping_pong_002,noisy_ping_pong,30.15,57.0,-90.0,1,0
noisy_ping_pong_002,noisy_ping_pong,30.16667,55.5,-90.0,1,0
noisy_ping_pong_002,noisy_ping_pong,30.18333,54.0,-90.0,1,0
noisy_ping_pong_002,noisy_ping_pong,30.2,52.5,-90.0,1,0
noisy_ping_pong_002,noisy_ping_pong,30.21667,51.0,-90.0,1,0
noisy_ping_pong_002,noisy_ping_pong,30.23333,49.5,-90.0,1,0
noisy_ping_pong_002,noisy_ping_pong,30.25,48.0,-90.0,1,0
noisy_ping_pong_002,noisy_ping_pong,30.26667,46.5,-90.0,1,0
noisy_ping_pong_002,noisy_ping_pong,30.28333,45.0,-90.0,1,0
noisy_ping_pong_002,noisy_ping_pong,30.3,43.5,-90.0,1,0
noisy_ping_pong_002,noisy_ping_pong,30.31667,42.0,-90.0,1,0
noisy_ping_pong_002,noisy_ping_pong,30.33333,40.5,-90.0,1,0
noisy_ping_pong_002,noisy_ping_pong,30.35,39.0,-90.0,0,1
noisy_ping_pong_002,noisy_ping_pong,30.36667,40.5,90.0,1,0
noisy_ping_pong_002,noisy_ping_pong,30.38333,39.0,-90.0,1,0
noisy_ping_pong_002,noisy_ping_pong,30.4,37.5,-90.0,0,0
noisy_ping_pong_002,noisy_ping_pong,30.41667,37.5,0.0,1,0
noisy_ping_pong_002,noisy_ping_pong,30.43333,36.0,-90.0,1,0
noisy_ping_pong_002,noisy_ping_pong,30.45,34.5,-90.0,1,0
noisy_ping_pong_002,noisy_ping_pong,30.46667,33.0,-90.0,1,0
noisy_ping_pong_002,noisy_ping_pong,30.48333,31.5,-90.0,1,0
noisy_ping_pong_002,noisy_ping_pong,30.5,30.0,-90.0,1,0
noisy_ping_pong_002,noisy_ping_pong,30.51667,28.5,-90.0,1,0
noisy_ping_pong_002,noisy_ping_pong,30.53333,27.0,-90.0,1,0
noisy_ping_pong_002,noisy_ping_pong,30.55,25.5,-90.0,1,0
noisy_ping_pong_002,noisy_ping_pong,30.56667,24.0,-90.0,1,0
noisy_ping_pong_002,noisy_ping_pong,30.58333,22.5,-90.0,1,0
noisy_ping_pong_002,noisy_ping_pong,30.6,21.0,-90.0,1,0
noisy_ping_pong_002,noisy_ping_pong,30.61667,19.5,-90.0,1,0
noisy_ping_pong_002,noisy_ping_pong,30.63333,18.0,-90.0,1,0
noisy_ping_pong_002,noisy_ping_pong,30.65,16.5,-90.0,1,0
noisy_ping_pong_002,noisy_ping_pong,30.66667,15.0,-90.0,1,0
noisy_ping_pong_002,noisy_ping_pong,30.68333,13.5,-90.0,1,0
noisy_ping_pong_002,noisy_ping_pong,30.7,12.0,-90.0,1,0
noisy_ping_pong_002,noisy_ping_pong,30.71667,10.5,-90.0,1,0
noisy_ping_pong_002,noisy_ping_pong,30.73333,9.0,-90.0,1,0
noisy_ping_pong_002,noisy_ping_pong,30.75,7.5,-90.0,1,0
noisy_ping_pong_002,noisy_ping_pong,30.76667,6.0,-90.0,1,0
noisy_ping_pong_002,noisy_ping_pong,30.78333,4.5,-90.0,1,0
noisy_ping_pong_002,noisy_ping_pong,30.8,3.0,-90.0,0,0
noisy_ping_pong_002,noisy_ping_pong,30.81667,3.0,0.0,0,0
noisy_ping_pong_002,noisy_ping_pong,30.83333,3.0,0.0,0,0
noisy_ping_pong_002,noisy_ping_pong,30.85,3.0,0.0,0,0
noisy_ping_pong_002,noisy_ping_pong,30.86667,3.0,0.0,0,0
noisy_ping_pong_002,noisy_ping_pong,30.88333,3.0,0.0,0,0
noisy_ping_pong_002,noisy_ping_pong,30.9,3.0,0.0,0,0
noisy_ping_pong_002,noisy_ping_pong,30.91667,3.0,0.0,0,0
noisy_ping_pong_002,noisy_ping_pong,30.93333,3.0,0.0,0,0
noisy_ping_pong_002,noisy_ping_pong,30.95,3.0,0.0,0,0
noisy_ping_pong_002,noisy_ping_pong,30.96667,3.0,0.0,0,0
noisy_ping_pong_002,noisy_ping_pong,30.98333,3.0,0.0,0,0
noisy_ping_pong_002,noisy_ping_pong,31.0,3.0,0.0,0,0
noisy_ping_pong_002,noisy_ping_pong,31.01667,3.0,0.0,0,0
noisy_ping_pong_002,noisy_ping_pong,31.03333,3.0,0.0,0,0
noisy_ping_pong_002,noisy_ping_pong,31.05,3.0,0.0,0,0
noisy_ping_pong_002,noisy_ping_pong,31.06667,3.0,0.0,0,0
noisy_ping_pong_002,noisy_ping_pong,31.08333,3.0,0.0,0,0
noisy_ping_pong_002,noisy_ping_pong,31.1,3.0,0.0,0,0
noisy_ping_pong_002,noisy_ping_pong,31.11667,3.0,0.0,0,1
noisy_ping_pong_002,noisy_ping_pong,31.13333,4.5,90.0,0,1
noisy_ping_pong_002,noisy_ping_pong,31.15,6.0,90.0,0,1
noisy_ping_pong_002,noisy_ping_pong,31.16667,7.5,90.0,0,1
noisy_ping_pong_002,noisy_ping_pong,31.18333,9.0,90.0,0,1
noisy_ping_pong_002,noisy_ping_pong,31.2,10.5,90.0,0,1
noisy_ping_pong_002,noisy_ping_pong,31.21667,12.0,90.0,0,1
noisy_ping_pong_002,noisy_ping_pong,31.23333,13.5,90.0,0,1
noisy_ping_pong_002,noisy_ping_pong,31.25,15.0,90.0,0,1
noisy_ping_pong_002,noisy_ping_pong,31.26667,16.5,90.0,0,1
noisy_ping_pong_002,noisy_ping_pong,31.28333,18.0,90.0,0,1
noisy_ping_pong_002,noisy_ping_pong,31.3,19.5,90.0,0,1
noisy_ping_pong_002,noisy_ping_pong,31.31667,21.0,90.0,0,1
noisy_ping_pong_002,noisy_ping_pong,31.33333,22.5,90.0,0,1
noisy_ping_pong_002,noisy_ping_pong,31.35,24.0,90.0,0,1
noisy_ping_pong_002,noisy_ping_pong,31.36667,25.5,90.0,0,1
noisy_ping_pong_002,noisy_ping_pong,31.38333,27.0,90.0,0,1
noisy_ping_pong_002,noisy_ping_pong,31.4,28.5,90.0,0,1
noisy_ping_pong_002,noisy_ping_pong,31.41667,30.0,90.0,0,1
noisy_ping_pong_002,noisy_ping_pong,31.43333,31.5,90.0,0,1
noisy_ping_pong_002,noisy_ping_pong,31.45,33.0,90.0,1,0
noisy_ping_pong_002,noisy_ping_pong,31.46667,31.5,-90.0,0,1
noisy_ping_pong_002,noisy_ping_pong,31.48333,33.0,90.0,0,1
noisy_ping_pong_002,noisy_ping_pong,31.5,34.5,90.0,0,1
noisy_ping_pong_002,noisy_ping_pong,31.51667,36.0,90.0,0,1
noisy_ping_pong_002,noisy_ping_pong,31.53333,37.5,90.0,0,1
noisy_ping_pong_002,noisy_ping_pong,31.55,39.0,90.0,0,1
noisy_ping_pong_002,noisy_ping_pong,31.56667,40.5,90.0,0,1
noisy_ping_pong_002,noisy_ping_pong,31.58333,42.0,90.0,0,1
noisy_ping_pong_002,noisy_ping_pong,31.6,43.5,90.0,0,1
noisy_ping_pong_002,noisy_ping_pong,31.61667,45.0,90.0,0,1
noisy_ping_pong_002,noisy_ping_pong,31.63333,46.5,90.0,0,1
noisy_ping_pong_002,noisy_ping_pong,31.65,48.0,90.0,0,1
noisy_ping_pong_002,noisy_ping_pong,31.66667,49.5,90.0,0,1
noisy_ping_pong_002,noisy_ping_pong,31.68333,51.0,90.0,0,1
noisy_ping_pong_002,noisy_ping_pong,31.7,52.5,90.0,0,1
noisy_ping_pong_002,noisy_ping_pong,31.71667,54.0,90.0,0,1
noisy_ping_pong_002,noisy_ping_pong,31.73333,55.5,90.0,0,1
noisy_ping_pong_002,noisy_ping_pong,31.75,57.0,90.0,0,1
noisy_ping_pong_002,noisy_ping_pong,31.76667,58.5,90.0,0,1
noisy_ping_pong_002,noisy_ping_pong,31.78333,60.0,90.0,0,1
noisy_ping_pong_002,noisy_ping_pong,31.8,61.5,90.0,0,1
noisy_ping_pong_002,noisy_ping_pong,31.81667,63.0,90.0,0,1
noisy_ping_pong_002,noisy_ping_pong,31.83333,64.5,90.0,0,1
noisy_ping_pong_002,noisy_ping_pong,31.85,66.0,90.0,0,1
noisy_ping_pong_002,noisy_ping_pong,31.86667,67.5,90.0,0,1
noisy_ping_pong_002,noisy_ping_pong,31.88333,69.0,90.0,0,1
noisy_ping_pong_002,noisy_ping_pong,31.9,70.5,90.0,0,1
noisy_ping_pong_002,noisy_ping_pong,31.91667,72.0,90.0,0,1
noisy_ping_pong_002,noisy_ping_pong,31.93333,73.5,90.0,0,1
noisy_ping_pong_002,noisy_ping_pong,31.95,75.0,90.0,0,1
noisy_ping_pong_002,noisy_ping_pong,31.96667,76.5,90.0,0,1
noisy_ping_pong_002,noisy_ping_pong,31.98333,78.0,90.0,0,1
noisy_ping_pong_002,noisy_ping_pong,32.0,79.5,90.0,0,1
noisy_ping_pong_002,noisy_ping_pong,32.01667,81.0,90.0,0,1
noisy_ping_pong_002,noisy_ping_pong,32.03333,82.5,90.0,0,1
noisy_ping_pong_002,noisy_ping_pong,32.05,84.0,90.0,0,1
noisy_ping_pong_002,noisy_ping_pong,32.06667,85.5,90.0,0,1
noisy_ping_pong_002,noisy_ping_pong,32.08333,87.0,90.0,0,1
noisy_ping_pong_002,noisy_ping_pong,32.1,88.5,90.0,0,1
noisy_ping_pong_002,noisy_ping_pong,32.11667,90.0,90.0,0,1
noisy_ping_pong_002,noisy_ping_pong,32.13333,91.5,90.0,0,1
noisy_ping_pong_002,noisy_ping_pong,32.15,93.0,90.0,0,1
noisy_ping_pong_002,noisy_ping_pong,32.16667,94.5,90.0,0,1
noisy_ping_pong_002,noisy_ping_pong,32.18333,96.0,90.0,0,1
noisy_ping_pong_002,noisy_ping_pong,32.2,97.5,90.0,0,1
noisy_ping_pong_002,noisy_ping_pong,32.21667,99.0,90.0,0,1
noisy_ping_pong_002,noisy_ping_pong,32.23333,100.5,90.0,0,1
noisy_ping_pong_002,noisy_ping_pong,32.25,102.0,90.0,0,1
noisy_ping_pong_002,noisy_ping_pong,32.26667,103.5,90.0,0,1
noisy_ping_pong_002,noisy_ping_pong,32.28333,105.0,90.0,0,1
noisy_ping_pong_002,noisy_ping_pong,32.3,106.5,90.0,0,1
noisy_ping_pong_002,noisy_ping_pong,32.31667,108.0,90.0,0,0
noisy_ping_pong_002,noisy_ping_pong,32.33333,108.0,0.0,0,1
noisy_ping_pong_002,noisy_ping_pong,32.35,109.5,90.0,0,1
noisy_ping_pong_002,noisy_ping_pong,32.36667,111.0,90.0,0,1
noisy_ping_pong_002,noisy_ping_pong,32.38333,112.5,90.0,0,1
noisy_ping_pong_002,noisy_ping_pong,32.4,114.0,90.0,0,1
noisy_ping_pong_002,noisy_ping_pong,32.41667,115.5,90.0,0,1
noisy_ping_pong_002,noisy_ping_pong,32.43333,117.0,90.0,0,1
noisy_ping_pong_002,noisy_ping_pong,32.45,118.5,90.0,0,1
noisy_ping_pong_002,noisy_ping_pong,32.46667,120.0,90.0,0,1
noisy_ping_pong_002,noisy_ping_pong,32.48333,121.5,90.0,0,1
noisy_ping_pong_002,noisy_ping_pong,32.5,123.0,90.0,0,1
noisy_ping_pong_002,noisy_ping_pong,32.51667,124.5,90.0,0,1
noisy_ping_pong_002,noisy_ping_pong,32.53333,126.0,90.0,0,1
noisy_ping_pong_002,noisy_ping_pong,32.55,127.5,90.0,0,1
noisy_ping_pong_002,noisy_ping_pong,32.56667,129.0,90.0,0,1
noisy_ping_pong_002,noisy_ping_pong,32.58333,130.5,90.0,0,1
noisy_ping_pong_002,noisy_ping_pong,32.6,132.0,90.0,0,1
noisy_ping_pong_002,noisy_ping_pong,32.61667,133.5,90.0,0,1
noisy_ping_pong_002,noisy_ping_pong,32.63333,135.0,90.0,1,0
noisy_ping_pong_002,noisy_ping_pong,32.65,133.5,-90.0,0,1
noisy_ping_pong_002,noisy_ping_pong,32.66667,135.0,90.0,0,1
noisy_ping_pong_002,noisy_ping_pong,32.68333,136.5,90.0,0,1
noisy_ping_pong_002,noisy_ping_pong,32.7,138.0,90.0,0,1
noisy_ping_pong_002,noisy_ping_pong,32.71667,139.5,90.0,0,1
noisy_ping_pong_002,noisy_ping_pong,32.73333,141.0,90.0,0,1
noisy_ping_pong_002,noisy_ping_pong,32.75,142.5,90.0,0,1
noisy_ping_pong_002,noisy_ping_pong,32.76667,144.0,90.0,0,1
noisy_ping_pong_002,noisy_ping_pong,32.78333,145.5,90.0,0,1
noisy_ping_pong_002,noisy_ping_pong,32.8,147.0,90.0,0,1
noisy_ping_pong_002,noisy_ping_pong,32.81667,148.5,90.0,0,1
noisy_ping_pong_002,noisy_ping_pong,32.83333,150.0,90.0,0,1
noisy_ping_pong_002,noisy_ping_pong,32.85,151.5,90.0,0,1
noisy_ping_pong_002,noisy_ping_pong,32.86667,153.0,90.0,0,1
noisy_ping_pong_002,noisy_ping_pong,32.88333,154.5,90.0,0,1
noisy_ping_pong_002,noisy_ping_pong,32.9,156.0,90.0,0,1
noisy_ping_pong_002,noisy_ping_pong,32.91667,157.5,90.0,0,1
noisy_ping_pong_002,noisy_ping_pong,32.93333,159.0,90.0,0,1
noisy_ping_pong_002,noisy_ping_pong,32.95,160.5,90.0,0,1
noisy_ping_pong_002,noisy_ping_pong,32.96667,162.0,90.0,0,1
noisy_ping_pong_002,noisy_ping_pong,32.98333,163.5,90.0,0,1
noisy_ping_pong_002,noisy_ping_pong,33.0,165.0,90.0,0,1
noisy_ping_pong_002,noisy_ping_pong,33.01667,166.5,90.0,0,1
noisy_ping_pong_002,noisy_ping_pong,33.03333,168.0,90.0,0,1
noisy_ping_pong_002,noisy_ping_pong,33.05,169.5,90.0,0,1
noisy_ping_pong_002,noisy_ping_pong,33.06667,171.0,90.0,0,1
noisy_ping_pong_002,noisy_ping_pong,33.08333,172.5,90.0,0,1
noisy_ping_pong_002,noisy_ping_pong,33.1,174.0,90.0,0,0
noisy_ping_pong_002,noisy_ping_pong,33.11667,174.0,0.0,0,1
noisy_ping_pong_002,noisy_ping_pong,33.13333,175.5,90.0,0,1
noisy_ping_pong_002,noisy_ping_pong,33.15,177.0,90.0,0,1
noisy_ping_pong_002,noisy_ping_pong,33.16667,178.5,90.0,0,1
noisy_ping_pong_002,noisy_ping_pong,33.18333,180.0,90.0,0,1
noisy_ping_pong_002,noisy_ping_pong,33.2,181.5,90.0,0,1
noisy_ping_pong_002,noisy_ping_pong,33.21667,183.0,90.0,0,1
noisy_ping_pong_002,noisy_ping_pong,33.23333,184.5,90.0,0,1
noisy_ping_pong_002,noisy_ping_pong,33.25,186.0,90.0,0,1
noisy_ping_pong_002,noisy_ping_pong,33.26667,187.5,90.0,0,1
noisy_ping_pong_002,noisy_ping_pong,33.28333,189.0,90.0,0,1
noisy_ping_pong_002,noisy_ping_pong,33.3,190.5,90.0,0,1
noisy_ping_pong_002,noisy_ping_pong,33.31667,192.0,90.0,0,1
noisy_ping_pong_002,noisy_ping_pong,33.33333,193.5,90.0,0,1
noisy_ping_pong_002,noisy_ping_pong,33.35,195.0,90.0,0,1
noisy_ping_pong_002,noisy_ping_pong,33.36667,196.5,90.0,0,1
noisy_ping_pong_002,noisy_ping_pong,33.38333,198.0,90.0,0,1
noisy_ping_pong_002,noisy_ping_pong,33.4,199.5,90.0,0,1
noisy_ping_pong_002,noisy_ping_pong,33.41667,201.0,90.0,0,0
noisy_ping_pong_002,noisy_ping_pong,33.43333,201.0,0.0,0,0
noisy_ping_pong_002,noisy_ping_pong,33.45,201.0,0.0,0,0
noisy_ping_pong_002,noisy_ping_pong,33.46667,201.0,0.0,0,0
noisy_ping_pong_002,noisy_ping_pong,33.48333,201.0,0.0,0,0
noisy_ping_pong_002,noisy_ping_pong,33.5,201.0,0.0,0,0
noisy_ping_pong_002,noisy_ping_pong,33.51667,201.0,0.0,0,0
noisy_ping_pong_002,noisy_ping_pong,33.53333,201.0,0.0,0,0
noisy_ping_pong_002,noisy_ping_pong,33.55,201.0,0.0,0,0
noisy_ping_pong_002,noisy_ping_pong,33.56667,201.0,0.0,0,0
noisy_ping_pong_002,noisy_ping_pong,33.58333,201.0,0.0,0,0
noisy_ping_pong_002,noisy_ping_pong,33.6,201.0,0.0,0,0
noisy_ping_pong_002,noisy_ping_pong,33.61667,201.0,0.0,0,0
noisy_ping_pong_002,noisy_ping_pong,33.63333,201.0,0.0,0,0
noisy_ping_pong_002,noisy_ping_pong,33.65,201.0,0.0,1,0
noisy_ping_pong_002,noisy_ping_pong,33.66667,199.5,-90.0,0,0
noisy_ping_pong_002,noisy_ping_pong,33.68333,199.5,0.0,0,0
noisy_ping_pong_002,noisy_ping_pong,33.7,199.5,0.0,0,0
noisy_ping_pong_002,noisy_ping_pong,33.71667,199.5,0.0,0,0
noisy_ping_pong_002,noisy_ping_pong,33.73333,199.5,0.0,0,1
noisy_ping_pong_002,noisy_ping_pong,33.75,201.0,90.0,1,0
noisy_ping_pong_002,noisy_ping_pong,33.76667,199.5,-90.0,1,0
noisy_ping_pong_002,noisy_ping_pong,33.78333,198.0,-90.0,1,0
noisy_ping_pong_002,noisy_ping_pong,33.8,196.5,-90.0,1,0
noisy_ping_pong_002,noisy_ping_pong,33.81667,195.0,-90.0,1,0
noisy_ping_pong_002,noisy_ping_pong,33.83333,193.5,-90.0,1,0
noisy_ping_pong_002,noisy_ping_pong,33.85,192.0,-90.0,1,0
noisy_ping_pong_002,noisy_ping_pong,33.86667,190.5,-90.0,1,0
noisy_ping_pong_002,noisy_ping_pong,33.88333,189.0,-90.0,1,0
noisy_ping_pong_002,noisy_ping_pong,33.9,187.5,-90.0,1,0
noisy_ping_pong_002,noisy_ping_pong,33.91667,186.0,-90.0,1,0
noisy_ping_pong_002,noisy_ping_pong,33.93333,184.5,-90.0,1,0
noisy_ping_pong_002,noisy_ping_pong,33.95,183.0,-90.0,1,0
noisy_ping_pong_002,noisy_ping_pong,33.96667,181.5,-90.0,1,0
noisy_ping_pong_002,noisy_ping_pong,33.98333,180.0,-90.0,1,0
noisy_ping_pong_002,noisy_ping_pong,34.0,178.5,-90.0,1,0
noisy_ping_pong_002,noisy_ping_pong,34.01667,177.0,-90.0,1,0
noisy_ping_pong_002,noisy_ping_pong,34.03333,175.5,-90.0,1,0
noisy_ping_pong_002,noisy_ping_pong,34.05,174.0,-90.0,1,0
noisy_ping_pong_002,noisy_ping_pong,34.06667,172.5,-90.0,1,0
noisy_ping_pong_002,noisy_ping_pong,34.08333,171.0,-90.0,1,0
noisy_ping_pong_002,noisy_ping_pong,34.1,169.5,-90.0,1,0
noisy_ping_pong_002,noisy_ping_pong,34.11667,168.0,-90.0,1,0
noisy_ping_pong_002,noisy_ping_pong,34.13333,166.5,-90.0,1,0
noisy_ping_pong_002,noisy_ping_pong,34.15,165.0,-90.0,1,0
noisy_ping_pong_002,noisy_ping_pong,34.16667,163.5,-90.0,1,0
noisy_ping_pong_002,noisy_ping_pong,34.18333,162.0,-90.0,1,0
