session_id,pattern,t,x,vx,input_left,input_right
step_and_pause_003,step_and_pause,0.0,112.543,0.0,0,1
step_and_pause_003,step_and_pause,0.01667,114.043,90.0,0,1
step_and_pause_003,step_and_pause,0.03333,115.543,90.0,0,1
step_and_pause_003,step_and_pause,0.05,117.043,90.0,0,1
step_and_pause_003,step_and_pause,0.06667,118.543,90.0,0,1
step_and_pause_003,step_and_pause,0.08333,120.043,90.0,0,1
step_and_pause_003,step_and_pause,0.1,121.543,90.0,0,1
step_and_pause_003,step_and_pause,0.11667,123.043,90.0,0,1
step_and_pause_003,step_and_pause,0.13333,124.543,90.0,0,1
step_and_pause_003,step_and_pause,0.15,126.043,90.0,0,1
step_and_pause_003,step_and_pause,0.16667,127.543,90.0,0,1
step_and_pause_003,step_and_pause,0.18333,129.043,90.0,0,1
step_and_pause_003,step_and_pause,0.2,130.543,90.0,0,1
step_and_pause_003,step_and_pause,0.21667,132.043,90.0,0,1
step_and_pause_003,step_and_pause,0.23333,133.543,90.0,0,1
step_and_pause_003,step_and_pause,0.25,135.043,90.0,0,1
step_and_pause_003,step_and_pause,0.26667,136.543,90.0,0,1
step_and_pause_003,step_and_pause,0.28333,138.043,90.0,0,1
step_and_pause_003,step_and_pause,0.3,139.543,90.0,0,1
step_and_pause_003,step_and_pause,0.31667,141.043,90.0,1,0
step_and_pause_003,step_and_pause,0.33333,139.543,-90.0,1,0
step_and_pause_003,step_and_pause,0.35,138.043,-90.0,1,0
step_and_pause_003,step_and_pause,0.36667,136.543,-90.0,1,0
step_and_pause_003,step_and_pause,0.38333,135.043,-90.0,1,0
step_and_pause_003,step_and_pause,0.4,133.543,-90.0,1,0
step_and_pause_003,step_and_pause,0.41667,132.043,-90.0,1,0
step_and_pause_003,step_and_pause,0.43333,130.543,-90.0,1,0
step_and_pause_003,step_and_pause,0.45,129.043,-90.0,1,0
step_and_pause_003,step_and_pause,0.46667,127.543,-90.0,1,0
step_and_pause_003,step_and_pause,0.48333,126.043,-90.0,1,0
step_and_pause_003,step_and_pause,0.5,124.543,-90.0,1,0
step_and_pause_003,step_and_pause,0.51667,123.043,-90.0,1,0
step_and_pause_003,step_and_pause,0.53333,121.543,-90.0,1,0
step_and_pause_003,step_and_pause,0.55,120.043,-90.0,1,0
step_and_pause_003,step_and_pause,0.56667,118.543,-90.0,1,0
step_and_pause_003,step_and_pause,0.58333,117.043,-90.0,1,0
step_and_pause_003,step_and_pause,0.6,115.543,-90.0,1,0
step_and_pause_003,step_and_pause,0.61667,114.043,-90.0,1,0
step_and_pause_003,step_and_pause,0.63333,112.543,-90.0,1,0
step_and_pause_003,step_and_pause,0.65,111.043,-90.0,1,0
step_and_pause_003,step_and_pause,0.66667,109.543,-90.0,1,0
step_and_pause_003,step_and_pause,0.68333,108.043,-90.0,1,0
step_and_pause_003,step_and_pause,0.7,106.543,-90.0,1,0
step_and_pause_003,step_and_pause,0.71667,105.043,-90.0,1,0
step_and_pause_003,step_and_pause,0.73333,103.543,-90.0,1,0
step_and_pause_003,step_and_pause,0.75,102.043,-90.0,1,0
step_and_pause_003,step_and_pause,0.76667,100.543,-90.0,1,0
step_and_pause_003,step_and_pause,0.78333,99.043,-90.0,1,0
step_and_pause_003,step_and_pause,0.8,97.543,-90.0,1,0
step_and_pause_003,step_and_pause,0.81667,96.043,-90.0,1,0
step_and_pause_003,step_and_pause,0.83333,94.543,-90.0,1,0
step_and_pause_003,step_and_pause,0.85,93.043,-90.0,1,0
step_and_pause_003,step_and_pause,0.86667,91.543,-90.0,1,0
step_and_pause_003,step_and_pause,0.88333,90.043,-90.0,1,0
step_and_pause_003,step_and_pause,0.9,88.543,-90.0,1,0
step_and_pause_003,step_and_pause,0.91667,87.043,-90.0,1,0
step_and_pause_003,step_and_pause,0.93333,85.543,-90.0,1,0
step_and_pause_003,step_and_pause,0.95,84.043,-90.0,1,0
step_and_pause_003,step_and_pause,0.96667,82.543,-90.0,1,0
step_and_pause_003,step_and_pause,0.98333,81.043,-90.0,1,0
step_and_pause_003,step_and_pause,1.0,79.543,-90.0,1,0
step_and_pause_003,step_and_pause,1.01667,78.043,-90.0,1,0
step_and_pause_003,step_and_pause,1.03333,76.543,-90.0,1,0
step_and_pause_003,step_and_pause,1.05,75.043,-90.0,1,0
step_and_pause_003,step_and_pause,1.06667,73.543,-90.0,1,0
step_and_pause_003,step_and_pause,1.08333,72.043,-90.0,1,0
step_and_pause_003,step_and_pause,1.1,70.543,-90.0,1,0
step_and_pause_003,step_and_pause,1.11667,69.043,-90.0,1,0
step_and_pause_003,step_and_pause,1.13333,67.543,-90.0,1,0
step_and_pause_003,step_and_pause,1.15,66.043,-90.0,1,0
step_and_pause_003,step_and_pause,1.16667,64.543,-90.0,1,0
step_and_pause_003,step_and_pause,1.18333,63.043,-90.0,1,0
step_and_pause_003,step_and_pause,1.2,61.543,-90.0,1,0
step_and_pause_003,step_and_pause,1.21667,60.043,-90.0,1,0
step_and_pause_003,step_and_pause,1.23333,58.543,-90.0,1,0
step_and_pause_003,step_and_pause,1.25,57.043,-90.0,1,0
step_and_pause_003,step_and_pause,1.26667,55.543,-90.0,1,0
step_and_pause_003,step_and_pause,1.28333,54.043,-90.0,1,0
step_and_pause_003,step_and_pause,1.3,52.543,-90.0,1,0
step_and_pause_003,step_and_pause,1.31667,51.043,-90.0,1,0
step_and_pause_003,step_and_pause,1.33333,49.543,-90.0,1,0
step_and_pause_003,step_and_pause,1.35,48.043,-90.0,1,0
step_and_pause_003,step_and_pause,1.36667,46.543,-90.0,1,0
step_and_pause_003,step_and_pause,1.38333,45.043,-90.0,1,0
step_and_pause_003,step_and_pause,1.4,43.543,-90.0,1,0
step_and_pause_003,step_and_pause,1.41667,42.043,-90.0,1,0
step_and_pause_003,step_and_pause,1.43333,40.543,-90.0,1,0
step_and_pause_003,step_and_pause,1.45,39.043,-90.0,1,0
step_and_pause_003,step_and_pause,1.46667,37.543,-90.0,1,0
step_and_pause_003,step_and_pause,1.48333,36.043,-90.0,1,0
step_and_pause_003,step_and_pause,1.5,34.543,-90.0,1,0
step_and_pause_003,step_and_pause,1.51667,33.043,-90.0,1,0
step_and_pause_003,step_and_pause,1.53333,31.543,-90.0,1,0
step_and_pause_003,step_and_pause,1.55,30.043,-90.0,1,0
step_and_pause_003,step_and_pause,1.56667,28.543,-90.0,1,0
step_and_pause_003,step_and_pause,1.58333,27.043,-90.0,1,0
step_and_pause_003,step_and_pause,1.6,25.543,-90.0,1,0
step_and_pause_003,step_and_pause,1.61667,24.043,-90.0,1,0
step_and_pause_003,step_and_pause,1.63333,22.543,-90.0,1,0
step_and_pause_003,step_and_pause,1.65,21.043,-90.0,1,0
step_and_pause_003,step_and_pause,1.66667,19.543,-90.0,1,0
step_and_pause_003,step_and_pause,1.68333,18.043,-90.0,0,0
step_and_pause_003,step_and_pause,1.7,18.043,0.0,0,0
step_and_pause_003,step_and_pause,1.71667,18.043,0.0,0,0
step_and_pause_003,step_and_pause,1.73333,18.043,0.0,0,0
step_and_pause_003,step_and_pause,1.75,18.043,0.0,0,0
step_and_pause_003,step_and_pause,1.76667,18.043,0.0,0,0
step_and_pause_003,step_and_pause,1.78333,18.043,0.0,0,0
step_and_pause_003,step_and_pause,1.8,18.043,0.0,0,0
step_and_pause_003,step_and_pause,1.81667,18.043,0.0,0,0
step_and_pause_003,step_and_pause,1.83333,18.043,0.0,0,0
step_and_pause_003,step_and_pause,1.85,18.043,0.0,0,0
step_and_pause_003,step_and_pause,1.86667,18.043,0.0,0,0
step_and_pause_003,step_and_pause,1.88333,18.043,0.0,0,0
step_and_pause_003,step_and_pause,1.9,18.043,0.0,0,0
step_and_pause_003,step_and_pause,1.91667,18.043,0.0,0,0
step_and_pause_003,step_and_pause,1.93333,18.043,0.0,0,0
step_and_pause_003,step_and_pause,1.95,18.043,0.0,0,0
step_and_pause_003,step_and_pause,1.96667,18.043,0.0,0,0
step_and_pause_003,step_and_pause,1.98333,18.043,0.0,0,0
step_and_pause_003,step_and_pause,2.0,18.043,0.0,0,0
step_and_pause_003,step_and_pause,2.01667,18.043,0.0,0,0
step_and_pause_003,step_and_pause,2.03333,18.043,0.0,0,0
step_and_pause_003,step_and_pause,2.05,18.043,0.0,0,0
step_and_pause_003,step_and_pause,2.06667,18.043,0.0,0,0
step_and_pause_003,step_and_pause,2.08333,18.043,0.0,0,0
step_and_pause_003,step_and_pause,2.1,18.043,0.0,0,0
step_and_pause_003,step_and_pause,2.11667,18.043,0.0,0,0
step_and_pause_003,step_and_pause,2.13333,18.043,0.0,0,0
step_and_pause_003,step_and_pause,2.15,18.043,0.0,0,0
step_and_pause_003,step_and_pause,2.16667,18.043,0.0,0,0
step_and_pause_003,step_and_pause,2.18333,18.043,0.0,0,0
step_and_pause_003,step_and_pause,2.2,18.043,0.0,0,0
step_and_pause_003,step_and_pause,2.21667,18.043,0.0,0,0
step_and_pause_003,step_and_pause,2.23333,18.043,0.0,0,0
step_and_pause_003,step_and_pause,2.25,18.043,0.0,0,0
step_and_pause_003,step_and_pause,2.26667,18.043,0.0,0,0
step_and_pause_003,step_and_pause,2.28333,18.043,0.0,0,0
step_and_pause_003,step_and_pause,2.3,18.043,0.0,0,0
step_and_pause_003,step_and_pause,2.31667,18.043,0.0,0,0
step_and_pause_003,step_and_pause,2.33333,18.043,0.0,0,0
step_and_pause_003,step_and_pause,2.35,18.043,0.0,0,0
step_and_pause_003,step_and_pause,2.36667,18.043,0.0,0,0
step_and_pause_003,step_and_pause,2.38333,18.043,0.0,0,0
step_and_pause_003,step_and_pause,2.4,18.043,0.0,0,0
step_and_pause_003,step_and_pause,2.41667,18.043,0.0,0,0
step_and_pause_003,step_and_pause,2.43333,18.043,0.0,0,0
step_and_pause_003,step_and_pause,2.45,18.043,0.0,0,0
step_and_pause_003,step_and_pause,2.46667,18.043,0.0,0,0
step_and_pause_003,step_and_pause,2.48333,18.043,0.0,0,0
step_and_pause_003,step_and_pause,2.5,18.043,0.0,0,0
step_and_pause_003,step_and_pause,2.51667,18.043,0.0,0,0
step_and_pause_003,step_and_pause,2.53333,18.043,0.0,0,0
step_and_pause_003,step_and_pause,2.55,18.043,0.0,0,0
step_and_pause_003,step_and_pause,2.56667,18.043,0.0,0,0
step_and_pause_003,step_and_pause,2.58333,18.043,0.0,0,0
step_and_pause_003,step_and_pause,2.6,18.043,0.0,0,0
step_and_pause_003,step_and_pause,2.61667,18.043,0.0,0,0
step_and_pause_003,step_and_pause,2.63333,18.043,0.0,0,0
step_and_pause_003,step_and_pause,2.65,18.043,0.0,0,0
step_and_pause_003,step_and_pause,2.66667,18.043,0.0,0,0
step_and_pause_003,step_and_pause,2.68333,18.043,0.0,0,0
step_and_pause_003,step_and_pause,2.7,18.043,0.0,0,0
step_and_pause_003,step_and_pause,2.71667,18.043,0.0,0,0
step_and_pause_003,step_and_pause,2.73333,18.043,0.0,0,0
step_and_pause_003,step_and_pause,2.75,18.043,0.0,0,0
step_and_pause_003,step_and_pause,2.76667,18.043,0.0,0,0
step_and_pause_003,step_and_pause,2.78333,18.043,0.0,0,0
step_and_pause_003,step_and_pause,2.8,18.043,0.0,0,0
step_and_pause_003,step_and_pause,2.81667,18.043,0.0,0,0
step_and_pause_003,step_and_pause,2.83333,18.043,0.0,0,0
step_and_pause_003,step_and_pause,2.85,18.043,0.0,0,0
step_and_pause_003,step_and_pause,2.86667,18.043,0.0,0,0
step_and_pause_003,step_and_pause,2.88333,18.043,0.0,0,0
step_and_pause_003,step_and_pause,2.9,18.043,0.0,0,0
step_and_pause_003,step_and_pause,2.91667,18.043,0.0,0,0
step_and_pause_003,step_and_pause,2.93333,18.043,0.0,0,0
step_and_pause_003,step_and_pause,2.95,18.043,0.0,0,0
step_and_pause_003,step_and_pause,2.96667,18.043,0.0,0,0
step_and_pause_003,step_and_pause,2.98333,18.043,0.0,0,0
step_and_pause_003,step_and_pause,3.0,18.043,0.0,1,0
step_and_pause_003,step_and_pause,3.01667,16.543,-90.0,1,0
step_and_pause_003,step_and_pause,3.03333,15.043,-90.0,1,0
step_and_pause_003,step_and_pause,3.05,13.543,-90.0,1,0
step_and_pause_003,step_and_pause,3.06667,12.043,-90.0,1,0
step_and_pause_003,step_and_pause,3.08333,10.543,-90.0,1,0
step_and_pause_003,step_and_pause,3.1,9.043,-90.0,1,0
step_and_pause_003,step_and_pause,3.11667,7.543,-90.0,1,0
step_and_pause_003,step_and_pause,3.13333,6.043,-90.0,1,0
step_and_pause_003,step_and_pause,3.15,4.543,-90.0,1,0
step_and_pause_003,step_and_pause,3.16667,3.043,-90.0,1,0
step_and_pause_003,step_and_pause,3.18333,1.543,-90.0,1,0
step_and_pause_003,step_and_pause,3.2,0.043,-90.0,0,0
step_and_pause_003,step_and_pause,3.21667,0.043,0.0,0,0
step_and_pause_003,step_and_pause,3.23333,0.043,0.0,0,0
step_and_pause_003,step_and_pause,3.25,0.043,0.0,0,0
step_and_pause_003,step_and_pause,3.26667,0.043,0.0,0,0
step_and_pause_003,step_and_pause,3.28333,0.043,0.0,0,0
step_and_pause_003,step_and_pause,3.3,0.043,0.0,0,0
step_and_pause_003,step_and_pause,3.31667,0.043,0.0,0,0
step_and_pause_003,step_and_pause,3.33333,0.043,0.0,0,0
step_and_pause_003,step_and_pause,3.35,0.043,0.0,0,0
step_and_pause_003,step_and_pause,3.36667,0.043,0.0,0,0
step_and_pause_003,step_and_pause,3.38333,0.043,0.0,0,0
step_and_pause_003,step_and_pause,3.4,0.043,0.0,0,0
step_and_pause_003,step_and_pause,3.41667,0.043,0.0,0,0
step_and_pause_003,step_and_pause,3.43333,0.043,0.0,0,0
step_and_pause_003,step_and_pause,3.45,0.043,0.0,0,0
step_and_pause_003,step_and_pause,3.46667,0.043,0.0,0,0
step_and_pause_003,step_and_pause,3.48333,0.043,0.0,0,0
step_and_pause_003,step_and_pause,3.5,0.043,0.0,0,0
step_and_pause_003,step_and_pause,3.51667,0.043,0.0,0,0
step_and_pause_003,step_and_pause,3.53333,0.043,0.0,0,0
step_and_pause_003,step_and_pause,3.55,0.043,0.0,0,0
step_and_pause_003,step_and_pause,3.56667,0.043,0.0,0,0
step_and_pause_003,step_and_pause,3.58333,0.043,0.0,0,0
step_and_pause_003,step_and_pause,3.6,0.043,0.0,0,0
step_and_pause_003,step_and_pause,3.61667,0.043,0.0,0,0
step_and_pause_003,step_and_pause,3.63333,0.043,0.0,0,0
step_and_pause_003,step_and_pause,3.65,0.043,0.0,0,0
step_and_pause_003,step_and_pause,3.66667,0.043,0.0,0,0
step_and_pause_003,step_and_pause,3.68333,0.043,0.0,0,0
step_and_pause_003,step_and_pause,3.7,0.043,0.0,0,0
step_and_pause_003,step_and_pause,3.71667,0.043,0.0,0,0
step_and_pause_003,step_and_pause,3.73333,0.043,0.0,0,0
step_and_pause_003,step_and_pause,3.75,0.043,0.0,0,0
step_and_pause_003,step_and_pause,3.76667,0.043,0.0,0,0
step_and_pause_003,step_and_pause,3.78333,0.043,0.0,0,0
step_and_pause_003,step_and_pause,3.8,0.043,0.0,0,0
step_and_pause_003,step_and_pause,3.81667,0.043,0.0,0,0
step_and_pause_003,step_and_pause,3.83333,0.043,0.0,0,0
step_and_pause_003,step_and_pause,3.85,0.043,0.0,0,0
step_and_pause_003,step_and_pause,3.86667,0.043,0.0,0,0
step_and_pause_003,step_and_pause,3.88333,0.043,0.0,0,0
step_and_pause_003,step_and_pause,3.9,0.043,0.0,0,0
step_and_pause_003,step_and_pause,3.91667,0.043,0.0,0,0
step_and_pause_003,step_and_pause,3.93333,0.043,0.0,0,0
step_and_pause_003,step_and_pause,3.95,0.043,0.0,0,0
step_and_pause_003,step_and_pause,3.96667,0.043,0.0,0,0
step_and_pause_003,step_and_pause,3.98333,0.043,0.0,0,0
step_and_pause_003,step_and_pause,4.0,0.043,0.0,0,0
step_and_pause_003,step_and_pause,4.01667,0.043,0.0,0,0
step_and_pause_003,step_and_pause,4.03333,0.043,0.0,0,0
step_and_pause_003,step_and_pause,4.05,0.043,0.0,0,0
step_and_pause_003,step_and_pause,4.06667,0.043,0.0,0,0
step_and_pause_003,step_and_pause,4.08333,0.043,0.0,0,0
step_and_pause_003,step_and_pause,4.1,0.043,0.0,0,0
step_and_pause_003,step_and_pause,4.11667,0.043,0.0,0,0
step_and_pause_003,step_and_pause,4.13333,0.043,0.0,0,0
step_and_pause_003,step_and_pause,4.15,0.043,0.0,0,0
step_and_pause_003,step_and_pause,4.16667,0.043,0.0,0,0
step_and_pause_003,step_and_pause,4.18333,0.043,0.0,0,0
step_and_pause_003,step_and_pause,4.2,0.043,0.0,0,0
step_and_pause_003,step_and_pause,4.21667,0.043,0.0,0,0
step_and_pause_003,step_and_pause,4.23333,0.043,0.0,0,0
step_and_pause_003,step_and_pause,4.25,0.043,0.0,0,0
step_and_pause_003,step_and_pause,4.26667,0.043,0.0,0,0
step_and_pause_003,step_and_pause,4.28333,0.043,0.0,0,0
step_and_pause_003,step_and_pause,4.3,0.043,0.0,0,0
step_and_pause_003,step_and_pause,4.31667,0.043,0.0,0,0
step_and_pause_003,step_and_pause,4.33333,0.043,0.0,0,0
step_and_pause_003,step_and_pause,4.35,0.043,0.0,0,0
step_and_pause_003,step_and_pause,4.36667,0.043,0.0,0,0
step_and_pause_003,step_and_pause,4.38333,0.043,0.0,0,0
step_and_pause_003,step_and_pause,4.4,0.043,0.0,0,0
step_and_pause_003,step_and_pause,4.41667,0.043,0.0,0,0
step_and_pause_003,step_and_pause,4.43333,0.043,0.0,0,0
step_and_pause_003,step_and_pause,4.45,0.043,0.0,0,0
step_and_pause_003,step_and_pause,4.46667,0.043,0.0,0,0
step_and_pause_003,step_and_pause,4.48333,0.043,0.0,0,0
step_and_pause_003,step_and_pause,4.5,0.043,0.0,0,0
step_and_pause_003,step_and_pause,4.51667,0.043,0.0,0,0
step_and_pause_003,step_and_pause,4.53333,0.043,0.0,0,0
step_and_pause_003,step_and_pause,4.55,0.043,0.0,0,0
step_and_pause_003,step_and_pause,4.56667,0.043,0.0,0,0
step_and_pause_003,step_and_pause,4.58333,0.043,0.0,0,0
step_and_pause_003,step_and_pause,4.6,0.043,0.0,0,0
step_and_pause_003,step_and_pause,4.61667,0.043,0.0,0,0
step_and_pause_003,step_and_pause,4.63333,0.043,0.0,0,0
step_and_pause_003,step_and_pause,4.65,0.043,0.0,0,0
step_and_pause_003,step_and_pause,4.66667,0.043,0.0,0,0
step_and_pause_003,step_and_pause,4.68333,0.043,0.0,0,0
step_and_pause_003,step_and_pause,4.7,0.043,0.0,0,0
step_and_pause_003,step_and_pause,4.71667,0.043,0.0,0,0
step_and_pause_003,step_and_pause,4.73333,0.043,0.0,0,0
step_and_pause_003,step_and_pause,4.75,0.043,0.0,0,0
step_and_pause_003,step_and_pause,4.76667,0.043,0.0,0,0
step_and_pause_003,step_and_pause,4.78333,0.043,0.0,0,0
step_and_pause_003,step_and_pause,4.8,0.043,0.0,0,0
step_and_pause_003,step_and_pause,4.81667,0.043,0.0,0,0
step_and_pause_003,step_and_pause,4.83333,0.043,0.0,0,0
step_and_pause_003,step_and_pause,4.85,0.043,0.0,0,0
step_and_pause_003,step_and_pause,4.86667,0.043,0.0,0,0
step_and_pause_003,step_and_pause,4.88333,0.043,0.0,0,0
step_and_pause_003,step_and_pause,4.9,0.043,0.0,0,0
step_and_pause_003,step_and_pause,4.91667,0.043,0.0,0,0
step_and_pause_003,step_and_pause,4.93333,0.043,0.0,0,0
step_and_pause_003,step_and_pause,4.95,0.043,0.0,0,0
step_and_pause_003,step_and_pause,4.96667,0.043,0.0,0,0
step_and_pause_003,step_and_pause,4.98333,0.043,0.0,0,0
step_and_pause_003,step_and_pause,5.0,0.043,0.0,0,0
step_and_pause_003,step_and_pause,5.01667,0.043,0.0,0,0
step_and_pause_003,step_and_pause,5.03333,0.043,0.0,0,0
step_and_pause_003,step_and_pause,5.05,0.043,0.0,0,0
step_and_pause_003,step_and_pause,5.06667,0.043,0.0,0,0
step_and_pause_003,step_and_pause,5.08333,0.043,0.0,0,0
step_and_pause_003,step_and_pause,5.1,0.043,0.0,0,0
step_and_pause_003,step_and_pause,5.11667,0.043,0.0,0,0
step_and_pause_003,step_and_pause,5.13333,0.043,0.0,0,0
step_and_pause_003,step_and_pause,5.15,0.043,0.0,0,0
step_and_pause_003,step_and_pause,5.16667,0.043,0.0,0,0
step_and_pause_003,step_and_pause,5.18333,0.043,0.0,0,0
step_and_pause_003,step_and_pause,5.2,0.043,0.0,0,0
step_and_pause_003,step_and_pause,5.21667,0.043,0.0,0,0
step_and_pause_003,step_and_pause,5.23333,0.043,0.0,0,0
step_and_pause_003,step_and_pause,5.25,0.043,0.0,0,0
step_and_pause_003,step_and_pause,5.26667,0.043,0.0,0,0
step_and_pause_003,step_and_pause,5.28333,0.043,0.0,0,0
step_and_pause_003,step_and_pause,5.3,0.043,0.0,0,0
step_and_pause_003,step_and_pause,5.31667,0.043,0.0,0,0
step_and_pause_003,step_and_pause,5.33333,0.043,0.0,0,0
step_and_pause_003,step_and_pause,5.35,0.043,0.0,0,0
step_and_pause_003,step_and_pause,5.36667,0.043,0.0,0,0
step_and_pause_003,step_and_pause,5.38333,0.043,0.0,0,0
step_and_pause_003,step_and_pause,5.4,0.043,0.0,0,0
step_and_pause_003,step_and_pause,5.41667,0.043,0.0,0,0
step_and_pause_003,step_and_pause,5.43333,0.043,0.0,0,0
step_and_pause_003,step_and_pause,5.45,0.043,0.0,0,0
step_and_pause_003,step_and_pause,5.46667,0.043,0.0,0,0
step_and_pause_003,step_and_pause,5.48333,0.043,0.0,0,0
step_and_pause_003,step_and_pause,5.5,0.043,0.0,0,0
step_and_pause_003,step_and_pause,5.51667,0.043,0.0,0,0
step_and_pause_003,step_and_pause,5.53333,0.043,0.0,0,0
step_and_pause_003,step_and_pause,5.55,0.043,0.0,0,0
step_and_pause_003,step_and_pause,5.56667,0.043,0.0,0,0
step_and_pause_003,step_and_pause,5.58333,0.043,0.0,0,0
step_and_pause_003,step_and_pause,5.6,0.043,0.0,0,0
step_and_pause_003,step_and_pause,5.61667,0.043,0.0,0,0
step_and_pause_003,step_and_pause,5.63333,0.043,0.0,0,0
step_and_pause_003,step_and_pause,5.65,0.043,0.0,0,0
step_and_pause_003,step_and_pause,5.66667,0.043,0.0,0,0
step_and_pause_003,step_and_pause,5.68333,0.043,0.0,0,0
step_and_pause_003,step_and_pause,5.7,0.043,0.0,0,0
step_and_pause_003,step_and_pause,5.71667,0.043,0.0,0,0
step_and_pause_003,step_and_pause,5.73333,0.043,0.0,0,0
step_and_pause_003,step_and_pause,5.75,0.043,0.0,0,0
step_and_pause_003,step_and_pause,5.76667,0.043,0.0,0,0
step_and_pause_003,step_and_pause,5.78333,0.043,0.0,0,0
step_and_pause_003,step_and_pause,5.8,0.043,0.0,0,0
step_and_pause_003,step_and_pause,5.81667,0.043,0.0,0,0
step_and_pause_003,step_and_pause,5.83333,0.043,0.0,0,0
step_and_pause_003,step_and_pause,5.85,0.043,0.0,0,0
step_and_pause_003,step_and_pause,5.86667,0.043,0.0,0,0
step_and_pause_003,step_and_pause,5.88333,0.043,0.0,0,0
step_and_pause_003,step_and_pause,5.9,0.043,0.0,0,0
step_and_pause_003,step_and_pause,5.91667,0.043,0.0,0,0
step_and_pause_003,step_and_pause,5.93333,0.043,0.0,0,0
step_and_pause_003,step_and_pause,5.95,0.043,0.0,0,0
step_and_pause_003,step_and_pause,5.96667,0.043,0.0,0,0
step_and_pause_003,step_and_pause,5.98333,0.043,0.0,0,0
step_and_pause_003,step_and_pause,6.0,0.043,0.0,0,0
step_and_pause_003,step_and_pause,6.01667,0.043,0.0,0,0
step_and_pause_003,step_and_pause,6.03333,0.043,0.0,0,0
step_and_pause_003,step_and_pause,6.05,0.043,0.0,0,0
step_and_pause_003,step_and_pause,6.06667,0.043,0.0,0,0
step_and_pause_003,step_and_pause,6.08333,0.043,0.0,0,0
step_and_pause_003,step_and_pause,6.1,0.043,0.0,0,0
step_and_pause_003,step_and_pause,6.11667,0.043,0.0,0,0
step_and_pause_003,step_and_pause,6.13333,0.043,0.0,0,0
step_and_pause_003,step_and_pause,6.15,0.043,0.0,0,0
step_and_pause_003,step_and_pause,6.16667,0.043,0.0,0,0
step_and_pause_003,step_and_pause,6.18333,0.043,0.0,0,0
step_and_pause_003,step_and_pause,6.2,0.043,0.0,0,0
step_and_pause_003,step_and_pause,6.21667,0.043,0.0,0,0
step_and_pause_003,step_and_pause,6.23333,0.043,0.0,0,0
step_and_pause_003,step_and_pause,6.25,0.043,0.0,0,0
step_and_pause_003,step_and_pause,6.26667,0.043,0.0,0,0
step_and_pause_003,step_and_pause,6.28333,0.043,0.0,0,0
step_and_pause_003,step_and_pause,6.3,0.043,0.0,0,0
step_and_pause_003,step_and_pause,6.31667,0.043,0.0,0,0
step_and_pause_003,step_and_pause,6.33333,0.043,0.0,0,0
step_and_pause_003,step_and_pause,6.35,0.043,0.0,0,0
step_and_pause_003,step_and_pause,6.36667,0.043,0.0,0,0
step_and_pause_003,step_and_pause,6.38333,0.043,0.0,0,0
step_and_pause_003,step_and_pause,6.4,0.043,0.0,0,0
step_and_pause_003,step_and_pause,6.41667,0.043,0.0,0,0
step_and_pause_003,step_and_pause,6.43333,0.043,0.0,0,0
step_and_pause_003,step_and_pause,6.45,0.043,0.0,0,0
step_and_pause_003,step_and_pause,6.46667,0.043,0.0,0,0
step_and_pause_003,step_and_pause,6.48333,0.043,0.0,0,0
step_and_pause_003,step_and_pause,6.5,0.043,0.0,0,0
step_and_pause_003,step_and_pause,6.51667,0.043,0.0,0,0
step_and_pause_003,step_and_pause,6.53333,0.043,0.0,0,0
step_and_pause_003,step_and_pause,6.55,0.043,0.0,0,0
step_and_pause_003,step_and_pause,6.56667,0.043,0.0,0,0
step_and_pause_003,step_and_pause,6.58333,0.043,0.0,0,0
step_and_pause_003,step_and_pause,6.6,0.043,0.0,0,0
step_and_pause_003,step_and_pause,6.61667,0.043,0.0,0,0
step_and_pause_003,step_and_pause,6.63333,0.043,0.0,0,0
step_and_pause_003,step_and_pause,6.65,0.043,0.0,0,0
step_and_pause_003,step_and_pause,6.66667,0.043,0.0,0,0
step_and_pause_003,step_and_pause,6.68333,0.043,0.0,0,0
step_and_pause_003,step_and_pause,6.7,0.043,0.0,0,0
step_and_pause_003,step_and_pause,6.71667,0.043,0.0,0,0
step_and_pause_003,step_and_pause,6.73333,0.043,0.0,0,0
step_and_pause_003,step_and_pause,6.75,0.043,0.0,0,0
step_and_pause_003,step_and_pause,6.76667,0.043,0.0,0,0
step_and_pause_003,step_and_pause,6.78333,0.043,0.0,0,0
step_and_pause_003,step_and_pause,6.8,0.043,0.0,0,0
step_and_pause_003,step_and_pause,6.81667,0.043,0.0,0,0
step_and_pause_003,step_and_pause,6.83333,0.043,0.0,0,0
step_and_pause_003,step_and_pause,6.85,0.043,0.0,0,0
step_and_pause_003,step_and_pause,6.86667,0.043,0.0,0,0
step_and_pause_003,step_and_pause,6.88333,0.043,0.0,0,0
step_and_pause_003,step_and_pause,6.9,0.043,0.0,0,0
step_and_pause_003,step_and_pause,6.91667,0.043,0.0,0,0
step_and_pause_003,step_and_pause,6.93333,0.043,0.0,0,0
step_and_pause_003,step_and_pause,6.95,0.043,0.0,0,0
step_and_pause_003,step_and_pause,6.96667,0.043,0.0,0,0
step_and_pause_003,step_and_pause,6.98333,0.043,0.0,0,0
step_and_pause_003,step_and_pause,7.0,0.043,0.0,0,0
step_and_pause_003,step_and_pause,7.01667,0.043,0.0,0,0
step_and_pause_003,step_and_pause,7.03333,0.043,0.0,0,0
step_and_pause_003,step_and_pause,7.05,0.043,0.0,0,0
step_and_pause_003,step_and_pause,7.06667,0.043,0.0,0,0
step_and_pause_003,step_and_pause,7.08333,0.043,0.0,0,0
step_and_pause_003,step_and_pause,7.1,0.043,0.0,0,0
step_and_pause_003,step_and_pause,7.11667,0.043,0.0,0,0
step_and_pause_003,step_and_pause,7.13333,0.043,0.0,0,0
step_and_pause_003,step_and_pause,7.15,0.043,0.0,0,0
step_and_pause_003,step_and_pause,7.16667,0.043,0.0,0,0
step_and_pause_003,step_and_pause,7.18333,0.043,0.0,0,0
step_and_pause_003,step_and_pause,7.2,0.043,0.0,0,0
step_and_pause_003,step_and_pause,7.21667,0.043,0.0,0,0
step_and_pause_003,step_and_pause,7.23333,0.043,0.0,0,0
step_and_pause_003,step_and_pause,7.25,0.043,0.0,0,0
step_and_pause_003,step_and_pause,7.26667,0.043,0.0,0,0
step_and_pause_003,step_and_pause,7.28333,0.043,0.0,0,0
step_and_pause_003,step_and_pause,7.3,0.043,0.0,0,0
step_and_pause_003,step_and_pause,7.31667,0.043,0.0,0,0
step_and_pause_003,step_and_pause,7.33333,0.043,0.0,0,0
step_and_pause_003,step_and_pause,7.35,0.043,0.0,0,0
step_and_pause_003,step_and_pause,7.36667,0.043,0.0,0,0
step_and_pause_003,step_and_pause,7.38333,0.043,0.0,0,0
step_and_pause_003,step_and_pause,7.4,0.043,0.0,0,0
step_and_pause_003,step_and_pause,7.41667,0.043,0.0,0,0
step_and_pause_003,step_and_pause,7.43333,0.043,0.0,0,0
step_and_pause_003,step_and_pause,7.45,0.043,0.0,0,0
step_and_pause_003,step_and_pause,7.46667,0.043,0.0,0,0
step_and_pause_003,step_and_pause,7.48333,0.043,0.0,0,1
step_and_pause_003,step_and_pause,7.5,1.543,90.0,0,1
step_and_pause_003,step_and_pause,7.51667,3.043,90.0,0,1
step_and_pause_003,step_and_pause,7.53333,4.543,90.0,0,1
step_and_pause_003,step_and_pause,7.55,6.043,90.0,0,1
step_and_pause_003,step_and_pause,7.56667,7.543,90.0,0,1
step_and_pause_003,step_and_pause,7.58333,9.043,90.0,0,1
step_and_pause_003,step_and_pause,7.6,10.543,90.0,0,1
step_and_pause_003,step_and_pause,7.61667,12.043,90.0,0,1
step_and_pause_003,step_and_pause,7.63333,13.543,90.0,0,1
step_and_pause_003,step_and_pause,7.65,15.043,90.0,0,1
step_and_pause_003,step_and_pause,7.66667,16.543,90.0,0,1
step_and_pause_003,step_and_pause,7.68333,18.043,90.0,0,1
step_and_pause_003,step_and_pause,7.7,19.543,90.0,0,1
step_and_pause_003,step_and_pause,7.71667,21.043,90.0,0,1
step_and_pause_003,step_and_pause,7.73333,22.543,90.0,0,1
step_and_pause_003,step_and_pause,7.75,24.043,90.0,0,1
step_and_pause_003,step_and_pause,7.76667,25.543,90.0,0,1
step_and_pause_003,step_and_pause,7.78333,27.043,90.0,0,1
step_and_pause_003,step_and_pause,7.8,28.543,90.0,0,1
step_and_pause_003,step_and_pause,7.81667,30.043,90.0,0,1
step_and_pause_003,step_and_pause,7.83333,31.543,90.0,0,1
step_and_pause_003,step_and_pause,7.85,33.043,90.0,0,1
step_and_pause_003,step_and_pause,7.86667,34.543,90.0,0,1
step_and_pause_003,step_and_pause,7.88333,36.043,90.0,0,1
step_and_pause_003,step_and_pause,7.9,37.543,90.0,0,1
step_and_pause_003,step_and_pause,7.91667,39.043,90.0,0,1
step_and_pause_003,step_and_pause,7.93333,40.543,90.0,0,1
step_and_pause_003,step_and_pause,7.95,42.043,90.0,0,1
step_and_pause_003,step_and_pause,7.96667,43.543,90.0,0,1
step_and_pause_003,step_and_pause,7.98333,45.043,90.0,0,1
step_and_pause_003,step_and_pause,8.0,46.543,90.0,0,1
step_and_pause_003,step_and_pause,8.01667,48.043,90.0,0,1
step_and_pause_003,step_and_pause,8.03333,49.543,90.0,0,1
step_and_pause_003,step_and_pause,8.05,51.043,90.0,0,1
step_and_pause_003,step_and_pause,8.06667,52.543,90.0,0,1
step_and_pause_003,step_and_pause,8.08333,54.043,90.0,0,1
step_and_pause_003,step_and_pause,8.1,55.543,90.0,0,1
step_and_pause_003,step_and_pause,8.11667,57.043,90.0,0,1
step_and_pause_003,step_and_pause,8.13333,58.543,90.0,0,1
step_and_pause_003,step_and_pause,8.15,60.043,90.0,0,1
step_and_pause_003,step_and_pause,8.16667,61.543,90.0,0,1
step_and_pause_003,step_and_pause,8.18333,63.043,90.0,0,1
step_and_pause_003,step_and_pause,8.2,64.543,90.0,0,1
step_and_pause_003,step_and_pause,8.21667,66.043,90.0,0,1
step_and_pause_003,step_and_pause,8.23333,67.543,90.0,0,1
step_and_pause_003,step_and_pause,8.25,69.043,90.0,0,1
step_and_pause_003,step_and_pause,8.26667,70.543,90.0,0,1
step_and_pause_003,step_and_pause,8.28333,72.043,90.0,0,1
step_and_pause_003,step_and_pause,8.3,73.543,90.0,0,1
step_and_pause_003,step_and_pause,8.31667,75.043,90.0,0,1
step_and_pause_003,step_and_pause,8.33333,76.543,90.0,0,1
step_and_pause_003,step_and_pause,8.35,78.043,90.0,0,1
step_and_pause_003,step_and_pause,8.36667,79.543,90.0,0,1
step_and_pause_003,step_and_pause,8.38333,81.043,90.0,0,1
step_and_pause_003,step_and_pause,8.4,82.543,90.0,0,1
step_and_pause_003,step_and_pause,8.41667,84.043,90.0,0,1
step_and_pause_003,step_and_pause,8.43333,85.543,90.0,0,1
step_and_pause_003,step_and_pause,8.45,87.043,90.0,0,1
step_and_pause_003,step_and_pause,8.46667,88.543,90.0,0,1
step_and_pause_003,step_and_pause,8.48333,90.043,90.0,0,1
step_and_pause_003,step_and_pause,8.5,91.543,90.0,0,1
step_and_pause_003,step_and_pause,8.51667,93.043,90.0,0,1
step_and_pause_003,step_and_pause,8.53333,94.543,90.0,1,0
step_and_pause_003,step_and_pause,8.55,93.043,-90.0,1,0
step_and_pause_003,step_and_pause,8.56667,91.543,-90.0,1,0
step_and_pause_003,step_and_pause,8.58333,90.043,-90.0,1,0
step_and_pause_003,step_and_pause,8.6,88.543,-90.0,1,0
step_and_pause_003,step_and_pause,8.61667,87.043,-90.0,1,0
step_and_pause_003,step_and_pause,8.63333,85.543,-90.0,1,0
step_and_pause_003,step_and_pause,8.65,84.043,-90.0,1,0
step_and_pause_003,step_and_pause,8.66667,82.543,-90.0,1,0
step_and_pause_003,step_and_pause,8.68333,81.043,-90.0,1,0
step_and_pause_003,step_and_pause,8.7,79.543,-90.0,1,0
step_and_pause_003,step_and_pause,8.71667,78.043,-90.0,1,0
step_and_pause_003,step_and_pause,8.73333,76.543,-90.0,1,0
step_and_pause_003,step_and_pause,8.75,75.043,-90.0,1,0
step_and_pause_003,step_and_pause,8.76667,73.543,-90.0,1,0
step_and_pause_003,step_and_pause,8.78333,72.043,-90.0,1,0
step_and_pause_003,step_and_pause,8.8,70.543,-90.0,1,0
step_and_pause_003,step_and_pause,8.81667,69.043,-90.0,1,0
step_and_pause_003,step_and_pause,8.83333,67.543,-90.0,1,0
step_and_pause_003,step_and_pause,8.85,66.043,-90.0,1,0
step_and_pause_003,step_and_pause,8.86667,64.543,-90.0,1,0
step_and_pause_003,step_and_pause,8.88333,63.043,-90.0,1,0
step_and_pause_003,step_and_pause,8.9,61.543,-90.0,1,0
step_and_pause_003,step_and_pause,8.91667,60.043,-90.0,1,0
step_and_pause_003,step_and_pause,8.93333,58.543,-90.0,1,0
step_and_pause_003,step_and_pause,8.95,57.043,-90.0,1,0
step_and_pause_003,step_and_pause,8.96667,55.543,-90.0,1,0
step_and_pause_003,step_and_pause,8.98333,54.043,-90.0,1,0
step_and_pause_003,step_and_pause,9.0,52.543,-90.0,1,0
step_and_pause_003,step_and_pause,9.01667,51.043,-90.0,1,0
step_and_pause_003,step_and_pause,9.03333,49.543,-90.0,1,0
step_and_pause_003,step_and_pause,9.05,48.043,-90.0,1,0
step_and_pause_003,step_and_pause,9.06667,46.543,-90.0,1,0
step_and_pause_003,step_and_pause,9.08333,45.043,-90.0,1,0
step_and_pause_003,step_and_pause,9.1,43.543,-90.0,1,0
step_and_pause_003,step_and_pause,9.11667,42.043,-90.0,1,0
step_and_pause_003,step_and_pause,9.13333,40.543,-90.0,1,0
step_and_pause_003,step_and_pause,9.15,39.043,-90.0,1,0
step_and_pause_003,step_and_pause,9.16667,37.543,-90.0,1,0
step_and_pause_003,step_and_pause,9.18333,36.043,-90.0,1,0
step_and_pause_003,step_and_pause,9.2,34.543,-90.0,1,0
step_and_pause_003,step_and_pause,9.21667,33.043,-90.0,1,0
step_and_pause_003,step_and_pause,9.23333,31.543,-90.0,1,0
step_and_pause_003,step_and_pause,9.25,30.043,-90.0,1,0
step_and_pause_003,step_and_pause,9.26667,28.543,-90.0,1,0
step_and_pause_003,step_and_pause,9.28333,27.043,-90.0,1,0
step_and_pause_003,step_and_pause,9.3,25.543,-90.0,1,0
step_and_pause_003,step_and_pause,9.31667,24.043,-90.0,1,0
step_and_pause_003,step_and_pause,9.33333,22.543,-90.0,1,0
step_and_pause_003,step_and_pause,9.35,21.043,-90.0,1,0
step_and_pause_003,step_and_pause,9.36667,19.543,-90.0,1,0
step_and_pause_003,step_and_pause,9.38333,18.043,-90.0,1,0
step_and_pause_003,step_and_pause,9.4,16.543,-90.0,1,0
step_and_pause_003,step_and_pause,9.41667,15.043,-90.0,1,0
step_and_pause_003,step_and_pause,9.43333,13.543,-90.0,1,0
step_and_pause_003,step_and_pause,9.45,12.043,-90.0,1,0
step_and_pause_003,step_and_pause,9.46667,10.543,-90.0,1,0
step_and_pause_003,step_and_pause,9.48333,9.043,-90.0,1,0
step_and_pause_003,step_and_pause,9.5,7.543,-90.0,1,0
step_and_pause_003,step_and_pause,9.51667,6.043,-90.0,1,0
step_and_pause_003,step_and_pause,9.53333,4.543,-90.0,1,0
step_and_pause_003,step_and_pause,9.55,3.043,-90.0,1,0
step_and_pause_003,step_and_pause,9.56667,1.543,-90.0,1,0
step_and_pause_003,step_and_pause,9.58333,0.043,-90.0,0,0
step_and_pause_003,step_and_pause,9.6,0.043,0.0,0,0
step_and_pause_003,step_and_pause,9.61667,0.043,0.0,0,0
step_and_pause_003,step_and_pause,9.63333,0.043,0.0,0,0
step_and_pause_003,step_and_pause,9.65,0.043,0.0,0,0
step_and_pause_003,step_and_pause,9.66667,0.043,0.0,0,0
step_and_pause_003,step_and_pause,9.68333,0.043,0.0,0,0
step_and_pause_003,step_and_pause,9.7,0.043,0.0,0,0
step_and_pause_003,step_and_pause,9.71667,0.043,0.0,0,0
step_and_pause_003,step_and_pause,9.73333,0.043,0.0,0,0
step_and_pause_003,step_and_pause,9.75,0.043,0.0,0,0
step_and_pause_003,step_and_pause,9.76667,0.043,0.0,0,0
step_and_pause_003,step_and_pause,9.78333,0.043,0.0,0,0
step_and_pause_003,step_and_pause,9.8,0.043,0.0,0,0
step_and_pause_003,step_and_pause,9.81667,0.043,0.0,0,0
step_and_pause_003,step_and_pause,9.83333,0.043,0.0,0,0
step_and_pause_003,step_and_pause,9.85,0.043,0.0,0,0
step_and_pause_003,step_and_pause,9.86667,0.043,0.0,0,0
step_and_pause_003,step_and_pause,9.88333,0.043,0.0,0,0
step_and_pause_003,step_and_pause,9.9,0.043,0.0,0,0
step_and_pause_003,step_and_pause,9.91667,0.043,0.0,0,0
step_and_pause_003,step_and_pause,9.93333,0.043,0.0,0,0
step_and_pause_003,step_and_pause,9.95,0.043,0.0,0,0
step_and_pause_003,step_and_pause,9.96667,0.043,0.0,0,0
step_and_pause_003,step_and_pause,9.98333,0.043,0.0,0,0
step_and_pause_003,step_and_pause,10.0,0.043,0.0,0,0
step_and_pause_003,step_and_pause,10.01667,0.043,0.0,0,0
step_and_pause_003,step_and_pause,10.03333,0.043,0.0,0,0
step_and_pause_003,step_and_pause,10.05,0.043,0.0,0,0
step_and_pause_003,step_and_pause,10.06667,0.043,0.0,0,0
step_and_pause_003,step_and_pause,10.08333,0.043,0.0,0,0
step_and_pause_003,step_and_pause,10.1,0.043,0.0,0,0
step_and_pause_003,step_and_pause,10.11667,0.043,0.0,0,0
step_and_pause_003,step_and_pause,10.13333,0.043,0.0,0,0
step_and_pause_003,step_and_pause,10.15,0.043,0.0,0,0
step_and_pause_003,step_and_pause,10.16667,0.043,0.0,0,0
step_and_pause_003,step_and_pause,10.18333,0.043,0.0,0,0
step_and_pause_003,step_and_pause,10.2,0.043,0.0,0,0
step_and_pause_003,step_and_pause,10.21667,0.043,0.0,0,0
step_and_pause_003,step_and_pause,10.23333,0.043,0.0,0,0
step_and_pause_003,step_and_pause,10.25,0.043,0.0,0,0
step_and_pause_003,step_and_pause,10.26667,0.043,0.0,0,0
step_and_pause_003,step_and_pause,10.28333,0.043,0.0,0,0
step_and_pause_003,step_and_pause,10.3,0.043,0.0,0,0
step_and_pause_003,step_and_pause,10.31667,0.043,0.0,0,0
step_and_pause_003,step_and_pause,10.33333,0.043,0.0,0,0
step_and_pause_003,step_and_pause,10.35,0.043,0.0,0,0
step_and_pause_003,step_and_pause,10.36667,0.043,0.0,0,0
step_and_pause_003,step_and_pause,10.38333,0.043,0.0,0,0
step_and_pause_003,step_and_pause,10.4,0.043,0.0,0,0
step_and_pause_003,step_and_pause,10.41667,0.043,0.0,0,0
step_and_pause_003,step_and_pause,10.43333,0.043,0.0,0,0
step_and_pause_003,step_and_pause,10.45,0.043,0.0,0,0
step_and_pause_003,step_and_pause,10.46667,0.043,0.0,0,0
step_and_pause_003,step_and_pause,10.48333,0.043,0.0,0,0
step_and_pause_003,step_and_pause,10.5,0.043,0.0,0,0
step_and_pause_003,step_and_pause,10.51667,0.043,0.0,0,0
step_and_pause_003,step_and_pause,10.53333,0.043,0.0,0,0
step_and_pause_003,step_and_pause,10.55,0.043,0.0,0,0
step_and_pause_003,step_and_pause,10.56667,0.043,0.0,0,0
step_and_pause_003,step_and_pause,10.58333,0.043,0.0,0,0
step_and_pause_003,step_and_pause,10.6,0.043,0.0,0,0
step_and_pause_003,step_and_pause,10.61667,0.043,0.0,0,0
step_and_pause_003,step_and_pause,10.63333,0.043,0.0,0,0
step_and_pause_003,step_and_pause,10.65,0.043,0.0,0,0
step_and_pause_003,step_and_pause,10.66667,0.043,0.0,0,0
step_and_pause_003,step_and_pause,10.68333,0.043,0.0,0,0
step_and_pause_003,step_and_pause,10.7,0.043,0.0,0,0
step_and_pause_003,step_and_pause,10.71667,0.043,0.0,0,0
step_and_pause_003,step_and_pause,10.73333,0.043,0.0,0,0
step_and_pause_003,step_and_pause,10.75,0.043,0.0,0,0
step_and_pause_003,step_and_pause,10.76667,0.043,0.0,0,0
step_and_pause_003,step_and_pause,10.78333,0.043,0.0,0,0
step_and_pause_003,step_and_pause,10.8,0.043,0.0,0,0
step_and_pause_003,step_and_pause,10.81667,0.043,0.0,0,0
step_and_pause_003,step_and_pause,10.83333,0.043,0.0,0,0
step_and_pause_003,step_and_pause,10.85,0.043,0.0,0,0
step_and_pause_003,step_and_pause,10.86667,0.043,0.0,0,0
step_and_pause_003,step_and_pause,10.88333,0.043,0.0,0,0
step_and_pause_003,step_and_pause,10.9,0.043,0.0,0,0
step_and_pause_003,step_and_pause,10.91667,0.043,0.0,0,0
step_and_pause_003,step_and_pause,10.93333,0.043,0.0,0,0
step_and_pause_003,step_and_pause,10.95,0.043,0.0,0,0
step_and_pause_003,step_and_pause,10.96667,0.043,0.0,0,0
step_and_pause_003,step_and_pause,10.98333,0.043,0.0,0,0
step_and_pause_003,step_and_pause,11.0,0.043,0.0,0,0
step_and_pause_003,step_and_pause,11.01667,0.043,0.0,0,0
step_and_pause_003,step_and_pause,11.03333,0.043,0.0,0,0
step_and_pause_003,step_and_pause,11.05,0.043,0.0,0,0
step_and_pause_003,step_and_pause,11.06667,0.043,0.0,0,0
step_and_pause_003,step_and_pause,11.08333,0.043,0.0,0,0
step_and_pause_003,step_and_pause,11.1,0.043,0.0,0,0
step_and_pause_003,step_and_pause,11.11667,0.043,0.0,0,0
step_and_pause_003,step_and_pause,11.13333,0.043,0.0,0,0
step_and_pause_003,step_and_pause,11.15,0.043,0.0,0,0
step_and_pause_003,step_and_pause,11.16667,0.043,0.0,0,0
step_and_pause_003,step_and_pause,11.18333,0.043,0.0,0,0
step_and_pause_003,step_and_pause,11.2,0.043,0.0,0,0
step_and_pause_003,step_and_pause,11.21667,0.043,0.0,0,0
step_and_pause_003,step_and_pause,11.23333,0.043,0.0,0,0
step_and_pause_003,step_and_pause,11.25,0.043,0.0,0,0
step_and_pause_003,step_and_pause,11.26667,0.043,0.0,0,0
step_and_pause_003,step_and_pause,11.28333,0.043,0.0,0,0
step_and_pause_003,step_and_pause,11.3,0.043,0.0,0,0
step_and_pause_003,step_and_pause,11.31667,0.043,0.0,0,0
step_and_pause_003,step_and_pause,11.33333,0.043,0.0,0,0
step_and_pause_003,step_and_pause,11.35,0.043,0.0,0,0
step_and_pause_003,step_and_pause,11.36667,0.043,0.0,0,0
step_and_pause_003,step_and_pause,11.38333,0.043,0.0,0,0
step_and_pause_003,step_and_pause,11.4,0.043,0.0,0,0
step_and_pause_003,step_and_pause,11.41667,0.043,0.0,0,0
step_and_pause_003,step_and_pause,11.43333,0.043,0.0,0,0
step_and_pause_003,step_and_pause,11.45,0.043,0.0,0,0
step_and_pause_003,step_and_pause,11.46667,0.043,0.0,0,0
step_and_pause_003,step_and_pause,11.48333,0.043,0.0,0,0
step_and_pause_003,step_and_pause,11.5,0.043,0.0,0,0
step_and_pause_003,step_and_pause,11.51667,0.043,0.0,0,0
step_and_pause_003,step_and_pause,11.53333,0.043,0.0,0,0
step_and_pause_003,step_and_pause,11.55,0.043,0.0,0,0
step_and_pause_003,step_and_pause,11.56667,0.043,0.0,0,0
step_and_pause_003,step_and_pause,11.58333,0.043,0.0,0,0
step_and_pause_003,step_and_pause,11.6,0.043,0.0,0,0
step_and_pause_003,step_and_pause,11.61667,0.043,0.0,0,0
step_and_pause_003,step_and_pause,11.63333,0.043,0.0,0,0
step_and_pause_003,step_and_pause,11.65,0.043,0.0,0,0
step_and_pause_003,step_and_pause,11.66667,0.043,0.0,0,0
step_and_pause_003,step_and_pause,11.68333,0.043,0.0,0,0
step_and_pause_003,step_and_pause,11.7,0.043,0.0,0,0
step_and_pause_003,step_and_pause,11.71667,0.043,0.0,0,0
step_and_pause_003,step_and_pause,11.73333,0.043,0.0,0,0
step_and_pause_003,step_and_pause,11.75,0.043,0.0,0,0
step_and_pause_003,step_and_pause,11.76667,0.043,0.0,0,0
step_and_pause_003,step_and_pause,11.78333,0.043,0.0,0,0
step_and_pause_003,step_and_pause,11.8,0.043,0.0,0,0
step_and_pause_003,step_and_pause,11.81667,0.043,0.0,0,0
step_and_pause_003,step_and_pause,11.83333,0.043,0.0,0,0
step_and_pause_003,step_and_pause,11.85,0.043,0.0,0,0
step_and_pause_003,step_and_pause,11.86667,0.043,0.0,0,0
step_and_pause_003,step_and_pause,11.88333,0.043,0.0,0,0
step_and_pause_003,step_and_pause,11.9,0.043,0.0,0,0
step_and_pause_003,step_and_pause,11.91667,0.043,0.0,0,0
step_and_pause_003,step_and_pause,11.93333,0.043,0.0,0,0
step_and_pause_003,step_and_pause,11.95,0.043,0.0,0,0
step_and_pause_003,step_and_pause,11.96667,0.043,0.0,0,0
step_and_pause_003,step_and_pause,11.98333,0.043,0.0,0,0
step_and_pause_003,step_and_pause,12.0,0.043,0.0,0,0
step_and_pause_003,step_and_pause,12.01667,0.043,0.0,0,0
step_and_pause_003,step_and_pause,12.03333,0.043,0.0,0,0
step_and_pause_003,step_and_pause,12.05,0.043,0.0,0,0
step_and_pause_003,step_and_pause,12.06667,0.043,0.0,0,0
step_and_pause_003,step_and_pause,12.08333,0.043,0.0,0,0
step_and_pause_003,step_and_pause,12.1,0.043,0.0,0,0
step_and_pause_003,step_and_pause,12.11667,0.043,0.0,0,0
step_and_pause_003,step_and_pause,12.13333,0.043,0.0,0,0
step_and_pause_003,step_and_pause,12.15,0.043,0.0,0,0
step_and_pause_003,step_and_pause,12.16667,0.043,0.0,0,0
step_and_pause_003,step_and_pause,12.18333,0.043,0.0,0,0
step_and_pause_003,step_and_pause,12.2,0.043,0.0,0,0
step_and_pause_003,step_and_pause,12.21667,0.043,0.0,0,0
step_and_pause_003,step_and_pause,12.23333,0.043,0.0,0,0
step_and_pause_003,step_and_pause,12.25,0.043,0.0,0,0
step_and_pause_003,step_and_pause,12.26667,0.043,0.0,0,0
step_and_pause_003,step_and_pause,12.28333,0.043,0.0,0,0
step_and_pause_003,step_and_pause,12.3,0.043,0.0,0,0
step_and_pause_003,step_and_pause,12.31667,0.043,0.0,0,0
step_and_pause_003,step_and_pause,12.33333,0.043,0.0,0,0
step_and_pause_003,step_and_pause,12.35,0.043,0.0,0,0
step_and_pause_003,step_and_pause,12.36667,0.043,0.0,0,0
step_and_pause_003,step_and_pause,12.38333,0.043,0.0,0,0
step_and_pause_003,step_and_pause,12.4,0.043,0.0,0,0
step_and_pause_003,step_and_pause,12.41667,0.043,0.0,0,0
step_and_pause_003,step_and_pause,12.43333,0.043,0.0,0,0
step_and_pause_003,step_and_pause,12.45,0.043,0.0,0,0
step_and_pause_003,step_and_pause,12.46667,0.043,0.0,0,0
step_and_pause_003,step_and_pause,12.48333,0.043,0.0,0,0
step_and_pause_003,step_and_pause,12.5,0.043,0.0,0,0
step_and_pause_003,step_and_pause,12.51667,0.043,0.0,0,0
step_and_pause_003,step_and_pause,12.53333,0.043,0.0,0,0
step_and_pause_003,step_and_pause,12.55,0.043,0.0,0,0
step_and_pause_003,step_and_pause,12.56667,0.043,0.0,0,0
step_and_pause_003,step_and_pause,12.58333,0.043,0.0,0,0
step_and_pause_003,step_and_pause,12.6,0.043,0.0,0,0
step_and_pause_003,step_and_pause,12.61667,0.043,0.0,0,0
step_and_pause_003,step_and_pause,12.63333,0.043,0.0,0,0
step_and_pause_003,step_and_pause,12.65,0.043,0.0,0,0
step_and_pause_003,step_and_pause,12.66667,0.043,0.0,0,0
step_and_pause_003,step_and_pause,12.68333,0.043,0.0,0,0
step_and_pause_003,step_and_pause,12.7,0.043,0.0,0,0
step_and_pause_003,step_and_pause,12.71667,0.043,0.0,0,0
step_and_pause_003,step_and_pause,12.73333,0.043,0.0,0,0
step_and_pause_003,step_and_pause,12.75,0.043,0.0,0,0
step_and_pause_003,step_and_pause,12.76667,0.043,0.0,0,0
step_and_pause_003,step_and_pause,12.78333,0.043,0.0,0,0
step_and_pause_003,step_and_pause,12.8,0.043,0.0,0,0
step_and_pause_003,step_and_pause,12.81667,0.043,0.0,0,0
step_and_pause_003,step_and_pause,12.83333,0.043,0.0,0,0
step_and_pause_003,step_and_pause,12.85,0.043,0.0,0,0
step_and_pause_003,step_and_pause,12.86667,0.043,0.0,0,0
step_and_pause_003,step_and_pause,12.88333,0.043,0.0,0,0
step_and_pause_003,step_and_pause,12.9,0.043,0.0,0,0
step_and_pause_003,step_and_pause,12.91667,0.043,0.0,0,0
step_and_pause_003,step_and_pause,12.93333,0.043,0.0,0,0
step_and_pause_003,step_and_pause,12.95,0.043,0.0,0,0
step_and_pause_003,step_and_pause,12.96667,0.043,0.0,0,0
step_and_pause_003,step_and_pause,12.98333,0.043,0.0,0,0
step_and_pause_003,step_and_pause,13.0,0.043,0.0,0,0
step_and_pause_003,step_and_pause,13.01667,0.043,0.0,0,0
step_and_pause_003,step_and_pause,13.03333,0.043,0.0,0,0
step_and_pause_003,step_and_pause,13.05,0.043,0.0,0,0
step_and_pause_003,step_and_pause,13.06667,0.043,0.0,0,0
step_and_pause_003,step_and_pause,13.08333,0.043,0.0,0,0
step_and_pause_003,step_and_pause,13.1,0.043,0.0,0,0
step_and_pause_003,step_and_pause,13.11667,0.043,0.0,0,0
step_and_pause_003,step_and_pause,13.13333,0.043,0.0,0,0
step_and_pause_003,step_and_pause,13.15,0.043,0.0,0,0
step_and_pause_003,step_and_pause,13.16667,0.043,0.0,0,0
step_and_pause_003,step_and_pause,13.18333,0.043,0.0,0,0
step_and_pause_003,step_and_pause,13.2,0.043,0.0,0,0
step_and_pause_003,step_and_pause,13.21667,0.043,0.0,0,0
step_and_pause_003,step_and_pause,13.23333,0.043,0.0,0,0
step_and_pause_003,step_and_pause,13.25,0.043,0.0,0,0
step_and_pause_003,step_and_pause,13.26667,0.043,0.0,0,0
step_and_pause_003,step_and_pause,13.28333,0.043,0.0,0,0
step_and_pause_003,step_and_pause,13.3,0.043,0.0,0,0
step_and_pause_003,step_and_pause,13.31667,0.043,0.0,0,0
step_and_pause_003,step_and_pause,13.33333,0.043,0.0,0,0
step_and_pause_003,step_and_pause,13.35,0.043,0.0,0,0
step_and_pause_003,step_and_pause,13.36667,0.043,0.0,0,0
step_and_pause_003,step_and_pause,13.38333,0.043,0.0,0,0
step_and_pause_003,step_and_pause,13.4,0.043,0.0,0,0
step_and_pause_003,step_and_pause,13.41667,0.043,0.0,0,0
step_and_pause_003,step_and_pause,13.43333,0.043,0.0,0,0
step_and_pause_003,step_and_pause,13.45,0.043,0.0,0,0
step_and_pause_003,step_and_pause,13.46667,0.043,0.0,0,0
step_and_pause_003,step_and_pause,13.48333,0.043,0.0,0,0
step_and_pause_003,step_and_pause,13.5,0.043,0.0,0,0
step_and_pause_003,step_and_pause,13.51667,0.043,0.0,0,0
step_and_pause_003,step_and_pause,13.53333,0.043,0.0,0,0
step_and_pause_003,step_and_pause,13.55,0.043,0.0,0,0
step_and_pause_003,step_and_pause,13.56667,0.043,0.0,0,0
step_and_pause_003,step_and_pause,13.58333,0.043,0.0,0,0
step_and_pause_003,step_and_pause,13.6,0.043,0.0,0,0
step_and_pause_003,step_and_pause,13.61667,0.043,0.0,0,0
step_and_pause_003,step_and_pause,13.63333,0.043,0.0,0,0
step_and_pause_003,step_and_pause,13.65,0.043,0.0,0,0
step_and_pause_003,step_and_pause,13.66667,0.043,0.0,0,0
step_and_pause_003,step_and_pause,13.68333,0.043,0.0,0,0
step_and_pause_003,step_and_pause,13.7,0.043,0.0,0,0
step_and_pause_003,step_and_pause,13.71667,0.043,0.0,0,0
step_and_pause_003,step_and_pause,13.73333,0.043,0.0,0,0
step_and_pause_003,step_and_pause,13.75,0.043,0.0,0,0
step_and_pause_003,step_and_pause,13.76667,0.043,0.0,0,0
step_and_pause_003,step_and_pause,13.78333,0.043,0.0,0,0
step_and_pause_003,step_and_pause,13.8,0.043,0.0,0,0
step_and_pause_003,step_and_pause,13.81667,0.043,0.0,0,0
step_and_pause_003,step_and_pause,13.83333,0.043,0.0,0,0
step_and_pause_003,step_and_pause,13.85,0.043,0.0,0,0
step_and_pause_003,step_and_pause,13.86667,0.043,0.0,0,0
step_and_pause_003,step_and_pause,13.88333,0.043,0.0,0,0
step_and_pause_003,step_and_pause,13.9,0.043,0.0,0,0
step_and_pause_003,step_and_pause,13.91667,0.043,0.0,0,0
step_and_pause_003,step_and_pause,13.93333,0.043,0.0,0,0
step_and_pause_003,step_and_pause,13.95,0.043,0.0,0,0
step_and_pause_003,step_and_pause,13.96667,0.043,0.0,0,0
step_and_pause_003,step_and_pause,13.98333,0.043,0.0,0,0
step_and_pause_003,step_and_pause,14.0,0.043,0.0,0,0
step_and_pause_003,step_and_pause,14.01667,0.043,0.0,0,0
step_and_pause_003,step_and_pause,14.03333,0.043,0.0,0,0
step_and_pause_003,step_and_pause,14.05,0.043,0.0,0,0
step_and_pause_003,step_and_pause,14.06667,0.043,0.0,0,0
step_and_pause_003,step_and_pause,14.08333,0.043,0.0,0,0
step_and_pause_003,step_and_pause,14.1,0.043,0.0,0,0
step_and_pause_003,step_and_pause,14.11667,0.043,0.0,0,0
step_and_pause_003,step_and_pause,14.13333,0.043,0.0,0,0
step_and_pause_003,step_and_pause,14.15,0.043,0.0,0,0
step_and_pause_003,step_and_pause,14.16667,0.043,0.0,0,0
step_and_pause_003,step_and_pause,14.18333,0.043,0.0,0,0
step_and_pause_003,step_and_pause,14.2,0.043,0.0,0,0
step_and_pause_003,step_and_pause,14.21667,0.043,0.0,0,0
step_and_pause_003,step_and_pause,14.23333,0.043,0.0,0,0
step_and_pause_003,step_and_pause,14.25,0.043,0.0,0,0
step_and_pause_003,step_and_pause,14.26667,0.043,0.0,0,0
step_and_pause_003,step_and_pause,14.28333,0.043,0.0,0,0
step_and_pause_003,step_and_pause,14.3,0.043,0.0,0,0
step_and_pause_003,step_and_pause,14.31667,0.043,0.0,0,0
step_and_pause_003,step_and_pause,14.33333,0.043,0.0,0,0
step_and_pause_003,step_and_pause,14.35,0.043,0.0,0,0
step_and_pause_003,step_and_pause,14.36667,0.043,0.0,0,0
step_and_pause_003,step_and_pause,14.38333,0.043,0.0,0,0
step_and_pause_003,step_and_pause,14.4,0.043,0.0,0,0
step_and_pause_003,step_and_pause,14.41667,0.043,0.0,0,0
step_and_pause_003,step_and_pause,14.43333,0.043,0.0,0,0
step_and_pause_003,step_and_pause,14.45,0.043,0.0,0,0
step_and_pause_003,step_and_pause,14.46667,0.043,0.0,0,0
step_and_pause_003,step_and_pause,14.48333,0.043,0.0,0,0
step_and_pause_003,step_and_pause,14.5,0.043,0.0,0,0
step_and_pause_003,step_and_pause,14.51667,0.043,0.0,0,0
step_and_pause_003,step_and_pause,14.53333,0.043,0.0,0,0
step_and_pause_003,step_and_pause,14.55,0.043,0.0,0,0
step_and_pause_003,step_and_pause,14.56667,0.043,0.0,0,0
step_and_pause_003,step_and_pause,14.58333,0.043,0.0,0,0
step_and_pause_003,step_and_pause,14.6,0.043,0.0,0,0
step_and_pause_003,step_and_pause,14.61667,0.043,0.0,0,0
step_and_pause_003,step_and_pause,14.63333,0.043,0.0,0,0
step_and_pause_003,step_and_pause,14.65,0.043,0.0,0,0
step_and_pause_003,step_and_pause,14.66667,0.043,0.0,0,0
step_and_pause_003,step_and_pause,14.68333,0.043,0.0,0,0
step_and_pause_003,step_and_pause,14.7,0.043,0.0,0,0
step_and_pause_003,step_and_pause,14.71667,0.043,0.0,0,0
step_and_pause_003,step_and_pause,14.73333,0.043,0.0,0,0
step_and_pause_003,step_and_pause,14.75,0.043,0.0,0,0
step_and_pause_003,step_and_pause,14.76667,0.043,0.0,0,0
step_and_pause_003,step_and_pause,14.78333,0.043,0.0,0,0
step_and_pause_003,step_and_pause,14.8,0.043,0.0,0,0
step_and_pause_003,step_and_pause,14.81667,0.043,0.0,0,0
step_and_pause_003,step_and_pause,14.83333,0.043,0.0,0,0
step_and_pause_003,step_and_pause,14.85,0.043,0.0,0,0
step_and_pause_003,step_and_pause,14.86667,0.043,0.0,0,0
step_and_pause_003,step_and_pause,14.88333,0.043,0.0,0,0
step_and_pause_003,step_and_pause,14.9,0.043,0.0,0,0
step_and_pause_003,step_and_pause,14.91667,0.043,0.0,0,0
step_and_pause_003,step_and_pause,14.93333,0.043,0.0,0,0
step_and_pause_003,step_and_pause,14.95,0.043,0.0,0,0
step_and_pause_003,step_and_pause,14.96667,0.043,0.0,0,0
step_and_pause_003,step_and_pause,14.98333,0.043,0.0,0,0
step_and_pause_003,step_and_pause,15.0,0.043,0.0,0,0
step_and_pause_003,step_and_pause,15.01667,0.043,0.0,0,0
step_and_pause_003,step_and_pause,15.03333,0.043,0.0,0,0
step_and_pause_003,step_and_pause,15.05,0.043,0.0,0,0
step_and_pause_003,step_and_pause,15.06667,0.043,0.0,0,0
step_and_pause_003,step_and_pause,15.08333,0.043,0.0,0,0
step_and_pause_003,step_and_pause,15.1,0.043,0.0,0,0
step_and_pause_003,step_and_pause,15.11667,0.043,0.0,0,0
step_and_pause_003,step_and_pause,15.13333,0.043,0.0,0,0
step_and_pause_003,step_and_pause,15.15,0.043,0.0,0,0
step_and_pause_003,step_and_pause,15.16667,0.043,0.0,0,0
step_and_pause_003,step_and_pause,15.18333,0.043,0.0,0,0
step_and_pause_003,step_and_pause,15.2,0.043,0.0,0,0
step_and_pause_003,step_and_pause,15.21667,0.043,0.0,0,0
step_and_pause_003,step_and_pause,15.23333,0.043,0.0,0,0
step_and_pause_003,step_and_pause,15.25,0.043,0.0,0,0
step_and_pause_003,step_and_pause,15.26667,0.043,0.0,0,0
step_and_pause_003,step_and_pause,15.28333,0.043,0.0,0,0
step_and_pause_003,step_and_pause,15.3,0.043,0.0,0,0
step_and_pause_003,step_and_pause,15.31667,0.043,0.0,0,0
step_and_pause_003,step_and_pause,15.33333,0.043,0.0,0,0
step_and_pause_003,step_and_pause,15.35,0.043,0.0,0,0
step_and_pause_003,step_and_pause,15.36667,0.043,0.0,0,0
step_and_pause_003,step_and_pause,15.38333,0.043,0.0,0,0
step_and_pause_003,step_and_pause,15.4,0.043,0.0,0,0
step_and_pause_003,step_and_pause,15.41667,0.043,0.0,0,0
step_and_pause_003,step_and_pause,15.43333,0.043,0.0,0,0
step_and_pause_003,step_and_pause,15.45,0.043,0.0,0,0
step_and_pause_003,step_and_pause,15.46667,0.043,0.0,0,0
step_and_pause_003,step_and_pause,15.48333,0.043,0.0,0,0
step_and_pause_003,step_and_pause,15.5,0.043,0.0,0,0
step_and_pause_003,step_and_pause,15.51667,0.043,0.0,0,0
step_and_pause_003,step_and_pause,15.53333,0.043,0.0,0,0
step_and_pause_003,step_and_pause,15.55,0.043,0.0,0,0
step_and_pause_003,step_and_pause,15.56667,0.043,0.0,0,0
step_and_pause_003,step_and_pause,15.58333,0.043,0.0,0,0
step_and_pause_003,step_and_pause,15.6,0.043,0.0,0,0
step_and_pause_003,step_and_pause,15.61667,0.043,0.0,0,0
step_and_pause_003,step_and_pause,15.63333,0.043,0.0,0,0
step_and_pause_003,step_and_pause,15.65,0.043,0.0,0,0
step_and_pause_003,step_and_pause,15.66667,0.043,0.0,0,0
step_and_pause_003,step_and_pause,15.68333,0.043,0.0,0,0
step_and_pause_003,step_and_pause,15.7,0.043,0.0,0,0
step_and_pause_003,step_and_pause,15.71667,0.043,0.0,0,0
step_and_pause_003,step_and_pause,15.73333,0.043,0.0,0,0
step_and_pause_003,step_and_pause,15.75,0.043,0.0,0,0
step_and_pause_003,step_and_pause,15.76667,0.043,0.0,0,0
step_and_pause_003,step_and_pause,15.78333,0.043,0.0,0,0
step_and_pause_003,step_and_pause,15.8,0.043,0.0,0,0
step_and_pause_003,step_and_pause,15.81667,0.043,0.0,0,0
step_and_pause_003,step_and_pause,15.83333,0.043,0.0,0,0
step_and_pause_003,step_and_pause,15.85,0.043,0.0,0,0
step_and_pause_003,step_and_pause,15.86667,0.043,0.0,0,0
step_and_pause_003,step_and_pause,15.88333,0.043,0.0,0,0
step_and_pause_003,step_and_pause,15.9,0.043,0.0,0,0
step_and_pause_003,step_and_pause,15.91667,0.043,0.0,0,0
step_and_pause_003,step_and_pause,15.93333,0.043,0.0,0,0
step_and_pause_003,step_and_pause,15.95,0.043,0.0,0,0
step_and_pause_003,step_and_pause,15.96667,0.043,0.0,0,0
step_and_pause_003,step_and_pause,15.98333,0.043,0.0,0,0
step_and_pause_003,step_and_pause,16.0,0.043,0.0,0,0
step_and_pause_003,step_and_pause,16.01667,0.043,0.0,0,0
step_and_pause_003,step_and_pause,16.03333,0.043,0.0,0,0
step_and_pause_003,step_and_pause,16.05,0.043,0.0,0,0
step_and_pause_003,step_and_pause,16.06667,0.043,0.0,0,0
step_and_pause_003,step_and_pause,16.08333,0.043,0.0,0,0
step_and_pause_003,step_and_pause,16.1,0.043,0.0,0,0
step_and_pause_003,step_and_pause,16.11667,0.043,0.0,0,0
step_and_pause_003,step_and_pause,16.13333,0.043,0.0,0,0
step_and_pause_003,step_and_pause,16.15,0.043,0.0,0,0
step_and_pause_003,step_and_pause,16.16667,0.043,0.0,0,0
step_and_pause_003,step_and_pause,16.18333,0.043,0.0,0,0
step_and_pause_003,step_and_pause,16.2,0.043,0.0,0,0
step_and_pause_003,step_and_pause,16.21667,0.043,0.0,0,0
step_and_pause_003,step_and_pause,16.23333,0.043,0.0,0,0
step_and_pause_003,step_and_pause,16.25,0.043,0.0,0,0
step_and_pause_003,step_and_pause,16.26667,0.043,0.0,0,0
step_and_pause_003,step_and_pause,16.28333,0.043,0.0,0,0
step_and_pause_003,step_and_pause,16.3,0.043,0.0,0,0
step_and_pause_003,step_and_pause,16.31667,0.043,0.0,0,0
step_and_pause_003,step_and_pause,16.33333,0.043,0.0,0,0
step_and_pause_003,step_and_pause,16.35,0.043,0.0,0,0
step_and_pause_003,step_and_pause,16.36667,0.043,0.0,0,0
step_and_pause_003,step_and_pause,16.38333,0.043,0.0,0,0
step_and_pause_003,step_and_pause,16.4,0.043,0.0,0,0
step_and_pause_003,step_and_pause,16.41667,0.043,0.0,0,0
step_and_pause_003,step_and_pause,16.43333,0.043,0.0,0,0
step_and_pause_003,step_and_pause,16.45,0.043,0.0,0,0
step_and_pause_003,step_and_pause,16.46667,0.043,0.0,0,0
step_and_pause_003,step_and_pause,16.48333,0.043,0.0,0,0
step_and_pause_003,step_and_pause,16.5,0.043,0.0,0,0
step_and_pause_003,step_and_pause,16.51667,0.043,0.0,0,0
step_and_pause_003,step_and_pause,16.53333,0.043,0.0,0,0
step_and_pause_003,step_and_pause,16.55,0.043,0.0,0,0
step_and_pause_003,step_and_pause,16.56667,0.043,0.0,0,0
step_and_pause_003,step_and_pause,16.58333,0.043,0.0,0,0
step_and_pause_003,step_and_pause,16.6,0.043,0.0,0,0
step_and_pause_003,step_and_pause,16.61667,0.043,0.0,0,0
step_and_pause_003,step_and_pause,16.63333,0.043,0.0,0,0
step_and_pause_003,step_and_pause,16.65,0.043,0.0,0,0
step_and_pause_003,step_and_pause,16.66667,0.043,0.0,0,0
step_and_pause_003,step_and_pause,16.68333,0.043,0.0,0,0
step_and_pause_003,step_and_pause,16.7,0.043,0.0,0,0
step_and_pause_003,step_and_pause,16.71667,0.043,0.0,0,0
step_and_pause_003,step_and_pause,16.73333,0.043,0.0,0,0
step_and_pause_003,step_and_pause,16.75,0.043,0.0,0,0
step_and_pause_003,step_and_pause,16.76667,0.043,0.0,0,0
step_and_pause_003,step_and_pause,16.78333,0.043,0.0,0,0
step_and_pause_003,step_and_pause,16.8,0.043,0.0,0,0
step_and_pause_003,step_and_pause,16.81667,0.043,0.0,0,0
step_and_pause_003,step_and_pause,16.83333,0.043,0.0,0,0
step_and_pause_003,step_and_pause,16.85,0.043,0.0,0,0
step_and_pause_003,step_and_pause,16.86667,0.043,0.0,0,0
step_and_pause_003,step_and_pause,16.88333,0.043,0.0,0,0
step_and_pause_003,step_and_pause,16.9,0.043,0.0,0,0
step_and_pause_003,step_and_pause,16.91667,0.043,0.0,0,0
step_and_pause_003,step_and_pause,16.93333,0.043,0.0,0,0
step_and_pause_003,step_and_pause,16.95,0.043,0.0,0,0
step_and_pause_003,step_and_pause,16.96667,0.043,0.0,0,0
step_and_pause_003,step_and_pause,16.98333,0.043,0.0,0,0
step_and_pause_003,step_and_pause,17.0,0.043,0.0,0,0
step_and_pause_003,step_and_pause,17.01667,0.043,0.0,0,0
step_and_pause_003,step_and_pause,17.03333,0.043,0.0,0,0
step_and_pause_003,step_and_pause,17.05,0.043,0.0,0,0
step_and_pause_003,step_and_pause,17.06667,0.043,0.0,0,0
step_and_pause_003,step_and_pause,17.08333,0.043,0.0,0,0
step_and_pause_003,step_and_pause,17.1,0.043,0.0,0,0
step_and_pause_003,step_and_pause,17.11667,0.043,0.0,0,0
step_and_pause_003,step_and_pause,17.13333,0.043,0.0,0,0
step_and_pause_003,step_and_pause,17.15,0.043,0.0,0,0
step_and_pause_003,step_and_pause,17.16667,0.043,0.0,0,0
step_and_pause_003,step_and_pause,17.18333,0.043,0.0,0,0
step_and_pause_003,step_and_pause,17.2,0.043,0.0,0,0
step_and_pause_003,step_and_pause,17.21667,0.043,0.0,0,0
step_and_pause_003,step_and_pause,17.23333,0.043,0.0,0,0
step_and_pause_003,step_and_pause,17.25,0.043,0.0,0,0
step_and_pause_003,step_and_pause,17.26667,0.043,0.0,0,0
step_and_pause_003,step_and_pause,17.28333,0.043,0.0,0,0
step_and_pause_003,step_and_pause,17.3,0.043,0.0,0,0
step_and_pause_003,step_and_pause,17.31667,0.043,0.0,0,0
step_and_pause_003,step_and_pause,17.33333,0.043,0.0,0,0
step_and_pause_003,step_and_pause,17.35,0.043,0.0,0,0
step_and_pause_003,step_and_pause,17.36667,0.043,0.0,0,0
step_and_pause_003,step_and_pause,17.38333,0.043,0.0,0,0
step_and_pause_003,step_and_pause,17.4,0.043,0.0,0,0
step_and_pause_003,step_and_pause,17.41667,0.043,0.0,0,0
step_and_pause_003,step_and_pause,17.43333,0.043,0.0,0,0
step_and_pause_003,step_and_pause,17.45,0.043,0.0,0,0
step_and_pause_003,step_and_pause,17.46667,0.043,0.0,0,0
step_and_pause_003,step_and_pause,17.48333,0.043,0.0,0,0
step_and_pause_003,step_and_pause,17.5,0.043,0.0,0,0
step_and_pause_003,step_and_pause,17.51667,0.043,0.0,0,0
step_and_pause_003,step_and_pause,17.53333,0.043,0.0,0,0
step_and_pause_003,step_and_pause,17.55,0.043,0.0,0,0
step_and_pause_003,step_and_pause,17.56667,0.043,0.0,0,0
step_and_pause_003,step_and_pause,17.58333,0.043,0.0,0,0
step_and_pause_003,step_and_pause,17.6,0.043,0.0,0,0
step_and_pause_003,step_and_pause,17.61667,0.043,0.0,0,0
step_and_pause_003,step_and_pause,17.63333,0.043,0.0,0,0
step_and_pause_003,step_and_pause,17.65,0.043,0.0,0,0
step_and_pause_003,step_and_pause,17.66667,0.043,0.0,0,0
step_and_pause_003,step_and_pause,17.68333,0.043,0.0,0,0
step_and_pause_003,step_and_pause,17.7,0.043,0.0,0,0
step_and_pause_003,step_and_pause,17.71667,0.043,0.0,0,0
step_and_pause_003,step_and_pause,17.73333,0.043,0.0,0,0
step_and_pause_003,step_and_pause,17.75,0.043,0.0,0,0
step_and_pause_003,step_and_pause,17.76667,0.043,0.0,0,0
step_and_pause_003,step_and_pause,17.78333,0.043,0.0,0,0
step_and_pause_003,step_and_pause,17.8,0.043,0.0,0,0
step_and_pause_003,step_and_pause,17.81667,0.043,0.0,0,0
step_and_pause_003,step_and_pause,17.83333,0.043,0.0,0,0
step_and_pause_003,step_and_pause,17.85,0.043,0.0,0,0
step_and_pause_003,step_and_pause,17.86667,0.043,0.0,0,0
step_and_pause_003,step_and_pause,17.88333,0.043,0.0,0,0
step_and_pause_003,step_and_pause,17.9,0.043,0.0,0,0
step_and_pause_003,step_and_pause,17.91667,0.043,0.0,0,0
step_and_pause_003,step_and_pause,17.93333,0.043,0.0,0,0
step_and_pause_003,step_and_pause,17.95,0.043,0.0,0,0
step_and_pause_003,step_and_pause,17.96667,0.043,0.0,0,0
step_and_pause_003,step_and_pause,17.98333,0.043,0.0,0,0
step_and_pause_003,step_and_pause,18.0,0.043,0.0,0,0
step_and_pause_003,step_and_pause,18.01667,0.043,0.0,0,0
step_and_pause_003,step_and_pause,18.03333,0.043,0.0,0,0
step_and_pause_003,step_and_pause,18.05,0.043,0.0,0,0
step_and_pause_003,step_and_pause,18.06667,0.043,0.0,0,0
step_and_pause_003,step_and_pause,18.08333,0.043,0.0,0,0
step_and_pause_003,step_and_pause,18.1,0.043,0.0,0,0
step_and_pause_003,step_and_pause,18.11667,0.043,0.0,0,0
step_and_pause_003,step_and_pause,18.13333,0.043,0.0,0,0
step_and_pause_003,step_and_pause,18.15,0.043,0.0,0,0
step_and_pause_003,step_and_pause,18.16667,0.043,0.0,0,0
step_and_pause_003,step_and_pause,18.18333,0.043,0.0,0,0
step_and_pause_003,step_and_pause,18.2,0.043,0.0,0,0
step_and_pause_003,step_and_pause,18.21667,0.043,0.0,0,0
step_and_pause_003,step_and_pause,18.23333,0.043,0.0,0,0
step_and_pause_003,step_and_pause,18.25,0.043,0.0,0,0
step_and_pause_003,step_and_pause,18.26667,0.043,0.0,0,0
step_and_pause_003,step_and_pause,18.28333,0.043,0.0,0,1
step_and_pause_003,step_and_pause,18.3,1.543,90.0,0,1
step_and_pause_003,step_and_pause,18.31667,3.043,90.0,0,1
step_and_pause_003,step_and_pause,18.33333,4.543,90.0,0,1
step_and_pause_003,step_and_pause,18.35,6.043,90.0,0,1
step_and_pause_003,step_and_pause,18.36667,7.543,90.0,0,1
step_and_pause_003,step_and_pause,18.38333,9.043,90.0,0,1
step_and_pause_003,step_and_pause,18.4,10.543,90.0,0,1
step_and_pause_003,step_and_pause,18.41667,12.043,90.0,0,1
step_and_pause_003,step_and_pause,18.43333,13.543,90.0,0,1
step_and_pause_003,step_and_pause,18.45,15.043,90.0,0,1
step_and_pause_003,step_and_pause,18.46667,16.543,90.0,0,1
step_and_pause_003,step_and_pause,18.48333,18.043,90.0,0,1
step_and_pause_003,step_and_pause,18.5,19.543,90.0,0,1
step_and_pause_003,step_and_pause,18.51667,21.043,90.0,0,1
step_and_pause_003,step_and_pause,18.53333,22.543,90.0,0,1
step_and_pause_003,step_and_pause,18.55,24.043,90.0,0,1
step_and_pause_003,step_and_pause,18.56667,25.543,90.0,0,1
step_and_pause_003,step_and_pause,18.58333,27.043,90.0,0,1
step_and_pause_003,step_and_pause,18.6,28.543,90.0,0,1
step_and_pause_003,step_and_pause,18.61667,30.043,90.0,0,1
step_and_pause_003,step_and_pause,18.63333,31.543,90.0,0,1
step_and_pause_003,step_and_pause,18.65,33.043,90.0,0,1
step_and_pause_003,step_and_pause,18.66667,34.543,90.0,0,1
step_and_pause_003,step_and_pause,18.68333,36.043,90.0,0,1
step_and_pause_003,step_and_pause,18.7,37.543,90.0,0,1
step_and_pause_003,step_and_pause,18.71667,39.043,90.0,0,1
step_and_pause_003,step_and_pause,18.73333,40.543,90.0,0,1
step_and_pause_003,step_and_pause,18.75,42.043,90.0,0,1
step_and_pause_003,step_and_pause,18.76667,43.543,90.0,0,1
step_and_pause_003,step_and_pause,18.78333,45.043,90.0,0,1
step_and_pause_003,step_and_pause,18.8,46.543,90.0,0,1
step_and_pause_003,step_and_pause,18.81667,48.043,90.0,0,1
step_and_pause_003,step_and_pause,18.83333,49.543,90.0,0,1
step_and_pause_003,step_and_pause,18.85,51.043,90.0,0,1
step_and_pause_003,step_and_pause,18.86667,52.543,90.0,0,1
step_and_pause_003,step_and_pause,18.88333,54.043,90.0,0,1
step_and_pause_003,step_and_pause,18.9,55.543,90.0,0,1
step_and_pause_003,step_and_pause,18.91667,57.043,90.0,0,1
step_and_pause_003,step_and_pause,18.93333,58.543,90.0,0,1
step_and_pause_003,step_and_pause,18.95,60.043,90.0,0,0
step_and_pause_003,step_and_pause,18.96667,60.043,0.0,0,0
step_and_pause_003,step_and_pause,18.98333,60.043,0.0,0,0
step_and_pause_003,step_and_pause,19.0,60.043,0.0,0,0
step_and_pause_003,step_and_pause,19.01667,60.043,0.0,0,0
step_and_pause_003,step_and_pause,19.03333,60.043,0.0,0,0
step_and_pause_003,step_and_pause,19.05,60.043,0.0,0,0
step_and_pause_003,step_and_pause,19.06667,60.043,0.0,0,0
step_and_pause_003,step_and_pause,19.08333,60.043,0.0,0,0
step_and_pause_003,step_and_pause,19.1,60.043,0.0,0,0
step_and_pause_003,step_and_pause,19.11667,60.043,0.0,0,0
step_and_pause_003,step_and_pause,19.13333,60.043,0.0,0,0
step_and_pause_003,step_and_pause,19.15,60.043,0.0,0,0
step_and_pause_003,step_and_pause,19.16667,60.043,0.0,0,0
step_and_pause_003,step_and_pause,19.18333,60.043,0.0,0,0
step_and_pause_003,step_and_pause,19.2,60.043,0.0,0,0
step_and_pause_003,step_and_pause,19.21667,60.043,0.0,0,0
step_and_pause_003,step_and_pause,19.23333,60.043,0.0,0,0
step_and_pause_003,step_and_pause,19.25,60.043,0.0,0,0
step_and_pause_003,step_and_pause,19.26667,60.043,0.0,0,0
step_and_pause_003,step_and_pause,19.28333,60.043,0.0,0,0
step_and_pause_003,step_and_pause,19.3,60.043,0.0,0,0
step_and_pause_003,step_and_pause,19.31667,60.043,0.0,0,0
step_and_pause_003,step_and_pause,19.33333,60.043,0.0,1,0
step_and_pause_003,step_and_pause,19.35,58.543,-90.0,1,0
step_and_pause_003,step_and_pause,19.36667,57.043,-90.0,1,0
step_and_pause_003,step_and_pause,19.38333,55.543,-90.0,1,0
step_and_pause_003,step_and_pause,19.4,54.043,-90.0,1,0
step_and_pause_003,step_and_pause,19.41667,52.543,-90.0,1,0
step_and_pause_003,step_and_pause,19.43333,51.043,-90.0,1,0
step_and_pause_003,step_and_pause,19.45,49.543,-90.0,1,0
step_and_pause_003,step_and_pause,19.46667,48.043,-90.0,1,0
step_and_pause_003,step_and_pause,19.48333,46.543,-90.0,1,0
step_and_pause_003,step_and_pause,19.5,45.043,-90.0,1,0
step_and_pause_003,step_and_pause,19.51667,43.543,-90.0,1,0
step_and_pause_003,step_and_pause,19.53333,42.043,-90.0,1,0
step_and_pause_003,step_and_pause,19.55,40.543,-90.0,1,0
step_and_pause_003,step_and_pause,19.56667,39.043,-90.0,1,0
step_and_pause_003,step_and_pause,19.58333,37.543,-90.0,1,0
step_and_pause_003,step_and_pause,19.6,36.043,-90.0,1,0
step_and_pause_003,step_and_pause,19.61667,34.543,-90.0,1,0
step_and_pause_003,step_and_pause,19.63333,33.043,-90.0,1,0
step_and_pause_003,step_and_pause,19.65,31.543,-90.0,1,0
step_and_pause_003,step_and_pause,19.66667,30.043,-90.0,1,0
step_and_pause_003,step_and_pause,19.68333,28.543,-90.0,1,0
step_and_pause_003,step_and_pause,19.7,27.043,-90.0,1,0
step_and_pause_003,step_and_pause,19.71667,25.543,-90.0,1,0
step_and_pause_003,step_and_pause,19.73333,24.043,-90.0,1,0
step_and_pause_003,step_and_pause,19.75,22.543,-90.0,1,0
step_and_pause_003,step_and_pause,19.76667,21.043,-90.0,1,0
step_and_pause_003,step_and_pause,19.78333,19.543,-90.0,1,0
step_and_pause_003,step_and_pause,19.8,18.043,-90.0,1,0
step_and_pause_003,step_and_pause,19.81667,16.543,-90.0,1,0
step_and_pause_003,step_and_pause,19.83333,15.043,-90.0,1,0
step_and_pause_003,step_and_pause,19.85,13.543,-90.0,1,0
step_and_pause_003,step_and_pause,19.86667,12.043,-90.0,1,0
step_and_pause_003,step_and_pause,19.88333,10.543,-90.0,1,0
step_and_pause_003,step_and_pause,19.9,9.043,-90.0,1,0
step_and_pause_003,step_and_pause,19.91667,7.543,-90.0,1,0
step_and_pause_003,step_and_pause,19.93333,6.043,-90.0,1,0
step_and_pause_003,step_and_pause,19.95,4.543,-90.0,1,0
step_and_pause_003,step_and_pause,19.96667,3.043,-90.0,1,0
step_and_pause_003,step_and_pause,19.98333,1.543,-90.0,1,0
step_and_pause_003,step_and_pause,20.0,0.043,-90.0,0,0
step_and_pause_003,step_and_pause,20.01667,0.043,0.0,0,0
step_and_pause_003,step_and_pause,20.03333,0.043,0.0,0,0
step_and_pause_003,step_and_pause,20.05,0.043,0.0,0,0
step_and_pause_003,step_and_pause,20.06667,0.043,0.0,0,0
step_and_pause_003,step_and_pause,20.08333,0.043,0.0,0,0
step_and_pause_003,step_and_pause,20.1,0.043,0.0,0,0
step_and_pause_003,step_and_pause,20.11667,0.043,0.0,0,0
step_and_pause_003,step_and_pause,20.13333,0.043,0.0,0,0
step_and_pause_003,step_and_pause,20.15,0.043,0.0,0,0
step_and_pause_003,step_and_pause,20.16667,0.043,0.0,0,0
step_and_pause_003,step_and_pause,20.18333,0.043,0.0,0,0
step_and_pause_003,step_and_pause,20.2,0.043,0.0,0,0
step_and_pause_003,step_and_pause,20.21667,0.043,0.0,0,0
step_and_pause_003,step_and_pause,20.23333,0.043,0.0,0,0
step_and_pause_003,step_and_pause,20.25,0.043,0.0,0,0
step_and_pause_003,step_and_pause,20.26667,0.043,0.0,0,0
step_and_pause_003,step_and_pause,20.28333,0.043,0.0,0,0
step_and_pause_003,step_and_pause,20.3,0.043,0.0,0,0
step_and_pause_003,step_and_pause,20.31667,0.043,0.0,0,0
step_and_pause_003,step_and_pause,20.33333,0.043,0.0,0,0
step_and_pause_003,step_and_pause,20.35,0.043,0.0,0,0
step_and_pause_003,step_and_pause,20.36667,0.043,0.0,0,0
step_and_pause_003,step_and_pause,20.38333,0.043,0.0,0,0
step_and_pause_003,step_and_pause,20.4,0.043,0.0,0,0
step_and_pause_003,step_and_pause,20.41667,0.043,0.0,0,0
step_and_pause_003,step_and_pause,20.43333,0.043,0.0,0,0
step_and_pause_003,step_and_pause,20.45,0.043,0.0,0,0
step_and_pause_003,step_and_pause,20.46667,0.043,0.0,0,0
step_and_pause_003,step_and_pause,20.48333,0.043,0.0,0,0
step_and_pause_003,step_and_pause,20.5,0.043,0.0,0,0
step_and_pause_003,step_and_pause,20.51667,0.043,0.0,0,0
step_and_pause_003,step_and_pause,20.53333,0.043,0.0,0,0
step_and_pause_003,step_and_pause,20.55,0.043,0.0,0,0
step_and_pause_003,step_and_pause,20.56667,0.043,0.0,0,0
step_and_pause_003,step_and_pause,20.58333,0.043,0.0,0,0
step_and_pause_003,step_and_pause,20.6,0.043,0.0,0,0
step_and_pause_003,step_and_pause,20.61667,0.043,0.0,0,0
step_and_pause_003,step_and_pause,20.63333,0.043,0.0,0,0
step_and_pause_003,step_and_pause,20.65,0.043,0.0,0,0
step_and_pause_003,step_and_pause,20.66667,0.043,0.0,0,0
step_and_pause_003,step_and_pause,20.68333,0.043,0.0,0,0
step_and_pause_003,step_and_pause,20.7,0.043,0.0,0,0
step_and_pause_003,step_and_pause,20.71667,0.043,0.0,0,0
step_and_pause_003,step_and_pause,20.73333,0.043,0.0,0,0
step_and_pause_003,step_and_pause,20.75,0.043,0.0,0,0
step_and_pause_003,step_and_pause,20.76667,0.043,0.0,0,0
step_and_pause_003,step_and_pause,20.78333,0.043,0.0,0,0
step_and_pause_003,step_and_pause,20.8,0.043,0.0,0,0
step_and_pause_003,step_and_pause,20.81667,0.043,0.0,0,0
step_and_pause_003,step_and_pause,20.83333,0.043,0.0,0,0
step_and_pause_003,step_and_pause,20.85,0.043,0.0,0,0
step_and_pause_003,step_and_pause,20.86667,0.043,0.0,0,0
step_and_pause_003,step_and_pause,20.88333,0.043,0.0,0,0
step_and_pause_003,step_and_pause,20.9,0.043,0.0,0,0
step_and_pause_003,step_and_pause,20.91667,0.043,0.0,0,0
step_and_pause_003,step_and_pause,20.93333,0.043,0.0,0,0
step_and_pause_003,step_and_pause,20.95,0.043,0.0,0,0
step_and_pause_003,step_and_pause,20.96667,0.043,0.0,0,0
step_and_pause_003,step_and_pause,20.98333,0.043,0.0,0,0
step_and_pause_003,step_and_pause,21.0,0.043,0.0,0,0
step_and_pause_003,step_and_pause,21.01667,0.043,0.0,0,0
step_and_pause_003,step_and_pause,21.03333,0.043,0.0,0,0
step_and_pause_003,step_and_pause,21.05,0.043,0.0,0,0
step_and_pause_003,step_and_pause,21.06667,0.043,0.0,0,0
step_and_pause_003,step_and_pause,21.08333,0.043,0.0,0,0
step_and_pause_003,step_and_pause,21.1,0.043,0.0,0,0
step_and_pause_003,step_and_pause,21.11667,0.043,0.0,0,0
step_and_pause_003,step_and_pause,21.13333,0.043,0.0,0,0
step_and_pause_003,step_and_pause,21.15,0.043,0.0,0,0
step_and_pause_003,step_and_pause,21.16667,0.043,0.0,0,0
step_and_pause_003,step_and_pause,21.18333,0.043,0.0,0,0
step_and_pause_003,step_and_pause,21.2,0.043,0.0,0,0
step_and_pause_003,step_and_pause,21.21667,0.043,0.0,0,0
step_and_pause_003,step_and_pause,21.23333,0.043,0.0,0,0
step_and_pause_003,step_and_pause,21.25,0.043,0.0,0,0
step_and_pause_003,step_and_pause,21.26667,0.043,0.0,0,0
step_and_pause_003,step_and_pause,21.28333,0.043,0.0,0,0
step_and_pause_003,step_and_pause,21.3,0.043,0.0,0,0
step_and_pause_003,step_and_pause,21.31667,0.043,0.0,0,0
step_and_pause_003,step_and_pause,21.33333,0.043,0.0,0,0
step_and_pause_003,step_and_pause,21.35,0.043,0.0,0,0
step_and_pause_003,step_and_pause,21.36667,0.043,0.0,0,0
step_and_pause_003,step_and_pause,21.38333,0.043,0.0,0,0
step_and_pause_003,step_and_pause,21.4,0.043,0.0,0,0
step_and_pause_003,step_and_pause,21.41667,0.043,0.0,0,0
step_and_pause_003,step_and_pause,21.43333,0.043,0.0,0,0
step_and_pause_003,step_and_pause,21.45,0.043,0.0,0,0
step_and_pause_003,step_and_pause,21.46667,0.043,0.0,0,0
step_and_pause_003,step_and_pause,21.48333,0.043,0.0,0,0
step_and_pause_003,step_and_pause,21.5,0.043,0.0,0,0
step_and_pause_003,step_and_pause,21.51667,0.043,0.0,0,0
step_and_pause_003,step_and_pause,21.53333,0.043,0.0,0,0
step_and_pause_003,step_and_pause,21.55,0.043,0.0,0,0
step_and_pause_003,step_and_pause,21.56667,0.043,0.0,0,0
step_and_pause_003,step_and_pause,21.58333,0.043,0.0,0,0
step_and_pause_003,step_and_pause,21.6,0.043,0.0,0,0
step_and_pause_003,step_and_pause,21.61667,0.043,0.0,0,0
step_and_pause_003,step_and_pause,21.63333,0.043,0.0,0,0
step_and_pause_003,step_and_pause,21.65,0.043,0.0,0,1
step_and_pause_003,step_and_pause,21.66667,1.543,90.0,0,1
step_and_pause_003,step_and_pause,21.68333,3.043,90.0,0,1
step_and_pause_003,step_and_pause,21.7,4.543,90.0,0,1
step_and_pause_003,step_and_pause,21.71667,6.043,90.0,0,1
step_and_pause_003,step_and_pause,21.73333,7.543,90.0,0,1
step_and_pause_003,step_and_pause,21.75,9.043,90.0,0,1
step_and_pause_003,step_and_pause,21.76667,10.543,90.0,0,1
step_and_pause_003,step_and_pause,21.78333,12.043,90.0,0,1
step_and_pause_003,step_and_pause,21.8,13.543,90.0,0,1
step_and_pause_003,step_and_pause,21.81667,15.043,90.0,0,1
step_and_pause_003,step_and_pause,21.83333,16.543,90.0,0,1
step_and_pause_003,step_and_pause,21.85,18.043,90.0,0,1
step_and_pause_003,step_and_pause,21.86667,19.543,90.0,0,1
step_and_pause_003,step_and_pause,21.88333,21.043,90.0,0,1
step_and_pause_003,step_and_pause,21.9,22.543,90.0,0,1
step_and_pause_003,step_and_pause,21.91667,24.043,90.0,0,1
step_and_pause_003,step_and_pause,21.93333,25.543,90.0,0,1
step_and_pause_003,step_and_pause,21.95,27.043,90.0,0,1
step_and_pause_003,step_and_pause,21.96667,28.543,90.0,0,1
step_and_pause_003,step_and_pause,21.98333,30.043,90.0,0,1
step_and_pause_003,step_and_pause,22.0,31.543,90.0,0,1
step_and_pause_003,step_and_pause,22.01667,33.043,90.0,0,1
step_and_pause_003,step_and_pause,22.03333,34.543,90.0,0,1
step_and_pause_003,step_and_pause,22.05,36.043,90.0,0,1
step_and_pause_003,step_and_pause,22.06667,37.543,90.0,0,1
step_and_pause_003,step_and_pause,22.08333,39.043,90.0,0,1
step_and_pause_003,step_and_pause,22.1,40.543,90.0,0,1
step_and_pause_003,step_and_pause,22.11667,42.043,90.0,0,1
step_and_pause_003,step_and_pause,22.13333,43.543,90.0,0,1
step_and_pause_003,step_and_pause,22.15,45.043,90.0,0,1
step_and_pause_003,step_and_pause,22.16667,46.543,90.0,0,1
step_and_pause_003,step_and_pause,22.18333,48.043,90.0,0,1
step_and_pause_003,step_and_pause,22.2,49.543,90.0,0,1
step_and_pause_003,step_and_pause,22.21667,51.043,90.0,0,1
step_and_pause_003,step_and_pause,22.23333,52.543,90.0,0,1
step_and_pause_003,step_and_pause,22.25,54.043,90.0,0,1
step_and_pause_003,step_and_pause,22.26667,55.543,90.0,0,1
step_and_pause_003,step_and_pause,22.28333,57.043,90.0,0,1
step_and_pause_003,step_and_pause,22.3,58.543,90.0,0,1
step_and_pause_003,step_and_pause,22.31667,60.043,90.0,0,1
step_and_pause_003,step_and_pause,22.33333,61.543,90.0,0,1
step_and_pause_003,step_and_pause,22.35,63.043,90.0,0,1
step_and_pause_003,step_and_pause,22.36667,64.543,90.0,0,1
step_and_pause_003,step_and_pause,22.38333,66.043,90.0,0,1
step_and_pause_003,step_and_pause,22.4,67.543,90.0,0,1
step_and_pause_003,step_and_pause,22.41667,69.043,90.0,0,1
step_and_pause_003,step_and_pause,22.43333,70.543,90.0,0,0
step_and_pause_003,step_and_pause,22.45,70.543,0.0,0,0
step_and_pause_003,step_and_pause,22.46667,70.543,0.0,0,0
step_and_pause_003,step_and_pause,22.48333,70.543,0.0,0,0
step_and_pause_003,step_and_pause,22.5,70.543,0.0,0,0
step_and_pause_003,step_and_pause,22.51667,70.543,0.0,0,0
step_and_pause_003,step_and_pause,22.53333,70.543,0.0,0,0
step_and_pause_003,step_and_pause,22.55,70.543,0.0,0,0
step_and_pause_003,step_and_pause,22.56667,70.543,0.0,0,0
step_and_pause_003,step_and_pause,22.58333,70.543,0.0,0,0
step_and_pause_003,step_and_pause,22.6,70.543,0.0,0,0
step_and_pause_003,step_and_pause,22.61667,70.543,0.0,0,0
step_and_pause_003,step_and_pause,22.63333,70.543,0.0,0,0
step_and_pause_003,step_and_pause,22.65,70.543,0.0,0,0
step_and_pause_003,step_and_pause,22.66667,70.543,0.0,0,0
step_and_pause_003,step_and_pause,22.68333,70.543,0.0,0,0
step_and_pause_003,step_and_pause,22.7,70.543,0.0,0,0
step_and_pause_003,step_and_pause,22.71667,70.543,0.0,0,0
step_and_pause_003,step_and_pause,22.73333,70.543,0.0,0,0
step_and_pause_003,step_and_pause,22.75,70.543,0.0,0,0
step_and_pause_003,step_and_pause,22.76667,70.543,0.0,0,0
step_and_pause_003,step_and_pause,22.78333,70.543,0.0,0,0
step_and_pause_003,step_and_pause,22.8,70.543,0.0,0,0
step_and_pause_003,step_and_pause,22.81667,70.543,0.0,0,0
step_and_pause_003,step_and_pause,22.83333,70.543,0.0,0,0
step_and_pause_003,step_and_pause,22.85,70.543,0.0,0,0
step_and_pause_003,step_and_pause,22.86667,70.543,0.0,0,0
step_and_pause_003,step_and_pause,22.88333,70.543,0.0,0,0
step_and_pause_003,step_and_pause,22.9,70.543,0.0,0,0
step_and_pause_003,step_and_pause,22.91667,70.543,0.0,0,0
step_and_pause_003,step_and_pause,22.93333,70.543,0.0,0,0
step_and_pause_003,step_and_pause,22.95,70.543,0.0,0,0
step_and_pause_003,step_and_pause,22.96667,70.543,0.0,0,0
step_and_pause_003,step_and_pause,22.98333,70.543,0.0,0,0
step_and_pause_003,step_and_pause,23.0,70.543,0.0,0,0
step_and_pause_003,step_and_pause,23.01667,70.543,0.0,0,0
step_and_pause_003,step_and_pause,23.03333,70.543,0.0,0,0
step_and_pause_003,step_and_pause,23.05,70.543,0.0,0,0
step_and_pause_003,step_and_pause,23.06667,70.543,0.0,0,0
step_and_pause_003,step_and_pause,23.08333,70.543,0.0,0,0
step_and_pause_003,step_and_pause,23.1,70.543,0.0,0,0
step_and_pause_003,step_and_pause,23.11667,70.543,0.0,0,0
step_and_pause_003,step_and_pause,23.13333,70.543,0.0,0,0
step_and_pause_003,step_and_pause,23.15,70.543,0.0,0,0
step_and_pause_003,step_and_pause,23.16667,70.543,0.0,0,0
step_and_pause_003,step_and_pause,23.18333,70.543,0.0,0,0
step_and_pause_003,step_and_pause,23.2,70.543,0.0,0,0
step_and_pause_003,step_and_pause,23.21667,70.543,0.0,0,0
step_and_pause_003,step_and_pause,23.23333,70.543,0.0,0,0
step_and_pause_003,step_and_pause,23.25,70.543,0.0,0,0
step_and_pause_003,step_and_pause,23.26667,70.543,0.0,0,0
step_and_pause_003,step_and_pause,23.28333,70.543,0.0,0,0
step_and_pause_003,step_and_pause,23.3,70.543,0.0,0,0
step_and_pause_003,step_and_pause,23.31667,70.543,0.0,0,0
step_and_pause_003,step_and_pause,23.33333,70.543,0.0,0,0
step_and_pause_003,step_and_pause,23.35,70.543,0.0,0,0
step_and_pause_003,step_and_pause,23.36667,70.543,0.0,0,0
step_and_pause_003,step_and_pause,23.38333,70.543,0.0,0,0
step_and_pause_003,step_and_pause,23.4,70.543,0.0,0,0
step_and_pause_003,step_and_pause,23.41667,70.543,0.0,0,0
step_and_pause_003,step_and_pause,23.43333,70.543,0.0,0,0
step_and_pause_003,step_and_pause,23.45,70.543,0.0,0,0
step_and_pause_003,step_and_pause,23.46667,70.543,0.0,0,0
step_and_pause_003,step_and_pause,23.48333,70.543,0.0,0,0
step_and_pause_003,step_and_pause,23.5,70.543,0.0,0,0
step_and_pause_003,step_and_pause,23.51667,70.543,0.0,0,0
step_and_pause_003,step_and_pause,23.53333,70.543,0.0,0,0
step_and_pause_003,step_and_pause,23.55,70.543,0.0,0,0
step_and_pause_003,step_and_pause,23.56667,70.543,0.0,0,0
step_and_pause_003,step_and_pause,23.58333,70.543,0.0,0,0
step_and_pause_003,step_and_pause,23.6,70.543,0.0,0,0
step_and_pause_003,step_and_pause,23.61667,70.543,0.0,0,0
step_and_pause_003,step_and_pause,23.63333,70.543,0.0,0,0
step_and_pause_003,step_and_pause,23.65,70.543,0.0,0,0
step_and_pause_003,step_and_pause,23.66667,70.543,0.0,0,0
step_and_pause_003,step_and_pause,23.68333,70.543,0.0,0,0
step_and_pause_003,step_and_pause,23.7,70.543,0.0,0,0
step_and_pause_003,step_and_pause,23.71667,70.543,0.0,0,0
step_and_pause_003,step_and_pause,23.73333,70.543,0.0,0,0
step_and_pause_003,step_and_pause,23.75,70.543,0.0,0,0
step_and_pause_003,step_and_pause,23.76667,70.543,0.0,0,0
step_and_pause_003,step_and_pause,23.78333,70.543,0.0,0,0
step_and_pause_003,step_and_pause,23.8,70.543,0.0,0,0
step_and_pause_003,step_and_pause,23.81667,70.543,0.0,0,0
step_and_pause_003,step_and_pause,23.83333,70.543,0.0,0,0
step_and_pause_003,step_and_pause,23.85,70.543,0.0,0,0
step_and_pause_003,step_and_pause,23.86667,70.543,0.0,0,0
step_and_pause_003,step_and_pause,23.88333,70.543,0.0,0,0
step_and_pause_003,step_and_pause,23.9,70.543,0.0,0,0
step_and_pause_003,step_and_pause,23.91667,70.543,0.0,0,0
step_and_pause_003,step_and_pause,23.93333,70.543,0.0,0,0
step_and_pause_003,step_and_pause,23.95,70.543,0.0,0,0
step_and_pause_003,step_and_pause,23.96667,70.543,0.0,0,0
step_and_pause_003,step_and_pause,23.98333,70.543,0.0,0,0
step_and_pause_003,step_and_pause,24.0,70.543,0.0,0,0
step_and_pause_003,step_and_pause,24.01667,70.543,0.0,0,0
step_and_pause_003,step_and_pause,24.03333,70.543,0.0,0,0
step_and_pause_003,step_and_pause,24.05,70.543,0.0,0,0
step_and_pause_003,step_and_pause,24.06667,70.543,0.0,0,0
step_and_pause_003,step_and_pause,24.08333,70.543,0.0,0,0
step_and_pause_003,step_and_pause,24.1,70.543,0.0,0,0
step_and_pause_003,step_and_pause,24.11667,70.543,0.0,0,0
step_and_pause_003,step_and_pause,24.13333,70.543,0.0,1,0
step_and_pause_003,step_and_pause,24.15,69.043,-90.0,1,0
step_and_pause_003,step_and_pause,24.16667,67.543,-90.0,1,0
step_and_pause_003,step_and_pause,24.18333,66.043,-90.0,1,0
step_and_pause_003,step_and_pause,24.2,64.543,-90.0,1,0
step_and_pause_003,step_and_pause,24.21667,63.043,-90.0,1,0
step_and_pause_003,step_and_pause,24.23333,61.543,-90.0,1,0
step_and_pause_003,step_and_pause,24.25,60.043,-90.0,1,0
step_and_pause_003,step_and_pause,24.26667,58.543,-90.0,1,0
step_and_pause_003,step_and_pause,24.28333,57.043,-90.0,1,0
step_and_pause_003,step_and_pause,24.3,55.543,-90.0,1,0
step_and_pause_003,step_and_pause,24.31667,54.043,-90.0,1,0
step_and_pause_003,step_and_pause,24.33333,52.543,-90.0,1,0
step_and_pause_003,step_and_pause,24.35,51.043,-90.0,1,0
step_and_pause_003,step_and_pause,24.36667,49.543,-90.0,1,0
step_and_pause_003,step_and_pause,24.38333,48.043,-90.0,1,0
step_and_pause_003,step_and_pause,24.4,46.543,-90.0,1,0
step_and_pause_003,step_and_pause,24.41667,45.043,-90.0,1,0
step_and_pause_003,step_and_pause,24.43333,43.543,-90.0,1,0
step_and_pause_003,step_and_pause,24.45,42.043,-90.0,1,0
step_and_pause_003,step_and_pause,24.46667,40.543,-90.0,1,0
step_and_pause_003,step_and_pause,24.48333,39.043,-90.0,1,0
step_and_pause_003,step_and_pause,24.5,37.543,-90.0,1,0
step_and_pause_003,step_and_pause,24.51667,36.043,-90.0,1,0
step_and_pause_003,step_and_pause,24.53333,34.543,-90.0,1,0
step_and_pause_003,step_and_pause,24.55,33.043,-90.0,1,0
step_and_pause_003,step_and_pause,24.56667,31.543,-90.0,1,0
step_and_pause_003,step_and_pause,24.58333,30.043,-90.0,1,0
step_and_pause_003,step_and_pause,24.6,28.543,-90.0,1,0
step_and_pause_003,step_and_pause,24.61667,27.043,-90.0,1,0
step_and_pause_003,step_and_pause,24.63333,25.543,-90.0,1,0
step_and_pause_003,step_and_pause,24.65,24.043,-90.0,1,0
step_and_pause_003,step_and_pause,24.66667,22.543,-90.0,1,0
step_and_pause_003,step_and_pause,24.68333,21.043,-90.0,1,0
step_and_pause_003,step_and_pause,24.7,19.543,-90.0,1,0
step_and_pause_003,step_and_pause,24.71667,18.043,-90.0,1,0
step_and_pause_003,step_and_pause,24.73333,16.543,-90.0,1,0
step_and_pause_003,step_and_pause,24.75,15.043,-90.0,1,0
step_and_pause_003,step_and_pause,24.76667,13.543,-90.0,1,0
step_and_pause_003,step_and_pause,24.78333,12.043,-90.0,1,0
step_and_pause_003,step_and_pause,24.8,10.543,-90.0,1,0
step_and_pause_003,step_and_pause,24.81667,9.043,-90.0,1,0
step_and_pause_003,step_and_pause,24.83333,7.543,-90.0,1,0
step_and_pause_003,step_and_pause,24.85,6.043,-90.0,1,0
step_and_pause_003,step_and_pause,24.86667,4.543,-90.0,1,0
step_and_pause_003,step_and_pause,24.88333,3.043,-90.0,1,0
step_and_pause_003,step_and_pause,24.9,1.543,-90.0,1,0
step_and_pause_003,step_and_pause,24.91667,0.043,-90.0,0,0
step_and_pause_003,step_and_pause,24.93333,0.043,0.0,0,0
step_and_pause_003,step_and_pause,24.95,0.043,0.0,0,0
step_and_pause_003,step_and_pause,24.96667,0.043,0.0,0,0
step_and_pause_003,step_and_pause,24.98333,0.043,0.0,0,0
step_and_pause_003,step_and_pause,25.0,0.043,0.0,0,0
step_and_pause_003,step_and_pause,25.01667,0.043,0.0,0,0
step_and_pause_003,step_and_pause,25.03333,0.043,0.0,0,0
step_and_pause_003,step_and_pause,25.05,0.043,0.0,0,0
step_and_pause_003,step_and_pause,25.06667,0.043,0.0,0,0
step_and_pause_003,step_and_pause,25.08333,0.043,0.0,0,0
step_and_pause_003,step_and_pause,25.1,0.043,0.0,0,0
step_and_pause_003,step_and_pause,25.11667,0.043,0.0,0,0
step_and_pause_003,step_and_pause,25.13333,0.043,0.0,0,0
step_and_pause_003,step_and_pause,25.15,0.043,0.0,0,0
step_and_pause_003,step_and_pause,25.16667,0.043,0.0,0,0
step_and_pause_003,step_and_pause,25.18333,0.043,0.0,0,0
step_and_pause_003,step_and_pause,25.2,0.043,0.0,0,0
step_and_pause_003,step_and_pause,25.21667,0.043,0.0,0,0
step_and_pause_003,step_and_pause,25.23333,0.043,0.0,0,0
step_and_pause_003,step_and_pause,25.25,0.043,0.0,0,0
step_and_pause_003,step_and_pause,25.26667,0.043,0.0,0,0
step_and_pause_003,step_and_pause,25.28333,0.043,0.0,0,0
step_and_pause_003,step_and_pause,25.3,0.043,0.0,0,0
step_and_pause_003,step_and_pause,25.31667,0.043,0.0,0,0
step_and_pause_003,step_and_pause,25.33333,0.043,0.0,0,0
step_and_pause_003,step_and_pause,25.35,0.043,0.0,0,0
step_and_pause_003,step_and_pause,25.36667,0.043,0.0,0,0
step_and_pause_003,step_and_pause,25.38333,0.043,0.0,0,0
step_and_pause_003,step_and_pause,25.4,0.043,0.0,0,0
step_and_pause_003,step_and_pause,25.41667,0.043,0.0,0,0
step_and_pause_003,step_and_pause,25.43333,0.043,0.0,0,1
step_and_pause_003,step_and_pause,25.45,1.543,90.0,0,1
step_and_pause_003,step_and_pause,25.46667,3.043,90.0,0,1
step_and_pause_003,step_and_pause,25.48333,4.543,90.0,0,1
step_and_pause_003,step_and_pause,25.5,6.043,90.0,0,1
step_and_pause_003,step_and_pause,25.51667,7.543,90.0,0,1
step_and_pause_003,step_and_pause,25.53333,9.043,90.0,0,1
step_and_pause_003,step_and_pause,25.55,10.543,90.0,0,1
step_and_pause_003,step_and_pause,25.56667,12.043,90.0,0,1
step_and_pause_003,step_and_pause,25.58333,13.543,90.0,0,1
step_and_pause_003,step_and_pause,25.6,15.043,90.0,0,1
step_and_pause_003,step_and_pause,25.61667,16.543,90.0,0,1
step_and_pause_003,step_and_pause,25.63333,18.043,90.0,0,1
step_and_pause_003,step_and_pause,25.65,19.543,90.0,0,1
step_and_pause_003,step_and_pause,25.66667,21.043,90.0,0,1
step_and_pause_003,step_and_pause,25.68333,22.543,90.0,0,1
step_and_pause_003,step_and_pause,25.7,24.043,90.0,0,1
step_and_pause_003,step_and_pause,25.71667,25.543,90.0,0,1
step_and_pause_003,step_and_pause,25.73333,27.043,90.0,0,1
step_and_pause_003,step_and_pause,25.75,28.543,90.0,0,1
step_and_pause_003,step_and_pause,25.76667,30.043,90.0,0,1
step_and_pause_003,step_and_pause,25.78333,31.543,90.0,0,1
step_and_pause_003,step_and_pause,25.8,33.043,90.0,0,1
step_and_pause_003,step_and_pause,25.81667,34.543,90.0,0,1
step_and_pause_003,step_and_pause,25.83333,36.043,90.0,0,1
step_and_pause_003,step_and_pause,25.85,37.543,90.0,0,1
step_and_pause_003,step_and_pause,25.86667,39.043,90.0,0,1
step_and_pause_003,step_and_pause,25.88333,40.543,90.0,0,1
step_and_pause_003,step_and_pause,25.9,42.043,90.0,0,1
step_and_pause_003,step_and_pause,25.91667,43.543,90.0,0,1
step_and_pause_003,step_and_pause,25.93333,45.043,90.0,0,1
step_and_pause_003,step_and_pause,25.95,46.543,90.0,0,1
step_and_pause_003,step_and_pause,25.96667,48.043,90.0,0,1
step_and_pause_003,step_and_pause,25.98333,49.543,90.0,0,1
step_and_pause_003,step_and_pause,26.0,51.043,90.0,0,1
step_and_pause_003,step_and_pause,26.01667,52.543,90.0,0,1
step_and_pause_003,step_and_pause,26.03333,54.043,90.0,0,1
step_and_pause_003,step_and_pause,26.05,55.543,90.0,0,1
step_and_pause_003,step_and_pause,26.06667,57.043,90.0,0,1
step_and_pause_003,step_and_pause,26.08333,58.543,90.0,0,1
step_and_pause_003,step_and_pause,26.1,60.043,90.0,0,1
step_and_pause_003,step_and_pause,26.11667,61.543,90.0,0,1
step_and_pause_003,step_and_pause,26.13333,63.043,90.0,0,1
step_and_pause_003,step_and_pause,26.15,64.543,90.0,0,1
step_and_pause_003,step_and_pause,26.16667,66.043,90.0,0,1
step_and_pause_003,step_and_pause,26.18333,67.543,90.0,0,1
step_and_pause_003,step_and_pause,26.2,69.043,90.0,0,1
step_and_pause_003,step_and_pause,26.21667,70.543,90.0,0,1
step_and_pause_003,step_and_pause,26.23333,72.043,90.0,0,1
step_and_pause_003,step_and_pause,26.25,73.543,90.0,0,1
step_and_pause_003,step_and_pause,26.26667,75.043,90.0,0,1
step_and_pause_003,step_and_pause,26.28333,76.543,90.0,0,1
step_and_pause_003,step_and_pause,26.3,78.043,90.0,0,1
step_and_pause_003,step_and_pause,26.31667,79.543,90.0,0,1
step_and_pause_003,step_and_pause,26.33333,81.043,90.0,0,1
step_and_pause_003,step_and_pause,26.35,82.543,90.0,0,1
step_and_pause_003,step_and_pause,26.36667,84.043,90.0,0,1
step_and_pause_003,step_and_pause,26.38333,85.543,90.0,0,1
step_and_pause_003,step_and_pause,26.4,87.043,90.0,0,1
step_and_pause_003,step_and_pause,26.41667,88.543,90.0,0,1
step_and_pause_003,step_and_pause,26.43333,90.043,90.0,0,1
step_and_pause_003,step_and_pause,26.45,91.543,90.0,0,1
step_and_pause_003,step_and_pause,26.46667,93.043,90.0,0,1
step_and_pause_003,step_and_pause,26.48333,94.543,90.0,0,1
step_and_pause_003,step_and_pause,26.5,96.043,90.0,0,1
step_and_pause_003,step_and_pause,26.51667,97.543,90.0,0,1
step_and_pause_003,step_and_pause,26.53333,99.043,90.0,0,1
step_and_pause_003,step_and_pause,26.55,100.543,90.0,0,1
step_and_pause_003,step_and_pause,26.56667,102.043,90.0,0,1
step_and_pause_003,step_and_pause,26.58333,103.543,90.0,0,1
step_and_pause_003,step_and_pause,26.6,105.043,90.0,0,1
step_and_pause_003,step_and_pause,26.61667,106.543,90.0,0,1
step_and_pause_003,step_and_pause,26.63333,108.043,90.0,0,1
step_and_pause_003,step_and_pause,26.65,109.543,90.0,0,1
step_and_pause_003,step_and_pause,26.66667,111.043,90.0,0,1
step_and_pause_003,step_and_pause,26.68333,112.543,90.0,0,1
step_and_pause_003,step_and_pause,26.7,114.043,90.0,0,1
step_and_pause_003,step_and_pause,26.71667,115.543,90.0,0,1
step_and_pause_003,step_and_pause,26.73333,117.043,90.0,0,1
step_and_pause_003,step_and_pause,26.75,118.543,90.0,0,1
step_and_pause_003,step_and_pause,26.76667,120.043,90.0,0,1
step_and_pause_003,step_and_pause,26.78333,121.543,90.0,0,1
step_and_pause_003,step_and_pause,26.8,123.043,90.0,0,1
step_and_pause_003,step_and_pause,26.81667,124.543,90.0,0,1
step_and_pause_003,step_and_pause,26.83333,126.043,90.0,0,1
step_and_pause_003,step_and_pause,26.85,127.543,90.0,0,1
step_and_pause_003,step_and_pause,26.86667,129.043,90.0,0,1
step_and_pause_003,step_and_pause,26.88333,130.543,90.0,0,1
step_and_pause_003,step_and_pause,26.9,132.043,90.0,0,1
step_and_pause_003,step_and_pause,26.91667,133.543,90.0,0,1
step_and_pause_003,step_and_pause,26.93333,135.043,90.0,0,1
step_and_pause_003,step_and_pause,26.95,136.543,90.0,0,1
step_and_pause_003,step_and_pause,26.96667,138.043,90.0,0,1
step_and_pause_003,step_and_pause,26.98333,139.543,90.0,0,1
step_and_pause_003,step_and_pause,27.0,141.043,90.0,0,1
step_and_pause_003,step_and_pause,27.01667,142.543,90.0,0,1
step_and_pause_003,step_and_pause,27.03333,144.043,90.0,0,1
step_and_pause_003,step_and_pause,27.05,145.543,90.0,0,1
step_and_pause_003,step_and_pause,27.06667,147.043,90.0,0,1
step_and_pause_003,step_and_pause,27.08333,148.543,90.0,0,1
step_and_pause_003,step_and_pause,27.1,150.043,90.0,0,1
step_and_pause_003,step_and_pause,27.11667,151.543,90.0,0,1
step_and_pause_003,step_and_pause,27.13333,153.043,90.0,0,1
step_and_pause_003,step_and_pause,27.15,154.543,90.0,0,1
step_and_pause_003,step_and_pause,27.16667,156.043,90.0,0,1
step_and_pause_003,step_and_pause,27.18333,157.543,90.0,0,1
step_and_pause_003,step_and_pause,27.2,159.043,90.0,0,1
step_and_pause_003,step_and_pause,27.21667,160.543,90.0,0,1
step_and_pause_003,step_and_pause,27.23333,162.043,90.0,0,1
step_and_pause_003,step_and_pause,27.25,163.543,90.0,0,1
step_and_pause_003,step_and_pause,27.26667,165.043,90.0,0,1
step_and_pause_003,step_and_pause,27.28333,166.543,90.0,0,1
step_and_pause_003,step_and_pause,27.3,168.043,90.0,0,1
step_and_pause_003,step_and_pause,27.31667,169.543,90.0,0,1
step_and_pause_003,step_and_pause,27.33333,171.043,90.0,0,1
step_and_pause_003,step_and_pause,27.35,172.543,90.0,1,0
step_and_pause_003,step_and_pause,27.36667,171.043,-90.0,1,0
step_and_pause_003,step_and_pause,27.38333,169.543,-90.0,1,0
step_and_pause_003,step_and_pause,27.4,168.043,-90.0,1,0
step_and_pause_003,step_and_pause,27.41667,166.543,-90.0,1,0
step_and_pause_003,step_and_pause,27.43333,165.043,-90.0,1,0
step_and_pause_003,step_and_pause,27.45,163.543,-90.0,1,0
step_and_pause_003,step_and_pause,27.46667,162.043,-90.0,1,0
step_and_pause_003,step_and_pause,27.48333,160.543,-90.0,1,0
step_and_pause_003,step_and_pause,27.5,159.043,-90.0,1,0
step_and_pause_003,step_and_pause,27.51667,157.543,-90.0,1,0
step_and_pause_003,step_and_pause,27.53333,156.043,-90.0,1,0
step_and_pause_003,step_and_pause,27.55,154.543,-90.0,1,0
step_and_pause_003,step_and_pause,27.56667,153.043,-90.0,1,0
step_and_pause_003,step_and_pause,27.58333,151.543,-90.0,1,0
step_and_pause_003,step_and_pause,27.6,150.043,-90.0,1,0
step_and_pause_003,step_and_pause,27.61667,148.543,-90.0,1,0
step_and_pause_003,step_and_pause,27.63333,147.043,-90.0,1,0
step_and_pause_003,step_and_pause,27.65,145.543,-90.0,1,0
step_and_pause_003,step_and_pause,27.66667,144.043,-90.0,1,0
step_and_pause_003,step_and_pause,27.68333,142.543,-90.0,1,0
step_and_pause_003,step_and_pause,27.7,141.043,-90.0,1,0
step_and_pause_003,step_and_pause,27.71667,139.543,-90.0,1,0
step_and_pause_003,step_and_pause,27.73333,138.043,-90.0,1,0
step_and_pause_003,step_and_pause,27.75,136.543,-90.0,1,0
step_and_pause_003,step_and_pause,27.76667,135.043,-90.0,1,0
step_and_pause_003,step_and_pause,27.78333,133.543,-90.0,1,0
step_and_pause_003,step_and_pause,27.8,132.043,-90.0,1,0
step_and_pause_003,step_and_pause,27.81667,130.543,-90.0,1,0
step_and_pause_003,step_and_pause,27.83333,129.043,-90.0,1,0
step_and_pause_003,step_and_pause,27.85,127.543,-90.0,1,0
step_and_pause_003,step_and_pause,27.86667,126.043,-90.0,1,0
step_and_pause_003,step_and_pause,27.88333,124.543,-90.0,1,0
step_and_pause_003,step_and_pause,27.9,123.043,-90.0,1,0
step_and_pause_003,step_and_pause,27.91667,121.543,-90.0,1,0
step_and_pause_003,step_and_pause,27.93333,120.043,-90.0,1,0
step_and_pause_003,step_and_pause,27.95,118.543,-90.0,1,0
step_and_pause_003,step_and_pause,27.96667,117.043,-90.0,1,0
step_and_pause_003,step_and_pause,27.98333,115.543,-90.0,1,0
step_and_pause_003,step_and_pause,28.0,114.043,-90.0,1,0
step_and_pause_003,step_and_pause,28.01667,112.543,-90.0,1,0
step_and_pause_003,step_and_pause,28.03333,111.043,-90.0,1,0
step_and_pause_003,step_and_pause,28.05,109.543,-90.0,1,0
step_and_pause_003,step_and_pause,28.06667,108.043,-90.0,1,0
step_and_pause_003,step_and_pause,28.08333,106.543,-90.0,1,0
step_and_pause_003,step_and_pause,28.1,105.043,-90.0,1,0
step_and_pause_003,step_and_pause,28.11667,103.543,-90.0,1,0
step_and_pause_003,step_and_pause,28.13333,102.043,-90.0,1,0
step_and_pause_003,step_and_pause,28.15,100.543,-90.0,1,0
step_and_pause_003,step_and_pause,28.16667,99.043,-90.0,1,0
step_and_pause_003,step_and_pause,28.18333,97.543,-90.0,1,0
step_and_pause_003,step_and_pause,28.2,96.043,-90.0,1,0
step_and_pause_003,step_and_pause,28.21667,94.543,-90.0,1,0
step_and_pause_003,step_and_pause,28.23333,93.043,-90.0,1,0
step_and_pause_003,step_and_pause,28.25,91.543,-90.0,1,0
step_and_pause_003,step_and_pause,28.26667,90.043,-90.0,1,0
step_and_pause_003,step_and_pause,28.28333,88.543,-90.0,1,0
step_and_pause_003,step_and_pause,28.3,87.043,-90.0,1,0
step_and_pause_003,step_and_pause,28.31667,85.543,-90.0,1,0
step_and_pause_003,step_and_pause,28.33333,84.043,-90.0,1,0
step_and_pause_003,step_and_pause,28.35,82.543,-90.0,1,0
step_and_pause_003,step_and_pause,28.36667,81.043,-90.0,1,0
step_and_pause_003,step_and_pause,28.38333,79.543,-90.0,1,0
step_and_pause_003,step_and_pause,28.4,78.043,-90.0,1,0
step_and_pause_003,step_and_pause,28.41667,76.543,-90.0,1,0
step_and_pause_003,step_and_pause,28.43333,75.043,-90.0,1,0
step_and_pause_003,step_and_pause,28.45,73.543,-90.0,1,0
step_and_pause_003,step_and_pause,28.46667,72.043,-90.0,1,0
step_and_pause_003,step_and_pause,28.48333,70.543,-90.0,1,0
step_and_pause_003,step_and_pause,28.5,69.043,-90.0,1,0
step_and_pause_003,step_and_pause,28.51667,67.543,-90.0,1,0
step_and_pause_003,step_and_pause,28.53333,66.043,-90.0,1,0
step_and_pause_003,step_and_pause,28.55,64.543,-90.0,1,0
step_and_pause_003,step_and_pause,28.56667,63.043,-90.0,1,0
step_and_pause_003,step_and_pause,28.58333,61.543,-90.0,1,0
step_and_pause_003,step_and_pause,28.6,60.043,-90.0,1,0
step_and_pause_003,step_and_pause,28.61667,58.543,-90.0,1,0
step_and_pause_003,step_and_pause,28.63333,57.043,-90.0,1,0
step_and_pause_003,step_and_pause,28.65,55.543,-90.0,1,0
step_and_pause_003,step_and_pause,28.66667,54.043,-90.0,1,0
step_and_pause_003,step_and_pause,28.68333,52.543,-90.0,1,0
step_and_pause_003,step_and_pause,28.7,51.043,-90.0,1,0
step_and_pause_003,step_and_pause,28.71667,49.543,-90.0,1,0
step_and_pause_003,step_and_pause,28.73333,48.043,-90.0,1,0
step_and_pause_003,step_and_pause,28.75,46.543,-90.0,1,0
step_and_pause_003,step_and_pause,28.76667,45.043,-90.0,1,0
step_and_pause_003,step_and_pause,28.78333,43.543,-90.0,1,0
step_and_pause_003,step_and_pause,28.8,42.043,-90.0,1,0
step_and_pause_003,step_and_pause,28.81667,40.543,-90.0,1,0
step_and_pause_003,step_and_pause,28.83333,39.043,-90.0,1,0
step_and_pause_003,step_and_pause,28.85,37.543,-90.0,1,0
step_and_pause_003,step_and_pause,28.86667,36.043,-90.0,1,0
step_and_pause_003,step_and_pause,28.88333,34.543,-90.0,1,0
step_and_pause_003,step_and_pause,28.9,33.043,-90.0,1,0
step_and_pause_003,step_and_pause,28.91667,31.543,-90.0,1,0
step_and_pause_003,step_and_pause,28.93333,30.043,-90.0,1,0
step_and_pause_003,step_and_pause,28.95,28.543,-90.0,1,0
step_and_pause_003,step_and_pause,28.96667,27.043,-90.0,1,0
step_and_pause_003,step_and_pause,28.98333,25.543,-90.0,1,0
step_and_pause_003,step_and_pause,29.0,24.043,-90.0,1,0
step_and_pause_003,step_and_pause,29.01667,22.543,-90.0,1,0
step_and_pause_003,step_and_pause,29.03333,21.043,-90.0,1,0
step_and_pause_003,step_and_pause,29.05,19.543,-90.0,1,0
step_and_pause_003,step_and_pause,29.06667,18.043,-90.0,1,0
step_and_pause_003,step_and_pause,29.08333,16.543,-90.0,1,0
step_and_pause_003,step_and_pause,29.1,15.043,-90.0,1,0
step_and_pause_003,step_and_pause,29.11667,13.543,-90.0,1,0
step_and_pause_003,step_and_pause,29.13333,12.043,-90.0,1,0
step_and_pause_003,step_and_pause,29.15,10.543,-90.0,1,0
step_and_pause_003,step_and_pause,29.16667,9.043,-90.0,1,0
step_and_pause_003,step_and_pause,29.18333,7.543,-90.0,1,0
step_and_pause_003,step_and_pause,29.2,6.043,-90.0,1,0
step_and_pause_003,step_and_pause,29.21667,4.543,-90.0,1,0
step_and_pause_003,step_and_pause,29.23333,3.043,-90.0,1,0
step_and_pause_003,step_and_pause,29.25,1.543,-90.0,1,0
step_and_pause_003,step_and_pause,29.26667,0.043,-90.0,0,0
step_and_pause_003,step_and_pause,29.28333,0.043,0.0,0,0
step_and_pause_003,step_and_pause,29.3,0.043,0.0,0,0
step_and_pause_003,step_and_pause,29.31667,0.043,0.0,0,0
step_and_pause_003,step_and_pause,29.33333,0.043,0.0,0,0
step_and_pause_003,step_and_pause,29.35,0.043,0.0,0,0
step_and_pause_003,step_and_pause,29.36667,0.043,0.0,0,0
step_and_pause_003,step_and_pause,29.38333,0.043,0.0,0,0
step_and_pause_003,step_and_pause,29.4,0.043,0.0,0,0
step_and_pause_003,step_and_pause,29.41667,0.043,0.0,0,0
step_and_pause_003,step_and_pause,29.43333,0.043,0.0,0,0
step_and_pause_003,step_and_pause,29.45,0.043,0.0,0,0
step_and_pause_003,step_and_pause,29.46667,0.043,0.0,0,0
step_and_pause_003,step_and_pause,29.48333,0.043,0.0,0,0
step_and_pause_003,step_and_pause,29.5,0.043,0.0,0,0
step_and_pause_003,step_and_pause,29.51667,0.043,0.0,0,0
step_and_pause_003,step_and_pause,29.53333,0.043,0.0,0,0
step_and_pause_003,step_and_pause,29.55,0.043,0.0,0,0
step_and_pause_003,step_and_pause,29.56667,0.043,0.0,0,0
step_and_pause_003,step_and_pause,29.58333,0.043,0.0,0,0
step_and_pause_003,step_and_pause,29.6,0.043,0.0,0,0
step_and_pause_003,step_and_pause,29.61667,0.043,0.0,0,0
step_and_pause_003,step_and_pause,29.63333,0.043,0.0,0,0
step_and_pause_003,step_and_pause,29.65,0.043,0.0,0,0
step_and_pause_003,step_and_pause,29.66667,0.043,0.0,0,0
step_and_pause_003,step_and_pause,29.68333,0.043,0.0,0,0
step_and_pause_003,step_and_pause,29.7,0.043,0.0,0,0
step_and_pause_003,step_and_pause,29.71667,0.043,0.0,0,0
step_and_pause_003,step_and_pause,29.73333,0.043,0.0,0,0
step_and_pause_003,step_and_pause,29.75,0.043,0.0,0,0
step_and_pause_003,step_and_pause,29.76667,0.043,0.0,0,0
step_and_pause_003,step_and_pause,29.78333,0.043,0.0,0,0
step_and_pause_003,step_and_pause,29.8,0.043,0.0,0,0
