session_id,pattern,t,x,vx,input_left,input_right
step_and_pause_000,step_and_pause,0.0,158.304,0.0,1,0
step_and_pause_000,step_and_pause,0.01667,156.804,-90.0,1,0
step_and_pause_000,step_and_pause,0.03333,155.304,-90.0,1,0
step_and_pause_000,step_and_pause,0.05,153.804,-90.0,1,0
step_and_pause_000,step_and_pause,0.06667,152.304,-90.0,1,0
step_and_pause_000,step_and_pause,0.08333,150.804,-90.0,1,0
step_and_pause_000,step_and_pause,0.1,149.304,-90.0,1,0
step_and_pause_000,step_and_pause,0.11667,147.804,-90.0,1,0
step_and_pause_000,step_and_pause,0.13333,146.304,-90.0,1,0
step_and_pause_000,step_and_pause,0.15,144.804,-90.0,1,0
step_and_pause_000,step_and_pause,0.16667,143.304,-90.0,1,0
step_and_pause_000,step_and_pause,0.18333,141.804,-90.0,1,0
step_and_pause_000,step_and_pause,0.2,140.304,-90.0,1,0
step_and_pause_000,step_and_pause,0.21667,138.804,-90.0,1,0
step_and_pause_000,step_and_pause,0.23333,137.304,-90.0,1,0
step_and_pause_000,step_and_pause,0.25,135.804,-90.0,1,0
step_and_pause_000,step_and_pause,0.26667,134.304,-90.0,1,0
step_and_pause_000,step_and_pause,0.28333,132.804,-90.0,1,0
step_and_pause_000,step_and_pause,0.3,131.304,-90.0,1,0
step_and_pause_000,step_and_pause,0.31667,129.804,-90.0,1,0
step_and_pause_000,step_and_pause,0.33333,128.304,-90.0,1,0
step_and_pause_000,step_and_pause,0.35,126.804,-90.0,1,0
step_and_pause_000,step_and_pause,0.36667,125.304,-90.0,1,0
step_and_pause_000,step_and_pause,0.38333,123.804,-90.0,1,0
step_and_pause_000,step_and_pause,0.4,122.304,-90.0,1,0
step_and_pause_000,step_and_pause,0.41667,120.804,-90.0,1,0
step_and_pause_000,step_and_pause,0.43333,119.304,-90.0,1,0
step_and_pause_000,step_and_pause,0.45,117.804,-90.0,1,0
step_and_pause_000,step_and_pause,0.46667,116.304,-90.0,1,0
step_and_pause_000,step_and_pause,0.48333,114.804,-90.0,1,0
step_and_pause_000,step_and_pause,0.5,113.304,-90.0,1,0
step_and_pause_000,step_and_pause,0.51667,111.804,-90.0,1,0
step_and_pause_000,step_and_pause,0.53333,110.304,-90.0,1,0
step_and_pause_000,step_and_pause,0.55,108.804,-90.0,1,0
step_and_pause_000,step_and_pause,0.56667,107.304,-90.0,1,0
step_and_pause_000,step_and_pause,0.58333,105.804,-90.0,1,0
step_and_pause_000,step_and_pause,0.6,104.304,-90.0,1,0
step_and_pause_000,step_and_pause,0.61667,102.804,-90.0,1,0
step_and_pause_000,step_and_pause,0.63333,101.304,-90.0,1,0
step_and_pause_000,step_and_pause,0.65,99.804,-90.0,1,0
step_and_pause_000,step_and_pause,0.66667,98.304,-90.0,1,0
step_and_pause_000,step_and_pause,0.68333,96.804,-90.0,1,0
step_and_pause_000,step_and_pause,0.7,95.304,-90.0,1,0
step_and_pause_000,step_and_pause,0.71667,93.804,-90.0,1,0
step_and_pause_000,step_and_pause,0.73333,92.304,-90.0,1,0
step_and_pause_000,step_and_pause,0.75,90.804,-90.0,1,0
step_and_pause_000,step_and_pause,0.76667,89.304,-90.0,1,0
step_and_pause_000,step_and_pause,0.78333,87.804,-90.0,1,0
step_and_pause_000,step_and_pause,0.8,86.304,-90.0,1,0
step_and_pause_000,step_and_pause,0.81667,84.804,-90.0,1,0
step_and_pause_000,step_and_pause,0.83333,83.304,-90.0,1,0
step_and_pause_000,step_and_pause,0.85,81.804,-90.0,1,0
step_and_pause_000,step_and_pause,0.86667,80.304,-90.0,1,0
step_and_pause_000,step_and_pause,0.88333,78.804,-90.0,1,0
step_and_pause_000,step_and_pause,0.9,77.304,-90.0,1,0
step_and_pause_000,step_and_pause,0.91667,75.804,-90.0,1,0
step_and_pause_000,step_and_pause,0.93333,74.304,-90.0,1,0
step_and_pause_000,step_and_pause,0.95,72.804,-90.0,1,0
step_and_pause_000,step_and_pause,0.96667,71.304,-90.0,1,0
step_and_pause_000,step_and_pause,0.98333,69.804,-90.0,1,0
step_and_pause_000,step_and_pause,1.0,68.304,-90.0,1,0
step_and_pause_000,step_and_pause,1.01667,66.804,-90.0,1,0
step_and_pause_000,step_and_pause,1.03333,65.304,-90.0,1,0
step_and_pause_000,step_and_pause,1.05,63.804,-90.0,1,0
step_and_pause_000,step_and_pause,1.06667,62.304,-90.0,1,0
step_and_pause_000,step_and_pause,1.08333,60.804,-90.0,1,0
step_and_pause_000,step_and_pause,1.1,59.304,-90.0,1,0
step_and_pause_000,step_and_pause,1.11667,57.804,-90.0,1,0
step_and_pause_000,step_and_pause,1.13333,56.304,-90.0,1,0
step_and_pause_000,step_and_pause,1.15,54.804,-90.0,1,0
step_and_pause_000,step_and_pause,1.16667,53.304,-90.0,1,0
step_and_pause_000,step_and_pause,1.18333,51.804,-90.0,1,0
step_and_pause_000,step_and_pause,1.2,50.304,-90.0,1,0
step_and_pause_000,step_and_pause,1.21667,48.804,-90.0,1,0
step_and_pause_000,step_and_pause,1.23333,47.304,-90.0,1,0
step_and_pause_000,step_and_pause,1.25,45.804,-90.0,1,0
step_and_pause_000,step_and_pause,1.26667,44.304,-90.0,1,0
step_and_pause_000,step_and_pause,1.28333,42.804,-90.0,1,0
step_and_pause_000,step_and_pause,1.3,41.304,-90.0,1,0
step_and_pause_000,step_and_pause,1.31667,39.804,-90.0,1,0
step_and_pause_000,step_and_pause,1.33333,38.304,-90.0,1,0
step_and_pause_000,step_and_pause,1.35,36.804,-90.0,1,0
step_and_pause_000,step_and_pause,1.36667,35.304,-90.0,1,0
step_and_pause_000,step_and_pause,1.38333,33.804,-90.0,1,0
step_and_pause_000,step_and_pause,1.4,32.304,-90.0,1,0
step_and_pause_000,step_and_pause,1.41667,30.804,-90.0,1,0
step_and_pause_000,step_and_pause,1.43333,29.304,-90.0,1,0
step_and_pause_000,step_and_pause,1.45,27.804,-90.0,1,0
step_and_pause_000,step_and_pause,1.46667,26.304,-90.0,1,0
step_and_pause_000,step_and_pause,1.48333,24.804,-90.0,1,0
step_and_pause_000,step_and_pause,1.5,23.304,-90.0,1,0
step_and_pause_000,step_and_pause,1.51667,21.804,-90.0,1,0
step_and_pause_000,step_and_pause,1.53333,20.304,-90.0,1,0
step_and_pause_000,step_and_pause,1.55,18.804,-90.0,1,0
step_and_pause_000,step_and_pause,1.56667,17.304,-90.0,1,0
step_and_pause_000,step_and_pause,1.58333,15.804,-90.0,1,0
step_and_pause_000,step_and_pause,1.6,14.304,-90.0,1,0
step_and_pause_000,step_and_pause,1.61667,12.804,-90.0,1,0
step_and_pause_000,step_and_pause,1.63333,11.304,-90.0,1,0
step_and_pause_000,step_and_pause,1.65,9.804,-90.0,1,0
step_and_pause_000,step_and_pause,1.66667,8.304,-90.0,1,0
step_and_pause_000,step_and_pause,1.68333,6.804,-90.0,1,0
step_and_pause_000,step_and_pause,1.7,5.304,-90.0,1,0
step_and_pause_000,step_and_pause,1.71667,3.804,-90.0,1,0
step_and_pause_000,step_and_pause,1.73333,2.304,-90.0,1,0
step_and_pause_000,step_and_pause,1.75,0.804,-90.0,0,0
step_and_pause_000,step_and_pause,1.76667,0.804,0.0,0,0
step_and_pause_000,step_and_pause,1.78333,0.804,0.0,0,0
step_and_pause_000,step_and_pause,1.8,0.804,0.0,0,0
step_and_pause_000,step_and_pause,1.81667,0.804,0.0,0,0
step_and_pause_000,step_and_pause,1.83333,0.804,0.0,0,0
step_and_pause_000,step_and_pause,1.85,0.804,0.0,0,0
step_and_pause_000,step_and_pause,1.86667,0.804,0.0,0,0
step_and_pause_000,step_and_pause,1.88333,0.804,0.0,0,0
step_and_pause_000,step_and_pause,1.9,0.804,0.0,0,0
step_and_pause_000,step_and_pause,1.91667,0.804,0.0,0,0
step_and_pause_000,step_and_pause,1.93333,0.804,0.0,0,0
step_and_pause_000,step_and_pause,1.95,0.804,0.0,0,0
step_and_pause_000,step_and_pause,1.96667,0.804,0.0,0,0
step_and_pause_000,step_and_pause,1.98333,0.804,0.0,0,0
step_and_pause_000,step_and_pause,2.0,0.804,0.0,0,0
step_and_pause_000,step_and_pause,2.01667,0.804,0.0,0,0
step_and_pause_000,step_and_pause,2.03333,0.804,0.0,0,0
step_and_pause_000,step_and_pause,2.05,0.804,0.0,0,0
step_and_pause_000,step_and_pause,2.06667,0.804,0.0,0,0
step_and_pause_000,step_and_pause,2.08333,0.804,0.0,0,0
step_and_pause_000,step_and_pause,2.1,0.804,0.0,0,0
step_and_pause_000,step_and_pause,2.11667,0.804,0.0,0,0
step_and_pause_000,step_and_pause,2.13333,0.804,0.0,0,0
step_and_pause_000,step_and_pause,2.15,0.804,0.0,0,0
step_and_pause_000,step_and_pause,2.16667,0.804,0.0,0,0
step_and_pause_000,step_and_pause,2.18333,0.804,0.0,0,0
step_and_pause_000,step_and_pause,2.2,0.804,0.0,0,0
step_and_pause_000,step_and_pause,2.21667,0.804,0.0,0,0
step_and_pause_000,step_and_pause,2.23333,0.804,0.0,0,0
step_and_pause_000,step_and_pause,2.25,0.804,0.0,0,0
step_and_pause_000,step_and_pause,2.26667,0.804,0.0,0,0
step_and_pause_000,step_and_pause,2.28333,0.804,0.0,0,0
step_and_pause_000,step_and_pause,2.3,0.804,0.0,0,0
step_and_pause_000,step_and_pause,2.31667,0.804,0.0,0,0
step_and_pause_000,step_and_pause,2.33333,0.804,0.0,0,0
step_and_pause_000,step_and_pause,2.35,0.804,0.0,0,0
step_and_pause_000,step_and_pause,2.36667,0.804,0.0,0,0
step_and_pause_000,step_and_pause,2.38333,0.804,0.0,0,0
step_and_pause_000,step_and_pause,2.4,0.804,0.0,0,0
step_and_pause_000,step_and_pause,2.41667,0.804,0.0,0,0
step_and_pause_000,step_and_pause,2.43333,0.804,0.0,0,0
step_and_pause_000,step_and_pause,2.45,0.804,0.0,0,0
step_and_pause_000,step_and_pause,2.46667,0.804,0.0,0,0
step_and_pause_000,step_and_pause,2.48333,0.804,0.0,0,0
step_and_pause_000,step_and_pause,2.5,0.804,0.0,0,0
step_and_pause_000,step_and_pause,2.51667,0.804,0.0,0,0
step_and_pause_000,step_and_pause,2.53333,0.804,0.0,0,0
step_and_pause_000,step_and_pause,2.55,0.804,0.0,0,0
step_and_pause_000,step_and_pause,2.56667,0.804,0.0,0,0
step_and_pause_000,step_and_pause,2.58333,0.804,0.0,0,0
step_and_pause_000,step_and_pause,2.6,0.804,0.0,0,0
step_and_pause_000,step_and_pause,2.61667,0.804,0.0,0,0
step_and_pause_000,step_and_pause,2.63333,0.804,0.0,0,0
step_and_pause_000,step_and_pause,2.65,0.804,0.0,0,0
step_and_pause_000,step_and_pause,2.66667,0.804,0.0,0,0
step_and_pause_000,step_and_pause,2.68333,0.804,0.0,0,0
step_and_pause_000,step_and_pause,2.7,0.804,0.0,0,0
step_and_pause_000,step_and_pause,2.71667,0.804,0.0,0,0
step_and_pause_000,step_and_pause,2.73333,0.804,0.0,0,0
step_and_pause_000,step_and_pause,2.75,0.804,0.0,0,0
step_and_pause_000,step_and_pause,2.76667,0.804,0.0,0,0
step_and_pause_000,step_and_pause,2.78333,0.804,0.0,0,0
step_and_pause_000,step_and_pause,2.8,0.804,0.0,0,0
step_and_pause_000,step_and_pause,2.81667,0.804,0.0,0,0
step_and_pause_000,step_and_pause,2.83333,0.804,0.0,0,0
step_and_pause_000,step_and_pause,2.85,0.804,0.0,0,0
step_and_pause_000,step_and_pause,2.86667,0.804,0.0,0,0
step_and_pause_000,step_and_pause,2.88333,0.804,0.0,0,1
step_and_pause_000,step_and_pause,2.9,2.304,90.0,0,1
step_and_pause_000,step_and_pause,2.91667,3.804,90.0,0,1
step_and_pause_000,step_and_pause,2.93333,5.304,90.0,0,1
step_and_pause_000,step_and_pause,2.95,6.804,90.0,0,1
step_and_pause_000,step_and_pause,2.96667,8.304,90.0,0,1
step_and_pause_000,step_and_pause,2.98333,9.804,90.0,0,1
step_and_pause_000,step_and_pause,3.0,11.304,90.0,0,1
step_and_pause_000,step_and_pause,3.01667,12.804,90.0,0,1
step_and_pause_000,step_and_pause,3.03333,14.304,90.0,0,1
step_and_pause_000,step_and_pause,3.05,15.804,90.0,0,1
step_and_pause_000,step_and_pause,3.06667,17.304,90.0,0,1
step_and_pause_000,step_and_pause,3.08333,18.804,90.0,0,1
step_and_pause_000,step_and_pause,3.1,20.304,90.0,0,1
step_and_pause_000,step_and_pause,3.11667,21.804,90.0,0,1
step_and_pause_000,step_and_pause,3.13333,23.304,90.0,0,1
step_and_pause_000,step_and_pause,3.15,24.804,90.0,0,1
step_and_pause_000,step_and_pause,3.16667,26.304,90.0,0,1
step_and_pause_000,step_and_pause,3.18333,27.804,90.0,0,1
step_and_pause_000,step_and_pause,3.2,29.304,90.0,0,1
step_and_pause_000,step_and_pause,3.21667,30.804,90.0,0,1
step_and_pause_000,step_and_pause,3.23333,32.304,90.0,0,1
step_and_pause_000,step_and_pause,3.25,33.804,90.0,0,1
step_and_pause_000,step_and_pause,3.26667,35.304,90.0,0,1
step_and_pause_000,step_and_pause,3.28333,36.804,90.0,0,1
step_and_pause_000,step_and_pause,3.3,38.304,90.0,0,1
step_and_pause_000,step_and_pause,3.31667,39.804,90.0,0,1
step_and_pause_000,step_and_pause,3.33333,41.304,90.0,0,1
step_and_pause_000,step_and_pause,3.35,42.804,90.0,0,1
step_and_pause_000,step_and_pause,3.36667,44.304,90.0,0,1
step_and_pause_000,step_and_pause,3.38333,45.804,90.0,0,1
step_and_pause_000,step_and_pause,3.4,47.304,90.0,0,1
step_and_pause_000,step_and_pause,3.41667,48.804,90.0,0,1
step_and_pause_000,step_and_pause,3.43333,50.304,90.0,0,1
step_and_pause_000,step_and_pause,3.45,51.804,90.0,0,1
step_and_pause_000,step_and_pause,3.46667,53.304,90.0,0,1
step_and_pause_000,step_and_pause,3.48333,54.804,90.0,0,1
step_and_pause_000,step_and_pause,3.5,56.304,90.0,0,1
step_and_pause_000,step_and_pause,3.51667,57.804,90.0,0,1
step_and_pause_000,step_and_pause,3.53333,59.304,90.0,0,1
step_and_pause_000,step_and_pause,3.55,60.804,90.0,0,1
step_and_pause_000,step_and_pause,3.56667,62.304,90.0,0,1
step_and_pause_000,step_and_pause,3.58333,63.804,90.0,0,1
step_and_pause_000,step_and_pause,3.6,65.304,90.0,0,1
step_and_pause_000,step_and_pause,3.61667,66.804,90.0,0,1
step_and_pause_000,step_and_pause,3.63333,68.304,90.0,0,1
step_and_pause_000,step_and_pause,3.65,69.804,90.0,0,1
step_and_pause_000,step_and_pause,3.66667,71.304,90.0,0,0
step_and_pause_000,step_and_pause,3.68333,71.304,0.0,0,0
step_and_pause_000,step_and_pause,3.7,71.304,0.0,0,0
step_and_pause_000,step_and_pause,3.71667,71.304,0.0,0,0
step_and_pause_000,step_and_pause,3.73333,71.304,0.0,0,0
step_and_pause_000,step_and_pause,3.75,71.304,0.0,0,0
step_and_pause_000,step_and_pause,3.76667,71.304,0.0,0,0
step_and_pause_000,step_and_pause,3.78333,71.304,0.0,0,0
step_and_pause_000,step_and_pause,3.8,71.304,0.0,0,0
step_and_pause_000,step_and_pause,3.81667,71.304,0.0,0,0
step_and_pause_000,step_and_pause,3.83333,71.304,0.0,0,0
step_and_pause_000,step_and_pause,3.85,71.304,0.0,0,0
step_and_pause_000,step_and_pause,3.86667,71.304,0.0,0,0
step_and_pause_000,step_and_pause,3.88333,71.304,0.0,0,0
step_and_pause_000,step_and_pause,3.9,71.304,0.0,0,0
step_and_pause_000,step_and_pause,3.91667,71.304,0.0,0,0
step_and_pause_000,step_and_pause,3.93333,71.304,0.0,0,0
step_and_pause_000,step_and_pause,3.95,71.304,0.0,0,0
step_and_pause_000,step_and_pause,3.96667,71.304,0.0,0,0
step_and_pause_000,step_and_pause,3.98333,71.304,0.0,0,0
step_and_pause_000,step_and_pause,4.0,71.304,0.0,0,0
step_and_pause_000,step_and_pause,4.01667,71.304,0.0,0,0
step_and_pause_000,step_and_pause,4.03333,71.304,0.0,0,0
step_and_pause_000,step_and_pause,4.05,71.304,0.0,0,0
step_and_pause_000,step_and_pause,4.06667,71.304,0.0,0,0
step_and_pause_000,step_and_pause,4.08333,71.304,0.0,0,0
step_and_pause_000,step_and_pause,4.1,71.304,0.0,0,0
step_and_pause_000,step_and_pause,4.11667,71.304,0.0,0,0
step_and_pause_000,step_and_pause,4.13333,71.304,0.0,0,0
step_and_pause_000,step_and_pause,4.15,71.304,0.0,0,0
step_and_pause_000,step_and_pause,4.16667,71.304,0.0,0,0
step_and_pause_000,step_and_pause,4.18333,71.304,0.0,0,0
step_and_pause_000,step_and_pause,4.2,71.304,0.0,0,0
step_and_pause_000,step_and_pause,4.21667,71.304,0.0,0,0
step_and_pause_000,step_and_pause,4.23333,71.304,0.0,0,0
step_and_pause_000,step_and_pause,4.25,71.304,0.0,1,0
step_and_pause_000,step_and_pause,4.26667,69.804,-90.0,1,0
step_and_pause_000,step_and_pause,4.28333,68.304,-90.0,1,0
step_and_pause_000,step_and_pause,4.3,66.804,-90.0,1,0
step_and_pause_000,step_and_pause,4.31667,65.304,-90.0,1,0
step_and_pause_000,step_and_pause,4.33333,63.804,-90.0,1,0
step_and_pause_000,step_and_pause,4.35,62.304,-90.0,1,0
step_and_pause_000,step_and_pause,4.36667,60.804,-90.0,1,0
step_and_pause_000,step_and_pause,4.38333,59.304,-90.0,1,0
step_and_pause_000,step_and_pause,4.4,57.804,-90.0,1,0
step_and_pause_000,step_and_pause,4.41667,56.304,-90.0,1,0
step_and_pause_000,step_and_pause,4.43333,54.804,-90.0,1,0
step_and_pause_000,step_and_pause,4.45,53.304,-90.0,1,0
step_and_pause_000,step_and_pause,4.46667,51.804,-90.0,1,0
step_and_pause_000,step_and_pause,4.48333,50.304,-90.0,1,0
step_and_pause_000,step_and_pause,4.5,48.804,-90.0,1,0
step_and_pause_000,step_and_pause,4.51667,47.304,-90.0,1,0
step_and_pause_000,step_and_pause,4.53333,45.804,-90.0,1,0
step_and_pause_000,step_and_pause,4.55,44.304,-90.0,1,0
step_and_pause_000,step_and_pause,4.56667,42.804,-90.0,1,0
step_and_pause_000,step_and_pause,4.58333,41.304,-90.0,1,0
step_and_pause_000,step_and_pause,4.6,39.804,-90.0,1,0
step_and_pause_000,step_and_pause,4.61667,38.304,-90.0,1,0
step_and_pause_000,step_and_pause,4.63333,36.804,-90.0,1,0
step_and_pause_000,step_and_pause,4.65,35.304,-90.0,1,0
step_and_pause_000,step_and_pause,4.66667,33.804,-90.0,1,0
step_and_pause_000,step_and_pause,4.68333,32.304,-90.0,1,0
step_and_pause_000,step_and_pause,4.7,30.804,-90.0,1,0
step_and_pause_000,step_and_pause,4.71667,29.304,-90.0,1,0
step_and_pause_000,step_and_pause,4.73333,27.804,-90.0,1,0
step_and_pause_000,step_and_pause,4.75,26.304,-90.0,1,0
step_and_pause_000,step_and_pause,4.76667,24.804,-90.0,1,0
step_and_pause_000,step_and_pause,4.78333,23.304,-90.0,1,0
step_and_pause_000,step_and_pause,4.8,21.804,-90.0,1,0
step_and_pause_000,step_and_pause,4.81667,20.304,-90.0,1,0
step_and_pause_000,step_and_pause,4.83333,18.804,-90.0,1,0
step_and_pause_000,step_and_pause,4.85,17.304,-90.0,0,1
step_and_pause_000,step_and_pause,4.86667,18.804,90.0,0,1
step_and_pause_000,step_and_pause,4.88333,20.304,90.0,0,1
step_and_pause_000,step_and_pause,4.9,21.804,90.0,0,1
step_and_pause_000,step_and_pause,4.91667,23.304,90.0,0,1
step_and_pause_000,step_and_pause,4.93333,24.804,90.0,0,1
step_and_pause_000,step_and_pause,4.95,26.304,90.0,0,1
step_and_pause_000,step_and_pause,4.96667,27.804,90.0,0,1
step_and_pause_000,step_and_pause,4.98333,29.304,90.0,0,1
step_and_pause_000,step_and_pause,5.0,30.804,90.0,0,1
step_and_pause_000,step_and_pause,5.01667,32.304,90.0,0,1
step_and_pause_000,step_and_pause,5.03333,33.804,90.0,0,1
step_and_pause_000,step_and_pause,5.05,35.304,90.0,0,1
step_and_pause_000,step_and_pause,5.06667,36.804,90.0,0,1
step_and_pause_000,step_and_pause,5.08333,38.304,90.0,0,1
step_and_pause_000,step_and_pause,5.1,39.804,90.0,0,1
step_and_pause_000,step_and_pause,5.11667,41.304,90.0,0,1
step_and_pause_000,step_and_pause,5.13333,42.804,90.0,0,1
step_and_pause_000,step_and_pause,5.15,44.304,90.0,0,1
step_and_pause_000,step_and_pause,5.16667,45.804,90.0,0,1
step_and_pause_000,step_and_pause,5.18333,47.304,90.0,0,1
step_and_pause_000,step_and_pause,5.2,48.804,90.0,0,1
step_and_pause_000,step_and_pause,5.21667,50.304,90.0,0,1
step_and_pause_000,step_and_pause,5.23333,51.804,90.0,0,1
step_and_pause_000,step_and_pause,5.25,53.304,90.0,0,1
step_and_pause_000,step_and_pause,5.26667,54.804,90.0,0,1
step_and_pause_000,step_and_pause,5.28333,56.304,90.0,0,1
step_and_pause_000,step_and_pause,5.3,57.804,90.0,0,1
step_and_pause_000,step_and_pause,5.31667,59.304,90.0,0,1
step_and_pause_000,step_and_pause,5.33333,60.804,90.0,0,1
step_and_pause_000,step_and_pause,5.35,62.304,90.0,0,1
step_and_pause_000,step_and_pause,5.36667,63.804,90.0,0,1
step_and_pause_000,step_and_pause,5.38333,65.304,90.0,0,1
step_and_pause_000,step_and_pause,5.4,66.804,90.0,0,1
step_and_pause_000,step_and_pause,5.41667,68.304,90.0,0,1
step_and_pause_000,step_and_pause,5.43333,69.804,90.0,0,1
step_and_pause_000,step_and_pause,5.45,71.304,90.0,0,1
step_and_pause_000,step_and_pause,5.46667,72.804,90.0,0,1
step_and_pause_000,step_and_pause,5.48333,74.304,90.0,0,1
step_and_pause_000,step_and_pause,5.5,75.804,90.0,0,1
step_and_pause_000,step_and_pause,5.51667,77.304,90.0,0,1
step_and_pause_000,step_and_pause,5.53333,78.804,90.0,0,1
step_and_pause_000,step_and_pause,5.55,80.304,90.0,0,1
step_and_pause_000,step_and_pause,5.56667,81.804,90.0,0,1
step_and_pause_000,step_and_pause,5.58333,83.304,90.0,0,1
step_and_pause_000,step_and_pause,5.6,84.804,90.0,0,1
step_and_pause_000,step_and_pause,5.61667,86.304,90.0,0,1
step_and_pause_000,step_and_pause,5.63333,87.804,90.0,0,1
step_and_pause_000,step_and_pause,5.65,89.304,90.0,0,1
step_and_pause_000,step_and_pause,5.66667,90.804,90.0,0,1
step_and_pause_000,step_and_pause,5.68333,92.304,90.0,0,1
step_and_pause_000,step_and_pause,5.7,93.804,90.0,0,1
step_and_pause_000,step_and_pause,5.71667,95.304,90.0,0,1
step_and_pause_000,step_and_pause,5.73333,96.804,90.0,0,1
step_and_pause_000,step_and_pause,5.75,98.304,90.0,0,1
step_and_pause_000,step_and_pause,5.76667,99.804,90.0,0,1
step_and_pause_000,step_and_pause,5.78333,101.304,90.0,0,1
step_and_pause_000,step_and_pause,5.8,102.804,90.0,0,1
step_and_pause_000,step_and_pause,5.81667,104.304,90.0,0,1
step_and_pause_000,step_and_pause,5.83333,105.804,90.0,0,1
step_and_pause_000,step_and_pause,5.85,107.304,90.0,0,1
step_and_pause_000,step_and_pause,5.86667,108.804,90.0,0,1
step_and_pause_000,step_and_pause,5.88333,110.304,90.0,0,1
step_and_pause_000,step_and_pause,5.9,111.804,90.0,0,1
step_and_pause_000,step_and_pause,5.91667,113.304,90.0,0,1
step_and_pause_000,step_and_pause,5.93333,114.804,90.0,0,1
step_and_pause_000,step_and_pause,5.95,116.304,90.0,0,1
step_and_pause_000,step_and_pause,5.96667,117.804,90.0,0,1
step_and_pause_000,step_and_pause,5.98333,119.304,90.0,0,1
step_and_pause_000,step_and_pause,6.0,120.804,90.0,0,1
step_and_pause_000,step_and_pause,6.01667,122.304,90.0,0,1
step_and_pause_000,step_and_pause,6.03333,123.804,90.0,0,1
step_and_pause_000,step_and_pause,6.05,125.304,90.0,0,1
step_and_pause_000,step_and_pause,6.06667,126.804,90.0,0,1
step_and_pause_000,step_and_pause,6.08333,128.304,90.0,0,1
step_and_pause_000,step_and_pause,6.1,129.804,90.0,0,1
step_and_pause_000,step_and_pause,6.11667,131.304,90.0,0,1
step_and_pause_000,step_and_pause,6.13333,132.804,90.0,0,1
step_and_pause_000,step_and_pause,6.15,134.304,90.0,0,1
step_and_pause_000,step_and_pause,6.16667,135.804,90.0,0,1
step_and_pause_000,step_and_pause,6.18333,137.304,90.0,0,1
step_and_pause_000,step_and_pause,6.2,138.804,90.0,0,1
step_and_pause_000,step_and_pause,6.21667,140.304,90.0,0,1
step_and_pause_000,step_and_pause,6.23333,141.804,90.0,0,1
step_and_pause_000,step_and_pause,6.25,143.304,90.0,0,1
step_and_pause_000,step_and_pause,6.26667,144.804,90.0,0,1
step_and_pause_000,step_and_pause,6.28333,146.304,90.0,0,1
step_and_pause_000,step_and_pause,6.3,147.804,90.0,0,1
step_and_pause_000,step_and_pause,6.31667,149.304,90.0,0,1
step_and_pause_000,step_and_pause,6.33333,150.804,90.0,0,1
step_and_pause_000,step_and_pause,6.35,152.304,90.0,0,1
step_and_pause_000,step_and_pause,6.36667,153.804,90.0,0,1
step_and_pause_000,step_and_pause,6.38333,155.304,90.0,0,1
step_and_pause_000,step_and_pause,6.4,156.804,90.0,0,1
step_and_pause_000,step_and_pause,6.41667,158.304,90.0,0,1
step_and_pause_000,step_and_pause,6.43333,159.804,90.0,0,1
step_and_pause_000,step_and_pause,6.45,161.304,90.0,0,1
step_and_pause_000,step_and_pause,6.46667,162.804,90.0,0,1
step_and_pause_000,step_and_pause,6.48333,164.304,90.0,0,1
step_and_pause_000,step_and_pause,6.5,165.804,90.0,0,1
step_and_pause_000,step_and_pause,6.51667,167.304,90.0,0,1
step_and_pause_000,step_and_pause,6.53333,168.804,90.0,0,1
step_and_pause_000,step_and_pause,6.55,170.304,90.0,0,1
step_and_pause_000,step_and_pause,6.56667,171.804,90.0,0,1
step_and_pause_000,step_and_pause,6.58333,173.304,90.0,0,1
step_and_pause_000,step_and_pause,6.6,174.804,90.0,0,1
step_and_pause_000,step_and_pause,6.61667,176.304,90.0,0,1
step_and_pause_000,step_and_pause,6.63333,177.804,90.0,0,1
step_and_pause_000,step_and_pause,6.65,179.304,90.0,0,1
step_and_pause_000,step_and_pause,6.66667,180.804,90.0,0,1
step_and_pause_000,step_and_pause,6.68333,182.304,90.0,0,1
step_and_pause_000,step_and_pause,6.7,183.804,90.0,0,1
step_and_pause_000,step_and_pause,6.71667,185.304,90.0,0,1
step_and_pause_000,step_and_pause,6.73333,186.804,90.0,0,1
step_and_pause_000,step_and_pause,6.75,188.304,90.0,0,1
step_and_pause_000,step_and_pause,6.76667,189.804,90.0,0,1
step_and_pause_000,step_and_pause,6.78333,191.304,90.0,0,1
step_and_pause_000,step_and_pause,6.8,192.804,90.0,0,1
step_and_pause_000,step_and_pause,6.81667,194.304,90.0,0,1
step_and_pause_000,step_and_pause,6.83333,195.804,90.0,0,1
step_and_pause_000,step_and_pause,6.85,197.304,90.0,0,1
step_and_pause_000,step_and_pause,6.86667,198.804,90.0,0,1
step_and_pause_000,step_and_pause,6.88333,200.304,90.0,0,1
step_and_pause_000,step_and_pause,6.9,201.804,90.0,0,1
step_and_pause_000,step_and_pause,6.91667,203.304,90.0,0,0
step_and_pause_000,step_and_pause,6.93333,203.304,0.0,0,0
step_and_pause_000,step_and_pause,6.95,203.304,0.0,0,0
step_and_pause_000,step_and_pause,6.96667,203.304,0.0,0,0
step_and_pause_000,step_and_pause,6.98333,203.304,0.0,0,0
step_and_pause_000,step_and_pause,7.0,203.304,0.0,0,0
step_and_pause_000,step_and_pause,7.01667,203.304,0.0,0,0
step_and_pause_000,step_and_pause,7.03333,203.304,0.0,0,0
step_and_pause_000,step_and_pause,7.05,203.304,0.0,0,0
step_and_pause_000,step_and_pause,7.06667,203.304,0.0,0,0
step_and_pause_000,step_and_pause,7.08333,203.304,0.0,0,0
step_and_pause_000,step_and_pause,7.1,203.304,0.0,0,0
step_and_pause_000,step_and_pause,7.11667,203.304,0.0,0,0
step_and_pause_000,step_and_pause,7.13333,203.304,0.0,0,0
step_and_pause_000,step_and_pause,7.15,203.304,0.0,0,0
step_and_pause_000,step_and_pause,7.16667,203.304,0.0,0,0
step_and_pause_000,step_and_pause,7.18333,203.304,0.0,0,0
step_and_pause_000,step_and_pause,7.2,203.304,0.0,0,0
step_and_pause_000,step_and_pause,7.21667,203.304,0.0,0,0
step_and_pause_000,step_and_pause,7.23333,203.304,0.0,0,0
step_and_pause_000,step_and_pause,7.25,203.304,0.0,0,0
step_and_pause_000,step_and_pause,7.26667,203.304,0.0,0,0
step_and_pause_000,step_and_pause,7.28333,203.304,0.0,0,0
step_and_pause_000,step_and_pause,7.3,203.304,0.0,0,0
step_and_pause_000,step_and_pause,7.31667,203.304,0.0,0,0
step_and_pause_000,step_and_pause,7.33333,203.304,0.0,0,0
step_and_pause_000,step_and_pause,7.35,203.304,0.0,0,0
step_and_pause_000,step_and_pause,7.36667,203.304,0.0,0,0
step_and_pause_000,step_and_pause,7.38333,203.304,0.0,0,0
step_and_pause_000,step_and_pause,7.4,203.304,0.0,0,0
step_and_pause_000,step_and_pause,7.41667,203.304,0.0,0,0
step_and_pause_000,step_and_pause,7.43333,203.304,0.0,0,0
step_and_pause_000,step_and_pause,7.45,203.304,0.0,0,0
step_and_pause_000,step_and_pause,7.46667,203.304,0.0,0,0
step_and_pause_000,step_and_pause,7.48333,203.304,0.0,0,0
step_and_pause_000,step_and_pause,7.5,203.304,0.0,0,0
step_and_pause_000,step_and_pause,7.51667,203.304,0.0,0,0
step_and_pause_000,step_and_pause,7.53333,203.304,0.0,0,0
step_and_pause_000,step_and_pause,7.55,203.304,0.0,0,0
step_and_pause_000,step_and_pause,7.56667,203.304,0.0,0,0
step_and_pause_000,step_and_pause,7.58333,203.304,0.0,0,0
step_and_pause_000,step_and_pause,7.6,203.304,0.0,0,0
step_and_pause_000,step_and_pause,7.61667,203.304,0.0,0,0
step_and_pause_000,step_and_pause,7.63333,203.304,0.0,0,0
step_and_pause_000,step_and_pause,7.65,203.304,0.0,0,0
step_and_pause_000,step_and_pause,7.66667,203.304,0.0,0,0
step_and_pause_000,step_and_pause,7.68333,203.304,0.0,0,0
step_and_pause_000,step_and_pause,7.7,203.304,0.0,0,0
step_and_pause_000,step_and_pause,7.71667,203.304,0.0,0,0
step_and_pause_000,step_and_pause,7.73333,203.304,0.0,0,0
step_and_pause_000,step_and_pause,7.75,203.304,0.0,0,0
step_and_pause_000,step_and_pause,7.76667,203.304,0.0,0,0
step_and_pause_000,step_and_pause,7.78333,203.304,0.0,0,0
step_and_pause_000,step_and_pause,7.8,203.304,0.0,0,0
step_and_pause_000,step_and_pause,7.81667,203.304,0.0,0,0
step_and_pause_000,step_and_pause,7.83333,203.304,0.0,0,0
step_and_pause_000,step_and_pause,7.85,203.304,0.0,0,0
step_and_pause_000,step_and_pause,7.86667,203.304,0.0,0,0
step_and_pause_000,step_and_pause,7.88333,203.304,0.0,0,0
step_and_pause_000,step_and_pause,7.9,203.304,0.0,0,0
step_and_pause_000,step_and_pause,7.91667,203.304,0.0,0,0
step_and_pause_000,step_and_pause,7.93333,203.304,0.0,0,0
step_and_pause_000,step_and_pause,7.95,203.304,0.0,0,0
step_and_pause_000,step_and_pause,7.96667,203.304,0.0,0,0
step_and_pause_000,step_and_pause,7.98333,203.304,0.0,0,0
step_and_pause_000,step_and_pause,8.0,203.304,0.0,0,0
step_and_pause_000,step_and_pause,8.01667,203.304,0.0,0,0
step_and_pause_000,step_and_pause,8.03333,203.304,0.0,1,0
step_and_pause_000,step_and_pause,8.05,201.804,-90.0,1,0
step_and_pause_000,step_and_pause,8.06667,200.304,-90.0,1,0
step_and_pause_000,step_and_pause,8.08333,198.804,-90.0,1,0
step_and_pause_000,step_and_pause,8.1,197.304,-90.0,1,0
step_and_pause_000,step_and_pause,8.11667,195.804,-90.0,1,0
step_and_pause_000,step_and_pause,8.13333,194.304,-90.0,1,0
step_and_pause_000,step_and_pause,8.15,192.804,-90.0,1,0
step_and_pause_000,step_and_pause,8.16667,191.304,-90.0,1,0
step_and_pause_000,step_and_pause,8.18333,189.804,-90.0,1,0
step_and_pause_000,step_and_pause,8.2,188.304,-90.0,1,0
step_and_pause_000,step_and_pause,8.21667,186.804,-90.0,1,0
step_and_pause_000,step_and_pause,8.23333,185.304,-90.0,1,0
step_and_pause_000,step_and_pause,8.25,183.804,-90.0,1,0
step_and_pause_000,step_and_pause,8.26667,182.304,-90.0,1,0
step_and_pause_000,step_and_pause,8.28333,180.804,-90.0,1,0
step_and_pause_000,step_and_pause,8.3,179.304,-90.0,1,0
step_and_pause_000,step_and_pause,8.31667,177.804,-90.0,1,0
step_and_pause_000,step_and_pause,8.33333,176.304,-90.0,1,0
step_and_pause_000,step_and_pause,8.35,174.804,-90.0,1,0
step_and_pause_000,step_and_pause,8.36667,173.304,-90.0,1,0
step_and_pause_000,step_and_pause,8.38333,171.804,-90.0,1,0
step_and_pause_000,step_and_pause,8.4,170.304,-90.0,1,0
step_and_pause_000,step_and_pause,8.41667,168.804,-90.0,1,0
step_and_pause_000,step_and_pause,8.43333,167.304,-90.0,1,0
step_and_pause_000,step_and_pause,8.45,165.804,-90.0,1,0
step_and_pause_000,step_and_pause,8.46667,164.304,-90.0,1,0
step_and_pause_000,step_and_pause,8.48333,162.804,-90.0,1,0
step_and_pause_000,step_and_pause,8.5,161.304,-90.0,1,0
step_and_pause_000,step_and_pause,8.51667,159.804,-90.0,1,0
step_and_pause_000,step_and_pause,8.53333,158.304,-90.0,1,0
step_and_pause_000,step_and_pause,8.55,156.804,-90.0,1,0
step_and_pause_000,step_and_pause,8.56667,155.304,-90.0,1,0
step_and_pause_000,step_and_pause,8.58333,153.804,-90.0,1,0
step_and_pause_000,step_and_pause,8.6,152.304,-90.0,1,0
step_and_pause_000,step_and_pause,8.61667,150.804,-90.0,1,0
step_and_pause_000,step_and_pause,8.63333,149.304,-90.0,1,0
step_and_pause_000,step_and_pause,8.65,147.804,-90.0,1,0
step_and_pause_000,step_and_pause,8.66667,146.304,-90.0,1,0
step_and_pause_000,step_and_pause,8.68333,144.804,-90.0,1,0
step_and_pause_000,step_and_pause,8.7,143.304,-90.0,1,0
step_and_pause_000,step_and_pause,8.71667,141.804,-90.0,1,0
step_and_pause_000,step_and_pause,8.73333,140.304,-90.0,1,0
step_and_pause_000,step_and_pause,8.75,138.804,-90.0,1,0
step_and_pause_000,step_and_pause,8.76667,137.304,-90.0,1,0
step_and_pause_000,step_and_pause,8.78333,135.804,-90.0,1,0
step_and_pause_000,step_and_pause,8.8,134.304,-90.0,1,0
step_and_pause_000,step_and_pause,8.81667,132.804,-90.0,1,0
step_and_pause_000,step_and_pause,8.83333,131.304,-90.0,1,0
step_and_pause_000,step_and_pause,8.85,129.804,-90.0,1,0
step_and_pause_000,step_and_pause,8.86667,128.304,-90.0,1,0
step_and_pause_000,step_and_pause,8.88333,126.804,-90.0,1,0
step_and_pause_000,step_and_pause,8.9,125.304,-90.0,1,0
step_and_pause_000,step_and_pause,8.91667,123.804,-90.0,1,0
step_and_pause_000,step_and_pause,8.93333,122.304,-90.0,1,0
step_and_pause_000,step_and_pause,8.95,120.804,-90.0,1,0
step_and_pause_000,step_and_pause,8.96667,119.304,-90.0,1,0
step_and_pause_000,step_and_pause,8.98333,117.804,-90.0,1,0
step_and_pause_000,step_and_pause,9.0,116.304,-90.0,1,0
step_and_pause_000,step_and_pause,9.01667,114.804,-90.0,1,0
step_and_pause_000,step_and_pause,9.03333,113.304,-90.0,1,0
step_and_pause_000,step_and_pause,9.05,111.804,-90.0,1,0
step_and_pause_000,step_and_pause,9.06667,110.304,-90.0,1,0
step_and_pause_000,step_and_pause,9.08333,108.804,-90.0,1,0
step_and_pause_000,step_and_pause,9.1,107.304,-90.0,1,0
step_and_pause_000,step_and_pause,9.11667,105.804,-90.0,1,0
step_and_pause_000,step_and_pause,9.13333,104.304,-90.0,1,0
step_and_pause_000,step_and_pause,9.15,102.804,-90.0,1,0
step_and_pause_000,step_and_pause,9.16667,101.304,-90.0,1,0
step_and_pause_000,step_and_pause,9.18333,99.804,-90.0,1,0
step_and_pause_000,step_and_pause,9.2,98.304,-90.0,1,0
step_and_pause_000,step_and_pause,9.21667,96.804,-90.0,1,0
step_and_pause_000,step_and_pause,9.23333,95.304,-90.0,1,0
step_and_pause_000,step_and_pause,9.25,93.804,-90.0,1,0
step_and_pause_000,step_and_pause,9.26667,92.304,-90.0,1,0
step_and_pause_000,step_and_pause,9.28333,90.804,-90.0,1,0
step_and_pause_000,step_and_pause,9.3,89.304,-90.0,1,0
step_and_pause_000,step_and_pause,9.31667,87.804,-90.0,1,0
step_and_pause_000,step_and_pause,9.33333,86.304,-90.0,1,0
step_and_pause_000,step_and_pause,9.35,84.804,-90.0,1,0
step_and_pause_000,step_and_pause,9.36667,83.304,-90.0,1,0
step_and_pause_000,step_and_pause,9.38333,81.804,-90.0,1,0
step_and_pause_000,step_and_pause,9.4,80.304,-90.0,1,0
step_and_pause_000,step_and_pause,9.41667,78.804,-90.0,1,0
step_and_pause_000,step_and_pause,9.43333,77.304,-90.0,1,0
step_and_pause_000,step_and_pause,9.45,75.804,-90.0,1,0
step_and_pause_000,step_and_pause,9.46667,74.304,-90.0,0,0
step_and_pause_000,step_and_pause,9.48333,74.304,0.0,0,0
step_and_pause_000,step_and_pause,9.5,74.304,0.0,0,0
step_and_pause_000,step_and_pause,9.51667,74.304,0.0,0,0
step_and_pause_000,step_and_pause,9.53333,74.304,0.0,0,0
step_and_pause_000,step_and_pause,9.55,74.304,0.0,0,0
step_and_pause_000,step_and_pause,9.56667,74.304,0.0,0,0
step_and_pause_000,step_and_pause,9.58333,74.304,0.0,0,0
step_and_pause_000,step_and_pause,9.6,74.304,0.0,0,0
step_and_pause_000,step_and_pause,9.61667,74.304,0.0,0,0
step_and_pause_000,step_and_pause,9.63333,74.304,0.0,0,0
step_and_pause_000,step_and_pause,9.65,74.304,0.0,0,0
step_and_pause_000,step_and_pause,9.66667,74.304,0.0,0,0
step_and_pause_000,step_and_pause,9.68333,74.304,0.0,0,0
step_and_pause_000,step_and_pause,9.7,74.304,0.0,0,0
step_and_pause_000,step_and_pause,9.71667,74.304,0.0,0,0
step_and_pause_000,step_and_pause,9.73333,74.304,0.0,0,0
step_and_pause_000,step_and_pause,9.75,74.304,0.0,0,0
step_and_pause_000,step_and_pause,9.76667,74.304,0.0,0,0
step_and_pause_000,step_and_pause,9.78333,74.304,0.0,0,0
step_and_pause_000,step_and_pause,9.8,74.304,0.0,0,0
step_and_pause_000,step_and_pause,9.81667,74.304,0.0,0,0
step_and_pause_000,step_and_pause,9.83333,74.304,0.0,0,0
step_and_pause_000,step_and_pause,9.85,74.304,0.0,0,0
step_and_pause_000,step_and_pause,9.86667,74.304,0.0,0,0
step_and_pause_000,step_and_pause,9.88333,74.304,0.0,0,0
step_and_pause_000,step_and_pause,9.9,74.304,0.0,0,0
step_and_pause_000,step_and_pause,9.91667,74.304,0.0,0,0
step_and_pause_000,step_and_pause,9.93333,74.304,0.0,0,0
step_and_pause_000,step_and_pause,9.95,74.304,0.0,0,0
step_and_pause_000,step_and_pause,9.96667,74.304,0.0,0,0
step_and_pause_000,step_and_pause,9.98333,74.304,0.0,0,0
step_and_pause_000,step_and_pause,10.0,74.304,0.0,0,0
step_and_pause_000,step_and_pause,10.01667,74.304,0.0,1,0
step_and_pause_000,step_and_pause,10.03333,72.804,-90.0,1,0
step_and_pause_000,step_and_pause,10.05,71.304,-90.0,1,0
step_and_pause_000,step_and_pause,10.06667,69.804,-90.0,1,0
step_and_pause_000,step_and_pause,10.08333,68.304,-90.0,1,0
step_and_pause_000,step_and_pause,10.1,66.804,-90.0,1,0
step_and_pause_000,step_and_pause,10.11667,65.304,-90.0,1,0
step_and_pause_000,step_and_pause,10.13333,63.804,-90.0,1,0
step_and_pause_000,step_and_pause,10.15,62.304,-90.0,1,0
step_and_pause_000,step_and_pause,10.16667,60.804,-90.0,1,0
step_and_pause_000,step_and_pause,10.18333,59.304,-90.0,1,0
step_and_pause_000,step_and_pause,10.2,57.804,-90.0,1,0
step_and_pause_000,step_and_pause,10.21667,56.304,-90.0,1,0
step_and_pause_000,step_and_pause,10.23333,54.804,-90.0,1,0
step_and_pause_000,step_and_pause,10.25,53.304,-90.0,1,0
step_and_pause_000,step_and_pause,10.26667,51.804,-90.0,1,0
step_and_pause_000,step_and_pause,10.28333,50.304,-90.0,1,0
step_and_pause_000,step_and_pause,10.3,48.804,-90.0,1,0
step_and_pause_000,step_and_pause,10.31667,47.304,-90.0,1,0
step_and_pause_000,step_and_pause,10.33333,45.804,-90.0,1,0
step_and_pause_000,step_and_pause,10.35,44.304,-90.0,1,0
step_and_pause_000,step_and_pause,10.36667,42.804,-90.0,1,0
step_and_pause_000,step_and_pause,10.38333,41.304,-90.0,1,0
step_and_pause_000,step_and_pause,10.4,39.804,-90.0,1,0
step_and_pause_000,step_and_pause,10.41667,38.304,-90.0,1,0
step_and_pause_000,step_and_pause,10.43333,36.804,-90.0,1,0
step_and_pause_000,step_and_pause,10.45,35.304,-90.0,1,0
step_and_pause_000,step_and_pause,10.46667,33.804,-90.0,1,0
step_and_pause_000,step_and_pause,10.48333,32.304,-90.0,1,0
step_and_pause_000,step_and_pause,10.5,30.804,-90.0,1,0
step_and_pause_000,step_and_pause,10.51667,29.304,-90.0,1,0
step_and_pause_000,step_and_pause,10.53333,27.804,-90.0,1,0
step_and_pause_000,step_and_pause,10.55,26.304,-90.0,1,0
step_and_pause_000,step_and_pause,10.56667,24.804,-90.0,1,0
step_and_pause_000,step_and_pause,10.58333,23.304,-90.0,1,0
step_and_pause_000,step_and_pause,10.6,21.804,-90.0,1,0
step_and_pause_000,step_and_pause,10.61667,20.304,-90.0,1,0
step_and_pause_000,step_and_pause,10.63333,18.804,-90.0,1,0
step_and_pause_000,step_and_pause,10.65,17.304,-90.0,1,0
step_and_pause_000,step_and_pause,10.66667,15.804,-90.0,1,0
step_and_pause_000,step_and_pause,10.68333,14.304,-90.0,1,0
step_and_pause_000,step_and_pause,10.7,12.804,-90.0,1,0
step_and_pause_000,step_and_pause,10.71667,11.304,-90.0,1,0
step_and_pause_000,step_and_pause,10.73333,9.804,-90.0,1,0
step_and_pause_000,step_and_pause,10.75,8.304,-90.0,1,0
step_and_pause_000,step_and_pause,10.76667,6.804,-90.0,1,0
step_and_pause_000,step_and_pause,10.78333,5.304,-90.0,0,0
step_and_pause_000,step_and_pause,10.8,5.304,0.0,0,0
step_and_pause_000,step_and_pause,10.81667,5.304,0.0,0,0
step_and_pause_000,step_and_pause,10.83333,5.304,0.0,0,0
step_and_pause_000,step_and_pause,10.85,5.304,0.0,0,0
step_and_pause_000,step_and_pause,10.86667,5.304,0.0,0,0
step_and_pause_000,step_and_pause,10.88333,5.304,0.0,0,0
step_and_pause_000,step_and_pause,10.9,5.304,0.0,0,0
step_and_pause_000,step_and_pause,10.91667,5.304,0.0,0,0
step_and_pause_000,step_and_pause,10.93333,5.304,0.0,0,0
step_and_pause_000,step_and_pause,10.95,5.304,0.0,0,0
step_and_pause_000,step_and_pause,10.96667,5.304,0.0,0,0
step_and_pause_000,step_and_pause,10.98333,5.304,0.0,0,0
step_and_pause_000,step_and_pause,11.0,5.304,0.0,0,0
step_and_pause_000,step_and_pause,11.01667,5.304,0.0,0,0
step_and_pause_000,step_and_pause,11.03333,5.304,0.0,0,0
step_and_pause_000,step_and_pause,11.05,5.304,0.0,0,0
step_and_pause_000,step_and_pause,11.06667,5.304,0.0,0,0
step_and_pause_000,step_and_pause,11.08333,5.304,0.0,0,0
step_and_pause_000,step_and_pause,11.1,5.304,0.0,0,0
step_and_pause_000,step_and_pause,11.11667,5.304,0.0,0,0
step_and_pause_000,step_and_pause,11.13333,5.304,0.0,0,0
step_and_pause_000,step_and_pause,11.15,5.304,0.0,0,0
step_and_pause_000,step_and_pause,11.16667,5.304,0.0,0,0
step_and_pause_000,step_and_pause,11.18333,5.304,0.0,0,0
step_and_pause_000,step_and_pause,11.2,5.304,0.0,0,0
step_and_pause_000,step_and_pause,11.21667,5.304,0.0,0,0
step_and_pause_000,step_and_pause,11.23333,5.304,0.0,0,0
step_and_pause_000,step_and_pause,11.25,5.304,0.0,0,0
step_and_pause_000,step_and_pause,11.26667,5.304,0.0,0,0
step_and_pause_000,step_and_pause,11.28333,5.304,0.0,0,0
step_and_pause_000,step_and_pause,11.3,5.304,0.0,0,0
step_and_pause_000,step_and_pause,11.31667,5.304,0.0,0,0
step_and_pause_000,step_and_pause,11.33333,5.304,0.0,0,0
step_and_pause_000,step_and_pause,11.35,5.304,0.0,0,0
step_and_pause_000,step_and_pause,11.36667,5.304,0.0,0,0
step_and_pause_000,step_and_pause,11.38333,5.304,0.0,0,0
step_and_pause_000,step_and_pause,11.4,5.304,0.0,0,0
step_and_pause_000,step_and_pause,11.41667,5.304,0.0,0,0
step_and_pause_000,step_and_pause,11.43333,5.304,0.0,0,0
step_and_pause_000,step_and_pause,11.45,5.304,0.0,0,0
step_and_pause_000,step_and_pause,11.46667,5.304,0.0,0,0
step_and_pause_000,step_and_pause,11.48333,5.304,0.0,0,0
step_and_pause_000,step_and_pause,11.5,5.304,0.0,0,0
step_and_pause_000,step_and_pause,11.51667,5.304,0.0,0,0
step_and_pause_000,step_and_pause,11.53333,5.304,0.0,0,0
step_and_pause_000,step_and_pause,11.55,5.304,0.0,0,0
step_and_pause_000,step_and_pause,11.56667,5.304,0.0,0,0
step_and_pause_000,step_and_pause,11.58333,5.304,0.0,0,0
step_and_pause_000,step_and_pause,11.6,5.304,0.0,0,0
step_and_pause_000,step_and_pause,11.61667,5.304,0.0,0,0
step_and_pause_000,step_and_pause,11.63333,5.304,0.0,0,0
step_and_pause_000,step_and_pause,11.65,5.304,0.0,0,0
step_and_pause_000,step_and_pause,11.66667,5.304,0.0,0,0
step_and_pause_000,step_and_pause,11.68333,5.304,0.0,0,0
step_and_pause_000,step_and_pause,11.7,5.304,0.0,0,0
step_and_pause_000,step_and_pause,11.71667,5.304,0.0,0,0
step_and_pause_000,step_and_pause,11.73333,5.304,0.0,0,0
step_and_pause_000,step_and_pause,11.75,5.304,0.0,0,0
step_and_pause_000,step_and_pause,11.76667,5.304,0.0,0,0
step_and_pause_000,step_and_pause,11.78333,5.304,0.0,0,0
step_and_pause_000,step_and_pause,11.8,5.304,0.0,0,0
step_and_pause_000,step_and_pause,11.81667,5.304,0.0,0,0
step_and_pause_000,step_and_pause,11.83333,5.304,0.0,0,0
step_and_pause_000,step_and_pause,11.85,5.304,0.0,0,0
step_and_pause_000,step_and_pause,11.86667,5.304,0.0,0,0
step_and_pause_000,step_and_pause,11.88333,5.304,0.0,0,0
step_and_pause_000,step_and_pause,11.9,5.304,0.0,0,0
step_and_pause_000,step_and_pause,11.91667,5.304,0.0,0,0
step_and_pause_000,step_and_pause,11.93333,5.304,0.0,0,0
step_and_pause_000,step_and_pause,11.95,5.304,0.0,0,0
step_and_pause_000,step_and_pause,11.96667,5.304,0.0,0,0
step_and_pause_000,step_and_pause,11.98333,5.304,0.0,0,0
step_and_pause_000,step_and_pause,12.0,5.304,0.0,0,0
step_and_pause_000,step_and_pause,12.01667,5.304,0.0,0,0
step_and_pause_000,step_and_pause,12.03333,5.304,0.0,0,0
step_and_pause_000,step_and_pause,12.05,5.304,0.0,0,0
step_and_pause_000,step_and_pause,12.06667,5.304,0.0,0,0
step_and_pause_000,step_and_pause,12.08333,5.304,0.0,0,0
step_and_pause_000,step_and_pause,12.1,5.304,0.0,0,0
step_and_pause_000,step_and_pause,12.11667,5.304,0.0,0,0
step_and_pause_000,step_and_pause,12.13333,5.304,0.0,0,0
step_and_pause_000,step_and_pause,12.15,5.304,0.0,0,0
step_and_pause_000,step_and_pause,12.16667,5.304,0.0,0,0
step_and_pause_000,step_and_pause,12.18333,5.304,0.0,0,0
step_and_pause_000,step_and_pause,12.2,5.304,0.0,0,0
step_and_pause_000,step_and_pause,12.21667,5.304,0.0,0,0
step_and_pause_000,step_and_pause,12.23333,5.304,0.0,0,0
step_and_pause_000,step_and_pause,12.25,5.304,0.0,0,0
step_and_pause_000,step_and_pause,12.26667,5.304,0.0,0,0
step_and_pause_000,step_and_pause,12.28333,5.304,0.0,0,0
step_and_pause_000,step_and_pause,12.3,5.304,0.0,0,0
step_and_pause_000,step_and_pause,12.31667,5.304,0.0,1,0
step_and_pause_000,step_and_pause,12.33333,3.804,-90.0,1,0
step_and_pause_000,step_and_pause,12.35,2.304,-90.0,1,0
step_and_pause_000,step_and_pause,12.36667,0.804,-90.0,0,0
step_and_pause_000,step_and_pause,12.38333,0.804,0.0,0,0
step_and_pause_000,step_and_pause,12.4,0.804,0.0,0,0
step_and_pause_000,step_and_pause,12.41667,0.804,0.0,0,0
step_and_pause_000,step_and_pause,12.43333,0.804,0.0,0,0
step_and_pause_000,step_and_pause,12.45,0.804,0.0,0,0
step_and_pause_000,step_and_pause,12.46667,0.804,0.0,0,0
step_and_pause_000,step_and_pause,12.48333,0.804,0.0,0,0
step_and_pause_000,step_and_pause,12.5,0.804,0.0,0,0
step_and_pause_000,step_and_pause,12.51667,0.804,0.0,0,0
step_and_pause_000,step_and_pause,12.53333,0.804,0.0,0,0
step_and_pause_000,step_and_pause,12.55,0.804,0.0,0,0
step_and_pause_000,step_and_pause,12.56667,0.804,0.0,0,0
step_and_pause_000,step_and_pause,12.58333,0.804,0.0,0,0
step_and_pause_000,step_and_pause,12.6,0.804,0.0,0,0
step_and_pause_000,step_and_pause,12.61667,0.804,0.0,0,0
step_and_pause_000,step_and_pause,12.63333,0.804,0.0,0,0
step_and_pause_000,step_and_pause,12.65,0.804,0.0,0,0
step_and_pause_000,step_and_pause,12.66667,0.804,0.0,0,0
step_and_pause_000,step_and_pause,12.68333,0.804,0.0,0,0
step_and_pause_000,step_and_pause,12.7,0.804,0.0,0,0
step_and_pause_000,step_and_pause,12.71667,0.804,0.0,0,0
step_and_pause_000,step_and_pause,12.73333,0.804,0.0,0,0
step_and_pause_000,step_and_pause,12.75,0.804,0.0,0,0
step_and_pause_000,step_and_pause,12.76667,0.804,0.0,0,0
step_and_pause_000,step_and_pause,12.78333,0.804,0.0,0,0
step_and_pause_000,step_and_pause,12.8,0.804,0.0,0,0
step_and_pause_000,step_and_pause,12.81667,0.804,0.0,0,0
step_and_pause_000,step_and_pause,12.83333,0.804,0.0,0,0
step_and_pause_000,step_and_pause,12.85,0.804,0.0,0,0
step_and_pause_000,step_and_pause,12.86667,0.804,0.0,0,0
step_and_pause_000,step_and_pause,12.88333,0.804,0.0,0,0
step_and_pause_000,step_and_pause,12.9,0.804,0.0,0,0
step_and_pause_000,step_and_pause,12.91667,0.804,0.0,0,0
step_and_pause_000,step_and_pause,12.93333,0.804,0.0,0,0
step_and_pause_000,step_and_pause,12.95,0.804,0.0,0,0
step_and_pause_000,step_and_pause,12.96667,0.804,0.0,0,0
step_and_pause_000,step_and_pause,12.98333,0.804,0.0,0,0
step_and_pause_000,step_and_pause,13.0,0.804,0.0,0,0
step_and_pause_000,step_and_pause,13.01667,0.804,0.0,0,0
step_and_pause_000,step_and_pause,13.03333,0.804,0.0,0,0
step_and_pause_000,step_and_pause,13.05,0.804,0.0,0,0
step_and_pause_000,step_and_pause,13.06667,0.804,0.0,0,0
step_and_pause_000,step_and_pause,13.08333,0.804,0.0,0,0
step_and_pause_000,step_and_pause,13.1,0.804,0.0,0,0
step_and_pause_000,step_and_pause,13.11667,0.804,0.0,0,0
step_and_pause_000,step_and_pause,13.13333,0.804,0.0,0,0
step_and_pause_000,step_and_pause,13.15,0.804,0.0,0,0
step_and_pause_000,step_and_pause,13.16667,0.804,0.0,0,0
step_and_pause_000,step_and_pause,13.18333,0.804,0.0,0,0
step_and_pause_000,step_and_pause,13.2,0.804,0.0,0,0
step_and_pause_000,step_and_pause,13.21667,0.804,0.0,0,0
step_and_pause_000,step_and_pause,13.23333,0.804,0.0,0,0
step_and_pause_000,step_and_pause,13.25,0.804,0.0,0,0
step_and_pause_000,step_and_pause,13.26667,0.804,0.0,0,0
step_and_pause_000,step_and_pause,13.28333,0.804,0.0,0,0
step_and_pause_000,step_and_pause,13.3,0.804,0.0,0,0
step_and_pause_000,step_and_pause,13.31667,0.804,0.0,0,0
step_and_pause_000,step_and_pause,13.33333,0.804,0.0,0,0
step_and_pause_000,step_and_pause,13.35,0.804,0.0,0,0
step_and_pause_000,step_and_pause,13.36667,0.804,0.0,0,0
step_and_pause_000,step_and_pause,13.38333,0.804,0.0,0,0
step_and_pause_000,step_and_pause,13.4,0.804,0.0,0,0
step_and_pause_000,step_and_pause,13.41667,0.804,0.0,0,0
step_and_pause_000,step_and_pause,13.43333,0.804,0.0,0,0
step_and_pause_000,step_and_pause,13.45,0.804,0.0,0,0
step_and_pause_000,step_and_pause,13.46667,0.804,0.0,0,0
step_and_pause_000,step_and_pause,13.48333,0.804,0.0,0,1
step_and_pause_000,step_and_pause,13.5,2.304,90.0,0,1
step_and_pause_000,step_and_pause,13.51667,3.804,90.0,0,1
step_and_pause_000,step_and_pause,13.53333,5.304,90.0,0,1
step_and_pause_000,step_and_pause,13.55,6.804,90.0,0,1
step_and_pause_000,step_and_pause,13.56667,8.304,90.0,0,1
step_and_pause_000,step_and_pause,13.58333,9.804,90.0,0,1
step_and_pause_000,step_and_pause,13.6,11.304,90.0,0,1
step_and_pause_000,step_and_pause,13.61667,12.804,90.0,0,1
step_and_pause_000,step_and_pause,13.63333,14.304,90.0,0,1
step_and_pause_000,step_and_pause,13.65,15.804,90.0,0,1
step_and_pause_000,step_and_pause,13.66667,17.304,90.0,0,1
step_and_pause_000,step_and_pause,13.68333,18.804,90.0,0,1
step_and_pause_000,step_and_pause,13.7,20.304,90.0,0,1
step_and_pause_000,step_and_pause,13.71667,21.804,90.0,0,1
step_and_pause_000,step_and_pause,13.73333,23.304,90.0,0,1
step_and_pause_000,step_and_pause,13.75,24.804,90.0,0,1
step_and_pause_000,step_and_pause,13.76667,26.304,90.0,0,1
step_and_pause_000,step_and_pause,13.78333,27.804,90.0,0,1
step_and_pause_000,step_and_pause,13.8,29.304,90.0,0,1
step_and_pause_000,step_and_pause,13.81667,30.804,90.0,0,1
step_and_pause_000,step_and_pause,13.83333,32.304,90.0,0,1
step_and_pause_000,step_and_pause,13.85,33.804,90.0,0,1
step_and_pause_000,step_and_pause,13.86667,35.304,90.0,0,1
step_and_pause_000,step_and_pause,13.88333,36.804,90.0,0,1
step_and_pause_000,step_and_pause,13.9,38.304,90.0,0,1
step_and_pause_000,step_and_pause,13.91667,39.804,90.0,0,1
step_and_pause_000,step_and_pause,13.93333,41.304,90.0,0,1
step_and_pause_000,step_and_pause,13.95,42.804,90.0,0,1
step_and_pause_000,step_and_pause,13.96667,44.304,90.0,0,1
step_and_pause_000,step_and_pause,13.98333,45.804,90.0,0,1
step_and_pause_000,step_and_pause,14.0,47.304,90.0,0,1
step_and_pause_000,step_and_pause,14.01667,48.804,90.0,0,1
step_and_pause_000,step_and_pause,14.03333,50.304,90.0,0,1
step_and_pause_000,step_and_pause,14.05,51.804,90.0,0,1
step_and_pause_000,step_and_pause,14.06667,53.304,90.0,0,1
step_and_pause_000,step_and_pause,14.08333,54.804,90.0,0,1
step_and_pause_000,step_and_pause,14.1,56.304,90.0,0,1
step_and_pause_000,step_and_pause,14.11667,57.804,90.0,0,1
step_and_pause_000,step_and_pause,14.13333,59.304,90.0,0,1
step_and_pause_000,step_and_pause,14.15,60.804,90.0,0,1
step_and_pause_000,step_and_pause,14.16667,62.304,90.0,0,1
step_and_pause_000,step_and_pause,14.18333,63.804,90.0,0,1
step_and_pause_000,step_and_pause,14.2,65.304,90.0,0,1
step_and_pause_000,step_and_pause,14.21667,66.804,90.0,0,1
step_and_pause_000,step_and_pause,14.23333,68.304,90.0,0,1
step_and_pause_000,step_and_pause,14.25,69.804,90.0,0,1
step_and_pause_000,step_and_pause,14.26667,71.304,90.0,0,1
step_and_pause_000,step_and_pause,14.28333,72.804,90.0,0,1
step_and_pause_000,step_and_pause,14.3,74.304,90.0,0,1
step_and_pause_000,step_and_pause,14.31667,75.804,90.0,0,1
step_and_pause_000,step_and_pause,14.33333,77.304,90.0,0,1
step_and_pause_000,step_and_pause,14.35,78.804,90.0,0,1
step_and_pause_000,step_and_pause,14.36667,80.304,90.0,0,1
step_and_pause_000,step_and_pause,14.38333,81.804,90.0,0,1
step_and_pause_000,step_and_pause,14.4,83.304,90.0,0,1
step_and_pause_000,step_and_pause,14.41667,84.804,90.0,0,1
step_and_pause_000,step_and_pause,14.43333,86.304,90.0,1,0
step_and_pause_000,step_and_pause,14.45,84.804,-90.0,1,0
step_and_pause_000,step_and_pause,14.46667,83.304,-90.0,1,0
step_and_pause_000,step_and_pause,14.48333,81.804,-90.0,1,0
step_and_pause_000,step_and_pause,14.5,80.304,-90.0,1,0
step_and_pause_000,step_and_pause,14.51667,78.804,-90.0,1,0
step_and_pause_000,step_and_pause,14.53333,77.304,-90.0,1,0
step_and_pause_000,step_and_pause,14.55,75.804,-90.0,1,0
step_and_pause_000,step_and_pause,14.56667,74.304,-90.0,1,0
step_and_pause_000,step_and_pause,14.58333,72.804,-90.0,1,0
step_and_pause_000,step_and_pause,14.6,71.304,-90.0,1,0
step_and_pause_000,step_and_pause,14.61667,69.804,-90.0,1,0
step_and_pause_000,step_and_pause,14.63333,68.304,-90.0,1,0
step_and_pause_000,step_and_pause,14.65,66.804,-90.0,1,0
step_and_pause_000,step_and_pause,14.66667,65.304,-90.0,1,0
step_and_pause_000,step_and_pause,14.68333,63.804,-90.0,1,0
step_and_pause_000,step_and_pause,14.7,62.304,-90.0,1,0
step_and_pause_000,step_and_pause,14.71667,60.804,-90.0,1,0
step_and_pause_000,step_and_pause,14.73333,59.304,-90.0,1,0
step_and_pause_000,step_and_pause,14.75,57.804,-90.0,1,0
step_and_pause_000,step_and_pause,14.76667,56.304,-90.0,1,0
step_and_pause_000,step_and_pause,14.78333,54.804,-90.0,1,0
step_and_pause_000,step_and_pause,14.8,53.304,-90.0,1,0
step_and_pause_000,step_and_pause,14.81667,51.804,-90.0,1,0
step_and_pause_000,step_and_pause,14.83333,50.304,-90.0,1,0
step_and_pause_000,step_and_pause,14.85,48.804,-90.0,1,0
step_and_pause_000,step_and_pause,14.86667,47.304,-90.0,1,0
step_and_pause_000,step_and_pause,14.88333,45.804,-90.0,1,0
step_and_pause_000,step_and_pause,14.9,44.304,-90.0,1,0
step_and_pause_000,step_and_pause,14.91667,42.804,-90.0,1,0
step_and_pause_000,step_and_pause,14.93333,41.304,-90.0,1,0
step_and_pause_000,step_and_pause,14.95,39.804,-90.0,1,0
step_and_pause_000,step_and_pause,14.96667,38.304,-90.0,1,0
step_and_pause_000,step_and_pause,14.98333,36.804,-90.0,1,0
step_and_pause_000,step_and_pause,15.0,35.304,-90.0,1,0
step_and_pause_000,step_and_pause,15.01667,33.804,-90.0,1,0
step_and_pause_000,step_and_pause,15.03333,32.304,-90.0,1,0
step_and_pause_000,step_and_pause,15.05,30.804,-90.0,1,0
step_and_pause_000,step_and_pause,15.06667,29.304,-90.0,1,0
step_and_pause_000,step_and_pause,15.08333,27.804,-90.0,1,0
step_and_pause_000,step_and_pause,15.1,26.304,-90.0,1,0
step_and_pause_000,step_and_pause,15.11667,24.804,-90.0,1,0
step_and_pause_000,step_and_pause,15.13333,23.304,-90.0,1,0
step_and_pause_000,step_and_pause,15.15,21.804,-90.0,1,0
step_and_pause_000,step_and_pause,15.16667,20.304,-90.0,1,0
step_and_pause_000,step_and_pause,15.18333,18.804,-90.0,1,0
step_and_pause_000,step_and_pause,15.2,17.304,-90.0,1,0
step_and_pause_000,step_and_pause,15.21667,15.804,-90.0,1,0
step_and_pause_000,step_and_pause,15.23333,14.304,-90.0,1,0
step_and_pause_000,step_and_pause,15.25,12.804,-90.0,1,0
step_and_pause_000,step_and_pause,15.26667,11.304,-90.0,1,0
step_and_pause_000,step_and_pause,15.28333,9.804,-90.0,1,0
step_and_pause_000,step_and_pause,15.3,8.304,-90.0,1,0
step_and_pause_000,step_and_pause,15.31667,6.804,-90.0,1,0
step_and_pause_000,step_and_pause,15.33333,5.304,-90.0,1,0
step_and_pause_000,step_and_pause,15.35,3.804,-90.0,1,0
step_and_pause_000,step_and_pause,15.36667,2.304,-90.0,1,0
step_and_pause_000,step_and_pause,15.38333,0.804,-90.0,0,0
step_and_pause_000,step_and_pause,15.4,0.804,0.0,0,0
step_and_pause_000,step_and_pause,15.41667,0.804,0.0,0,0
step_and_pause_000,step_and_pause,15.43333,0.804,0.0,0,0
step_and_pause_000,step_and_pause,15.45,0.804,0.0,0,0
step_and_pause_000,step_and_pause,15.46667,0.804,0.0,0,0
step_and_pause_000,step_and_pause,15.48333,0.804,0.0,0,0
step_and_pause_000,step_and_pause,15.5,0.804,0.0,0,0
step_and_pause_000,step_and_pause,15.51667,0.804,0.0,0,0
step_and_pause_000,step_and_pause,15.53333,0.804,0.0,0,0
step_and_pause_000,step_and_pause,15.55,0.804,0.0,0,0
step_and_pause_000,step_and_pause,15.56667,0.804,0.0,0,0
step_and_pause_000,step_and_pause,15.58333,0.804,0.0,0,0
step_and_pause_000,step_and_pause,15.6,0.804,0.0,0,0
step_and_pause_000,step_and_pause,15.61667,0.804,0.0,0,0
step_and_pause_000,step_and_pause,15.63333,0.804,0.0,0,0
step_and_pause_000,step_and_pause,15.65,0.804,0.0,0,0
step_and_pause_000,step_and_pause,15.66667,0.804,0.0,0,0
step_and_pause_000,step_and_pause,15.68333,0.804,0.0,0,0
step_and_pause_000,step_and_pause,15.7,0.804,0.0,0,0
step_and_pause_000,step_and_pause,15.71667,0.804,0.0,0,0
step_and_pause_000,step_and_pause,15.73333,0.804,0.0,0,0
step_and_pause_000,step_and_pause,15.75,0.804,0.0,0,0
step_and_pause_000,step_and_pause,15.76667,0.804,0.0,0,0
step_and_pause_000,step_and_pause,15.78333,0.804,0.0,0,0
step_and_pause_000,step_and_pause,15.8,0.804,0.0,0,0
step_and_pause_000,step_and_pause,15.81667,0.804,0.0,0,0
step_and_pause_000,step_and_pause,15.83333,0.804,0.0,0,0
step_and_pause_000,step_and_pause,15.85,0.804,0.0,0,0
step_and_pause_000,step_and_pause,15.86667,0.804,0.0,0,0
step_and_pause_000,step_and_pause,15.88333,0.804,0.0,0,0
step_and_pause_000,step_and_pause,15.9,0.804,0.0,0,0
step_and_pause_000,step_and_pause,15.91667,0.804,0.0,0,0
step_and_pause_000,step_and_pause,15.93333,0.804,0.0,0,0
step_and_pause_000,step_and_pause,15.95,0.804,0.0,0,0
step_and_pause_000,step_and_pause,15.96667,0.804,0.0,0,0
step_and_pause_000,step_and_pause,15.98333,0.804,0.0,0,0
step_and_pause_000,step_and_pause,16.0,0.804,0.0,0,0
step_and_pause_000,step_and_pause,16.01667,0.804,0.0,0,0
step_and_pause_000,step_and_pause,16.03333,0.804,0.0,0,0
step_and_pause_000,step_and_pause,16.05,0.804,0.0,0,0
step_and_pause_000,step_and_pause,16.06667,0.804,0.0,0,0
step_and_pause_000,step_and_pause,16.08333,0.804,0.0,0,0
step_and_pause_000,step_and_pause,16.1,0.804,0.0,0,0
step_and_pause_000,step_and_pause,16.11667,0.804,0.0,0,0
step_and_pause_000,step_and_pause,16.13333,0.804,0.0,0,0
step_and_pause_000,step_and_pause,16.15,0.804,0.0,0,0
step_and_pause_000,step_and_pause,16.16667,0.804,0.0,0,0
step_and_pause_000,step_and_pause,16.18333,0.804,0.0,0,0
step_and_pause_000,step_and_pause,16.2,0.804,0.0,0,0
step_and_pause_000,step_and_pause,16.21667,0.804,0.0,0,0
step_and_pause_000,step_and_pause,16.23333,0.804,0.0,0,0
step_and_pause_000,step_and_pause,16.25,0.804,0.0,0,0
step_and_pause_000,step_and_pause,16.26667,0.804,0.0,0,0
step_and_pause_000,step_and_pause,16.28333,0.804,0.0,0,0
step_and_pause_000,step_and_pause,16.3,0.804,0.0,0,0
step_and_pause_000,step_and_pause,16.31667,0.804,0.0,0,0
step_and_pause_000,step_and_pause,16.33333,0.804,0.0,0,0
step_and_pause_000,step_and_pause,16.35,0.804,0.0,0,1
step_and_pause_000,step_and_pause,16.36667,2.304,90.0,0,1
step_and_pause_000,step_and_pause,16.38333,3.804,90.0,0,1
step_and_pause_000,step_and_pause,16.4,5.304,90.0,0,1
step_and_pause_000,step_and_pause,16.41667,6.804,90.0,0,1
step_and_pause_000,step_and_pause,16.43333,8.304,90.0,0,1
step_and_pause_000,step_and_pause,16.45,9.804,90.0,0,1
step_and_pause_000,step_and_pause,16.46667,11.304,90.0,0,1
step_and_pause_000,step_and_pause,16.48333,12.804,90.0,0,1
step_and_pause_000,step_and_pause,16.5,14.304,90.0,0,1
step_and_pause_000,step_and_pause,16.51667,15.804,90.0,0,1
step_and_pause_000,step_and_pause,16.53333,17.304,90.0,0,1
step_and_pause_000,step_and_pause,16.55,18.804,90.0,0,1
step_and_pause_000,step_and_pause,16.56667,20.304,90.0,0,1
step_and_pause_000,step_and_pause,16.58333,21.804,90.0,0,1
step_and_pause_000,step_and_pause,16.6,23.304,90.0,0,1
step_and_pause_000,step_and_pause,16.61667,24.804,90.0,0,1
step_and_pause_000,step_and_pause,16.63333,26.304,90.0,0,1
step_and_pause_000,step_and_pause,16.65,27.804,90.0,0,1
step_and_pause_000,step_and_pause,16.66667,29.304,90.0,0,1
step_and_pause_000,step_and_pause,16.68333,30.804,90.0,0,1
step_and_pause_000,step_and_pause,16.7,32.304,90.0,0,1
step_and_pause_000,step_and_pause,16.71667,33.804,90.0,0,1
step_and_pause_000,step_and_pause,16.73333,35.304,90.0,0,1
step_and_pause_000,step_and_pause,16.75,36.804,90.0,0,1
step_and_pause_000,step_and_pause,16.76667,38.304,90.0,0,1
step_and_pause_000,step_and_pause,16.78333,39.804,90.0,0,1
step_and_pause_000,step_and_pause,16.8,41.304,90.0,0,1
step_and_pause_000,step_and_pause,16.81667,42.804,90.0,0,1
step_and_pause_000,step_and_pause,16.83333,44.304,90.0,0,1
step_and_pause_000,step_and_pause,16.85,45.804,90.0,0,1
step_and_pause_000,step_and_pause,16.86667,47.304,90.0,0,1
step_and_pause_000,step_and_pause,16.88333,48.804,90.0,0,1
step_and_pause_000,step_and_pause,16.9,50.304,90.0,0,1
step_and_pause_000,step_and_pause,16.91667,51.804,90.0,0,1
step_and_pause_000,step_and_pause,16.93333,53.304,90.0,0,1
step_and_pause_000,step_and_pause,16.95,54.804,90.0,0,1
step_and_pause_000,step_and_pause,16.96667,56.304,90.0,0,1
step_and_pause_000,step_and_pause,16.98333,57.804,90.0,0,1
step_and_pause_000,step_and_pause,17.0,59.304,90.0,0,1
step_and_pause_000,step_and_pause,17.01667,60.804,90.0,0,1
step_and_pause_000,step_and_pause,17.03333,62.304,90.0,0,1
step_and_pause_000,step_and_pause,17.05,63.804,90.0,0,1
step_and_pause_000,step_and_pause,17.06667,65.304,90.0,0,1
step_and_pause_000,step_and_pause,17.08333,66.804,90.0,0,1
step_and_pause_000,step_and_pause,17.1,68.304,90.0,0,1
step_and_pause_000,step_and_pause,17.11667,69.804,90.0,0,1
step_and_pause_000,step_and_pause,17.13333,71.304,90.0,0,1
step_and_pause_000,step_and_pause,17.15,72.804,90.0,0,1
step_and_pause_000,step_and_pause,17.16667,74.304,90.0,0,1
step_and_pause_000,step_and_pause,17.18333,75.804,90.0,0,1
step_and_pause_000,step_and_pause,17.2,77.304,90.0,0,1
step_and_pause_000,step_and_pause,17.21667,78.804,90.0,0,1
step_and_pause_000,step_and_pause,17.23333,80.304,90.0,0,1
step_and_pause_000,step_and_pause,17.25,81.804,90.0,0,1
step_and_pause_000,step_and_pause,17.26667,83.304,90.0,0,1
step_and_pause_000,step_and_pause,17.28333,84.804,90.0,0,1
step_and_pause_000,step_and_pause,17.3,86.304,90.0,0,1
step_and_pause_000,step_and_pause,17.31667,87.804,90.0,0,1
step_and_pause_000,step_and_pause,17.33333,89.304,90.0,0,1
step_and_pause_000,step_and_pause,17.35,90.804,90.0,0,1
step_and_pause_000,step_and_pause,17.36667,92.304,90.0,0,1
step_and_pause_000,step_and_pause,17.38333,93.804,90.0,0,1
step_and_pause_000,step_and_pause,17.4,95.304,90.0,0,1
step_and_pause_000,step_and_pause,17.41667,96.804,90.0,0,1
step_and_pause_000,step_and_pause,17.43333,98.304,90.0,0,1
step_and_pause_000,step_and_pause,17.45,99.804,90.0,0,1
step_and_pause_000,step_and_pause,17.46667,101.304,90.0,0,1
step_and_pause_000,step_and_pause,17.48333,102.804,90.0,0,1
step_and_pause_000,step_and_pause,17.5,104.304,90.0,0,1
step_and_pause_000,step_and_pause,17.51667,105.804,90.0,0,1
step_and_pause_000,step_and_pause,17.53333,107.304,90.0,0,1
step_and_pause_000,step_and_pause,17.55,108.804,90.0,0,1
step_and_pause_000,step_and_pause,17.56667,110.304,90.0,0,1
step_and_pause_000,step_and_pause,17.58333,111.804,90.0,0,1
step_and_pause_000,step_and_pause,17.6,113.304,90.0,0,1
step_and_pause_000,step_and_pause,17.61667,114.804,90.0,0,1
step_and_pause_000,step_and_pause,17.63333,116.304,90.0,0,1
step_and_pause_000,step_and_pause,17.65,117.804,90.0,0,1
step_and_pause_000,step_and_pause,17.66667,119.304,90.0,0,1
step_and_pause_000,step_and_pause,17.68333,120.804,90.0,0,1
step_and_pause_000,step_and_pause,17.7,122.304,90.0,0,1
step_and_pause_000,step_and_pause,17.71667,123.804,90.0,0,1
step_and_pause_000,step_and_pause,17.73333,125.304,90.0,0,1
step_and_pause_000,step_and_pause,17.75,126.804,90.0,0,1
step_and_pause_000,step_and_pause,17.76667,128.304,90.0,0,1
step_and_pause_000,step_and_pause,17.78333,129.804,90.0,0,1
step_and_pause_000,step_and_pause,17.8,131.304,90.0,0,0
step_and_pause_000,step_and_pause,17.81667,131.304,0.0,0,0
step_and_pause_000,step_and_pause,17.83333,131.304,0.0,0,0
step_and_pause_000,step_and_pause,17.85,131.304,0.0,0,0
step_and_pause_000,step_and_pause,17.86667,131.304,0.0,0,0
step_and_pause_000,step_and_pause,17.88333,131.304,0.0,0,0
step_and_pause_000,step_and_pause,17.9,131.304,0.0,0,0
step_and_pause_000,step_and_pause,17.91667,131.304,0.0,0,0
step_and_pause_000,step_and_pause,17.93333,131.304,0.0,0,0
step_and_pause_000,step_and_pause,17.95,131.304,0.0,0,0
step_and_pause_000,step_and_pause,17.96667,131.304,0.0,0,0
step_and_pause_000,step_and_pause,17.98333,131.304,0.0,0,0
step_and_pause_000,step_and_pause,18.0,131.304,0.0,0,0
step_and_pause_000,step_and_pause,18.01667,131.304,0.0,0,0
step_and_pause_000,step_and_pause,18.03333,131.304,0.0,0,0
step_and_pause_000,step_and_pause,18.05,131.304,0.0,0,0
step_and_pause_000,step_and_pause,18.06667,131.304,0.0,0,0
step_and_pause_000,step_and_pause,18.08333,131.304,0.0,0,0
step_and_pause_000,step_and_pause,18.1,131.304,0.0,0,0
step_and_pause_000,step_and_pause,18.11667,131.304,0.0,0,0
step_and_pause_000,step_and_pause,18.13333,131.304,0.0,0,0
step_and_pause_000,step_and_pause,18.15,131.304,0.0,0,0
step_and_pause_000,step_and_pause,18.16667,131.304,0.0,0,0
step_and_pause_000,step_and_pause,18.18333,131.304,0.0,0,0
step_and_pause_000,step_and_pause,18.2,131.304,0.0,0,0
step_and_pause_000,step_and_pause,18.21667,131.304,0.0,0,1
step_and_pause_000,step_and_pause,18.23333,132.804,90.0,0,1
step_and_pause_000,step_and_pause,18.25,134.304,90.0,0,1
step_and_pause_000,step_and_pause,18.26667,135.804,90.0,0,1
step_and_pause_000,step_and_pause,18.28333,137.304,90.0,0,1
step_and_pause_000,step_and_pause,18.3,138.804,90.0,0,1
step_and_pause_000,step_and_pause,18.31667,140.304,90.0,0,1
step_and_pause_000,step_and_pause,18.33333,141.804,90.0,0,1
step_and_pause_000,step_and_pause,18.35,143.304,90.0,0,1
step_and_pause_000,step_and_pause,18.36667,144.804,90.0,0,1
step_and_pause_000,step_and_pause,18.38333,146.304,90.0,0,1
step_and_pause_000,step_and_pause,18.4,147.804,90.0,0,1
step_and_pause_000,step_and_pause,18.41667,149.304,90.0,0,1
step_and_pause_000,step_and_pause,18.43333,150.804,90.0,0,1
step_and_pause_000,step_and_pause,18.45,152.304,90.0,0,1
step_and_pause_000,step_and_pause,18.46667,153.804,90.0,0,1
step_and_pause_000,step_and_pause,18.48333,155.304,90.0,0,1
step_and_pause_000,step_and_pause,18.5,156.804,90.0,0,1
step_and_pause_000,step_and_pause,18.51667,158.304,90.0,0,1
step_and_pause_000,step_and_pause,18.53333,159.804,90.0,0,1
step_and_pause_000,step_and_pause,18.55,161.304,90.0,0,1
step_and_pause_000,step_and_pause,18.56667,162.804,90.0,0,1
step_and_pause_000,step_and_pause,18.58333,164.304,90.0,0,1
step_and_pause_000,step_and_pause,18.6,165.804,90.0,0,1
step_and_pause_000,step_and_pause,18.61667,167.304,90.0,0,1
step_and_pause_000,step_and_pause,18.63333,168.804,90.0,0,1
step_and_pause_000,step_and_pause,18.65,170.304,90.0,0,1
step_and_pause_000,step_and_pause,18.66667,171.804,90.0,0,1
step_and_pause_000,step_and_pause,18.68333,173.304,90.0,0,1
step_and_pause_000,step_and_pause,18.7,174.804,90.0,0,1
step_and_pause_000,step_and_pause,18.71667,176.304,90.0,0,1
step_and_pause_000,step_and_pause,18.73333,177.804,90.0,0,0
step_and_pause_000,step_and_pause,18.75,177.804,0.0,0,0
step_and_pause_000,step_and_pause,18.76667,177.804,0.0,0,0
step_and_pause_000,step_and_pause,18.78333,177.804,0.0,0,0
step_and_pause_000,step_and_pause,18.8,177.804,0.0,0,0
step_and_pause_000,step_and_pause,18.81667,177.804,0.0,0,0
step_and_pause_000,step_and_pause,18.83333,177.804,0.0,0,0
step_and_pause_000,step_and_pause,18.85,177.804,0.0,0,0
step_and_pause_000,step_and_pause,18.86667,177.804,0.0,0,0
step_and_pause_000,step_and_pause,18.88333,177.804,0.0,0,0
step_and_pause_000,step_and_pause,18.9,177.804,0.0,0,0
step_and_pause_000,step_and_pause,18.91667,177.804,0.0,0,0
step_and_pause_000,step_and_pause,18.93333,177.804,0.0,0,0
step_and_pause_000,step_and_pause,18.95,177.804,0.0,0,0
step_and_pause_000,step_and_pause,18.96667,177.804,0.0,0,0
step_and_pause_000,step_and_pause,18.98333,177.804,0.0,0,0
step_and_pause_000,step_and_pause,19.0,177.804,0.0,0,0
step_and_pause_000,step_and_pause,19.01667,177.804,0.0,0,0
step_and_pause_000,step_and_pause,19.03333,177.804,0.0,0,0
step_and_pause_000,step_and_pause,19.05,177.804,0.0,0,0
step_and_pause_000,step_and_pause,19.06667,177.804,0.0,0,0
step_and_pause_000,step_and_pause,19.08333,177.804,0.0,0,0
step_and_pause_000,step_and_pause,19.1,177.804,0.0,0,0
step_and_pause_000,step_and_pause,19.11667,177.804,0.0,0,0
step_and_pause_000,step_and_pause,19.13333,177.804,0.0,0,0
step_and_pause_000,step_and_pause,19.15,177.804,0.0,0,0
step_and_pause_000,step_and_pause,19.16667,177.804,0.0,0,0
step_and_pause_000,step_and_pause,19.18333,177.804,0.0,0,0
step_and_pause_000,step_and_pause,19.2,177.804,0.0,0,0
step_and_pause_000,step_and_pause,19.21667,177.804,0.0,0,0
step_and_pause_000,step_and_pause,19.23333,177.804,0.0,0,0
step_and_pause_000,step_and_pause,19.25,177.804,0.0,0,0
step_and_pause_000,step_and_pause,19.26667,177.804,0.0,0,0
step_and_pause_000,step_and_pause,19.28333,177.804,0.0,0,0
step_and_pause_000,step_and_pause,19.3,177.804,0.0,0,0
step_and_pause_000,step_and_pause,19.31667,177.804,0.0,0,0
step_and_pause_000,step_and_pause,19.33333,177.804,0.0,0,0
step_and_pause_000,step_and_pause,19.35,177.804,0.0,0,0
step_and_pause_000,step_and_pause,19.36667,177.804,0.0,0,0
step_and_pause_000,step_and_pause,19.38333,177.804,0.0,0,0
step_and_pause_000,step_and_pause,19.4,177.804,0.0,0,0
step_and_pause_000,step_and_pause,19.41667,177.804,0.0,0,0
step_and_pause_000,step_and_pause,19.43333,177.804,0.0,0,0
step_and_pause_000,step_and_pause,19.45,177.804,0.0,0,0
step_and_pause_000,step_and_pause,19.46667,177.804,0.0,0,0
step_and_pause_000,step_and_pause,19.48333,177.804,0.0,0,0
step_and_pause_000,step_and_pause,19.5,177.804,0.0,0,0
step_and_pause_000,step_and_pause,19.51667,177.804,0.0,0,0
step_and_pause_000,step_and_pause,19.53333,177.804,0.0,0,0
step_and_pause_000,step_and_pause,19.55,177.804,0.0,0,0
step_and_pause_000,step_and_pause,19.56667,177.804,0.0,0,0
step_and_pause_000,step_and_pause,19.58333,177.804,0.0,0,0
step_and_pause_000,step_and_pause,19.6,177.804,0.0,0,0
step_and_pause_000,step_and_pause,19.61667,177.804,0.0,0,0
step_and_pause_000,step_and_pause,19.63333,177.804,0.0,1,0
step_and_pause_000,step_and_pause,19.65,176.304,-90.0,1,0
step_and_pause_000,step_and_pause,19.66667,174.804,-90.0,1,0
step_and_pause_000,step_and_pause,19.68333,173.304,-90.0,1,0
step_and_pause_000,step_and_pause,19.7,171.804,-90.0,1,0
step_and_pause_000,step_and_pause,19.71667,170.304,-90.0,1,0
step_and_pause_000,step_and_pause,19.73333,168.804,-90.0,1,0
step_and_pause_000,step_and_pause,19.75,167.304,-90.0,1,0
step_and_pause_000,step_and_pause,19.76667,165.804,-90.0,1,0
step_and_pause_000,step_and_pause,19.78333,164.304,-90.0,1,0
step_and_pause_000,step_and_pause,19.8,162.804,-90.0,1,0
step_and_pause_000,step_and_pause,19.81667,161.304,-90.0,1,0
step_and_pause_000,step_and_pause,19.83333,159.804,-90.0,1,0
step_and_pause_000,step_and_pause,19.85,158.304,-90.0,1,0
step_and_pause_000,step_and_pause,19.86667,156.804,-90.0,1,0
step_and_pause_000,step_and_pause,19.88333,155.304,-90.0,1,0
step_and_pause_000,step_and_pause,19.9,153.804,-90.0,1,0
step_and_pause_000,step_and_pause,19.91667,152.304,-90.0,1,0
step_and_pause_000,step_and_pause,19.93333,150.804,-90.0,1,0
step_and_pause_000,step_and_pause,19.95,149.304,-90.0,1,0
step_and_pause_000,step_and_pause,19.96667,147.804,-90.0,1,0
step_and_pause_000,step_and_pause,19.98333,146.304,-90.0,1,0
step_and_pause_000,step_and_pause,20.0,144.804,-90.0,1,0
step_and_pause_000,step_and_pause,20.01667,143.304,-90.0,1,0
step_and_pause_000,step_and_pause,20.03333,141.804,-90.0,1,0
step_and_pause_000,step_and_pause,20.05,140.304,-90.0,1,0
step_and_pause_000,step_and_pause,20.06667,138.804,-90.0,1,0
step_and_pause_000,step_and_pause,20.08333,137.304,-90.0,1,0
step_and_pause_000,step_and_pause,20.1,135.804,-90.0,1,0
step_and_pause_000,step_and_pause,20.11667,134.304,-90.0,1,0
step_and_pause_000,step_and_pause,20.13333,132.804,-90.0,1,0
step_and_pause_000,step_and_pause,20.15,131.304,-90.0,1,0
step_and_pause_000,step_and_pause,20.16667,129.804,-90.0,1,0
step_and_pause_000,step_and_pause,20.18333,128.304,-90.0,1,0
step_and_pause_000,step_and_pause,20.2,126.804,-90.0,1,0
step_and_pause_000,step_and_pause,20.21667,125.304,-90.0,1,0
step_and_pause_000,step_and_pause,20.23333,123.804,-90.0,1,0
step_and_pause_000,step_and_pause,20.25,122.304,-90.0,1,0
step_and_pause_000,step_and_pause,20.26667,120.804,-90.0,1,0
step_and_pause_000,step_and_pause,20.28333,119.304,-90.0,1,0
step_and_pause_000,step_and_pause,20.3,117.804,-90.0,1,0
step_and_pause_000,step_and_pause,20.31667,116.304,-90.0,1,0
step_and_pause_000,step_and_pause,20.33333,114.804,-90.0,1,0
step_and_pause_000,step_and_pause,20.35,113.304,-90.0,1,0
step_and_pause_000,step_and_pause,20.36667,111.804,-90.0,1,0
step_and_pause_000,step_and_pause,20.38333,110.304,-90.0,1,0
step_and_pause_000,step_and_pause,20.4,108.804,-90.0,1,0
step_and_pause_000,step_and_pause,20.41667,107.304,-90.0,1,0
step_and_pause_000,step_and_pause,20.43333,105.804,-90.0,1,0
step_and_pause_000,step_and_pause,20.45,104.304,-90.0,1,0
step_and_pause_000,step_and_pause,20.46667,102.804,-90.0,1,0
step_and_pause_000,step_and_pause,20.48333,101.304,-90.0,1,0
step_and_pause_000,step_and_pause,20.5,99.804,-90.0,1,0
step_and_pause_000,step_and_pause,20.51667,98.304,-90.0,1,0
step_and_pause_000,step_and_pause,20.53333,96.804,-90.0,1,0
step_and_pause_000,step_and_pause,20.55,95.304,-90.0,1,0
step_and_pause_000,step_and_pause,20.56667,93.804,-90.0,1,0
step_and_pause_000,step_and_pause,20.58333,92.304,-90.0,1,0
step_and_pause_000,step_and_pause,20.6,90.804,-90.0,1,0
step_and_pause_000,step_and_pause,20.61667,89.304,-90.0,1,0
step_and_pause_000,step_and_pause,20.63333,87.804,-90.0,1,0
step_and_pause_000,step_and_pause,20.65,86.304,-90.0,1,0
step_and_pause_000,step_and_pause,20.66667,84.804,-90.0,1,0
step_and_pause_000,step_and_pause,20.68333,83.304,-90.0,1,0
step_and_pause_000,step_and_pause,20.7,81.804,-90.0,1,0
step_and_pause_000,step_and_pause,20.71667,80.304,-90.0,0,1
step_and_pause_000,step_and_pause,20.73333,81.804,90.0,0,1
step_and_pause_000,step_and_pause,20.75,83.304,90.0,0,1
step_and_pause_000,step_and_pause,20.76667,84.804,90.0,0,1
step_and_pause_000,step_and_pause,20.78333,86.304,90.0,0,1
step_and_pause_000,step_and_pause,20.8,87.804,90.0,0,1
step_and_pause_000,step_and_pause,20.81667,89.304,90.0,0,1
step_and_pause_000,step_and_pause,20.83333,90.804,90.0,0,1
step_and_pause_000,step_and_pause,20.85,92.304,90.0,0,1
step_and_pause_000,step_and_pause,20.86667,93.804,90.0,0,1
step_and_pause_000,step_and_pause,20.88333,95.304,90.0,0,1
step_and_pause_000,step_and_pause,20.9,96.804,90.0,0,1
step_and_pause_000,step_and_pause,20.91667,98.304,90.0,0,1
step_and_pause_000,step_and_pause,20.93333,99.804,90.0,0,1
step_and_pause_000,step_and_pause,20.95,101.304,90.0,0,1
step_and_pause_000,step_and_pause,20.96667,102.804,90.0,0,1
step_and_pause_000,step_and_pause,20.98333,104.304,90.0,0,1
step_and_pause_000,step_and_pause,21.0,105.804,90.0,0,1
step_and_pause_000,step_and_pause,21.01667,107.304,90.0,0,1
step_and_pause_000,step_and_pause,21.03333,108.804,90.0,0,1
step_and_pause_000,step_and_pause,21.05,110.304,90.0,0,1
step_and_pause_000,step_and_pause,21.06667,111.804,90.0,0,1
step_and_pause_000,step_and_pause,21.08333,113.304,90.0,0,1
step_and_pause_000,step_and_pause,21.1,114.804,90.0,0,1
step_and_pause_000,step_and_pause,21.11667,116.304,90.0,0,1
step_and_pause_000,step_and_pause,21.13333,117.804,90.0,0,1
step_and_pause_000,step_and_pause,21.15,119.304,90.0,0,1
step_and_pause_000,step_and_pause,21.16667,120.804,90.0,0,1
step_and_pause_000,step_and_pause,21.18333,122.304,90.0,0,1
step_and_pause_000,step_and_pause,21.2,123.804,90.0,0,1
step_and_pause_000,step_and_pause,21.21667,125.304,90.0,0,0
step_and_pause_000,step_and_pause,21.23333,125.304,0.0,0,0
step_and_pause_000,step_and_pause,21.25,125.304,0.0,0,0
step_and_pause_000,step_and_pause,21.26667,125.304,0.0,0,0
step_and_pause_000,step_and_pause,21.28333,125.304,0.0,0,0
step_and_pause_000,step_and_pause,21.3,125.304,0.0,0,0
step_and_pause_000,step_and_pause,21.31667,125.304,0.0,0,0
step_and_pause_000,step_and_pause,21.33333,125.304,0.0,0,0
step_and_pause_000,step_and_pause,21.35,125.304,0.0,0,0
step_and_pause_000,step_and_pause,21.36667,125.304,0.0,0,0
step_and_pause_000,step_and_pause,21.38333,125.304,0.0,0,0
step_and_pause_000,step_and_pause,21.4,125.304,0.0,0,0
step_and_pause_000,step_and_pause,21.41667,125.304,0.0,0,0
step_and_pause_000,step_and_pause,21.43333,125.304,0.0,0,0
step_and_pause_000,step_and_pause,21.45,125.304,0.0,0,0
step_and_pause_000,step_and_pause,21.46667,125.304,0.0,0,0
step_and_pause_000,step_and_pause,21.48333,125.304,0.0,0,0
step_and_pause_000,step_and_pause,21.5,125.304,0.0,0,0
step_and_pause_000,step_and_pause,21.51667,125.304,0.0,0,0
step_and_pause_000,step_and_pause,21.53333,125.304,0.0,0,0
step_and_pause_000,step_and_pause,21.55,125.304,0.0,0,0
step_and_pause_000,step_and_pause,21.56667,125.304,0.0,0,0
step_and_pause_000,step_and_pause,21.58333,125.304,0.0,0,0
step_and_pause_000,step_and_pause,21.6,125.304,0.0,0,0
step_and_pause_000,step_and_pause,21.61667,125.304,0.0,0,0
step_and_pause_000,step_and_pause,21.63333,125.304,0.0,0,0
step_and_pause_000,step_and_pause,21.65,125.304,0.0,0,0
step_and_pause_000,step_and_pause,21.66667,125.304,0.0,0,0
step_and_pause_000,step_and_pause,21.68333,125.304,0.0,0,0
step_and_pause_000,step_and_pause,21.7,125.304,0.0,0,0
step_and_pause_000,step_and_pause,21.71667,125.304,0.0,0,0
step_and_pause_000,step_and_pause,21.73333,125.304,0.0,0,0
step_and_pause_000,step_and_pause,21.75,125.304,0.0,0,0
step_and_pause_000,step_and_pause,21.76667,125.304,0.0,0,0
step_and_pause_000,step_and_pause,21.78333,125.304,0.0,0,0
step_and_pause_000,step_and_pause,21.8,125.304,0.0,0,0
step_and_pause_000,step_and_pause,21.81667,125.304,0.0,0,0
step_and_pause_000,step_and_pause,21.83333,125.304,0.0,0,0
step_and_pause_000,step_and_pause,21.85,125.304,0.0,0,0
step_and_pause_000,step_and_pause,21.86667,125.304,0.0,0,0
step_and_pause_000,step_and_pause,21.88333,125.304,0.0,0,0
step_and_pause_000,step_and_pause,21.9,125.304,0.0,0,0
step_and_pause_000,step_and_pause,21.91667,125.304,0.0,0,0
step_and_pause_000,step_and_pause,21.93333,125.304,0.0,0,0
step_and_pause_000,step_and_pause,21.95,125.304,0.0,0,0
step_and_pause_000,step_and_pause,21.96667,125.304,0.0,0,0
step_and_pause_000,step_and_pause,21.98333,125.304,0.0,0,0
step_and_pause_000,step_and_pause,22.0,125.304,0.0,0,0
step_and_pause_000,step_and_pause,22.01667,125.304,0.0,0,0
step_and_pause_000,step_and_pause,22.03333,125.304,0.0,0,0
step_and_pause_000,step_and_pause,22.05,125.304,0.0,0,0
step_and_pause_000,step_and_pause,22.06667,125.304,0.0,0,0
step_and_pause_000,step_and_pause,22.08333,125.304,0.0,0,0
step_and_pause_000,step_and_pause,22.1,125.304,0.0,0,0
step_and_pause_000,step_and_pause,22.11667,125.304,0.0,0,0
step_and_pause_000,step_and_pause,22.13333,125.304,0.0,0,0
step_and_pause_000,step_and_pause,22.15,125.304,0.0,0,0
step_and_pause_000,step_and_pause,22.16667,125.304,0.0,0,0
step_and_pause_000,step_and_pause,22.18333,125.304,0.0,0,0
step_and_pause_000,step_and_pause,22.2,125.304,0.0,0,0
step_and_pause_000,step_and_pause,22.21667,125.304,0.0,0,0
step_and_pause_000,step_and_pause,22.23333,125.304,0.0,0,0
step_and_pause_000,step_and_pause,22.25,125.304,0.0,0,0
step_and_pause_000,step_and_pause,22.26667,125.304,0.0,0,0
step_and_pause_000,step_and_pause,22.28333,125.304,0.0,0,0
step_and_pause_000,step_and_pause,22.3,125.304,0.0,0,0
step_and_pause_000,step_and_pause,22.31667,125.304,0.0,0,0
step_and_pause_000,step_and_pause,22.33333,125.304,0.0,0,0
step_and_pause_000,step_and_pause,22.35,125.304,0.0,0,0
step_and_pause_000,step_and_pause,22.36667,125.304,0.0,0,0
step_and_pause_000,step_and_pause,22.38333,125.304,0.0,0,0
step_and_pause_000,step_and_pause,22.4,125.304,0.0,0,0
step_and_pause_000,step_and_pause,22.41667,125.304,0.0,0,0
step_and_pause_000,step_and_pause,22.43333,125.304,0.0,0,0
step_and_pause_000,step_and_pause,22.45,125.304,0.0,0,0
step_and_pause_000,step_and_pause,22.46667,125.304,0.0,0,0
step_and_pause_000,step_and_pause,22.48333,125.304,0.0,1,0
step_and_pause_000,step_and_pause,22.5,123.804,-90.0,1,0
step_and_pause_000,step_and_pause,22.51667,122.304,-90.0,1,0
step_and_pause_000,step_and_pause,22.53333,120.804,-90.0,1,0
step_and_pause_000,step_and_pause,22.55,119.304,-90.0,1,0
step_and_pause_000,step_and_pause,22.56667,117.804,-90.0,1,0
step_and_pause_000,step_and_pause,22.58333,116.304,-90.0,1,0
step_and_pause_000,step_and_pause,22.6,114.804,-90.0,1,0
step_and_pause_000,step_and_pause,22.61667,113.304,-90.0,1,0
step_and_pause_000,step_and_pause,22.63333,111.804,-90.0,1,0
step_and_pause_000,step_and_pause,22.65,110.304,-90.0,1,0
step_and_pause_000,step_and_pause,22.66667,108.804,-90.0,1,0
step_and_pause_000,step_and_pause,22.68333,107.304,-90.0,1,0
step_and_pause_000,step_and_pause,22.7,105.804,-90.0,1,0
step_and_pause_000,step_and_pause,22.71667,104.304,-90.0,1,0
step_and_pause_000,step_and_pause,22.73333,102.804,-90.0,1,0
step_and_pause_000,step_and_pause,22.75,101.304,-90.0,1,0
step_and_pause_000,step_and_pause,22.76667,99.804,-90.0,1,0
step_and_pause_000,step_and_pause,22.78333,98.304,-90.0,1,0
step_and_pause_000,step_and_pause,22.8,96.804,-90.0,1,0
step_and_pause_000,step_and_pause,22.81667,95.304,-90.0,1,0
step_and_pause_000,step_and_pause,22.83333,93.804,-90.0,1,0
step_and_pause_000,step_and_pause,22.85,92.304,-90.0,1,0
step_and_pause_000,step_and_pause,22.86667,90.804,-90.0,1,0
step_and_pause_000,step_and_pause,22.88333,89.304,-90.0,1,0
step_and_pause_000,step_and_pause,22.9,87.804,-90.0,1,0
step_and_pause_000,step_and_pause,22.91667,86.304,-90.0,1,0
step_and_pause_000,step_and_pause,22.93333,84.804,-90.0,1,0
step_and_pause_000,step_and_pause,22.95,83.304,-90.0,1,0
step_and_pause_000,step_and_pause,22.96667,81.804,-90.0,1,0
step_and_pause_000,step_and_pause,22.98333,80.304,-90.0,1,0
step_and_pause_000,step_and_pause,23.0,78.804,-90.0,1,0
step_and_pause_000,step_and_pause,23.01667,77.304,-90.0,1,0
step_and_pause_000,step_and_pause,23.03333,75.804,-90.0,1,0
step_and_pause_000,step_and_pause,23.05,74.304,-90.0,1,0
step_and_pause_000,step_and_pause,23.06667,72.804,-90.0,1,0
step_and_pause_000,step_and_pause,23.08333,71.304,-90.0,1,0
step_and_pause_000,step_and_pause,23.1,69.804,-90.0,1,0
step_and_pause_000,step_and_pause,23.11667,68.304,-90.0,1,0
step_and_pause_000,step_and_pause,23.13333,66.804,-90.0,1,0
step_and_pause_000,step_and_pause,23.15,65.304,-90.0,1,0
step_and_pause_000,step_and_pause,23.16667,63.804,-90.0,1,0
step_and_pause_000,step_and_pause,23.18333,62.304,-90.0,1,0
step_and_pause_000,step_and_pause,23.2,60.804,-90.0,1,0
step_and_pause_000,step_and_pause,23.21667,59.304,-90.0,1,0
step_and_pause_000,step_and_pause,23.23333,57.804,-90.0,1,0
step_and_pause_000,step_and_pause,23.25,56.304,-90.0,1,0
step_and_pause_000,step_and_pause,23.26667,54.804,-90.0,1,0
step_and_pause_000,step_and_pause,23.28333,53.304,-90.0,1,0
step_and_pause_000,step_and_pause,23.3,51.804,-90.0,1,0
step_and_pause_000,step_and_pause,23.31667,50.304,-90.0,1,0
step_and_pause_000,step_and_pause,23.33333,48.804,-90.0,1,0
step_and_pause_000,step_and_pause,23.35,47.304,-90.0,1,0
step_and_pause_000,step_and_pause,23.36667,45.804,-90.0,1,0
step_and_pause_000,step_and_pause,23.38333,44.304,-90.0,1,0
step_and_pause_000,step_and_pause,23.4,42.804,-90.0,1,0
step_and_pause_000,step_and_pause,23.41667,41.304,-90.0,1,0
step_and_pause_000,step_and_pause,23.43333,39.804,-90.0,1,0
step_and_pause_000,step_and_pause,23.45,38.304,-90.0,1,0
step_and_pause_000,step_and_pause,23.46667,36.804,-90.0,1,0
step_and_pause_000,step_and_pause,23.48333,35.304,-90.0,1,0
step_and_pause_000,step_and_pause,23.5,33.804,-90.0,1,0
step_and_pause_000,step_and_pause,23.51667,32.304,-90.0,1,0
step_and_pause_000,step_and_pause,23.53333,30.804,-90.0,1,0
step_and_pause_000,step_and_pause,23.55,29.304,-90.0,1,0
step_and_pause_000,step_and_pause,23.56667,27.804,-90.0,1,0
step_and_pause_000,step_and_pause,23.58333,26.304,-90.0,1,0
step_and_pause_000,step_and_pause,23.6,24.804,-90.0,1,0
step_and_pause_000,step_and_pause,23.61667,23.304,-90.0,1,0
step_and_pause_000,step_and_pause,23.63333,21.804,-90.0,1,0
step_and_pause_000,step_and_pause,23.65,20.304,-90.0,1,0
step_and_pause_000,step_and_pause,23.66667,18.804,-90.0,1,0
step_and_pause_000,step_and_pause,23.68333,17.304,-90.0,1,0
step_and_pause_000,step_and_pause,23.7,15.804,-90.0,1,0
step_and_pause_000,step_and_pause,23.71667,14.304,-90.0,1,0
step_and_pause_000,step_and_pause,23.73333,12.804,-90.0,1,0
step_and_pause_000,step_and_pause,23.75,11.304,-90.0,1,0
step_and_pause_000,step_and_pause,23.76667,9.804,-90.0,1,0
step_and_pause_000,step_and_pause,23.78333,8.304,-90.0,1,0
step_and_pause_000,step_and_pause,23.8,6.804,-90.0,1,0
step_and_pause_000,step_and_pause,23.81667,5.304,-90.0,1,0
step_and_pause_000,step_and_pause,23.83333,3.804,-90.0,1,0
step_and_pause_000,step_and_pause,23.85,2.304,-90.0,1,0
step_and_pause_000,step_and_pause,23.86667,0.804,-90.0,0,0
step_and_pause_000,step_and_pause,23.88333,0.804,0.0,0,0
step_and_pause_000,step_and_pause,23.9,0.804,0.0,0,0
step_and_pause_000,step_and_pause,23.91667,0.804,0.0,0,0
step_and_pause_000,step_and_pause,23.93333,0.804,0.0,0,0
step_and_pause_000,step_and_pause,23.95,0.804,0.0,0,0
step_and_pause_000,step_and_pause,23.96667,0.804,0.0,0,0
step_and_pause_000,step_and_pause,23.98333,0.804,0.0,0,0
step_and_pause_000,step_and_pause,24.0,0.804,0.0,0,0
step_and_pause_000,step_and_pause,24.01667,0.804,0.0,0,0
step_and_pause_000,step_and_pause,24.03333,0.804,0.0,0,0
step_and_pause_000,step_and_pause,24.05,0.804,0.0,0,0
step_and_pause_000,step_and_pause,24.06667,0.804,0.0,0,0
step_and_pause_000,step_and_pause,24.08333,0.804,0.0,0,0
step_and_pause_000,step_and_pause,24.1,0.804,0.0,0,0
step_and_pause_000,step_and_pause,24.11667,0.804,0.0,0,0
step_and_pause_000,step_and_pause,24.13333,0.804,0.0,0,0
step_and_pause_000,step_and_pause,24.15,0.804,0.0,0,0
step_and_pause_000,step_and_pause,24.16667,0.804,0.0,0,0
step_and_pause_000,step_and_pause,24.18333,0.804,0.0,0,0
step_and_pause_000,step_and_pause,24.2,0.804,0.0,0,0
step_and_pause_000,step_and_pause,24.21667,0.804,0.0,0,0
step_and_pause_000,step_and_pause,24.23333,0.804,0.0,0,0
step_and_pause_000,step_and_pause,24.25,0.804,0.0,0,0
step_and_pause_000,step_and_pause,24.26667,0.804,0.0,0,0
step_and_pause_000,step_and_pause,24.28333,0.804,0.0,0,0
step_and_pause_000,step_and_pause,24.3,0.804,0.0,0,0
step_and_pause_000,step_and_pause,24.31667,0.804,0.0,0,0
step_and_pause_000,step_and_pause,24.33333,0.804,0.0,0,0
step_and_pause_000,step_and_pause,24.35,0.804,0.0,0,0
step_and_pause_000,step_and_pause,24.36667,0.804,0.0,0,0
step_and_pause_000,step_and_pause,24.38333,0.804,0.0,0,0
step_and_pause_000,step_and_pause,24.4,0.804,0.0,0,0
step_and_pause_000,step_and_pause,24.41667,0.804,0.0,0,0
step_and_pause_000,step_and_pause,24.43333,0.804,0.0,0,0
step_and_pause_000,step_and_pause,24.45,0.804,0.0,0,0
step_and_pause_000,step_and_pause,24.46667,0.804,0.0,0,0
step_and_pause_000,step_and_pause,24.48333,0.804,0.0,0,0
step_and_pause_000,step_and_pause,24.5,0.804,0.0,0,0
step_and_pause_000,step_and_pause,24.51667,0.804,0.0,0,0
step_and_pause_000,step_and_pause,24.53333,0.804,0.0,0,0
step_and_pause_000,step_and_pause,24.55,0.804,0.0,0,0
step_and_pause_000,step_and_pause,24.56667,0.804,0.0,0,0
step_and_pause_000,step_and_pause,24.58333,0.804,0.0,0,0
step_and_pause_000,step_and_pause,24.6,0.804,0.0,0,0
step_and_pause_000,step_and_pause,24.61667,0.804,0.0,0,0
step_and_pause_000,step_and_pause,24.63333,0.804,0.0,0,0
step_and_pause_000,step_and_pause,24.65,0.804,0.0,0,0
step_and_pause_000,step_and_pause,24.66667,0.804,0.0,0,0
step_and_pause_000,step_and_pause,24.68333,0.804,0.0,0,0
step_and_pause_000,step_and_pause,24.7,0.804,0.0,0,0
step_and_pause_000,step_and_pause,24.71667,0.804,0.0,0,0
step_and_pause_000,step_and_pause,24.73333,0.804,0.0,0,0
step_and_pause_000,step_and_pause,24.75,0.804,0.0,0,0
step_and_pause_000,step_and_pause,24.76667,0.804,0.0,0,0
step_and_pause_000,step_and_pause,24.78333,0.804,0.0,0,0
step_and_pause_000,step_and_pause,24.8,0.804,0.0,0,0
step_and_pause_000,step_and_pause,24.81667,0.804,0.0,0,0
step_and_pause_000,step_and_pause,24.83333,0.804,0.0,0,0
step_and_pause_000,step_and_pause,24.85,0.804,0.0,0,0
step_and_pause_000,step_and_pause,24.86667,0.804,0.0,0,0
step_and_pause_000,step_and_pause,24.88333,0.804,0.0,0,0
step_and_pause_000,step_and_pause,24.9,0.804,0.0,0,0
step_and_pause_000,step_and_pause,24.91667,0.804,0.0,0,0
step_and_pause_000,step_and_pause,24.93333,0.804,0.0,0,0
step_and_pause_000,step_and_pause,24.95,0.804,0.0,0,0
step_and_pause_000,step_and_pause,24.96667,0.804,0.0,0,0
step_and_pause_000,step_and_pause,24.98333,0.804,0.0,0,0
step_and_pause_000,step_and_pause,25.0,0.804,0.0,0,0
step_and_pause_000,step_and_pause,25.01667,0.804,0.0,0,0
step_and_pause_000,step_and_pause,25.03333,0.804,0.0,0,0
step_and_pause_000,step_and_pause,25.05,0.804,0.0,0,0
step_and_pause_000,step_and_pause,25.06667,0.804,0.0,0,0
step_and_pause_000,step_and_pause,25.08333,0.804,0.0,0,0
step_and_pause_000,step_and_pause,25.1,0.804,0.0,0,0
step_and_pause_000,step_and_pause,25.11667,0.804,0.0,0,0
step_and_pause_000,step_and_pause,25.13333,0.804,0.0,0,0
step_and_pause_000,step_and_pause,25.15,0.804,0.0,0,0
step_and_pause_000,step_and_pause,25.16667,0.804,0.0,0,0
step_and_pause_000,step_and_pause,25.18333,0.804,0.0,0,0
step_and_pause_000,step_and_pause,25.2,0.804,0.0,0,0
step_and_pause_000,step_and_pause,25.21667,0.804,0.0,0,0
step_and_pause_000,step_and_pause,25.23333,0.804,0.0,0,0
step_and_pause_000,step_and_pause,25.25,0.804,0.0,0,0
step_and_pause_000,step_and_pause,25.26667,0.804,0.0,0,0
step_and_pause_000,step_and_pause,25.28333,0.804,0.0,0,0
step_and_pause_000,step_and_pause,25.3,0.804,0.0,0,0
step_and_pause_000,step_and_pause,25.31667,0.804,0.0,0,0
step_and_pause_000,step_and_pause,25.33333,0.804,0.0,0,0
step_and_pause_000,step_and_pause,25.35,0.804,0.0,0,0
step_and_pause_000,step_and_pause,25.36667,0.804,0.0,0,0
step_and_pause_000,step_and_pause,25.38333,0.804,0.0,0,0
step_and_pause_000,step_and_pause,25.4,0.804,0.0,0,0
step_and_pause_000,step_and_pause,25.41667,0.804,0.0,0,0
step_and_pause_000,step_and_pause,25.43333,0.804,0.0,0,0
step_and_pause_000,step_and_pause,25.45,0.804,0.0,0,0
step_and_pause_000,step_and_pause,25.46667,0.804,0.0,0,0
step_and_pause_000,step_and_pause,25.48333,0.804,0.0,0,0
step_and_pause_000,step_and_pause,25.5,0.804,0.0,0,0
step_and_pause_000,step_and_pause,25.51667,0.804,0.0,0,0
step_and_pause_000,step_and_pause,25.53333,0.804,0.0,0,0
step_and_pause_000,step_and_pause,25.55,0.804,0.0,0,0
step_and_pause_000,step_and_pause,25.56667,0.804,0.0,0,0
step_and_pause_000,step_and_pause,25.58333,0.804,0.0,0,0
step_and_pause_000,step_and_pause,25.6,0.804,0.0,0,0
step_and_pause_000,step_and_pause,25.61667,0.804,0.0,0,0
step_and_pause_000,step_and_pause,25.63333,0.804,0.0,0,0
step_and_pause_000,step_and_pause,25.65,0.804,0.0,0,0
step_and_pause_000,step_and_pause,25.66667,0.804,0.0,0,0
step_and_pause_000,step_and_pause,25.68333,0.804,0.0,0,0
step_and_pause_000,step_and_pause,25.7,0.804,0.0,0,0
step_and_pause_000,step_and_pause,25.71667,0.804,0.0,0,0
step_and_pause_000,step_and_pause,25.73333,0.804,0.0,0,0
step_and_pause_000,step_and_pause,25.75,0.804,0.0,0,0
step_and_pause_000,step_and_pause,25.76667,0.804,0.0,0,0
step_and_pause_000,step_and_pause,25.78333,0.804,0.0,0,0
step_and_pause_000,step_and_pause,25.8,0.804,0.0,0,0
step_and_pause_000,step_and_pause,25.81667,0.804,0.0,0,0
step_and_pause_000,step_and_pause,25.83333,0.804,0.0,0,0
step_and_pause_000,step_and_pause,25.85,0.804,0.0,0,0
step_and_pause_000,step_and_pause,25.86667,0.804,0.0,0,0
step_and_pause_000,step_and_pause,25.88333,0.804,0.0,0,0
step_and_pause_000,step_and_pause,25.9,0.804,0.0,0,0
step_and_pause_000,step_and_pause,25.91667,0.804,0.0,0,0
step_and_pause_000,step_and_pause,25.93333,0.804,0.0,0,0
step_and_pause_000,step_and_pause,25.95,0.804,0.0,0,0
step_and_pause_000,step_and_pause,25.96667,0.804,0.0,0,0
step_and_pause_000,step_and_pause,25.98333,0.804,0.0,0,0
step_and_pause_000,step_and_pause,26.0,0.804,0.0,0,0
step_and_pause_000,step_and_pause,26.01667,0.804,0.0,0,0
step_and_pause_000,step_and_pause,26.03333,0.804,0.0,0,0
step_and_pause_000,step_and_pause,26.05,0.804,0.0,0,0
step_and_pause_000,step_and_pause,26.06667,0.804,0.0,0,0
step_and_pause_000,step_and_pause,26.08333,0.804,0.0,0,0
step_and_pause_000,step_and_pause,26.1,0.804,0.0,0,0
step_and_pause_000,step_and_pause,26.11667,0.804,0.0,0,0
step_and_pause_000,step_and_pause,26.13333,0.804,0.0,0,0
step_and_pause_000,step_and_pause,26.15,0.804,0.0,0,0
step_and_pause_000,step_and_pause,26.16667,0.804,0.0,0,0
step_and_pause_000,step_and_pause,26.18333,0.804,0.0,0,0
step_and_pause_000,step_and_pause,26.2,0.804,0.0,0,0
step_and_pause_000,step_and_pause,26.21667,0.804,0.0,0,0
step_and_pause_000,step_and_pause,26.23333,0.804,0.0,0,0
step_and_pause_000,step_and_pause,26.25,0.804,0.0,0,0
step_and_pause_000,step_and_pause,26.26667,0.804,0.0,0,0
step_and_pause_000,step_and_pause,26.28333,0.804,0.0,0,0
step_and_pause_000,step_and_pause,26.3,0.804,0.0,0,0
step_and_pause_000,step_and_pause,26.31667,0.804,0.0,0,0
step_and_pause_000,step_and_pause,26.33333,0.804,0.0,0,0
step_and_pause_000,step_and_pause,26.35,0.804,0.0,0,0
step_and_pause_000,step_and_pause,26.36667,0.804,0.0,0,0
step_and_pause_000,step_and_pause,26.38333,0.804,0.0,0,0
step_and_pause_000,step_and_pause,26.4,0.804,0.0,0,0
step_and_pause_000,step_and_pause,26.41667,0.804,0.0,0,0
step_and_pause_000,step_and_pause,26.43333,0.804,0.0,0,0
step_and_pause_000,step_and_pause,26.45,0.804,0.0,0,0
step_and_pause_000,step_and_pause,26.46667,0.804,0.0,0,0
step_and_pause_000,step_and_pause,26.48333,0.804,0.0,0,0
step_and_pause_000,step_and_pause,26.5,0.804,0.0,0,0
step_and_pause_000,step_and_pause,26.51667,0.804,0.0,0,0
step_and_pause_000,step_and_pause,26.53333,0.804,0.0,0,0
step_and_pause_000,step_and_pause,26.55,0.804,0.0,0,0
step_and_pause_000,step_and_pause,26.56667,0.804,0.0,0,0
step_and_pause_000,step_and_pause,26.58333,0.804,0.0,0,0
step_and_pause_000,step_and_pause,26.6,0.804,0.0,0,0
step_and_pause_000,step_and_pause,26.61667,0.804,0.0,0,0
step_and_pause_000,step_and_pause,26.63333,0.804,0.0,0,0
step_and_pause_000,step_and_pause,26.65,0.804,0.0,0,0
step_and_pause_000,step_and_pause,26.66667,0.804,0.0,0,0
step_and_pause_000,step_and_pause,26.68333,0.804,0.0,0,0
step_and_pause_000,step_and_pause,26.7,0.804,0.0,0,0
step_and_pause_000,step_and_pause,26.71667,0.804,0.0,0,0
step_and_pause_000,step_and_pause,26.73333,0.804,0.0,0,0
step_and_pause_000,step_and_pause,26.75,0.804,0.0,0,0
step_and_pause_000,step_and_pause,26.76667,0.804,0.0,0,0
step_and_pause_000,step_and_pause,26.78333,0.804,0.0,0,0
step_and_pause_000,step_and_pause,26.8,0.804,0.0,0,0
step_and_pause_000,step_and_pause,26.81667,0.804,0.0,0,0
step_and_pause_000,step_and_pause,26.83333,0.804,0.0,0,0
step_and_pause_000,step_and_pause,26.85,0.804,0.0,0,0
step_and_pause_000,step_and_pause,26.86667,0.804,0.0,0,0
step_and_pause_000,step_and_pause,26.88333,0.804,0.0,0,0
step_and_pause_000,step_and_pause,26.9,0.804,0.0,0,0
step_and_pause_000,step_and_pause,26.91667,0.804,0.0,0,0
step_and_pause_000,step_and_pause,26.93333,0.804,0.0,0,0
step_and_pause_000,step_and_pause,26.95,0.804,0.0,0,0
step_and_pause_000,step_and_pause,26.96667,0.804,0.0,0,0
step_and_pause_000,step_and_pause,26.98333,0.804,0.0,0,0
step_and_pause_000,step_and_pause,27.0,0.804,0.0,0,0
step_and_pause_000,step_and_pause,27.01667,0.804,0.0,0,0
step_and_pause_000,step_and_pause,27.03333,0.804,0.0,0,0
step_and_pause_000,step_and_pause,27.05,0.804,0.0,0,0
step_and_pause_000,step_and_pause,27.06667,0.804,0.0,0,0
step_and_pause_000,step_and_pause,27.08333,0.804,0.0,0,0
step_and_pause_000,step_and_pause,27.1,0.804,0.0,0,0
step_and_pause_000,step_and_pause,27.11667,0.804,0.0,0,0
step_and_pause_000,step_and_pause,27.13333,0.804,0.0,0,0
step_and_pause_000,step_and_pause,27.15,0.804,0.0,0,0
step_and_pause_000,step_and_pause,27.16667,0.804,0.0,0,0
step_and_pause_000,step_and_pause,27.18333,0.804,0.0,0,0
step_and_pause_000,step_and_pause,27.2,0.804,0.0,0,0
step_and_pause_000,step_and_pause,27.21667,0.804,0.0,0,0
step_and_pause_000,step_and_pause,27.23333,0.804,0.0,0,0
step_and_pause_000,step_and_pause,27.25,0.804,0.0,0,0
step_and_pause_000,step_and_pause,27.26667,0.804,0.0,0,0
step_and_pause_000,step_and_pause,27.28333,0.804,0.0,0,0
step_and_pause_000,step_and_pause,27.3,0.804,0.0,0,0
step_and_pause_000,step_and_pause,27.31667,0.804,0.0,0,0
step_and_pause_000,step_and_pause,27.33333,0.804,0.0,0,0
step_and_pause_000,step_and_pause,27.35,0.804,0.0,0,0
step_and_pause_000,step_and_pause,27.36667,0.804,0.0,0,0
step_and_pause_000,step_and_pause,27.38333,0.804,0.0,0,0
step_and_pause_000,step_and_pause,27.4,0.804,0.0,0,0
step_and_pause_000,step_and_pause,27.41667,0.804,0.0,0,0
step_and_pause_000,step_and_pause,27.43333,0.804,0.0,0,0
step_and_pause_000,step_and_pause,27.45,0.804,0.0,0,0
step_and_pause_000,step_and_pause,27.46667,0.804,0.0,0,0
step_and_pause_000,step_and_pause,27.48333,0.804,0.0,0,0
step_and_pause_000,step_and_pause,27.5,0.804,0.0,0,0
step_and_pause_000,step_and_pause,27.51667,0.804,0.0,0,0
step_and_pause_000,step_and_pause,27.53333,0.804,0.0,0,0
step_and_pause_000,step_and_pause,27.55,0.804,0.0,0,0
step_and_pause_000,step_and_pause,27.56667,0.804,0.0,0,0
step_and_pause_000,step_and_pause,27.58333,0.804,0.0,0,0
step_and_pause_000,step_and_pause,27.6,0.804,0.0,0,0
step_and_pause_000,step_and_pause,27.61667,0.804,0.0,0,0
step_and_pause_000,step_and_pause,27.63333,0.804,0.0,0,0
step_and_pause_000,step_and_pause,27.65,0.804,0.0,0,0
step_and_pause_000,step_and_pause,27.66667,0.804,0.0,0,0
step_and_pause_000,step_and_pause,27.68333,0.804,0.0,0,0
step_and_pause_000,step_and_pause,27.7,0.804,0.0,0,0
step_and_pause_000,step_and_pause,27.71667,0.804,0.0,0,0
step_and_pause_000,step_and_pause,27.73333,0.804,0.0,0,0
step_and_pause_000,step_and_pause,27.75,0.804,0.0,0,0
step_and_pause_000,step_and_pause,27.76667,0.804,0.0,0,0
step_and_pause_000,step_and_pause,27.78333,0.804,0.0,0,0
step_and_pause_000,step_and_pause,27.8,0.804,0.0,0,0
step_and_pause_000,step_and_pause,27.81667,0.804,0.0,0,0
step_and_pause_000,step_and_pause,27.83333,0.804,0.0,0,0
step_and_pause_000,step_and_pause,27.85,0.804,0.0,0,0
step_and_pause_000,step_and_pause,27.86667,0.804,0.0,0,0
step_and_pause_000,step_and_pause,27.88333,0.804,0.0,0,0
step_and_pause_000,step_and_pause,27.9,0.804,0.0,0,0
step_and_pause_000,step_and_pause,27.91667,0.804,0.0,0,0
step_and_pause_000,step_and_pause,27.93333,0.804,0.0,0,0
step_and_pause_000,step_and_pause,27.95,0.804,0.0,0,0
step_and_pause_000,step_and_pause,27.96667,0.804,0.0,0,0
step_and_pause_000,step_and_pause,27.98333,0.804,0.0,0,0
step_and_pause_000,step_and_pause,28.0,0.804,0.0,0,0
step_and_pause_000,step_and_pause,28.01667,0.804,0.0,0,0
step_and_pause_000,step_and_pause,28.03333,0.804,0.0,0,0
step_and_pause_000,step_and_pause,28.05,0.804,0.0,0,0
step_and_pause_000,step_and_pause,28.06667,0.804,0.0,0,0
step_and_pause_000,step_and_pause,28.08333,0.804,0.0,0,0
step_and_pause_000,step_and_pause,28.1,0.804,0.0,0,0
step_and_pause_000,step_and_pause,28.11667,0.804,0.0,0,0
step_and_pause_000,step_and_pause,28.13333,0.804,0.0,0,0
step_and_pause_000,step_and_pause,28.15,0.804,0.0,0,0
step_and_pause_000,step_and_pause,28.16667,0.804,0.0,0,0
step_and_pause_000,step_and_pause,28.18333,0.804,0.0,0,0
step_and_pause_000,step_and_pause,28.2,0.804,0.0,0,0
step_and_pause_000,step_and_pause,28.21667,0.804,0.0,0,0
step_and_pause_000,step_and_pause,28.23333,0.804,0.0,0,0
step_and_pause_000,step_and_pause,28.25,0.804,0.0,0,0
step_and_pause_000,step_and_pause,28.26667,0.804,0.0,0,0
step_and_pause_000,step_and_pause,28.28333,0.804,0.0,0,0
step_and_pause_000,step_and_pause,28.3,0.804,0.0,0,0
step_and_pause_000,step_and_pause,28.31667,0.804,0.0,0,0
step_and_pause_000,step_and_pause,28.33333,0.804,0.0,0,0
step_and_pause_000,step_and_pause,28.35,0.804,0.0,0,0
step_and_pause_000,step_and_pause,28.36667,0.804,0.0,0,0
step_and_pause_000,step_and_pause,28.38333,0.804,0.0,0,0
step_and_pause_000,step_and_pause,28.4,0.804,0.0,0,0
step_and_pause_000,step_and_pause,28.41667,0.804,0.0,0,0
step_and_pause_000,step_and_pause,28.43333,0.804,0.0,0,0
step_and_pause_000,step_and_pause,28.45,0.804,0.0,0,0
step_and_pause_000,step_and_pause,28.46667,0.804,0.0,0,0
step_and_pause_000,step_and_pause,28.48333,0.804,0.0,0,0
step_and_pause_000,step_and_pause,28.5,0.804,0.0,0,0
step_and_pause_000,step_and_pause,28.51667,0.804,0.0,0,0
step_and_pause_000,step_and_pause,28.53333,0.804,0.0,0,0
step_and_pause_000,step_and_pause,28.55,0.804,0.0,0,0
step_and_pause_000,step_and_pause,28.56667,0.804,0.0,0,0
step_and_pause_000,step_and_pause,28.58333,0.804,0.0,0,0
step_and_pause_000,step_and_pause,28.6,0.804,0.0,0,0
step_and_pause_000,step_and_pause,28.61667,0.804,0.0,0,0
step_and_pause_000,step_and_pause,28.63333,0.804,0.0,0,0
step_and_pause_000,step_and_pause,28.65,0.804,0.0,0,0
step_and_pause_000,step_and_pause,28.66667,0.804,0.0,0,0
step_and_pause_000,step_and_pause,28.68333,0.804,0.0,0,0
step_and_pause_000,step_and_pause,28.7,0.804,0.0,0,0
step_and_pause_000,step_and_pause,28.71667,0.804,0.0,0,0
step_and_pause_000,step_and_pause,28.73333,0.804,0.0,0,0
step_and_pause_000,step_and_pause,28.75,0.804,0.0,0,0
step_and_pause_000,step_and_pause,28.76667,0.804,0.0,0,0
step_and_pause_000,step_and_pause,28.78333,0.804,0.0,0,0
step_and_pause_000,step_and_pause,28.8,0.804,0.0,0,0
step_and_pause_000,step_and_pause,28.81667,0.804,0.0,0,0
step_and_pause_000,step_and_pause,28.83333,0.804,0.0,0,0
step_and_pause_000,step_and_pause,28.85,0.804,0.0,0,0
step_and_pause_000,step_and_pause,28.86667,0.804,0.0,0,0
step_and_pause_000,step_and_pause,28.88333,0.804,0.0,0,0
step_and_pause_000,step_and_pause,28.9,0.804,0.0,0,0
step_and_pause_000,step_and_pause,28.91667,0.804,0.0,0,0
step_and_pause_000,step_and_pause,28.93333,0.804,0.0,0,0
step_and_pause_000,step_and_pause,28.95,0.804,0.0,0,0
step_and_pause_000,step_and_pause,28.96667,0.804,0.0,0,0
step_and_pause_000,step_and_pause,28.98333,0.804,0.0,0,0
step_and_pause_000,step_and_pause,29.0,0.804,0.0,0,0
step_and_pause_000,step_and_pause,29.01667,0.804,0.0,0,0
step_and_pause_000,step_and_pause,29.03333,0.804,0.0,0,0
step_and_pause_000,step_and_pause,29.05,0.804,0.0,0,0
step_and_pause_000,step_and_pause,29.06667,0.804,0.0,0,0
step_and_pause_000,step_and_pause,29.08333,0.804,0.0,0,0
step_and_pause_000,step_and_pause,29.1,0.804,0.0,0,0
step_and_pause_000,step_and_pause,29.11667,0.804,0.0,0,0
step_and_pause_000,step_and_pause,29.13333,0.804,0.0,0,0
step_and_pause_000,step_and_pause,29.15,0.804,0.0,0,0
step_and_pause_000,step_and_pause,29.16667,0.804,0.0,0,0
step_and_pause_000,step_and_pause,29.18333,0.804,0.0,0,0
step_and_pause_000,step_and_pause,29.2,0.804,0.0,0,0
step_and_pause_000,step_and_pause,29.21667,0.804,0.0,0,0
step_and_pause_000,step_and_pause,29.23333,0.804,0.0,0,1
step_and_pause_000,step_and_pause,29.25,2.304,90.0,0,1
step_and_pause_000,step_and_pause,29.26667,3.804,90.0,0,1
step_and_pause_000,step_and_pause,29.28333,5.304,90.0,0,1
step_and_pause_000,step_and_pause,29.3,6.804,90.0,0,1
step_and_pause_000,step_and_pause,29.31667,8.304,90.0,0,1
step_and_pause_000,step_and_pause,29.33333,9.804,90.0,0,1
step_and_pause_000,step_and_pause,29.35,11.304,90.0,0,1
step_and_pause_000,step_and_pause,29.36667,12.804,90.0,0,1
step_and_pause_000,step_and_pause,29.38333,14.304,90.0,0,1
step_and_pause_000,step_and_pause,29.4,15.804,90.0,0,1
step_and_pause_000,step_and_pause,29.41667,17.304,90.0,0,1
step_and_pause_000,step_and_pause,29.43333,18.804,90.0,0,1
step_and_pause_000,step_and_pause,29.45,20.304,90.0,0,1
step_and_pause_000,step_and_pause,29.46667,21.804,90.0,0,1
step_and_pause_000,step_and_pause,29.48333,23.304,90.0,0,1
step_and_pause_000,step_and_pause,29.5,24.804,90.0,0,1
step_and_pause_000,step_and_pause,29.51667,26.304,90.0,0,1
step_and_pause_000,step_and_pause,29.53333,27.804,90.0,0,1
step_and_pause_000,step_and_pause,29.55,29.304,90.0,0,1
step_and_pause_000,step_and_pause,29.56667,30.804,90.0,0,1
step_and_pause_000,step_and_pause,29.58333,32.304,90.0,0,1
step_and_pause_000,step_and_pause,29.6,33.804,90.0,0,1
step_and_pause_000,step_and_pause,29.61667,35.304,90.0,0,1
step_and_pause_000,step_and_pause,29.63333,36.804,90.0,0,1
step_and_pause_000,step_and_pause,29.65,38.304,90.0,0,1
step_and_pause_000,step_and_pause,29.66667,39.804,90.0,0,1
step_and_pause_000,step_and_pause,29.68333,41.304,90.0,0,1
step_and_pause_000,step_and_pause,29.7,42.804,90.0,0,1
step_and_pause_000,step_and_pause,29.71667,44.304,90.0,0,1
step_and_pause_000,step_and_pause,29.73333,45.804,90.0,0,1
step_and_pause_000,step_and_pause,29.75,47.304,90.0,0,1
step_and_pause_000,step_and_pause,29.76667,48.804,90.0,0,1
step_and_pause_000,step_and_pause,29.78333,50.304,90.0,0,1
step_and_pause_000,step_and_pause,29.8,51.804,90.0,0,1
step_and_pause_000,step_and_pause,29.81667,53.304,90.0,0,1
step_and_pause_000,step_and_pause,29.83333,54.804,90.0,0,1
step_and_pause_000,step_and_pause,29.85,56.304,90.0,0,1
step_and_pause_000,step_and_pause,29.86667,57.804,90.0,0,1
step_and_pause_000,step_and_pause,29.88333,59.304,90.0,0,1
step_and_pause_000,step_and_pause,29.9,60.804,90.0,0,1
step_and_pause_000,step_and_pause,29.91667,62.304,90.0,0,1
step_and_pause_000,step_and_pause,29.93333,63.804,90.0,0,1
step_and_pause_000,step_and_pause,29.95,65.304,90.0,0,1
step_and_pause_000,step_and_pause,29.96667,66.804,90.0,0,1
step_and_pause_000,step_and_pause,29.98333,68.304,90.0,0,1
step_and_pause_000,step_and_pause,30.0,69.804,90.0,0,1
step_and_pause_000,step_and_pause,30.01667,71.304,90.0,0,1
step_and_pause_000,step_and_pause,30.03333,72.804,90.0,0,1
step_and_pause_000,step_and_pause,30.05,74.304,90.0,0,1
step_and_pause_000,step_and_pause,30.06667,75.804,90.0,0,1
step_and_pause_000,step_and_pause,30.08333,77.304,90.0,0,1
step_and_pause_000,step_and_pause,30.1,78.804,90.0,0,1
step_and_pause_000,step_and_pause,30.11667,80.304,90.0,0,1
step_and_pause_000,step_and_pause,30.13333,81.804,90.0,0,1
step_and_pause_000,step_and_pause,30.15,83.304,90.0,0,1
step_and_pause_000,step_and_pause,30.16667,84.804,90.0,0,1
step_and_pause_000,step_and_pause,30.18333,86.304,90.0,0,1
step_and_pause_000,step_and_pause,30.2,87.804,90.0,1,0
step_and_pause_000,step_and_pause,30.21667,86.304,-90.0,1,0
step_and_pause_000,step_and_pause,30.23333,84.804,-90.0,1,0
step_and_pause_000,step_and_pause,30.25,83.304,-90.0,1,0
step_and_pause_000,step_and_pause,30.26667,81.804,-90.0,1,0
step_and_pause_000,step_and_pause,30.28333,80.304,-90.0,1,0
step_and_pause_000,step_and_pause,30.3,78.804,-90.0,1,0
step_and_pause_000,step_and_pause,30.31667,77.304,-90.0,1,0
step_and_pause_000,step_and_pause,30.33333,75.804,-90.0,1,0
step_and_pause_000,step_and_pause,30.35,74.304,-90.0,1,0
step_and_pause_000,step_and_pause,30.36667,72.804,-90.0,1,0
step_and_pause_000,step_and_pause,30.38333,71.304,-90.0,1,0
step_and_pause_000,step_and_pause,30.4,69.804,-90.0,1,0
step_and_pause_000,step_and_pause,30.41667,68.304,-90.0,1,0
step_and_pause_000,step_and_pause,30.43333,66.804,-90.0,1,0
step_and_pause_000,step_and_pause,30.45,65.304,-90.0,1,0
step_and_pause_000,step_and_pause,30.46667,63.804,-90.0,1,0
step_and_pause_000,step_and_pause,30.48333,62.304,-90.0,1,0
step_and_pause_000,step_and_pause,30.5,60.804,-90.0,1,0
step_and_pause_000,step_and_pause,30.51667,59.304,-90.0,1,0
step_and_pause_000,step_and_pause,30.53333,57.804,-90.0,1,0
step_and_pause_000,step_and_pause,30.55,56.304,-90.0,1,0
step_and_pause_000,step_and_pause,30.56667,54.804,-90.0,1,0
step_and_pause_000,step_and_pause,30.58333,53.304,-90.0,1,0
step_and_pause_000,step_and_pause,30.6,51.804,-90.0,1,0
step_and_pause_000,step_and_pause,30.61667,50.304,-90.0,1,0
step_and_pause_000,step_and_pause,30.63333,48.804,-90.0,1,0
step_and_pause_000,step_and_pause,30.65,47.304,-90.0,1,0
step_and_pause_000,step_and_pause,30.66667,45.804,-90.0,1,0
step_and_pause_000,step_and_pause,30.68333,44.304,-90.0,1,0
step_and_pause_000,step_and_pause,30.7,42.804,-90.0,1,0
step_and_pause_000,step_and_pause,30.71667,41.304,-90.0,1,0
step_and_pause_000,step_and_pause,30.73333,39.804,-90.0,1,0
step_and_pause_000,step_and_pause,30.75,38.304,-90.0,1,0
step_and_pause_000,step_and_pause,30.76667,36.804,-90.0,1,0
step_and_pause_000,step_and_pause,30.78333,35.304,-90.0,1,0
step_and_pause_000,step_and_pause,30.8,33.804,-90.0,1,0
step_and_pause_000,step_and_pause,30.81667,32.304,-90.0,1,0
step_and_pause_000,step_and_pause,30.83333,30.804,-90.0,1,0
step_and_pause_000,step_and_pause,30.85,29.304,-90.0,1,0
step_and_pause_000,step_and_pause,30.86667,27.804,-90.0,1,0
step_and_pause_000,step_and_pause,30.88333,26.304,-90.0,1,0
step_and_pause_000,step_and_pause,30.9,24.804,-90.0,1,0
step_and_pause_000,step_and_pause,30.91667,23.304,-90.0,1,0
step_and_pause_000,step_and_pause,30.93333,21.804,-90.0,1,0
step_and_pause_000,step_and_pause,30.95,20.304,-90.0,1,0
step_and_pause_000,step_and_pause,30.96667,18.804,-90.0,1,0
step_and_pause_000,step_and_pause,30.98333,17.304,-90.0,1,0
step_and_pause_000,step_and_pause,31.0,15.804,-90.0,1,0
step_and_pause_000,step_and_pause,31.01667,14.304,-90.0,1,0
step_and_pause_000,step_and_pause,31.03333,12.804,-90.0,1,0
step_and_pause_000,step_and_pause,31.05,11.304,-90.0,1,0
step_and_pause_000,step_and_pause,31.06667,9.804,-90.0,1,0
step_and_pause_000,step_and_pause,31.08333,8.304,-90.0,1,0
step_and_pause_000,step_and_pause,31.1,6.804,-90.0,1,0
step_and_pause_000,step_and_pause,31.11667,5.304,-90.0,1,0
step_and_pause_000,step_and_pause,31.13333,3.804,-90.0,1,0
step_and_pause_000,step_and_pause,31.15,2.304,-90.0,1,0
step_and_pause_000,step_and_pause,31.16667,0.804,-90.0,0,0
step_and_pause_000,step_and_pause,31.18333,0.804,0.0,0,0
step_and_pause_000,step_and_pause,31.2,0.804,0.0,0,0
step_and_pause_000,step_and_pause,31.21667,0.804,0.0,0,0
step_and_pause_000,step_and_pause,31.23333,0.804,0.0,0,0
step_and_pause_000,step_and_pause,31.25,0.804,0.0,0,0
step_and_pause_000,step_and_pause,31.26667,0.804,0.0,0,0
step_and_pause_000,step_and_pause,31.28333,0.804,0.0,0,0
step_and_pause_000,step_and_pause,31.3,0.804,0.0,0,0
step_and_pause_000,step_and_pause,31.31667,0.804,0.0,0,0
step_and_pause_000,step_and_pause,31.33333,0.804,0.0,0,0
step_and_pause_000,step_and_pause,31.35,0.804,0.0,0,0
step_and_pause_000,step_and_pause,31.36667,0.804,0.0,0,0
step_and_pause_000,step_and_pause,31.38333,0.804,0.0,0,0
step_and_pause_000,step_and_pause,31.4,0.804,0.0,0,0
step_and_pause_000,step_and_pause,31.41667,0.804,0.0,0,0
step_and_pause_000,step_and_pause,31.43333,0.804,0.0,0,0
step_and_pause_000,step_and_pause,31.45,0.804,0.0,0,0
step_and_pause_000,step_and_pause,31.46667,0.804,0.0,0,0
step_and_pause_000,step_and_pause,31.48333,0.804,0.0,0,0
step_and_pause_000,step_and_pause,31.5,0.804,0.0,0,0
step_and_pause_000,step_and_pause,31.51667,0.804,0.0,0,0
step_and_pause_000,step_and_pause,31.53333,0.804,0.0,0,0
step_and_pause_000,step_and_pause,31.55,0.804,0.0,0,1
step_and_pause_000,step_and_pause,31.56667,2.304,90.0,0,1
step_and_pause_000,step_and_pause,31.58333,3.804,90.0,0,1
step_and_pause_000,step_and_pause,31.6,5.304,90.0,0,1
step_and_pause_000,step_and_pause,31.61667,6.804,90.0,0,1
step_and_pause_000,step_and_pause,31.63333,8.304,90.0,0,1
step_and_pause_000,step_and_pause,31.65,9.804,90.0,0,1
step_and_pause_000,step_and_pause,31.66667,11.304,90.0,0,1
step_and_pause_000,step_and_pause,31.68333,12.804,90.0,0,1
step_and_pause_000,step_and_pause,31.7,14.304,90.0,0,1
step_and_pause_000,step_and_pause,31.71667,15.804,90.0,0,1
step_and_pause_000,step_and_pause,31.73333,17.304,90.0,0,1
step_and_pause_000,step_and_pause,31.75,18.804,90.0,0,1
step_and_pause_000,step_and_pause,31.76667,20.304,90.0,0,1
step_and_pause_000,step_and_pause,31.78333,21.804,90.0,0,1
step_and_pause_000,step_and_pause,31.8,23.304,90.0,0,1
step_and_pause_000,step_and_pause,31.81667,24.804,90.0,0,1
step_and_pause_000,step_and_pause,31.83333,26.304,90.0,0,1
