session_id,pattern,t,x,vx,input_left,input_right
step_and_pause_002,step_and_pause,0.0,203.066,0.0,0,0
step_and_pause_002,step_and_pause,0.01667,203.066,0.0,0,0
step_and_pause_002,step_and_pause,0.03333,203.066,0.0,0,0
step_and_pause_002,step_and_pause,0.05,203.066,0.0,0,0
step_and_pause_002,step_and_pause,0.06667,203.066,0.0,0,0
step_and_pause_002,step_and_pause,0.08333,203.066,0.0,0,0
step_and_pause_002,step_and_pause,0.1,203.066,0.0,0,0
step_and_pause_002,step_and_pause,0.11667,203.066,0.0,0,0
step_and_pause_002,step_and_pause,0.13333,203.066,0.0,0,0
step_and_pause_002,step_and_pause,0.15,203.066,0.0,0,0
step_and_pause_002,step_and_pause,0.16667,203.066,0.0,0,0
step_and_pause_002,step_and_pause,0.18333,203.066,0.0,0,0
step_and_pause_002,step_and_pause,0.2,203.066,0.0,0,0
step_and_pause_002,step_and_pause,0.21667,203.066,0.0,0,0
step_and_pause_002,step_and_pause,0.23333,203.066,0.0,0,0
step_and_pause_002,step_and_pause,0.25,203.066,0.0,0,0
step_and_pause_002,step_and_pause,0.26667,203.066,0.0,0,0
step_and_pause_002,step_and_pause,0.28333,203.066,0.0,0,0
step_and_pause_002,step_and_pause,0.3,203.066,0.0,0,0
step_and_pause_002,step_and_pause,0.31667,203.066,0.0,0,0
step_and_pause_002,step_and_pause,0.33333,203.066,0.0,0,0
step_and_pause_002,step_and_pause,0.35,203.066,0.0,0,0
step_and_pause_002,step_and_pause,0.36667,203.066,0.0,0,0
step_and_pause_002,step_and_pause,0.38333,203.066,0.0,0,0
step_and_pause_002,step_and_pause,0.4,203.066,0.0,0,0
step_and_pause_002,step_and_pause,0.41667,203.066,0.0,0,0
step_and_pause_002,step_and_pause,0.43333,203.066,0.0,0,0
step_and_pause_002,step_and_pause,0.45,203.066,0.0,0,0
step_and_pause_002,step_and_pause,0.46667,203.066,0.0,0,0
step_and_pause_002,step_and_pause,0.48333,203.066,0.0,0,0
step_and_pause_002,step_and_pause,0.5,203.066,0.0,0,0
step_and_pause_002,step_and_pause,0.51667,203.066,0.0,0,0
step_and_pause_002,step_and_pause,0.53333,203.066,0.0,0,0
step_and_pause_002,step_and_pause,0.55,203.066,0.0,0,0
step_and_pause_002,step_and_pause,0.56667,203.066,0.0,0,0
step_and_pause_002,step_and_pause,0.58333,203.066,0.0,0,0
step_and_pause_002,step_and_pause,0.6,203.066,0.0,0,0
step_and_pause_002,step_and_pause,0.61667,203.066,0.0,0,0
step_and_pause_002,step_and_pause,0.63333,203.066,0.0,0,0
step_and_pause_002,step_and_pause,0.65,203.066,0.0,0,0
step_and_pause_002,step_and_pause,0.66667,203.066,0.0,0,0
step_and_pause_002,step_and_pause,0.68333,203.066,0.0,0,0
step_and_pause_002,step_and_pause,0.7,203.066,0.0,0,0
step_and_pause_002,step_and_pause,0.71667,203.066,0.0,0,0
step_and_pause_002,step_and_pause,0.73333,203.066,0.0,0,0
step_and_pause_002,step_and_pause,0.75,203.066,0.0,0,0
step_and_pause_002,step_and_pause,0.76667,203.066,0.0,0,0
step_and_pause_002,step_and_pause,0.78333,203.066,0.0,0,0
step_and_pause_002,step_and_pause,0.8,203.066,0.0,0,0
step_and_pause_002,step_and_pause,0.81667,203.066,0.0,0,0
step_and_pause_002,step_and_pause,0.83333,203.066,0.0,0,0
step_and_pause_002,step_and_pause,0.85,203.066,0.0,0,0
step_and_pause_002,step_and_pause,0.86667,203.066,0.0,0,0
step_and_pause_002,step_and_pause,0.88333,203.066,0.0,0,0
step_and_pause_002,step_and_pause,0.9,203.066,0.0,0,0
step_and_pause_002,step_and_pause,0.91667,203.066,0.0,0,0
step_and_pause_002,step_and_pause,0.93333,203.066,0.0,0,0
step_and_pause_002,step_and_pause,0.95,203.066,0.0,0,0
step_and_pause_002,step_and_pause,0.96667,203.066,0.0,0,0
step_and_pause_002,step_and_pause,0.98333,203.066,0.0,0,0
step_and_pause_002,step_and_pause,1.0,203.066,0.0,0,0
step_and_pause_002,step_and_pause,1.01667,203.066,0.0,0,0
step_and_pause_002,step_and_pause,1.03333,203.066,0.0,0,0
step_and_pause_002,step_and_pause,1.05,203.066,0.0,0,0
step_and_pause_002,step_and_pause,1.06667,203.066,0.0,0,0
step_and_pause_002,step_and_pause,1.08333,203.066,0.0,0,0
step_and_pause_002,step_and_pause,1.1,203.066,0.0,0,0
step_and_pause_002,step_and_pause,1.11667,203.066,0.0,0,0
step_and_pause_002,step_and_pause,1.13333,203.066,0.0,0,0
step_and_pause_002,step_and_pause,1.15,203.066,0.0,0,0
step_and_pause_002,step_and_pause,1.16667,203.066,0.0,1,0
step_and_pause_002,step_and_pause,1.18333,201.566,-90.0,1,0
step_and_pause_002,step_and_pause,1.2,200.066,-90.0,1,0
step_and_pause_002,step_and_pause,1.21667,198.566,-90.0,1,0
step_and_pause_002,step_and_pause,1.23333,197.066,-90.0,1,0
step_and_pause_002,step_and_pause,1.25,195.566,-90.0,1,0
step_and_pause_002,step_and_pause,1.26667,194.066,-90.0,1,0
step_and_pause_002,step_and_pause,1.28333,192.566,-90.0,1,0
step_and_pause_002,step_and_pause,1.3,191.066,-90.0,1,0
step_and_pause_002,step_and_pause,1.31667,189.566,-90.0,1,0
step_and_pause_002,step_and_pause,1.33333,188.066,-90.0,1,0
step_and_pause_002,step_and_pause,1.35,186.566,-90.0,1,0
step_and_pause_002,step_and_pause,1.36667,185.066,-90.0,1,0
step_and_pause_002,step_and_pause,1.38333,183.566,-90.0,1,0
step_and_pause_002,step_and_pause,1.4,182.066,-90.0,1,0
step_and_pause_002,step_and_pause,1.41667,180.566,-90.0,1,0
step_and_pause_002,step_and_pause,1.43333,179.066,-90.0,1,0
step_and_pause_002,step_and_pause,1.45,177.566,-90.0,1,0
step_and_pause_002,step_and_pause,1.46667,176.066,-90.0,1,0
step_and_pause_002,step_and_pause,1.48333,174.566,-90.0,1,0
step_and_pause_002,step_and_pause,1.5,173.066,-90.0,1,0
step_and_pause_002,step_and_pause,1.51667,171.566,-90.0,1,0
step_and_pause_002,step_and_pause,1.53333,170.066,-90.0,1,0
step_and_pause_002,step_and_pause,1.55,168.566,-90.0,1,0
step_and_pause_002,step_and_pause,1.56667,167.066,-90.0,1,0
step_and_pause_002,step_and_pause,1.58333,165.566,-90.0,1,0
step_and_pause_002,step_and_pause,1.6,164.066,-90.0,1,0
step_and_pause_002,step_and_pause,1.61667,162.566,-90.0,1,0
step_and_pause_002,step_and_pause,1.63333,161.066,-90.0,1,0
step_and_pause_002,step_and_pause,1.65,159.566,-90.0,1,0
step_and_pause_002,step_and_pause,1.66667,158.066,-90.0,1,0
step_and_pause_002,step_and_pause,1.68333,156.566,-90.0,1,0
step_and_pause_002,step_and_pause,1.7,155.066,-90.0,1,0
step_and_pause_002,step_and_pause,1.71667,153.566,-90.0,1,0
step_and_pause_002,step_and_pause,1.73333,152.066,-90.0,1,0
step_and_pause_002,step_and_pause,1.75,150.566,-90.0,1,0
step_and_pause_002,step_and_pause,1.76667,149.066,-90.0,1,0
step_and_pause_002,step_and_pause,1.78333,147.566,-90.0,1,0
step_and_pause_002,step_and_pause,1.8,146.066,-90.0,1,0
step_and_pause_002,step_and_pause,1.81667,144.566,-90.0,1,0
step_and_pause_002,step_and_pause,1.83333,143.066,-90.0,0,0
step_and_pause_002,step_and_pause,1.85,143.066,0.0,0,0
step_and_pause_002,step_and_pause,1.86667,143.066,0.0,0,0
step_and_pause_002,step_and_pause,1.88333,143.066,0.0,0,0
step_and_pause_002,step_and_pause,1.9,143.066,0.0,0,0
step_and_pause_002,step_and_pause,1.91667,143.066,0.0,0,0
step_and_pause_002,step_and_pause,1.93333,143.066,0.0,0,0
step_and_pause_002,step_and_pause,1.95,143.066,0.0,0,0
step_and_pause_002,step_and_pause,1.96667,143.066,0.0,0,0
step_and_pause_002,step_and_pause,1.98333,143.066,0.0,0,0
step_and_pause_002,step_and_pause,2.0,143.066,0.0,0,0
step_and_pause_002,step_and_pause,2.01667,143.066,0.0,0,0
step_and_pause_002,step_and_pause,2.03333,143.066,0.0,0,0
step_and_pause_002,step_and_pause,2.05,143.066,0.0,0,0
step_and_pause_002,step_and_pause,2.06667,143.066,0.0,0,0
step_and_pause_002,step_and_pause,2.08333,143.066,0.0,0,0
step_and_pause_002,step_and_pause,2.1,143.066,0.0,0,0
step_and_pause_002,step_and_pause,2.11667,143.066,0.0,0,0
step_and_pause_002,step_and_pause,2.13333,143.066,0.0,0,0
step_and_pause_002,step_and_pause,2.15,143.066,0.0,0,0
step_and_pause_002,step_and_pause,2.16667,143.066,0.0,0,0
step_and_pause_002,step_and_pause,2.18333,143.066,0.0,0,0
step_and_pause_002,step_and_pause,2.2,143.066,0.0,0,0
step_and_pause_002,step_and_pause,2.21667,143.066,0.0,0,0
step_and_pause_002,step_and_pause,2.23333,143.066,0.0,0,0
step_and_pause_002,step_and_pause,2.25,143.066,0.0,0,0
step_and_pause_002,step_and_pause,2.26667,143.066,0.0,0,0
step_and_pause_002,step_and_pause,2.28333,143.066,0.0,0,0
step_and_pause_002,step_and_pause,2.3,143.066,0.0,0,0
step_and_pause_002,step_and_pause,2.31667,143.066,0.0,0,0
step_and_pause_002,step_and_pause,2.33333,143.066,0.0,0,0
step_and_pause_002,step_and_pause,2.35,143.066,0.0,0,0
step_and_pause_002,step_and_pause,2.36667,143.066,0.0,0,0
step_and_pause_002,step_and_pause,2.38333,143.066,0.0,0,0
step_and_pause_002,step_and_pause,2.4,143.066,0.0,0,0
step_and_pause_002,step_and_pause,2.41667,143.066,0.0,0,0
step_and_pause_002,step_and_pause,2.43333,143.066,0.0,0,0
step_and_pause_002,step_and_pause,2.45,143.066,0.0,0,0
step_and_pause_002,step_and_pause,2.46667,143.066,0.0,0,0
step_and_pause_002,step_and_pause,2.48333,143.066,0.0,0,0
step_and_pause_002,step_and_pause,2.5,143.066,0.0,0,1
step_and_pause_002,step_and_pause,2.51667,144.566,90.0,0,1
step_and_pause_002,step_and_pause,2.53333,146.066,90.0,0,1
step_and_pause_002,step_and_pause,2.55,147.566,90.0,0,1
step_and_pause_002,step_and_pause,2.56667,149.066,90.0,0,1
step_and_pause_002,step_and_pause,2.58333,150.566,90.0,0,1
step_and_pause_002,step_and_pause,2.6,152.066,90.0,0,1
step_and_pause_002,step_and_pause,2.61667,153.566,90.0,0,1
step_and_pause_002,step_and_pause,2.63333,155.066,90.0,0,1
step_and_pause_002,step_and_pause,2.65,156.566,90.0,0,1
step_and_pause_002,step_and_pause,2.66667,158.066,90.0,0,1
step_and_pause_002,step_and_pause,2.68333,159.566,90.0,0,1
step_and_pause_002,step_and_pause,2.7,161.066,90.0,0,1
step_and_pause_002,step_and_pause,2.71667,162.566,90.0,0,1
step_and_pause_002,step_and_pause,2.73333,164.066,90.0,0,1
step_and_pause_002,step_and_pause,2.75,165.566,90.0,0,1
step_and_pause_002,step_and_pause,2.76667,167.066,90.0,0,1
step_and_pause_002,step_and_pause,2.78333,168.566,90.0,0,1
step_and_pause_002,step_and_pause,2.8,170.066,90.0,0,1
step_and_pause_002,step_and_pause,2.81667,171.566,90.0,0,1
step_and_pause_002,step_and_pause,2.83333,173.066,90.0,0,1
step_and_pause_002,step_and_pause,2.85,174.566,90.0,0,1
step_and_pause_002,step_and_pause,2.86667,176.066,90.0,0,1
step_and_pause_002,step_and_pause,2.88333,177.566,90.0,0,1
step_and_pause_002,step_and_pause,2.9,179.066,90.0,0,1
step_and_pause_002,step_and_pause,2.91667,180.566,90.0,0,1
step_and_pause_002,step_and_pause,2.93333,182.066,90.0,0,1
step_and_pause_002,step_and_pause,2.95,183.566,90.0,0,1
step_and_pause_002,step_and_pause,2.96667,185.066,90.0,0,1
step_and_pause_002,step_and_pause,2.98333,186.566,90.0,0,1
step_and_pause_002,step_and_pause,3.0,188.066,90.0,0,1
step_and_pause_002,step_and_pause,3.01667,189.566,90.0,0,1
step_and_pause_002,step_and_pause,3.03333,191.066,90.0,0,1
step_and_pause_002,step_and_pause,3.05,192.566,90.0,0,1
step_and_pause_002,step_and_pause,3.06667,194.066,90.0,0,1
step_and_pause_002,step_and_pause,3.08333,195.566,90.0,0,1
step_and_pause_002,step_and_pause,3.1,197.066,90.0,0,1
step_and_pause_002,step_and_pause,3.11667,198.566,90.0,0,1
step_and_pause_002,step_and_pause,3.13333,200.066,90.0,0,1
step_and_pause_002,step_and_pause,3.15,201.566,90.0,0,1
step_and_pause_002,step_and_pause,3.16667,203.066,90.0,0,0
step_and_pause_002,step_and_pause,3.18333,203.066,0.0,0,0
step_and_pause_002,step_and_pause,3.2,203.066,0.0,0,0
step_and_pause_002,step_and_pause,3.21667,203.066,0.0,0,0
step_and_pause_002,step_and_pause,3.23333,203.066,0.0,0,0
step_and_pause_002,step_and_pause,3.25,203.066,0.0,0,0
step_and_pause_002,step_and_pause,3.26667,203.066,0.0,0,0
step_and_pause_002,step_and_pause,3.28333,203.066,0.0,0,0
step_and_pause_002,step_and_pause,3.3,203.066,0.0,0,0
step_and_pause_002,step_and_pause,3.31667,203.066,0.0,0,0
step_and_pause_002,step_and_pause,3.33333,203.066,0.0,0,0
step_and_pause_002,step_and_pause,3.35,203.066,0.0,0,0
step_and_pause_002,step_and_pause,3.36667,203.066,0.0,0,0
step_and_pause_002,step_and_pause,3.38333,203.066,0.0,0,0
step_and_pause_002,step_and_pause,3.4,203.066,0.0,0,0
step_and_pause_002,step_and_pause,3.41667,203.066,0.0,0,0
step_and_pause_002,step_and_pause,3.43333,203.066,0.0,0,0
step_and_pause_002,step_and_pause,3.45,203.066,0.0,0,0
step_and_pause_002,step_and_pause,3.46667,203.066,0.0,0,0
step_and_pause_002,step_and_pause,3.48333,203.066,0.0,0,0
step_and_pause_002,step_and_pause,3.5,203.066,0.0,0,0
step_and_pause_002,step_and_pause,3.51667,203.066,0.0,0,0
step_and_pause_002,step_and_pause,3.53333,203.066,0.0,0,0
step_and_pause_002,step_and_pause,3.55,203.066,0.0,0,0
step_and_pause_002,step_and_pause,3.56667,203.066,0.0,0,0
step_and_pause_002,step_and_pause,3.58333,203.066,0.0,0,0
step_and_pause_002,step_and_pause,3.6,203.066,0.0,0,0
step_and_pause_002,step_and_pause,3.61667,203.066,0.0,0,0
step_and_pause_002,step_and_pause,3.63333,203.066,0.0,0,0
step_and_pause_002,step_and_pause,3.65,203.066,0.0,0,0
step_and_pause_002,step_and_pause,3.66667,203.066,0.0,0,0
step_and_pause_002,step_and_pause,3.68333,203.066,0.0,0,0
step_and_pause_002,step_and_pause,3.7,203.066,0.0,1,0
step_and_pause_002,step_and_pause,3.71667,201.566,-90.0,1,0
step_and_pause_002,step_and_pause,3.73333,200.066,-90.0,1,0
step_and_pause_002,step_and_pause,3.75,198.566,-90.0,1,0
step_and_pause_002,step_and_pause,3.76667,197.066,-90.0,1,0
step_and_pause_002,step_and_pause,3.78333,195.566,-90.0,1,0
step_and_pause_002,step_and_pause,3.8,194.066,-90.0,1,0
step_and_pause_002,step_and_pause,3.81667,192.566,-90.0,1,0
step_and_pause_002,step_and_pause,3.83333,191.066,-90.0,1,0
step_and_pause_002,step_and_pause,3.85,189.566,-90.0,1,0
step_and_pause_002,step_and_pause,3.86667,188.066,-90.0,1,0
step_and_pause_002,step_and_pause,3.88333,186.566,-90.0,1,0
step_and_pause_002,step_and_pause,3.9,185.066,-90.0,1,0
step_and_pause_002,step_and_pause,3.91667,183.566,-90.0,1,0
step_and_pause_002,step_and_pause,3.93333,182.066,-90.0,1,0
step_and_pause_002,step_and_pause,3.95,180.566,-90.0,1,0
step_and_pause_002,step_and_pause,3.96667,179.066,-90.0,1,0
step_and_pause_002,step_and_pause,3.98333,177.566,-90.0,1,0
step_and_pause_002,step_and_pause,4.0,176.066,-90.0,1,0
step_and_pause_002,step_and_pause,4.01667,174.566,-90.0,1,0
step_and_pause_002,step_and_pause,4.03333,173.066,-90.0,1,0
step_and_pause_002,step_and_pause,4.05,171.566,-90.0,1,0
step_and_pause_002,step_and_pause,4.06667,170.066,-90.0,1,0
step_and_pause_002,step_and_pause,4.08333,168.566,-90.0,1,0
step_and_pause_002,step_and_pause,4.1,167.066,-90.0,1,0
step_and_pause_002,step_and_pause,4.11667,165.566,-90.0,1,0
step_and_pause_002,step_and_pause,4.13333,164.066,-90.0,1,0
step_and_pause_002,step_and_pause,4.15,162.566,-90.0,1,0
step_and_pause_002,step_and_pause,4.16667,161.066,-90.0,1,0
step_and_pause_002,step_and_pause,4.18333,159.566,-90.0,1,0
step_and_pause_002,step_and_pause,4.2,158.066,-90.0,1,0
step_and_pause_002,step_and_pause,4.21667,156.566,-90.0,1,0
step_and_pause_002,step_and_pause,4.23333,155.066,-90.0,1,0
step_and_pause_002,step_and_pause,4.25,153.566,-90.0,1,0
step_and_pause_002,step_and_pause,4.26667,152.066,-90.0,1,0
step_and_pause_002,step_and_pause,4.28333,150.566,-90.0,1,0
step_and_pause_002,step_and_pause,4.3,149.066,-90.0,1,0
step_and_pause_002,step_and_pause,4.31667,147.566,-90.0,1,0
step_and_pause_002,step_and_pause,4.33333,146.066,-90.0,1,0
step_and_pause_002,step_and_pause,4.35,144.566,-90.0,1,0
step_and_pause_002,step_and_pause,4.36667,143.066,-90.0,1,0
step_and_pause_002,step_and_pause,4.38333,141.566,-90.0,1,0
step_and_pause_002,step_and_pause,4.4,140.066,-90.0,1,0
step_and_pause_002,step_and_pause,4.41667,138.566,-90.0,1,0
step_and_pause_002,step_and_pause,4.43333,137.066,-90.0,1,0
step_and_pause_002,step_and_pause,4.45,135.566,-90.0,1,0
step_and_pause_002,step_and_pause,4.46667,134.066,-90.0,1,0
step_and_pause_002,step_and_pause,4.48333,132.566,-90.0,1,0
step_and_pause_002,step_and_pause,4.5,131.066,-90.0,1,0
step_and_pause_002,step_and_pause,4.51667,129.566,-90.0,1,0
step_and_pause_002,step_and_pause,4.53333,128.066,-90.0,1,0
step_and_pause_002,step_and_pause,4.55,126.566,-90.0,1,0
step_and_pause_002,step_and_pause,4.56667,125.066,-90.0,1,0
step_and_pause_002,step_and_pause,4.58333,123.566,-90.0,1,0
step_and_pause_002,step_and_pause,4.6,122.066,-90.0,1,0
step_and_pause_002,step_and_pause,4.61667,120.566,-90.0,1,0
step_and_pause_002,step_and_pause,4.63333,119.066,-90.0,1,0
step_and_pause_002,step_and_pause,4.65,117.566,-90.0,1,0
step_and_pause_002,step_and_pause,4.66667,116.066,-90.0,1,0
step_and_pause_002,step_and_pause,4.68333,114.566,-90.0,1,0
step_and_pause_002,step_and_pause,4.7,113.066,-90.0,1,0
step_and_pause_002,step_and_pause,4.71667,111.566,-90.0,0,1
step_and_pause_002,step_and_pause,4.73333,113.066,90.0,0,1
step_and_pause_002,step_and_pause,4.75,114.566,90.0,0,1
step_and_pause_002,step_and_pause,4.76667,116.066,90.0,0,1
step_and_pause_002,step_and_pause,4.78333,117.566,90.0,0,1
step_and_pause_002,step_and_pause,4.8,119.066,90.0,0,1
step_and_pause_002,step_and_pause,4.81667,120.566,90.0,0,1
step_and_pause_002,step_and_pause,4.83333,122.066,90.0,0,1
step_and_pause_002,step_and_pause,4.85,123.566,90.0,0,1
step_and_pause_002,step_and_pause,4.86667,125.066,90.0,0,1
step_and_pause_002,step_and_pause,4.88333,126.566,90.0,0,1
step_and_pause_002,step_and_pause,4.9,128.066,90.0,0,1
step_and_pause_002,step_and_pause,4.91667,129.566,90.0,0,1
step_and_pause_002,step_and_pause,4.93333,131.066,90.0,0,1
step_and_pause_002,step_and_pause,4.95,132.566,90.0,0,1
step_and_pause_002,step_and_pause,4.96667,134.066,90.0,0,1
step_and_pause_002,step_and_pause,4.98333,135.566,90.0,0,1
step_and_pause_002,step_and_pause,5.0,137.066,90.0,0,1
step_and_pause_002,step_and_pause,5.01667,138.566,90.0,0,1
step_and_pause_002,step_and_pause,5.03333,140.066,90.0,0,1
step_and_pause_002,step_and_pause,5.05,141.566,90.0,0,1
step_and_pause_002,step_and_pause,5.06667,143.066,90.0,0,1
step_and_pause_002,step_and_pause,5.08333,144.566,90.0,0,1
step_and_pause_002,step_and_pause,5.1,146.066,90.0,0,1
step_and_pause_002,step_and_pause,5.11667,147.566,90.0,0,1
step_and_pause_002,step_and_pause,5.13333,149.066,90.0,0,1
step_and_pause_002,step_and_pause,5.15,150.566,90.0,0,1
step_and_pause_002,step_and_pause,5.16667,152.066,90.0,0,1
step_and_pause_002,step_and_pause,5.18333,153.566,90.0,0,1
step_and_pause_002,step_and_pause,5.2,155.066,90.0,0,1
step_and_pause_002,step_and_pause,5.21667,156.566,90.0,0,1
step_and_pause_002,step_and_pause,5.23333,158.066,90.0,0,1
step_and_pause_002,step_and_pause,5.25,159.566,90.0,0,1
step_and_pause_002,step_and_pause,5.26667,161.066,90.0,0,1
step_and_pause_002,step_and_pause,5.28333,162.566,90.0,0,1
step_and_pause_002,step_and_pause,5.3,164.066,90.0,0,1
step_and_pause_002,step_and_pause,5.31667,165.566,90.0,0,1
step_and_pause_002,step_and_pause,5.33333,167.066,90.0,0,1
step_and_pause_002,step_and_pause,5.35,168.566,90.0,0,1
step_and_pause_002,step_and_pause,5.36667,170.066,90.0,0,1
step_and_pause_002,step_and_pause,5.38333,171.566,90.0,0,1
step_and_pause_002,step_and_pause,5.4,173.066,90.0,0,1
step_and_pause_002,step_and_pause,5.41667,174.566,90.0,0,1
step_and_pause_002,step_and_pause,5.43333,176.066,90.0,0,1
step_and_pause_002,step_and_pause,5.45,177.566,90.0,0,1
step_and_pause_002,step_and_pause,5.46667,179.066,90.0,0,1
step_and_pause_002,step_and_pause,5.48333,180.566,90.0,0,1
step_and_pause_002,step_and_pause,5.5,182.066,90.0,0,1
step_and_pause_002,step_and_pause,5.51667,183.566,90.0,0,1
step_and_pause_002,step_and_pause,5.53333,185.066,90.0,0,1
step_and_pause_002,step_and_pause,5.55,186.566,90.0,0,1
step_and_pause_002,step_and_pause,5.56667,188.066,90.0,0,1
step_and_pause_002,step_and_pause,5.58333,189.566,90.0,0,1
step_and_pause_002,step_and_pause,5.6,191.066,90.0,0,1
step_and_pause_002,step_and_pause,5.61667,192.566,90.0,0,1
step_and_pause_002,step_and_pause,5.63333,194.066,90.0,0,1
step_and_pause_002,step_and_pause,5.65,195.566,90.0,0,1
step_and_pause_002,step_and_pause,5.66667,197.066,90.0,0,1
step_and_pause_002,step_and_pause,5.68333,198.566,90.0,0,1
step_and_pause_002,step_and_pause,5.7,200.066,90.0,0,1
step_and_pause_002,step_and_pause,5.71667,201.566,90.0,0,1
step_and_pause_002,step_and_pause,5.73333,203.066,90.0,0,0
step_and_pause_002,step_and_pause,5.75,203.066,0.0,0,0
step_and_pause_002,step_and_pause,5.76667,203.066,0.0,0,0
step_and_pause_002,step_and_pause,5.78333,203.066,0.0,0,0
step_and_pause_002,step_and_pause,5.8,203.066,0.0,0,0
step_and_pause_002,step_and_pause,5.81667,203.066,0.0,0,0
step_and_pause_002,step_and_pause,5.83333,203.066,0.0,0,0
step_and_pause_002,step_and_pause,5.85,203.066,0.0,0,0
step_and_pause_002,step_and_pause,5.86667,203.066,0.0,0,0
step_and_pause_002,step_and_pause,5.88333,203.066,0.0,0,0
step_and_pause_002,step_and_pause,5.9,203.066,0.0,0,0
step_and_pause_002,step_and_pause,5.91667,203.066,0.0,0,0
step_and_pause_002,step_and_pause,5.93333,203.066,0.0,0,0
step_and_pause_002,step_and_pause,5.95,203.066,0.0,0,0
step_and_pause_002,step_and_pause,5.96667,203.066,0.0,0,0
step_and_pause_002,step_and_pause,5.98333,203.066,0.0,0,0
step_and_pause_002,step_and_pause,6.0,203.066,0.0,0,0
step_and_pause_002,step_and_pause,6.01667,203.066,0.0,0,0
step_and_pause_002,step_and_pause,6.03333,203.066,0.0,0,0
step_and_pause_002,step_and_pause,6.05,203.066,0.0,1,0
step_and_pause_002,step_and_pause,6.06667,201.566,-90.0,1,0
step_and_pause_002,step_and_pause,6.08333,200.066,-90.0,1,0
step_and_pause_002,step_and_pause,6.1,198.566,-90.0,1,0
step_and_pause_002,step_and_pause,6.11667,197.066,-90.0,1,0
step_and_pause_002,step_and_pause,6.13333,195.566,-90.0,1,0
step_and_pause_002,step_and_pause,6.15,194.066,-90.0,1,0
step_and_pause_002,step_and_pause,6.16667,192.566,-90.0,1,0
step_and_pause_002,step_and_pause,6.18333,191.066,-90.0,1,0
step_and_pause_002,step_and_pause,6.2,189.566,-90.0,1,0
step_and_pause_002,step_and_pause,6.21667,188.066,-90.0,1,0
step_and_pause_002,step_and_pause,6.23333,186.566,-90.0,1,0
step_and_pause_002,step_and_pause,6.25,185.066,-90.0,1,0
step_and_pause_002,step_and_pause,6.26667,183.566,-90.0,1,0
step_and_pause_002,step_and_pause,6.28333,182.066,-90.0,1,0
step_and_pause_002,step_and_pause,6.3,180.566,-90.0,1,0
step_and_pause_002,step_and_pause,6.31667,179.066,-90.0,1,0
step_and_pause_002,step_and_pause,6.33333,177.566,-90.0,1,0
step_and_pause_002,step_and_pause,6.35,176.066,-90.0,1,0
step_and_pause_002,step_and_pause,6.36667,174.566,-90.0,1,0
step_and_pause_002,step_and_pause,6.38333,173.066,-90.0,1,0
step_and_pause_002,step_and_pause,6.4,171.566,-90.0,1,0
step_and_pause_002,step_and_pause,6.41667,170.066,-90.0,1,0
step_and_pause_002,step_and_pause,6.43333,168.566,-90.0,1,0
step_and_pause_002,step_and_pause,6.45,167.066,-90.0,1,0
step_and_pause_002,step_and_pause,6.46667,165.566,-90.0,1,0
step_and_pause_002,step_and_pause,6.48333,164.066,-90.0,1,0
step_and_pause_002,step_and_pause,6.5,162.566,-90.0,1,0
step_and_pause_002,step_and_pause,6.51667,161.066,-90.0,1,0
step_and_pause_002,step_and_pause,6.53333,159.566,-90.0,1,0
step_and_pause_002,step_and_pause,6.55,158.066,-90.0,1,0
step_and_pause_002,step_and_pause,6.56667,156.566,-90.0,1,0
step_and_pause_002,step_and_pause,6.58333,155.066,-90.0,1,0
step_and_pause_002,step_and_pause,6.6,153.566,-90.0,1,0
step_and_pause_002,step_and_pause,6.61667,152.066,-90.0,1,0
step_and_pause_002,step_and_pause,6.63333,150.566,-90.0,1,0
step_and_pause_002,step_and_pause,6.65,149.066,-90.0,1,0
step_and_pause_002,step_and_pause,6.66667,147.566,-90.0,1,0
step_and_pause_002,step_and_pause,6.68333,146.066,-90.0,1,0
step_and_pause_002,step_and_pause,6.7,144.566,-90.0,1,0
step_and_pause_002,step_and_pause,6.71667,143.066,-90.0,1,0
step_and_pause_002,step_and_pause,6.73333,141.566,-90.0,1,0
step_and_pause_002,step_and_pause,6.75,140.066,-90.0,1,0
step_and_pause_002,step_and_pause,6.76667,138.566,-90.0,1,0
step_and_pause_002,step_and_pause,6.78333,137.066,-90.0,1,0
step_and_pause_002,step_and_pause,6.8,135.566,-90.0,1,0
step_and_pause_002,step_and_pause,6.81667,134.066,-90.0,1,0
step_and_pause_002,step_and_pause,6.83333,132.566,-90.0,1,0
step_and_pause_002,step_and_pause,6.85,131.066,-90.0,1,0
step_and_pause_002,step_and_pause,6.86667,129.566,-90.0,1,0
step_and_pause_002,step_and_pause,6.88333,128.066,-90.0,1,0
step_and_pause_002,step_and_pause,6.9,126.566,-90.0,1,0
step_and_pause_002,step_and_pause,6.91667,125.066,-90.0,1,0
step_and_pause_002,step_and_pause,6.93333,123.566,-90.0,1,0
step_and_pause_002,step_and_pause,6.95,122.066,-90.0,1,0
step_and_pause_002,step_and_pause,6.96667,120.566,-90.0,1,0
step_and_pause_002,step_and_pause,6.98333,119.066,-90.0,1,0
step_and_pause_002,step_and_pause,7.0,117.566,-90.0,1,0
step_and_pause_002,step_and_pause,7.01667,116.066,-90.0,1,0
step_and_pause_002,step_and_pause,7.03333,114.566,-90.0,1,0
step_and_pause_002,step_and_pause,7.05,113.066,-90.0,1,0
step_and_pause_002,step_and_pause,7.06667,111.566,-90.0,1,0
step_and_pause_002,step_and_pause,7.08333,110.066,-90.0,1,0
step_and_pause_002,step_and_pause,7.1,108.566,-90.0,1,0
step_and_pause_002,step_and_pause,7.11667,107.066,-90.0,1,0
step_and_pause_002,step_and_pause,7.13333,105.566,-90.0,1,0
step_and_pause_002,step_and_pause,7.15,104.066,-90.0,1,0
step_and_pause_002,step_and_pause,7.16667,102.566,-90.0,1,0
step_and_pause_002,step_and_pause,7.18333,101.066,-90.0,1,0
step_and_pause_002,step_and_pause,7.2,99.566,-90.0,1,0
step_and_pause_002,step_and_pause,7.21667,98.066,-90.0,1,0
step_and_pause_002,step_and_pause,7.23333,96.566,-90.0,1,0
step_and_pause_002,step_and_pause,7.25,95.066,-90.0,1,0
step_and_pause_002,step_and_pause,7.26667,93.566,-90.0,1,0
step_and_pause_002,step_and_pause,7.28333,92.066,-90.0,1,0
step_and_pause_002,step_and_pause,7.3,90.566,-90.0,1,0
step_and_pause_002,step_and_pause,7.31667,89.066,-90.0,1,0
step_and_pause_002,step_and_pause,7.33333,87.566,-90.0,1,0
step_and_pause_002,step_and_pause,7.35,86.066,-90.0,1,0
step_and_pause_002,step_and_pause,7.36667,84.566,-90.0,1,0
step_and_pause_002,step_and_pause,7.38333,83.066,-90.0,1,0
step_and_pause_002,step_and_pause,7.4,81.566,-90.0,1,0
step_and_pause_002,step_and_pause,7.41667,80.066,-90.0,1,0
step_and_pause_002,step_and_pause,7.43333,78.566,-90.0,1,0
step_and_pause_002,step_and_pause,7.45,77.066,-90.0,1,0
step_and_pause_002,step_and_pause,7.46667,75.566,-90.0,1,0
step_and_pause_002,step_and_pause,7.48333,74.066,-90.0,1,0
step_and_pause_002,step_and_pause,7.5,72.566,-90.0,1,0
step_and_pause_002,step_and_pause,7.51667,71.066,-90.0,1,0
step_and_pause_002,step_and_pause,7.53333,69.566,-90.0,1,0
step_and_pause_002,step_and_pause,7.55,68.066,-90.0,1,0
step_and_pause_002,step_and_pause,7.56667,66.566,-90.0,1,0
step_and_pause_002,step_and_pause,7.58333,65.066,-90.0,1,0
step_and_pause_002,step_and_pause,7.6,63.566,-90.0,1,0
step_and_pause_002,step_and_pause,7.61667,62.066,-90.0,1,0
step_and_pause_002,step_and_pause,7.63333,60.566,-90.0,1,0
step_and_pause_002,step_and_pause,7.65,59.066,-90.0,1,0
step_and_pause_002,step_and_pause,7.66667,57.566,-90.0,1,0
step_and_pause_002,step_and_pause,7.68333,56.066,-90.0,1,0
step_and_pause_002,step_and_pause,7.7,54.566,-90.0,1,0
step_and_pause_002,step_and_pause,7.71667,53.066,-90.0,1,0
step_and_pause_002,step_and_pause,7.73333,51.566,-90.0,1,0
step_and_pause_002,step_and_pause,7.75,50.066,-90.0,1,0
step_and_pause_002,step_and_pause,7.76667,48.566,-90.0,1,0
step_and_pause_002,step_and_pause,7.78333,47.066,-90.0,1,0
step_and_pause_002,step_and_pause,7.8,45.566,-90.0,1,0
step_and_pause_002,step_and_pause,7.81667,44.066,-90.0,1,0
step_and_pause_002,step_and_pause,7.83333,42.566,-90.0,1,0
step_and_pause_002,step_and_pause,7.85,41.066,-90.0,1,0
step_and_pause_002,step_and_pause,7.86667,39.566,-90.0,1,0
step_and_pause_002,step_and_pause,7.88333,38.066,-90.0,1,0
step_and_pause_002,step_and_pause,7.9,36.566,-90.0,1,0
step_and_pause_002,step_and_pause,7.91667,35.066,-90.0,1,0
step_and_pause_002,step_and_pause,7.93333,33.566,-90.0,1,0
step_and_pause_002,step_and_pause,7.95,32.066,-90.0,1,0
step_and_pause_002,step_and_pause,7.96667,30.566,-90.0,1,0
step_and_pause_002,step_and_pause,7.98333,29.066,-90.0,1,0
step_and_pause_002,step_and_pause,8.0,27.566,-90.0,1,0
step_and_pause_002,step_and_pause,8.01667,26.066,-90.0,1,0
step_and_pause_002,step_and_pause,8.03333,24.566,-90.0,1,0
step_and_pause_002,step_and_pause,8.05,23.066,-90.0,0,1
step_and_pause_002,step_and_pause,8.06667,24.566,90.0,0,1
step_and_pause_002,step_and_pause,8.08333,26.066,90.0,0,1
step_and_pause_002,step_and_pause,8.1,27.566,90.0,0,1
step_and_pause_002,step_and_pause,8.11667,29.066,90.0,0,1
step_and_pause_002,step_and_pause,8.13333,30.566,90.0,0,1
step_and_pause_002,step_and_pause,8.15,32.066,90.0,0,1
step_and_pause_002,step_and_pause,8.16667,33.566,90.0,0,1
step_and_pause_002,step_and_pause,8.18333,35.066,90.0,0,1
step_and_pause_002,step_and_pause,8.2,36.566,90.0,0,1
step_and_pause_002,step_and_pause,8.21667,38.066,90.0,0,1
step_and_pause_002,step_and_pause,8.23333,39.566,90.0,0,1
step_and_pause_002,step_and_pause,8.25,41.066,90.0,0,1
step_and_pause_002,step_and_pause,8.26667,42.566,90.0,0,1
step_and_pause_002,step_and_pause,8.28333,44.066,90.0,0,1
step_and_pause_002,step_and_pause,8.3,45.566,90.0,0,1
step_and_pause_002,step_and_pause,8.31667,47.066,90.0,0,1
step_and_pause_002,step_and_pause,8.33333,48.566,90.0,0,1
step_and_pause_002,step_and_pause,8.35,50.066,90.0,0,1
step_and_pause_002,step_and_pause,8.36667,51.566,90.0,0,1
step_and_pause_002,step_and_pause,8.38333,53.066,90.0,0,1
step_and_pause_002,step_and_pause,8.4,54.566,90.0,0,1
step_and_pause_002,step_and_pause,8.41667,56.066,90.0,0,1
step_and_pause_002,step_and_pause,8.43333,57.566,90.0,0,1
step_and_pause_002,step_and_pause,8.45,59.066,90.0,0,1
step_and_pause_002,step_and_pause,8.46667,60.566,90.0,0,1
step_and_pause_002,step_and_pause,8.48333,62.066,90.0,0,1
step_and_pause_002,step_and_pause,8.5,63.566,90.0,0,1
step_and_pause_002,step_and_pause,8.51667,65.066,90.0,0,1
step_and_pause_002,step_and_pause,8.53333,66.566,90.0,0,1
step_and_pause_002,step_and_pause,8.55,68.066,90.0,0,1
step_and_pause_002,step_and_pause,8.56667,69.566,90.0,0,1
step_and_pause_002,step_and_pause,8.58333,71.066,90.0,0,1
step_and_pause_002,step_and_pause,8.6,72.566,90.0,0,1
step_and_pause_002,step_and_pause,8.61667,74.066,90.0,0,1
step_and_pause_002,step_and_pause,8.63333,75.566,90.0,0,1
step_and_pause_002,step_and_pause,8.65,77.066,90.0,0,1
step_and_pause_002,step_and_pause,8.66667,78.566,90.0,0,1
step_and_pause_002,step_and_pause,8.68333,80.066,90.0,0,1
step_and_pause_002,step_and_pause,8.7,81.566,90.0,0,1
step_and_pause_002,step_and_pause,8.71667,83.066,90.0,0,1
step_and_pause_002,step_and_pause,8.73333,84.566,90.0,0,1
step_and_pause_002,step_and_pause,8.75,86.066,90.0,0,1
step_and_pause_002,step_and_pause,8.76667,87.566,90.0,0,1
step_and_pause_002,step_and_pause,8.78333,89.066,90.0,0,1
step_and_pause_002,step_and_pause,8.8,90.566,90.0,0,1
step_and_pause_002,step_and_pause,8.81667,92.066,90.0,0,1
step_and_pause_002,step_and_pause,8.83333,93.566,90.0,0,1
step_and_pause_002,step_and_pause,8.85,95.066,90.0,0,1
step_and_pause_002,step_and_pause,8.86667,96.566,90.0,0,1
step_and_pause_002,step_and_pause,8.88333,98.066,90.0,0,1
step_and_pause_002,step_and_pause,8.9,99.566,90.0,0,1
step_and_pause_002,step_and_pause,8.91667,101.066,90.0,0,1
step_and_pause_002,step_and_pause,8.93333,102.566,90.0,0,1
step_and_pause_002,step_and_pause,8.95,104.066,90.0,0,1
step_and_pause_002,step_and_pause,8.96667,105.566,90.0,0,1
step_and_pause_002,step_and_pause,8.98333,107.066,90.0,0,1
step_and_pause_002,step_and_pause,9.0,108.566,90.0,0,1
step_and_pause_002,step_and_pause,9.01667,110.066,90.0,0,1
step_and_pause_002,step_and_pause,9.03333,111.566,90.0,0,1
step_and_pause_002,step_and_pause,9.05,113.066,90.0,0,1
step_and_pause_002,step_and_pause,9.06667,114.566,90.0,0,1
step_and_pause_002,step_and_pause,9.08333,116.066,90.0,0,1
step_and_pause_002,step_and_pause,9.1,117.566,90.0,0,1
step_and_pause_002,step_and_pause,9.11667,119.066,90.0,0,1
step_and_pause_002,step_and_pause,9.13333,120.566,90.0,0,1
step_and_pause_002,step_and_pause,9.15,122.066,90.0,0,1
step_and_pause_002,step_and_pause,9.16667,123.566,90.0,1,0
step_and_pause_002,step_and_pause,9.18333,122.066,-90.0,1,0
step_and_pause_002,step_and_pause,9.2,120.566,-90.0,1,0
step_and_pause_002,step_and_pause,9.21667,119.066,-90.0,1,0
step_and_pause_002,step_and_pause,9.23333,117.566,-90.0,1,0
step_and_pause_002,step_and_pause,9.25,116.066,-90.0,1,0
step_and_pause_002,step_and_pause,9.26667,114.566,-90.0,1,0
step_and_pause_002,step_and_pause,9.28333,113.066,-90.0,1,0
step_and_pause_002,step_and_pause,9.3,111.566,-90.0,1,0
step_and_pause_002,step_and_pause,9.31667,110.066,-90.0,1,0
step_and_pause_002,step_and_pause,9.33333,108.566,-90.0,1,0
step_and_pause_002,step_and_pause,9.35,107.066,-90.0,1,0
step_and_pause_002,step_and_pause,9.36667,105.566,-90.0,1,0
step_and_pause_002,step_and_pause,9.38333,104.066,-90.0,1,0
step_and_pause_002,step_and_pause,9.4,102.566,-90.0,1,0
step_and_pause_002,step_and_pause,9.41667,101.066,-90.0,1,0
step_and_pause_002,step_and_pause,9.43333,99.566,-90.0,1,0
step_and_pause_002,step_and_pause,9.45,98.066,-90.0,1,0
step_and_pause_002,step_and_pause,9.46667,96.566,-90.0,1,0
step_and_pause_002,step_and_pause,9.48333,95.066,-90.0,1,0
step_and_pause_002,step_and_pause,9.5,93.566,-90.0,1,0
step_and_pause_002,step_and_pause,9.51667,92.066,-90.0,1,0
step_and_pause_002,step_and_pause,9.53333,90.566,-90.0,1,0
step_and_pause_002,step_and_pause,9.55,89.066,-90.0,1,0
step_and_pause_002,step_and_pause,9.56667,87.566,-90.0,1,0
step_and_pause_002,step_and_pause,9.58333,86.066,-90.0,1,0
step_and_pause_002,step_and_pause,9.6,84.566,-90.0,1,0
step_and_pause_002,step_and_pause,9.61667,83.066,-90.0,0,0
step_and_pause_002,step_and_pause,9.63333,83.066,0.0,0,0
step_and_pause_002,step_and_pause,9.65,83.066,0.0,0,0
step_and_pause_002,step_and_pause,9.66667,83.066,0.0,0,0
step_and_pause_002,step_and_pause,9.68333,83.066,0.0,0,0
step_and_pause_002,step_and_pause,9.7,83.066,0.0,0,0
step_and_pause_002,step_and_pause,9.71667,83.066,0.0,0,0
step_and_pause_002,step_and_pause,9.73333,83.066,0.0,0,0
step_and_pause_002,step_and_pause,9.75,83.066,0.0,0,0
step_and_pause_002,step_and_pause,9.76667,83.066,0.0,0,0
step_and_pause_002,step_and_pause,9.78333,83.066,0.0,0,0
step_and_pause_002,step_and_pause,9.8,83.066,0.0,0,0
step_and_pause_002,step_and_pause,9.81667,83.066,0.0,0,0
step_and_pause_002,step_and_pause,9.83333,83.066,0.0,0,0
step_and_pause_002,step_and_pause,9.85,83.066,0.0,0,0
step_and_pause_002,step_and_pause,9.86667,83.066,0.0,0,0
step_and_pause_002,step_and_pause,9.88333,83.066,0.0,0,0
step_and_pause_002,step_and_pause,9.9,83.066,0.0,0,0
step_and_pause_002,step_and_pause,9.91667,83.066,0.0,0,0
step_and_pause_002,step_and_pause,9.93333,83.066,0.0,0,0
step_and_pause_002,step_and_pause,9.95,83.066,0.0,0,0
step_and_pause_002,step_and_pause,9.96667,83.066,0.0,0,0
step_and_pause_002,step_and_pause,9.98333,83.066,0.0,0,0
step_and_pause_002,step_and_pause,10.0,83.066,0.0,0,0
step_and_pause_002,step_and_pause,10.01667,83.066,0.0,0,1
step_and_pause_002,step_and_pause,10.03333,84.566,90.0,0,1
step_and_pause_002,step_and_pause,10.05,86.066,90.0,0,1
step_and_pause_002,step_and_pause,10.06667,87.566,90.0,0,1
step_and_pause_002,step_and_pause,10.08333,89.066,90.0,0,1
step_and_pause_002,step_and_pause,10.1,90.566,90.0,0,1
step_and_pause_002,step_and_pause,10.11667,92.066,90.0,0,1
step_and_pause_002,step_and_pause,10.13333,93.566,90.0,0,1
step_and_pause_002,step_and_pause,10.15,95.066,90.0,0,1
step_and_pause_002,step_and_pause,10.16667,96.566,90.0,0,1
step_and_pause_002,step_and_pause,10.18333,98.066,90.0,0,1
step_and_pause_002,step_and_pause,10.2,99.566,90.0,0,1
step_and_pause_002,step_and_pause,10.21667,101.066,90.0,0,1
step_and_pause_002,step_and_pause,10.23333,102.566,90.0,0,1
step_and_pause_002,step_and_pause,10.25,104.066,90.0,0,1
step_and_pause_002,step_and_pause,10.26667,105.566,90.0,0,1
step_and_pause_002,step_and_pause,10.28333,107.066,90.0,0,1
step_and_pause_002,step_and_pause,10.3,108.566,90.0,0,1
step_and_pause_002,step_and_pause,10.31667,110.066,90.0,0,1
step_and_pause_002,step_and_pause,10.33333,111.566,90.0,0,1
step_and_pause_002,step_and_pause,10.35,113.066,90.0,0,1
step_and_pause_002,step_and_pause,10.36667,114.566,90.0,0,1
step_and_pause_002,step_and_pause,10.38333,116.066,90.0,0,1
step_and_pause_002,step_and_pause,10.4,117.566,90.0,0,1
step_and_pause_002,step_and_pause,10.41667,119.066,90.0,0,1
step_and_pause_002,step_and_pause,10.43333,120.566,90.0,0,1
step_and_pause_002,step_and_pause,10.45,122.066,90.0,0,1
step_and_pause_002,step_and_pause,10.46667,123.566,90.0,0,1
step_and_pause_002,step_and_pause,10.48333,125.066,90.0,0,1
step_and_pause_002,step_and_pause,10.5,126.566,90.0,0,1
step_and_pause_002,step_and_pause,10.51667,128.066,90.0,0,1
step_and_pause_002,step_and_pause,10.53333,129.566,90.0,0,1
step_and_pause_002,step_and_pause,10.55,131.066,90.0,0,1
step_and_pause_002,step_and_pause,10.56667,132.566,90.0,0,1
step_and_pause_002,step_and_pause,10.58333,134.066,90.0,0,1
step_and_pause_002,step_and_pause,10.6,135.566,90.0,0,1
step_and_pause_002,step_and_pause,10.61667,137.066,90.0,0,1
step_and_pause_002,step_and_pause,10.63333,138.566,90.0,0,1
step_and_pause_002,step_and_pause,10.65,140.066,90.0,0,1
step_and_pause_002,step_and_pause,10.66667,141.566,90.0,0,1
step_and_pause_002,step_and_pause,10.68333,143.066,90.0,0,1
step_and_pause_002,step_and_pause,10.7,144.566,90.0,0,1
step_and_pause_002,step_and_pause,10.71667,146.066,90.0,0,1
step_and_pause_002,step_and_pause,10.73333,147.566,90.0,0,1
step_and_pause_002,step_and_pause,10.75,149.066,90.0,0,1
step_and_pause_002,step_and_pause,10.76667,150.566,90.0,0,1
step_and_pause_002,step_and_pause,10.78333,152.066,90.0,0,1
step_and_pause_002,step_and_pause,10.8,153.566,90.0,0,1
step_and_pause_002,step_and_pause,10.81667,155.066,90.0,0,1
step_and_pause_002,step_and_pause,10.83333,156.566,90.0,0,1
step_and_pause_002,step_and_pause,10.85,158.066,90.0,0,1
step_and_pause_002,step_and_pause,10.86667,159.566,90.0,0,1
step_and_pause_002,step_and_pause,10.88333,161.066,90.0,0,1
step_and_pause_002,step_and_pause,10.9,162.566,90.0,0,1
step_and_pause_002,step_and_pause,10.91667,164.066,90.0,0,1
step_and_pause_002,step_and_pause,10.93333,165.566,90.0,0,1
step_and_pause_002,step_and_pause,10.95,167.066,90.0,0,1
step_and_pause_002,step_and_pause,10.96667,168.566,90.0,0,1
step_and_pause_002,step_and_pause,10.98333,170.066,90.0,0,1
step_and_pause_002,step_and_pause,11.0,171.566,90.0,0,1
step_and_pause_002,step_and_pause,11.01667,173.066,90.0,0,1
step_and_pause_002,step_and_pause,11.03333,174.566,90.0,0,1
step_and_pause_002,step_and_pause,11.05,176.066,90.0,0,1
step_and_pause_002,step_and_pause,11.06667,177.566,90.0,0,1
step_and_pause_002,step_and_pause,11.08333,179.066,90.0,0,1
step_and_pause_002,step_and_pause,11.1,180.566,90.0,0,1
step_and_pause_002,step_and_pause,11.11667,182.066,90.0,0,1
step_and_pause_002,step_and_pause,11.13333,183.566,90.0,0,1
step_and_pause_002,step_and_pause,11.15,185.066,90.0,0,1
step_and_pause_002,step_and_pause,11.16667,186.566,90.0,0,1
step_and_pause_002,step_and_pause,11.18333,188.066,90.0,0,1
step_and_pause_002,step_and_pause,11.2,189.566,90.0,0,1
step_and_pause_002,step_and_pause,11.21667,191.066,90.0,0,1
step_and_pause_002,step_and_pause,11.23333,192.566,90.0,0,1
step_and_pause_002,step_and_pause,11.25,194.066,90.0,0,1
step_and_pause_002,step_and_pause,11.26667,195.566,90.0,0,1
step_and_pause_002,step_and_pause,11.28333,197.066,90.0,0,1
step_and_pause_002,step_and_pause,11.3,198.566,90.0,0,1
step_and_pause_002,step_and_pause,11.31667,200.066,90.0,0,1
step_and_pause_002,step_and_pause,11.33333,201.566,90.0,0,1
step_and_pause_002,step_and_pause,11.35,203.066,90.0,0,0
step_and_pause_002,step_and_pause,11.36667,203.066,0.0,0,0
step_and_pause_002,step_and_pause,11.38333,203.066,0.0,0,0
step_and_pause_002,step_and_pause,11.4,203.066,0.0,0,0
step_and_pause_002,step_and_pause,11.41667,203.066,0.0,0,0
step_and_pause_002,step_and_pause,11.43333,203.066,0.0,0,0
step_and_pause_002,step_and_pause,11.45,203.066,0.0,0,0
step_and_pause_002,step_and_pause,11.46667,203.066,0.0,0,0
step_and_pause_002,step_and_pause,11.48333,203.066,0.0,0,0
step_and_pause_002,step_and_pause,11.5,203.066,0.0,0,0
step_and_pause_002,step_and_pause,11.51667,203.066,0.0,0,0
step_and_pause_002,step_and_pause,11.53333,203.066,0.0,0,0
step_and_pause_002,step_and_pause,11.55,203.066,0.0,0,0
step_and_pause_002,step_and_pause,11.56667,203.066,0.0,0,0
step_and_pause_002,step_and_pause,11.58333,203.066,0.0,0,0
step_and_pause_002,step_and_pause,11.6,203.066,0.0,0,0
step_and_pause_002,step_and_pause,11.61667,203.066,0.0,0,0
step_and_pause_002,step_and_pause,11.63333,203.066,0.0,0,0
step_and_pause_002,step_and_pause,11.65,203.066,0.0,0,0
step_and_pause_002,step_and_pause,11.66667,203.066,0.0,0,0
step_and_pause_002,step_and_pause,11.68333,203.066,0.0,0,0
step_and_pause_002,step_and_pause,11.7,203.066,0.0,0,0
step_and_pause_002,step_and_pause,11.71667,203.066,0.0,0,0
step_and_pause_002,step_and_pause,11.73333,203.066,0.0,0,0
step_and_pause_002,step_and_pause,11.75,203.066,0.0,0,0
step_and_pause_002,step_and_pause,11.76667,203.066,0.0,0,0
step_and_pause_002,step_and_pause,11.78333,203.066,0.0,0,0
step_and_pause_002,step_and_pause,11.8,203.066,0.0,0,0
step_and_pause_002,step_and_pause,11.81667,203.066,0.0,0,0
step_and_pause_002,step_and_pause,11.83333,203.066,0.0,0,0
step_and_pause_002,step_and_pause,11.85,203.066,0.0,0,0
step_and_pause_002,step_and_pause,11.86667,203.066,0.0,0,0
step_and_pause_002,step_and_pause,11.88333,203.066,0.0,0,0
step_and_pause_002,step_and_pause,11.9,203.066,0.0,0,0
step_and_pause_002,step_and_pause,11.91667,203.066,0.0,0,0
step_and_pause_002,step_and_pause,11.93333,203.066,0.0,0,0
step_and_pause_002,step_and_pause,11.95,203.066,0.0,0,0
step_and_pause_002,step_and_pause,11.96667,203.066,0.0,0,0
step_and_pause_002,step_and_pause,11.98333,203.066,0.0,0,0
step_and_pause_002,step_and_pause,12.0,203.066,0.0,0,0
step_and_pause_002,step_and_pause,12.01667,203.066,0.0,0,0
step_and_pause_002,step_and_pause,12.03333,203.066,0.0,0,0
step_and_pause_002,step_and_pause,12.05,203.066,0.0,0,0
step_and_pause_002,step_and_pause,12.06667,203.066,0.0,0,0
step_and_pause_002,step_and_pause,12.08333,203.066,0.0,0,0
step_and_pause_002,step_and_pause,12.1,203.066,0.0,0,0
step_and_pause_002,step_and_pause,12.11667,203.066,0.0,0,0
step_and_pause_002,step_and_pause,12.13333,203.066,0.0,0,0
step_and_pause_002,step_and_pause,12.15,203.066,0.0,0,0
step_and_pause_002,step_and_pause,12.16667,203.066,0.0,0,0
step_and_pause_002,step_and_pause,12.18333,203.066,0.0,0,0
step_and_pause_002,step_and_pause,12.2,203.066,0.0,0,0
step_and_pause_002,step_and_pause,12.21667,203.066,0.0,0,0
step_and_pause_002,step_and_pause,12.23333,203.066,0.0,0,0
step_and_pause_002,step_and_pause,12.25,203.066,0.0,0,0
step_and_pause_002,step_and_pause,12.26667,203.066,0.0,0,0
step_and_pause_002,step_and_pause,12.28333,203.066,0.0,0,0
step_and_pause_002,step_and_pause,12.3,203.066,0.0,0,0
step_and_pause_002,step_and_pause,12.31667,203.066,0.0,0,0
step_and_pause_002,step_and_pause,12.33333,203.066,0.0,0,0
step_and_pause_002,step_and_pause,12.35,203.066,0.0,0,0
step_and_pause_002,step_and_pause,12.36667,203.066,0.0,0,0
step_and_pause_002,step_and_pause,12.38333,203.066,0.0,0,0
step_and_pause_002,step_and_pause,12.4,203.066,0.0,0,0
step_and_pause_002,step_and_pause,12.41667,203.066,0.0,0,0
step_and_pause_002,step_and_pause,12.43333,203.066,0.0,0,0
step_and_pause_002,step_and_pause,12.45,203.066,0.0,0,0
step_and_pause_002,step_and_pause,12.46667,203.066,0.0,0,0
step_and_pause_002,step_and_pause,12.48333,203.066,0.0,0,0
step_and_pause_002,step_and_pause,12.5,203.066,0.0,0,0
step_and_pause_002,step_and_pause,12.51667,203.066,0.0,0,0
step_and_pause_002,step_and_pause,12.53333,203.066,0.0,0,0
step_and_pause_002,step_and_pause,12.55,203.066,0.0,0,0
step_and_pause_002,step_and_pause,12.56667,203.066,0.0,0,0
step_and_pause_002,step_and_pause,12.58333,203.066,0.0,0,0
step_and_pause_002,step_and_pause,12.6,203.066,0.0,0,0
step_and_pause_002,step_and_pause,12.61667,203.066,0.0,0,0
step_and_pause_002,step_and_pause,12.63333,203.066,0.0,0,0
step_and_pause_002,step_and_pause,12.65,203.066,0.0,0,0
step_and_pause_002,step_and_pause,12.66667,203.066,0.0,0,0
step_and_pause_002,step_and_pause,12.68333,203.066,0.0,0,0
step_and_pause_002,step_and_pause,12.7,203.066,0.0,0,0
step_and_pause_002,step_and_pause,12.71667,203.066,0.0,0,0
step_and_pause_002,step_and_pause,12.73333,203.066,0.0,0,0
step_and_pause_002,step_and_pause,12.75,203.066,0.0,0,0
step_and_pause_002,step_and_pause,12.76667,203.066,0.0,0,0
step_and_pause_002,step_and_pause,12.78333,203.066,0.0,0,0
step_and_pause_002,step_and_pause,12.8,203.066,0.0,0,0
step_and_pause_002,step_and_pause,12.81667,203.066,0.0,0,0
step_and_pause_002,step_and_pause,12.83333,203.066,0.0,0,0
step_and_pause_002,step_and_pause,12.85,203.066,0.0,0,0
step_and_pause_002,step_and_pause,12.86667,203.066,0.0,0,0
step_and_pause_002,step_and_pause,12.88333,203.066,0.0,0,0
step_and_pause_002,step_and_pause,12.9,203.066,0.0,0,0
step_and_pause_002,step_and_pause,12.91667,203.066,0.0,0,0
step_and_pause_002,step_and_pause,12.93333,203.066,0.0,0,0
step_and_pause_002,step_and_pause,12.95,203.066,0.0,0,0
step_and_pause_002,step_and_pause,12.96667,203.066,0.0,0,0
step_and_pause_002,step_and_pause,12.98333,203.066,0.0,0,0
step_and_pause_002,step_and_pause,13.0,203.066,0.0,0,0
step_and_pause_002,step_and_pause,13.01667,203.066,0.0,0,0
step_and_pause_002,step_and_pause,13.03333,203.066,0.0,0,0
step_and_pause_002,step_and_pause,13.05,203.066,0.0,0,0
step_and_pause_002,step_and_pause,13.06667,203.066,0.0,0,0
step_and_pause_002,step_and_pause,13.08333,203.066,0.0,0,0
step_and_pause_002,step_and_pause,13.1,203.066,0.0,0,0
step_and_pause_002,step_and_pause,13.11667,203.066,0.0,0,0
step_and_pause_002,step_and_pause,13.13333,203.066,0.0,0,0
step_and_pause_002,step_and_pause,13.15,203.066,0.0,0,0
step_and_pause_002,step_and_pause,13.16667,203.066,0.0,0,0
step_and_pause_002,step_and_pause,13.18333,203.066,0.0,0,0
step_and_pause_002,step_and_pause,13.2,203.066,0.0,0,0
step_and_pause_002,step_and_pause,13.21667,203.066,0.0,0,0
step_and_pause_002,step_and_pause,13.23333,203.066,0.0,0,0
step_and_pause_002,step_and_pause,13.25,203.066,0.0,0,0
step_and_pause_002,step_and_pause,13.26667,203.066,0.0,0,0
step_and_pause_002,step_and_pause,13.28333,203.066,0.0,0,0
step_and_pause_002,step_and_pause,13.3,203.066,0.0,0,0
step_and_pause_002,step_and_pause,13.31667,203.066,0.0,0,0
step_and_pause_002,step_and_pause,13.33333,203.066,0.0,0,0
step_and_pause_002,step_and_pause,13.35,203.066,0.0,0,0
step_and_pause_002,step_and_pause,13.36667,203.066,0.0,0,0
step_and_pause_002,step_and_pause,13.38333,203.066,0.0,0,0
step_and_pause_002,step_and_pause,13.4,203.066,0.0,0,0
step_and_pause_002,step_and_pause,13.41667,203.066,0.0,0,0
step_and_pause_002,step_and_pause,13.43333,203.066,0.0,0,0
step_and_pause_002,step_and_pause,13.45,203.066,0.0,0,0
step_and_pause_002,step_and_pause,13.46667,203.066,0.0,0,0
step_and_pause_002,step_and_pause,13.48333,203.066,0.0,0,0
step_and_pause_002,step_and_pause,13.5,203.066,0.0,0,0
step_and_pause_002,step_and_pause,13.51667,203.066,0.0,1,0
step_and_pause_002,step_and_pause,13.53333,201.566,-90.0,1,0
step_and_pause_002,step_and_pause,13.55,200.066,-90.0,1,0
step_and_pause_002,step_and_pause,13.56667,198.566,-90.0,1,0
step_and_pause_002,step_and_pause,13.58333,197.066,-90.0,1,0
step_and_pause_002,step_and_pause,13.6,195.566,-90.0,1,0
step_and_pause_002,step_and_pause,13.61667,194.066,-90.0,1,0
step_and_pause_002,step_and_pause,13.63333,192.566,-90.0,1,0
step_and_pause_002,step_and_pause,13.65,191.066,-90.0,1,0
step_and_pause_002,step_and_pause,13.66667,189.566,-90.0,1,0
step_and_pause_002,step_and_pause,13.68333,188.066,-90.0,1,0
step_and_pause_002,step_and_pause,13.7,186.566,-90.0,1,0
step_and_pause_002,step_and_pause,13.71667,185.066,-90.0,1,0
step_and_pause_002,step_and_pause,13.73333,183.566,-90.0,1,0
step_and_pause_002,step_and_pause,13.75,182.066,-90.0,1,0
step_and_pause_002,step_and_pause,13.76667,180.566,-90.0,1,0
step_and_pause_002,step_and_pause,13.78333,179.066,-90.0,1,0
step_and_pause_002,step_and_pause,13.8,177.566,-90.0,1,0
step_and_pause_002,step_and_pause,13.81667,176.066,-90.0,1,0
step_and_pause_002,step_and_pause,13.83333,174.566,-90.0,1,0
step_and_pause_002,step_and_pause,13.85,173.066,-90.0,1,0
step_and_pause_002,step_and_pause,13.86667,171.566,-90.0,1,0
step_and_pause_002,step_and_pause,13.88333,170.066,-90.0,1,0
step_and_pause_002,step_and_pause,13.9,168.566,-90.0,1,0
step_and_pause_002,step_and_pause,13.91667,167.066,-90.0,1,0
step_and_pause_002,step_and_pause,13.93333,165.566,-90.0,1,0
step_and_pause_002,step_and_pause,13.95,164.066,-90.0,1,0
step_and_pause_002,step_and_pause,13.96667,162.566,-90.0,1,0
step_and_pause_002,step_and_pause,13.98333,161.066,-90.0,1,0
step_and_pause_002,step_and_pause,14.0,159.566,-90.0,1,0
step_and_pause_002,step_and_pause,14.01667,158.066,-90.0,1,0
step_and_pause_002,step_and_pause,14.03333,156.566,-90.0,1,0
step_and_pause_002,step_and_pause,14.05,155.066,-90.0,1,0
step_and_pause_002,step_and_pause,14.06667,153.566,-90.0,1,0
step_and_pause_002,step_and_pause,14.08333,152.066,-90.0,1,0
step_and_pause_002,step_and_pause,14.1,150.566,-90.0,1,0
step_and_pause_002,step_and_pause,14.11667,149.066,-90.0,1,0
step_and_pause_002,step_and_pause,14.13333,147.566,-90.0,1,0
step_and_pause_002,step_and_pause,14.15,146.066,-90.0,1,0
step_and_pause_002,step_and_pause,14.16667,144.566,-90.0,1,0
step_and_pause_002,step_and_pause,14.18333,143.066,-90.0,1,0
step_and_pause_002,step_and_pause,14.2,141.566,-90.0,1,0
step_and_pause_002,step_and_pause,14.21667,140.066,-90.0,1,0
step_and_pause_002,step_and_pause,14.23333,138.566,-90.0,1,0
step_and_pause_002,step_and_pause,14.25,137.066,-90.0,1,0
step_and_pause_002,step_and_pause,14.26667,135.566,-90.0,1,0
step_and_pause_002,step_and_pause,14.28333,134.066,-90.0,1,0
step_and_pause_002,step_and_pause,14.3,132.566,-90.0,1,0
step_and_pause_002,step_and_pause,14.31667,131.066,-90.0,1,0
step_and_pause_002,step_and_pause,14.33333,129.566,-90.0,1,0
step_and_pause_002,step_and_pause,14.35,128.066,-90.0,1,0
step_and_pause_002,step_and_pause,14.36667,126.566,-90.0,1,0
step_and_pause_002,step_and_pause,14.38333,125.066,-90.0,1,0
step_and_pause_002,step_and_pause,14.4,123.566,-90.0,1,0
step_and_pause_002,step_and_pause,14.41667,122.066,-90.0,1,0
step_and_pause_002,step_and_pause,14.43333,120.566,-90.0,1,0
step_and_pause_002,step_and_pause,14.45,119.066,-90.0,1,0
step_and_pause_002,step_and_pause,14.46667,117.566,-90.0,1,0
step_and_pause_002,step_and_pause,14.48333,116.066,-90.0,1,0
step_and_pause_002,step_and_pause,14.5,114.566,-90.0,1,0
step_and_pause_002,step_and_pause,14.51667,113.066,-90.0,1,0
step_and_pause_002,step_and_pause,14.53333,111.566,-90.0,1,0
step_and_pause_002,step_and_pause,14.55,110.066,-90.0,1,0
step_and_pause_002,step_and_pause,14.56667,108.566,-90.0,1,0
step_and_pause_002,step_and_pause,14.58333,107.066,-90.0,1,0
step_and_pause_002,step_and_pause,14.6,105.566,-90.0,1,0
step_and_pause_002,step_and_pause,14.61667,104.066,-90.0,1,0
step_and_pause_002,step_and_pause,14.63333,102.566,-90.0,1,0
step_and_pause_002,step_and_pause,14.65,101.066,-90.0,1,0
step_and_pause_002,step_and_pause,14.66667,99.566,-90.0,1,0
step_and_pause_002,step_and_pause,14.68333,98.066,-90.0,1,0
step_and_pause_002,step_and_pause,14.7,96.566,-90.0,1,0
step_and_pause_002,step_and_pause,14.71667,95.066,-90.0,1,0
step_and_pause_002,step_and_pause,14.73333,93.566,-90.0,1,0
step_and_pause_002,step_and_pause,14.75,92.066,-90.0,1,0
step_and_pause_002,step_and_pause,14.76667,90.566,-90.0,1,0
step_and_pause_002,step_and_pause,14.78333,89.066,-90.0,1,0
step_and_pause_002,step_and_pause,14.8,87.566,-90.0,1,0
step_and_pause_002,step_and_pause,14.81667,86.066,-90.0,1,0
step_and_pause_002,step_and_pause,14.83333,84.566,-90.0,1,0
step_and_pause_002,step_and_pause,14.85,83.066,-90.0,1,0
step_and_pause_002,step_and_pause,14.86667,81.566,-90.0,1,0
step_and_pause_002,step_and_pause,14.88333,80.066,-90.0,1,0
step_and_pause_002,step_and_pause,14.9,78.566,-90.0,1,0
step_and_pause_002,step_and_pause,14.91667,77.066,-90.0,1,0
step_and_pause_002,step_and_pause,14.93333,75.566,-90.0,1,0
step_and_pause_002,step_and_pause,14.95,74.066,-90.0,1,0
step_and_pause_002,step_and_pause,14.96667,72.566,-90.0,1,0
step_and_pause_002,step_and_pause,14.98333,71.066,-90.0,1,0
step_and_pause_002,step_and_pause,15.0,69.566,-90.0,1,0
step_and_pause_002,step_and_pause,15.01667,68.066,-90.0,1,0
step_and_pause_002,step_and_pause,15.03333,66.566,-90.0,1,0
step_and_pause_002,step_and_pause,15.05,65.066,-90.0,1,0
step_and_pause_002,step_and_pause,15.06667,63.566,-90.0,1,0
step_and_pause_002,step_and_pause,15.08333,62.066,-90.0,1,0
step_and_pause_002,step_and_pause,15.1,60.566,-90.0,1,0
step_and_pause_002,step_and_pause,15.11667,59.066,-90.0,1,0
step_and_pause_002,step_and_pause,15.13333,57.566,-90.0,1,0
step_and_pause_002,step_and_pause,15.15,56.066,-90.0,1,0
step_and_pause_002,step_and_pause,15.16667,54.566,-90.0,1,0
step_and_pause_002,step_and_pause,15.18333,53.066,-90.0,1,0
step_and_pause_002,step_and_pause,15.2,51.566,-90.0,1,0
step_and_pause_002,step_and_pause,15.21667,50.066,-90.0,1,0
step_and_pause_002,step_and_pause,15.23333,48.566,-90.0,1,0
step_and_pause_002,step_and_pause,15.25,47.066,-90.0,1,0
step_and_pause_002,step_and_pause,15.26667,45.566,-90.0,1,0
step_and_pause_002,step_and_pause,15.28333,44.066,-90.0,1,0
step_and_pause_002,step_and_pause,15.3,42.566,-90.0,1,0
step_and_pause_002,step_and_pause,15.31667,41.066,-90.0,1,0
step_and_pause_002,step_and_pause,15.33333,39.566,-90.0,1,0
step_and_pause_002,step_and_pause,15.35,38.066,-90.0,1,0
step_and_pause_002,step_and_pause,15.36667,36.566,-90.0,1,0
step_and_pause_002,step_and_pause,15.38333,35.066,-90.0,1,0
step_and_pause_002,step_and_pause,15.4,33.566,-90.0,1,0
step_and_pause_002,step_and_pause,15.41667,32.066,-90.0,1,0
step_and_pause_002,step_and_pause,15.43333,30.566,-90.0,1,0
step_and_pause_002,step_and_pause,15.45,29.066,-90.0,1,0
step_and_pause_002,step_and_pause,15.46667,27.566,-90.0,0,1
step_and_pause_002,step_and_pause,15.48333,29.066,90.0,0,1
step_and_pause_002,step_and_pause,15.5,30.566,90.0,0,1
step_and_pause_002,step_and_pause,15.51667,32.066,90.0,0,1
step_and_pause_002,step_and_pause,15.53333,33.566,90.0,0,1
step_and_pause_002,step_and_pause,15.55,35.066,90.0,0,1
step_and_pause_002,step_and_pause,15.56667,36.566,90.0,0,1
step_and_pause_002,step_and_pause,15.58333,38.066,90.0,0,1
step_and_pause_002,step_and_pause,15.6,39.566,90.0,0,1
step_and_pause_002,step_and_pause,15.61667,41.066,90.0,0,1
step_and_pause_002,step_and_pause,15.63333,42.566,90.0,0,1
step_and_pause_002,step_and_pause,15.65,44.066,90.0,0,1
step_and_pause_002,step_and_pause,15.66667,45.566,90.0,0,1
step_and_pause_002,step_and_pause,15.68333,47.066,90.0,0,1
step_and_pause_002,step_and_pause,15.7,48.566,90.0,0,1
step_and_pause_002,step_and_pause,15.71667,50.066,90.0,0,1
step_and_pause_002,step_and_pause,15.73333,51.566,90.0,0,1
step_and_pause_002,step_and_pause,15.75,53.066,90.0,0,1
step_and_pause_002,step_and_pause,15.76667,54.566,90.0,0,1
step_and_pause_002,step_and_pause,15.78333,56.066,90.0,0,1
step_and_pause_002,step_and_pause,15.8,57.566,90.0,0,1
step_and_pause_002,step_and_pause,15.81667,59.066,90.0,0,1
step_and_pause_002,step_and_pause,15.83333,60.566,90.0,0,1
step_and_pause_002,step_and_pause,15.85,62.066,90.0,0,1
step_and_pause_002,step_and_pause,15.86667,63.566,90.0,0,1
step_and_pause_002,step_and_pause,15.88333,65.066,90.0,0,1
step_and_pause_002,step_and_pause,15.9,66.566,90.0,0,1
step_and_pause_002,step_and_pause,15.91667,68.066,90.0,0,1
step_and_pause_002,step_and_pause,15.93333,69.566,90.0,0,1
step_and_pause_002,step_and_pause,15.95,71.066,90.0,0,1
step_and_pause_002,step_and_pause,15.96667,72.566,90.0,0,1
step_and_pause_002,step_and_pause,15.98333,74.066,90.0,0,1
step_and_pause_002,step_and_pause,16.0,75.566,90.0,0,1
step_and_pause_002,step_and_pause,16.01667,77.066,90.0,0,1
step_and_pause_002,step_and_pause,16.03333,78.566,90.0,0,1
step_and_pause_002,step_and_pause,16.05,80.066,90.0,0,1
step_and_pause_002,step_and_pause,16.06667,81.566,90.0,0,1
step_and_pause_002,step_and_pause,16.08333,83.066,90.0,0,1
step_and_pause_002,step_and_pause,16.1,84.566,90.0,0,1
step_and_pause_002,step_and_pause,16.11667,86.066,90.0,0,1
step_and_pause_002,step_and_pause,16.13333,87.566,90.0,1,0
step_and_pause_002,step_and_pause,16.15,86.066,-90.0,1,0
step_and_pause_002,step_and_pause,16.16667,84.566,-90.0,1,0
step_and_pause_002,step_and_pause,16.18333,83.066,-90.0,1,0
step_and_pause_002,step_and_pause,16.2,81.566,-90.0,1,0
step_and_pause_002,step_and_pause,16.21667,80.066,-90.0,1,0
step_and_pause_002,step_and_pause,16.23333,78.566,-90.0,1,0
step_and_pause_002,step_and_pause,16.25,77.066,-90.0,1,0
step_and_pause_002,step_and_pause,16.26667,75.566,-90.0,1,0
step_and_pause_002,step_and_pause,16.28333,74.066,-90.0,1,0
step_and_pause_002,step_and_pause,16.3,72.566,-90.0,1,0
step_and_pause_002,step_and_pause,16.31667,71.066,-90.0,1,0
step_and_pause_002,step_and_pause,16.33333,69.566,-90.0,1,0
step_and_pause_002,step_and_pause,16.35,68.066,-90.0,1,0
step_and_pause_002,step_and_pause,16.36667,66.566,-90.0,1,0
step_and_pause_002,step_and_pause,16.38333,65.066,-90.0,1,0
step_and_pause_002,step_and_pause,16.4,63.566,-90.0,1,0
step_and_pause_002,step_and_pause,16.41667,62.066,-90.0,1,0
step_and_pause_002,step_and_pause,16.43333,60.566,-90.0,1,0
step_and_pause_002,step_and_pause,16.45,59.066,-90.0,1,0
step_and_pause_002,step_and_pause,16.46667,57.566,-90.0,1,0
step_and_pause_002,step_and_pause,16.48333,56.066,-90.0,1,0
step_and_pause_002,step_and_pause,16.5,54.566,-90.0,1,0
step_and_pause_002,step_and_pause,16.51667,53.066,-90.0,1,0
step_and_pause_002,step_and_pause,16.53333,51.566,-90.0,1,0
step_and_pause_002,step_and_pause,16.55,50.066,-90.0,1,0
step_and_pause_002,step_and_pause,16.56667,48.566,-90.0,1,0
step_and_pause_002,step_and_pause,16.58333,47.066,-90.0,1,0
step_and_pause_002,step_and_pause,16.6,45.566,-90.0,1,0
step_and_pause_002,step_and_pause,16.61667,44.066,-90.0,1,0
step_and_pause_002,step_and_pause,16.63333,42.566,-90.0,1,0
step_and_pause_002,step_and_pause,16.65,41.066,-90.0,1,0
step_and_pause_002,step_and_pause,16.66667,39.566,-90.0,1,0
step_and_pause_002,step_and_pause,16.68333,38.066,-90.0,1,0
step_and_pause_002,step_and_pause,16.7,36.566,-90.0,1,0
step_and_pause_002,step_and_pause,16.71667,35.066,-90.0,1,0
step_and_pause_002,step_and_pause,16.73333,33.566,-90.0,1,0
step_and_pause_002,step_and_pause,16.75,32.066,-90.0,1,0
step_and_pause_002,step_and_pause,16.76667,30.566,-90.0,1,0
step_and_pause_002,step_and_pause,16.78333,29.066,-90.0,1,0
step_and_pause_002,step_and_pause,16.8,27.566,-90.0,1,0
step_and_pause_002,step_and_pause,16.81667,26.066,-90.0,1,0
step_and_pause_002,step_and_pause,16.83333,24.566,-90.0,1,0
step_and_pause_002,step_and_pause,16.85,23.066,-90.0,1,0
step_and_pause_002,step_and_pause,16.86667,21.566,-90.0,1,0
step_and_pause_002,step_and_pause,16.88333,20.066,-90.0,1,0
step_and_pause_002,step_and_pause,16.9,18.566,-90.0,1,0
step_and_pause_002,step_and_pause,16.91667,17.066,-90.0,1,0
step_and_pause_002,step_and_pause,16.93333,15.566,-90.0,1,0
step_and_pause_002,step_and_pause,16.95,14.066,-90.0,1,0
step_and_pause_002,step_and_pause,16.96667,12.566,-90.0,1,0
step_and_pause_002,step_and_pause,16.98333,11.066,-90.0,1,0
step_and_pause_002,step_and_pause,17.0,9.566,-90.0,1,0
step_and_pause_002,step_and_pause,17.01667,8.066,-90.0,1,0
step_and_pause_002,step_and_pause,17.03333,6.566,-90.0,1,0
step_and_pause_002,step_and_pause,17.05,5.066,-90.0,1,0
step_and_pause_002,step_and_pause,17.06667,3.566,-90.0,1,0
step_and_pause_002,step_and_pause,17.08333,2.066,-90.0,1,0
step_and_pause_002,step_and_pause,17.1,0.566,-90.0,0,0
step_and_pause_002,step_and_pause,17.11667,0.566,0.0,0,0
step_and_pause_002,step_and_pause,17.13333,0.566,0.0,0,0
step_and_pause_002,step_and_pause,17.15,0.566,0.0,0,0
step_and_pause_002,step_and_pause,17.16667,0.566,0.0,0,0
step_and_pause_002,step_and_pause,17.18333,0.566,0.0,0,0
step_and_pause_002,step_and_pause,17.2,0.566,0.0,0,0
step_and_pause_002,step_and_pause,17.21667,0.566,0.0,0,0
step_and_pause_002,step_and_pause,17.23333,0.566,0.0,0,0
step_and_pause_002,step_and_pause,17.25,0.566,0.0,0,0
step_and_pause_002,step_and_pause,17.26667,0.566,0.0,0,0
step_and_pause_002,step_and_pause,17.28333,0.566,0.0,0,0
step_and_pause_002,step_and_pause,17.3,0.566,0.0,0,0
step_and_pause_002,step_and_pause,17.31667,0.566,0.0,0,0
step_and_pause_002,step_and_pause,17.33333,0.566,0.0,0,0
step_and_pause_002,step_and_pause,17.35,0.566,0.0,0,0
step_and_pause_002,step_and_pause,17.36667,0.566,0.0,0,0
step_and_pause_002,step_and_pause,17.38333,0.566,0.0,0,0
step_and_pause_002,step_and_pause,17.4,0.566,0.0,0,0
step_and_pause_002,step_and_pause,17.41667,0.566,0.0,0,0
step_and_pause_002,step_and_pause,17.43333,0.566,0.0,0,0
step_and_pause_002,step_and_pause,17.45,0.566,0.0,0,0
step_and_pause_002,step_and_pause,17.46667,0.566,0.0,0,0
step_and_pause_002,step_and_pause,17.48333,0.566,0.0,0,0
step_and_pause_002,step_and_pause,17.5,0.566,0.0,0,0
step_and_pause_002,step_and_pause,17.51667,0.566,0.0,0,0
step_and_pause_002,step_and_pause,17.53333,0.566,0.0,0,0
step_and_pause_002,step_and_pause,17.55,0.566,0.0,0,0
step_and_pause_002,step_and_pause,17.56667,0.566,0.0,0,0
step_and_pause_002,step_and_pause,17.58333,0.566,0.0,0,0
step_and_pause_002,step_and_pause,17.6,0.566,0.0,0,0
step_and_pause_002,step_and_pause,17.61667,0.566,0.0,0,0
step_and_pause_002,step_and_pause,17.63333,0.566,0.0,0,0
step_and_pause_002,step_and_pause,17.65,0.566,0.0,0,0
step_and_pause_002,step_and_pause,17.66667,0.566,0.0,0,0
step_and_pause_002,step_and_pause,17.68333,0.566,0.0,0,0
step_and_pause_002,step_and_pause,17.7,0.566,0.0,0,0
step_and_pause_002,step_and_pause,17.71667,0.566,0.0,0,0
step_and_pause_002,step_and_pause,17.73333,0.566,0.0,0,0
step_and_pause_002,step_and_pause,17.75,0.566,0.0,0,0
step_and_pause_002,step_and_pause,17.76667,0.566,0.0,0,0
step_and_pause_002,step_and_pause,17.78333,0.566,0.0,0,0
step_and_pause_002,step_and_pause,17.8,0.566,0.0,0,0
step_and_pause_002,step_and_pause,17.81667,0.566,0.0,0,0
step_and_pause_002,step_and_pause,17.83333,0.566,0.0,0,0
step_and_pause_002,step_and_pause,17.85,0.566,0.0,0,0
step_and_pause_002,step_and_pause,17.86667,0.566,0.0,0,0
step_and_pause_002,step_and_pause,17.88333,0.566,0.0,0,0
step_and_pause_002,step_and_pause,17.9,0.566,0.0,0,0
step_and_pause_002,step_and_pause,17.91667,0.566,0.0,0,0
step_and_pause_002,step_and_pause,17.93333,0.566,0.0,0,0
step_and_pause_002,step_and_pause,17.95,0.566,0.0,0,0
step_and_pause_002,step_and_pause,17.96667,0.566,0.0,0,0
step_and_pause_002,step_and_pause,17.98333,0.566,0.0,0,0
step_and_pause_002,step_and_pause,18.0,0.566,0.0,0,0
step_and_pause_002,step_and_pause,18.01667,0.566,0.0,0,0
step_and_pause_002,step_and_pause,18.03333,0.566,0.0,0,0
step_and_pause_002,step_and_pause,18.05,0.566,0.0,0,0
step_and_pause_002,step_and_pause,18.06667,0.566,0.0,0,0
step_and_pause_002,step_and_pause,18.08333,0.566,0.0,0,0
step_and_pause_002,step_and_pause,18.1,0.566,0.0,0,0
step_and_pause_002,step_and_pause,18.11667,0.566,0.0,0,0
step_and_pause_002,step_and_pause,18.13333,0.566,0.0,0,0
step_and_pause_002,step_and_pause,18.15,0.566,0.0,0,0
step_and_pause_002,step_and_pause,18.16667,0.566,0.0,0,0
step_and_pause_002,step_and_pause,18.18333,0.566,0.0,0,0
step_and_pause_002,step_and_pause,18.2,0.566,0.0,0,0
step_and_pause_002,step_and_pause,18.21667,0.566,0.0,0,0
step_and_pause_002,step_and_pause,18.23333,0.566,0.0,0,0
step_and_pause_002,step_and_pause,18.25,0.566,0.0,0,0
step_and_pause_002,step_and_pause,18.26667,0.566,0.0,0,0
step_and_pause_002,step_and_pause,18.28333,0.566,0.0,0,0
step_and_pause_002,step_and_pause,18.3,0.566,0.0,0,0
step_and_pause_002,step_and_pause,18.31667,0.566,0.0,0,0
step_and_pause_002,step_and_pause,18.33333,0.566,0.0,0,0
step_and_pause_002,step_and_pause,18.35,0.566,0.0,0,0
step_and_pause_002,step_and_pause,18.36667,0.566,0.0,0,0
step_and_pause_002,step_and_pause,18.38333,0.566,0.0,0,0
step_and_pause_002,step_and_pause,18.4,0.566,0.0,0,0
step_and_pause_002,step_and_pause,18.41667,0.566,0.0,0,0
step_and_pause_002,step_and_pause,18.43333,0.566,0.0,0,0
step_and_pause_002,step_and_pause,18.45,0.566,0.0,0,0
step_and_pause_002,step_and_pause,18.46667,0.566,0.0,0,0
step_and_pause_002,step_and_pause,18.48333,0.566,0.0,0,0
step_and_pause_002,step_and_pause,18.5,0.566,0.0,0,0
step_and_pause_002,step_and_pause,18.51667,0.566,0.0,0,0
step_and_pause_002,step_and_pause,18.53333,0.566,0.0,0,0
step_and_pause_002,step_and_pause,18.55,0.566,0.0,0,0
step_and_pause_002,step_and_pause,18.56667,0.566,0.0,0,0
step_and_pause_002,step_and_pause,18.58333,0.566,0.0,0,0
step_and_pause_002,step_and_pause,18.6,0.566,0.0,0,0
step_and_pause_002,step_and_pause,18.61667,0.566,0.0,0,0
step_and_pause_002,step_and_pause,18.63333,0.566,0.0,0,0
step_and_pause_002,step_and_pause,18.65,0.566,0.0,0,0
step_and_pause_002,step_and_pause,18.66667,0.566,0.0,0,0
step_and_pause_002,step_and_pause,18.68333,0.566,0.0,0,0
step_and_pause_002,step_and_pause,18.7,0.566,0.0,0,0
step_and_pause_002,step_and_pause,18.71667,0.566,0.0,0,0
step_and_pause_002,step_and_pause,18.73333,0.566,0.0,0,0
step_and_pause_002,step_and_pause,18.75,0.566,0.0,0,0
step_and_pause_002,step_and_pause,18.76667,0.566,0.0,0,0
step_and_pause_002,step_and_pause,18.78333,0.566,0.0,0,0
step_and_pause_002,step_and_pause,18.8,0.566,0.0,0,0
step_and_pause_002,step_and_pause,18.81667,0.566,0.0,0,0
step_and_pause_002,step_and_pause,18.83333,0.566,0.0,0,0
step_and_pause_002,step_and_pause,18.85,0.566,0.0,0,0
step_and_pause_002,step_and_pause,18.86667,0.566,0.0,0,0
step_and_pause_002,step_and_pause,18.88333,0.566,0.0,0,0
step_and_pause_002,step_and_pause,18.9,0.566,0.0,0,0
step_and_pause_002,step_and_pause,18.91667,0.566,0.0,0,0
step_and_pause_002,step_and_pause,18.93333,0.566,0.0,0,0
step_and_pause_002,step_and_pause,18.95,0.566,0.0,0,0
step_and_pause_002,step_and_pause,18.96667,0.566,0.0,0,0
step_and_pause_002,step_and_pause,18.98333,0.566,0.0,0,0
step_and_pause_002,step_and_pause,19.0,0.566,0.0,0,0
step_and_pause_002,step_and_pause,19.01667,0.566,0.0,0,0
step_and_pause_002,step_and_pause,19.03333,0.566,0.0,0,0
step_and_pause_002,step_and_pause,19.05,0.566,0.0,0,0
step_and_pause_002,step_and_pause,19.06667,0.566,0.0,0,0
step_and_pause_002,step_and_pause,19.08333,0.566,0.0,0,0
step_and_pause_002,step_and_pause,19.1,0.566,0.0,0,0
step_and_pause_002,step_and_pause,19.11667,0.566,0.0,0,0
step_and_pause_002,step_and_pause,19.13333,0.566,0.0,0,0
step_and_pause_002,step_and_pause,19.15,0.566,0.0,0,0
step_and_pause_002,step_and_pause,19.16667,0.566,0.0,0,0
step_and_pause_002,step_and_pause,19.18333,0.566,0.0,0,0
step_and_pause_002,step_and_pause,19.2,0.566,0.0,0,0
step_and_pause_002,step_and_pause,19.21667,0.566,0.0,0,0
step_and_pause_002,step_and_pause,19.23333,0.566,0.0,0,0
step_and_pause_002,step_and_pause,19.25,0.566,0.0,0,0
step_and_pause_002,step_and_pause,19.26667,0.566,0.0,0,0
step_and_pause_002,step_and_pause,19.28333,0.566,0.0,0,0
step_and_pause_002,step_and_pause,19.3,0.566,0.0,0,0
step_and_pause_002,step_and_pause,19.31667,0.566,0.0,0,0
step_and_pause_002,step_and_pause,19.33333,0.566,0.0,0,0
step_and_pause_002,step_and_pause,19.35,0.566,0.0,0,0
step_and_pause_002,step_and_pause,19.36667,0.566,0.0,0,0
step_and_pause_002,step_and_pause,19.38333,0.566,0.0,0,0
step_and_pause_002,step_and_pause,19.4,0.566,0.0,0,0
step_and_pause_002,step_and_pause,19.41667,0.566,0.0,0,0
step_and_pause_002,step_and_pause,19.43333,0.566,0.0,0,0
step_and_pause_002,step_and_pause,19.45,0.566,0.0,0,0
step_and_pause_002,step_and_pause,19.46667,0.566,0.0,0,0
step_and_pause_002,step_and_pause,19.48333,0.566,0.0,0,0
step_and_pause_002,step_and_pause,19.5,0.566,0.0,0,0
step_and_pause_002,step_and_pause,19.51667,0.566,0.0,0,0
step_and_pause_002,step_and_pause,19.53333,0.566,0.0,0,0
step_and_pause_002,step_and_pause,19.55,0.566,0.0,0,0
step_and_pause_002,step_and_pause,19.56667,0.566,0.0,0,0
step_and_pause_002,step_and_pause,19.58333,0.566,0.0,0,0
step_and_pause_002,step_and_pause,19.6,0.566,0.0,0,0
step_and_pause_002,step_and_pause,19.61667,0.566,0.0,0,0
step_and_pause_002,step_and_pause,19.63333,0.566,0.0,0,0
step_and_pause_002,step_and_pause,19.65,0.566,0.0,0,0
step_and_pause_002,step_and_pause,19.66667,0.566,0.0,0,0
step_and_pause_002,step_and_pause,19.68333,0.566,0.0,0,0
step_and_pause_002,step_and_pause,19.7,0.566,0.0,0,0
step_and_pause_002,step_and_pause,19.71667,0.566,0.0,0,0
step_and_pause_002,step_and_pause,19.73333,0.566,0.0,0,0
step_and_pause_002,step_and_pause,19.75,0.566,0.0,0,0
step_and_pause_002,step_and_pause,19.76667,0.566,0.0,0,0
step_and_pause_002,step_and_pause,19.78333,0.566,0.0,0,0
step_and_pause_002,step_and_pause,19.8,0.566,0.0,0,0
step_and_pause_002,step_and_pause,19.81667,0.566,0.0,0,0
step_and_pause_002,step_and_pause,19.83333,0.566,0.0,0,0
step_and_pause_002,step_and_pause,19.85,0.566,0.0,0,0
step_and_pause_002,step_and_pause,19.86667,0.566,0.0,0,0
step_and_pause_002,step_and_pause,19.88333,0.566,0.0,0,0
step_and_pause_002,step_and_pause,19.9,0.566,0.0,0,0
step_and_pause_002,step_and_pause,19.91667,0.566,0.0,0,0
step_and_pause_002,step_and_pause,19.93333,0.566,0.0,0,0
step_and_pause_002,step_and_pause,19.95,0.566,0.0,0,0
step_and_pause_002,step_and_pause,19.96667,0.566,0.0,0,0
step_and_pause_002,step_and_pause,19.98333,0.566,0.0,0,0
step_and_pause_002,step_and_pause,20.0,0.566,0.0,0,0
step_and_pause_002,step_and_pause,20.01667,0.566,0.0,0,0
step_and_pause_002,step_and_pause,20.03333,0.566,0.0,0,0
step_and_pause_002,step_and_pause,20.05,0.566,0.0,0,0
step_and_pause_002,step_and_pause,20.06667,0.566,0.0,0,0
step_and_pause_002,step_and_pause,20.08333,0.566,0.0,0,0
step_and_pause_002,step_and_pause,20.1,0.566,0.0,0,0
step_and_pause_002,step_and_pause,20.11667,0.566,0.0,0,0
step_and_pause_002,step_and_pause,20.13333,0.566,0.0,0,0
step_and_pause_002,step_and_pause,20.15,0.566,0.0,0,0
step_and_pause_002,step_and_pause,20.16667,0.566,0.0,0,0
step_and_pause_002,step_and_pause,20.18333,0.566,0.0,0,0
step_and_pause_002,step_and_pause,20.2,0.566,0.0,0,0
step_and_pause_002,step_and_pause,20.21667,0.566,0.0,0,0
step_and_pause_002,step_and_pause,20.23333,0.566,0.0,0,0
step_and_pause_002,step_and_pause,20.25,0.566,0.0,0,0
step_and_pause_002,step_and_pause,20.26667,0.566,0.0,0,0
step_and_pause_002,step_and_pause,20.28333,0.566,0.0,0,0
step_and_pause_002,step_and_pause,20.3,0.566,0.0,0,0
step_and_pause_002,step_and_pause,20.31667,0.566,0.0,0,0
step_and_pause_002,step_and_pause,20.33333,0.566,0.0,0,0
step_and_pause_002,step_and_pause,20.35,0.566,0.0,0,0
step_and_pause_002,step_and_pause,20.36667,0.566,0.0,0,0
step_and_pause_002,step_and_pause,20.38333,0.566,0.0,0,0
step_and_pause_002,step_and_pause,20.4,0.566,0.0,0,0
step_and_pause_002,step_and_pause,20.41667,0.566,0.0,0,0
step_and_pause_002,step_and_pause,20.43333,0.566,0.0,0,0
step_and_pause_002,step_and_pause,20.45,0.566,0.0,0,0
step_and_pause_002,step_and_pause,20.46667,0.566,0.0,0,0
step_and_pause_002,step_and_pause,20.48333,0.566,0.0,0,0
step_and_pause_002,step_and_pause,20.5,0.566,0.0,0,0
step_and_pause_002,step_and_pause,20.51667,0.566,0.0,0,0
step_and_pause_002,step_and_pause,20.53333,0.566,0.0,0,0
step_and_pause_002,step_and_pause,20.55,0.566,0.0,0,0
step_and_pause_002,step_and_pause,20.56667,0.566,0.0,0,0
step_and_pause_002,step_and_pause,20.58333,0.566,0.0,0,0
step_and_pause_002,step_and_pause,20.6,0.566,0.0,0,0
step_and_pause_002,step_and_pause,20.61667,0.566,0.0,0,0
step_and_pause_002,step_and_pause,20.63333,0.566,0.0,0,0
step_and_pause_002,step_and_pause,20.65,0.566,0.0,0,0
step_and_pause_002,step_and_pause,20.66667,0.566,0.0,0,0
step_and_pause_002,step_and_pause,20.68333,0.566,0.0,0,0
step_and_pause_002,step_and_pause,20.7,0.566,0.0,0,0
step_and_pause_002,step_and_pause,20.71667,0.566,0.0,0,0
step_and_pause_002,step_and_pause,20.73333,0.566,0.0,0,0
step_and_pause_002,step_and_pause,20.75,0.566,0.0,0,0
step_and_pause_002,step_and_pause,20.76667,0.566,0.0,0,0
step_and_pause_002,step_and_pause,20.78333,0.566,0.0,0,0
step_and_pause_002,step_and_pause,20.8,0.566,0.0,0,0
step_and_pause_002,step_and_pause,20.81667,0.566,0.0,0,0
step_and_pause_002,step_and_pause,20.83333,0.566,0.0,0,0
step_and_pause_002,step_and_pause,20.85,0.566,0.0,0,0
step_and_pause_002,step_and_pause,20.86667,0.566,0.0,0,0
step_and_pause_002,step_and_pause,20.88333,0.566,0.0,0,0
step_and_pause_002,step_and_pause,20.9,0.566,0.0,0,0
step_and_pause_002,step_and_pause,20.91667,0.566,0.0,0,0
step_and_pause_002,step_and_pause,20.93333,0.566,0.0,0,0
step_and_pause_002,step_and_pause,20.95,0.566,0.0,0,0
step_and_pause_002,step_and_pause,20.96667,0.566,0.0,0,0
step_and_pause_002,step_and_pause,20.98333,0.566,0.0,0,0
step_and_pause_002,step_and_pause,21.0,0.566,0.0,0,0
step_and_pause_002,step_and_pause,21.01667,0.566,0.0,0,0
step_and_pause_002,step_and_pause,21.03333,0.566,0.0,0,0
step_and_pause_002,step_and_pause,21.05,0.566,0.0,0,0
step_and_pause_002,step_and_pause,21.06667,0.566,0.0,0,0
step_and_pause_002,step_and_pause,21.08333,0.566,0.0,0,0
step_and_pause_002,step_and_pause,21.1,0.566,0.0,0,0
step_and_pause_002,step_and_pause,21.11667,0.566,0.0,0,0
step_and_pause_002,step_and_pause,21.13333,0.566,0.0,0,0
step_and_pause_002,step_and_pause,21.15,0.566,0.0,0,0
step_and_pause_002,step_and_pause,21.16667,0.566,0.0,0,0
step_and_pause_002,step_and_pause,21.18333,0.566,0.0,0,0
step_and_pause_002,step_and_pause,21.2,0.566,0.0,0,0
step_and_pause_002,step_and_pause,21.21667,0.566,0.0,0,0
step_and_pause_002,step_and_pause,21.23333,0.566,0.0,0,0
step_and_pause_002,step_and_pause,21.25,0.566,0.0,0,0
step_and_pause_002,step_and_pause,21.26667,0.566,0.0,0,0
step_and_pause_002,step_and_pause,21.28333,0.566,0.0,0,0
step_and_pause_002,step_and_pause,21.3,0.566,0.0,0,0
step_and_pause_002,step_and_pause,21.31667,0.566,0.0,0,0
step_and_pause_002,step_and_pause,21.33333,0.566,0.0,0,0
step_and_pause_002,step_and_pause,21.35,0.566,0.0,0,0
step_and_pause_002,step_and_pause,21.36667,0.566,0.0,0,0
step_and_pause_002,step_and_pause,21.38333,0.566,0.0,0,0
step_and_pause_002,step_and_pause,21.4,0.566,0.0,0,0
step_and_pause_002,step_and_pause,21.41667,0.566,0.0,0,0
step_and_pause_002,step_and_pause,21.43333,0.566,0.0,0,0
step_and_pause_002,step_and_pause,21.45,0.566,0.0,0,0
step_and_pause_002,step_and_pause,21.46667,0.566,0.0,0,0
step_and_pause_002,step_and_pause,21.48333,0.566,0.0,0,0
step_and_pause_002,step_and_pause,21.5,0.566,0.0,0,0
step_and_pause_002,step_and_pause,21.51667,0.566,0.0,0,0
step_and_pause_002,step_and_pause,21.53333,0.566,0.0,0,0
step_and_pause_002,step_and_pause,21.55,0.566,0.0,0,0
step_and_pause_002,step_and_pause,21.56667,0.566,0.0,0,0
step_and_pause_002,step_and_pause,21.58333,0.566,0.0,0,0
step_and_pause_002,step_and_pause,21.6,0.566,0.0,0,0
step_and_pause_002,step_and_pause,21.61667,0.566,0.0,0,0
step_and_pause_002,step_and_pause,21.63333,0.566,0.0,0,0
step_and_pause_002,step_and_pause,21.65,0.566,0.0,0,0
step_and_pause_002,step_and_pause,21.66667,0.566,0.0,0,0
step_and_pause_002,step_and_pause,21.68333,0.566,0.0,0,0
step_and_pause_002,step_and_pause,21.7,0.566,0.0,0,0
step_and_pause_002,step_and_pause,21.71667,0.566,0.0,0,0
step_and_pause_002,step_and_pause,21.73333,0.566,0.0,0,0
step_and_pause_002,step_and_pause,21.75,0.566,0.0,0,0
step_and_pause_002,step_and_pause,21.76667,0.566,0.0,0,0
step_and_pause_002,step_and_pause,21.78333,0.566,0.0,0,0
step_and_pause_002,step_and_pause,21.8,0.566,0.0,0,0
step_and_pause_002,step_and_pause,21.81667,0.566,0.0,0,0
step_and_pause_002,step_and_pause,21.83333,0.566,0.0,0,0
step_and_pause_002,step_and_pause,21.85,0.566,0.0,0,0
step_and_pause_002,step_and_pause,21.86667,0.566,0.0,0,0
step_and_pause_002,step_and_pause,21.88333,0.566,0.0,0,0
step_and_pause_002,step_and_pause,21.9,0.566,0.0,0,0
step_and_pause_002,step_and_pause,21.91667,0.566,0.0,0,0
step_and_pause_002,step_and_pause,21.93333,0.566,0.0,0,0
step_and_pause_002,step_and_pause,21.95,0.566,0.0,0,0
step_and_pause_002,step_and_pause,21.96667,0.566,0.0,0,0
step_and_pause_002,step_and_pause,21.98333,0.566,0.0,0,0
step_and_pause_002,step_and_pause,22.0,0.566,0.0,0,0
step_and_pause_002,step_and_pause,22.01667,0.566,0.0,0,0
step_and_pause_002,step_and_pause,22.03333,0.566,0.0,0,0
step_and_pause_002,step_and_pause,22.05,0.566,0.0,0,0
step_and_pause_002,step_and_pause,22.06667,0.566,0.0,0,0
step_and_pause_002,step_and_pause,22.08333,0.566,0.0,0,0
step_and_pause_002,step_and_pause,22.1,0.566,0.0,0,0
step_and_pause_002,step_and_pause,22.11667,0.566,0.0,0,1
step_and_pause_002,step_and_pause,22.13333,2.066,90.0,0,1
step_and_pause_002,step_and_pause,22.15,3.566,90.0,0,1
step_and_pause_002,step_and_pause,22.16667,5.066,90.0,0,1
step_and_pause_002,step_and_pause,22.18333,6.566,90.0,0,1
step_and_pause_002,step_and_pause,22.2,8.066,90.0,0,1
step_and_pause_002,step_and_pause,22.21667,9.566,90.0,0,1
step_and_pause_002,step_and_pause,22.23333,11.066,90.0,0,1
step_and_pause_002,step_and_pause,22.25,12.566,90.0,0,1
step_and_pause_002,step_and_pause,22.26667,14.066,90.0,0,1
step_and_pause_002,step_and_pause,22.28333,15.566,90.0,0,1
step_and_pause_002,step_and_pause,22.3,17.066,90.0,0,1
step_and_pause_002,step_and_pause,22.31667,18.566,90.0,0,1
step_and_pause_002,step_and_pause,22.33333,20.066,90.0,0,1
step_and_pause_002,step_and_pause,22.35,21.566,90.0,0,1
step_and_pause_002,step_and_pause,22.36667,23.066,90.0,0,1
step_and_pause_002,step_and_pause,22.38333,24.566,90.0,0,1
step_and_pause_002,step_and_pause,22.4,26.066,90.0,0,1
step_and_pause_002,step_and_pause,22.41667,27.566,90.0,0,1
step_and_pause_002,step_and_pause,22.43333,29.066,90.0,0,1
step_and_pause_002,step_and_pause,22.45,30.566,90.0,0,1
step_and_pause_002,step_and_pause,22.46667,32.066,90.0,0,1
step_and_pause_002,step_and_pause,22.48333,33.566,90.0,0,1
step_and_pause_002,step_and_pause,22.5,35.066,90.0,0,1
step_and_pause_002,step_and_pause,22.51667,36.566,90.0,0,1
step_and_pause_002,step_and_pause,22.53333,38.066,90.0,0,1
step_and_pause_002,step_and_pause,22.55,39.566,90.0,0,1
step_and_pause_002,step_and_pause,22.56667,41.066,90.0,0,1
step_and_pause_002,step_and_pause,22.58333,42.566,90.0,0,1
step_and_pause_002,step_and_pause,22.6,44.066,90.0,0,1
step_and_pause_002,step_and_pause,22.61667,45.566,90.0,0,0
step_and_pause_002,step_and_pause,22.63333,45.566,0.0,0,0
step_and_pause_002,step_and_pause,22.65,45.566,0.0,0,0
step_and_pause_002,step_and_pause,22.66667,45.566,0.0,0,0
step_and_pause_002,step_and_pause,22.68333,45.566,0.0,0,0
step_and_pause_002,step_and_pause,22.7,45.566,0.0,0,0
step_and_pause_002,step_and_pause,22.71667,45.566,0.0,0,0
step_and_pause_002,step_and_pause,22.73333,45.566,0.0,0,0
step_and_pause_002,step_and_pause,22.75,45.566,0.0,0,0
step_and_pause_002,step_and_pause,22.76667,45.566,0.0,0,0
step_and_pause_002,step_and_pause,22.78333,45.566,0.0,0,0
step_and_pause_002,step_and_pause,22.8,45.566,0.0,0,0
step_and_pause_002,step_and_pause,22.81667,45.566,0.0,0,0
step_and_pause_002,step_and_pause,22.83333,45.566,0.0,0,0
step_and_pause_002,step_and_pause,22.85,45.566,0.0,0,0
step_and_pause_002,step_and_pause,22.86667,45.566,0.0,0,0
step_and_pause_002,step_and_pause,22.88333,45.566,0.0,0,0
step_and_pause_002,step_and_pause,22.9,45.566,0.0,0,0
step_and_pause_002,step_and_pause,22.91667,45.566,0.0,0,0
step_and_pause_002,step_and_pause,22.93333,45.566,0.0,0,0
step_and_pause_002,step_and_pause,22.95,45.566,0.0,0,0
step_and_pause_002,step_and_pause,22.96667,45.566,0.0,0,0
step_and_pause_002,step_and_pause,22.98333,45.566,0.0,0,0
step_and_pause_002,step_and_pause,23.0,45.566,0.0,0,0
step_and_pause_002,step_and_pause,23.01667,45.566,0.0,0,0
step_and_pause_002,step_and_pause,23.03333,45.566,0.0,0,0
step_and_pause_002,step_and_pause,23.05,45.566,0.0,0,0
step_and_pause_002,step_and_pause,23.06667,45.566,0.0,0,0
step_and_pause_002,step_and_pause,23.08333,45.566,0.0,0,0
step_and_pause_002,step_and_pause,23.1,45.566,0.0,0,0
step_and_pause_002,step_and_pause,23.11667,45.566,0.0,0,0
step_and_pause_002,step_and_pause,23.13333,45.566,0.0,0,0
step_and_pause_002,step_and_pause,23.15,45.566,0.0,0,0
step_and_pause_002,step_and_pause,23.16667,45.566,0.0,0,0
step_and_pause_002,step_and_pause,23.18333,45.566,0.0,0,0
step_and_pause_002,step_and_pause,23.2,45.566,0.0,0,0
step_and_pause_002,step_and_pause,23.21667,45.566,0.0,0,0
step_and_pause_002,step_and_pause,23.23333,45.566,0.0,0,0
step_and_pause_002,step_and_pause,23.25,45.566,0.0,0,0
step_and_pause_002,step_and_pause,23.26667,45.566,0.0,0,0
step_and_pause_002,step_and_pause,23.28333,45.566,0.0,0,0
step_and_pause_002,step_and_pause,23.3,45.566,0.0,0,0
step_and_pause_002,step_and_pause,23.31667,45.566,0.0,0,0
step_and_pause_002,step_and_pause,23.33333,45.566,0.0,0,0
step_and_pause_002,step_and_pause,23.35,45.566,0.0,0,0
step_and_pause_002,step_and_pause,23.36667,45.566,0.0,0,0
step_and_pause_002,step_and_pause,23.38333,45.566,0.0,0,1
step_and_pause_002,step_and_pause,23.4,47.066,90.0,0,1
step_and_pause_002,step_and_pause,23.41667,48.566,90.0,0,1
step_and_pause_002,step_and_pause,23.43333,50.066,90.0,0,1
step_and_pause_002,step_and_pause,23.45,51.566,90.0,0,1
step_and_pause_002,step_and_pause,23.46667,53.066,90.0,0,1
step_and_pause_002,step_and_pause,23.48333,54.566,90.0,0,1
step_and_pause_002,step_and_pause,23.5,56.066,90.0,0,1
step_and_pause_002,step_and_pause,23.51667,57.566,90.0,0,1
step_and_pause_002,step_and_pause,23.53333,59.066,90.0,0,1
step_and_pause_002,step_and_pause,23.55,60.566,90.0,0,1
step_and_pause_002,step_and_pause,23.56667,62.066,90.0,0,1
step_and_pause_002,step_and_pause,23.58333,63.566,90.0,0,1
step_and_pause_002,step_and_pause,23.6,65.066,90.0,0,1
step_and_pause_002,step_and_pause,23.61667,66.566,90.0,0,1
step_and_pause_002,step_and_pause,23.63333,68.066,90.0,0,1
step_and_pause_002,step_and_pause,23.65,69.566,90.0,0,1
step_and_pause_002,step_and_pause,23.66667,71.066,90.0,0,1
step_and_pause_002,step_and_pause,23.68333,72.566,90.0,0,1
step_and_pause_002,step_and_pause,23.7,74.066,90.0,0,1
step_and_pause_002,step_and_pause,23.71667,75.566,90.0,0,1
step_and_pause_002,step_and_pause,23.73333,77.066,90.0,0,1
step_and_pause_002,step_and_pause,23.75,78.566,90.0,0,1
step_and_pause_002,step_and_pause,23.76667,80.066,90.0,0,1
step_and_pause_002,step_and_pause,23.78333,81.566,90.0,0,1
step_and_pause_002,step_and_pause,23.8,83.066,90.0,0,1
step_and_pause_002,step_and_pause,23.81667,84.566,90.0,0,1
step_and_pause_002,step_and_pause,23.83333,86.066,90.0,0,1
step_and_pause_002,step_and_pause,23.85,87.566,90.0,0,1
step_and_pause_002,step_and_pause,23.86667,89.066,90.0,0,1
step_and_pause_002,step_and_pause,23.88333,90.566,90.0,0,1
step_and_pause_002,step_and_pause,23.9,92.066,90.0,0,1
step_and_pause_002,step_and_pause,23.91667,93.566,90.0,0,1
step_and_pause_002,step_and_pause,23.93333,95.066,90.0,0,1
step_and_pause_002,step_and_pause,23.95,96.566,90.0,0,1
step_and_pause_002,step_and_pause,23.96667,98.066,90.0,0,1
step_and_pause_002,step_and_pause,23.98333,99.566,90.0,0,1
step_and_pause_002,step_and_pause,24.0,101.066,90.0,0,1
step_and_pause_002,step_and_pause,24.01667,102.566,90.0,0,1
step_and_pause_002,step_and_pause,24.03333,104.066,90.0,0,1
step_and_pause_002,step_and_pause,24.05,105.566,90.0,0,1
step_and_pause_002,step_and_pause,24.06667,107.066,90.0,0,1
step_and_pause_002,step_and_pause,24.08333,108.566,90.0,0,1
step_and_pause_002,step_and_pause,24.1,110.066,90.0,0,1
step_and_pause_002,step_and_pause,24.11667,111.566,90.0,0,1
step_and_pause_002,step_and_pause,24.13333,113.066,90.0,0,1
step_and_pause_002,step_and_pause,24.15,114.566,90.0,0,1
step_and_pause_002,step_and_pause,24.16667,116.066,90.0,0,1
step_and_pause_002,step_and_pause,24.18333,117.566,90.0,0,1
step_and_pause_002,step_and_pause,24.2,119.066,90.0,0,1
step_and_pause_002,step_and_pause,24.21667,120.566,90.0,0,1
step_and_pause_002,step_and_pause,24.23333,122.066,90.0,0,1
step_and_pause_002,step_and_pause,24.25,123.566,90.0,0,1
step_and_pause_002,step_and_pause,24.26667,125.066,90.0,0,1
step_and_pause_002,step_and_pause,24.28333,126.566,90.0,0,1
step_and_pause_002,step_and_pause,24.3,128.066,90.0,0,1
step_and_pause_002,step_and_pause,24.31667,129.566,90.0,0,1
step_and_pause_002,step_and_pause,24.33333,131.066,90.0,0,1
step_and_pause_002,step_and_pause,24.35,132.566,90.0,0,1
step_and_pause_002,step_and_pause,24.36667,134.066,90.0,0,1
step_and_pause_002,step_and_pause,24.38333,135.566,90.0,0,1
step_and_pause_002,step_and_pause,24.4,137.066,90.0,0,1
step_and_pause_002,step_and_pause,24.41667,138.566,90.0,0,1
step_and_pause_002,step_and_pause,24.43333,140.066,90.0,0,1
step_and_pause_002,step_and_pause,24.45,141.566,90.0,0,1
step_and_pause_002,step_and_pause,24.46667,143.066,90.0,0,1
step_and_pause_002,step_and_pause,24.48333,144.566,90.0,0,1
step_and_pause_002,step_and_pause,24.5,146.066,90.0,0,1
step_and_pause_002,step_and_pause,24.51667,147.566,90.0,0,1
step_and_pause_002,step_and_pause,24.53333,149.066,90.0,0,1
step_and_pause_002,step_and_pause,24.55,150.566,90.0,0,1
step_and_pause_002,step_and_pause,24.56667,152.066,90.0,0,1
step_and_pause_002,step_and_pause,24.58333,153.566,90.0,0,1
step_and_pause_002,step_and_pause,24.6,155.066,90.0,0,1
step_and_pause_002,step_and_pause,24.61667,156.566,90.0,0,1
step_and_pause_002,step_and_pause,24.63333,158.066,90.0,0,1
step_and_pause_002,step_and_pause,24.65,159.566,90.0,0,1
step_and_pause_002,step_and_pause,24.66667,161.066,90.0,0,1
step_and_pause_002,step_and_pause,24.68333,162.566,90.0,0,1
step_and_pause_002,step_and_pause,24.7,164.066,90.0,0,1
step_and_pause_002,step_and_pause,24.71667,165.566,90.0,0,1
step_and_pause_002,step_and_pause,24.73333,167.066,90.0,0,1
step_and_pause_002,step_and_pause,24.75,168.566,90.0,0,1
step_and_pause_002,step_and_pause,24.76667,170.066,90.0,0,1
step_and_pause_002,step_and_pause,24.78333,171.566,90.0,0,1
step_and_pause_002,step_and_pause,24.8,173.066,90.0,0,1
step_and_pause_002,step_and_pause,24.81667,174.566,90.0,0,1
step_and_pause_002,step_and_pause,24.83333,176.066,90.0,0,1
step_and_pause_002,step_and_pause,24.85,177.566,90.0,0,1
step_and_pause_002,step_and_pause,24.86667,179.066,90.0,0,1
step_and_pause_002,step_and_pause,24.88333,180.566,90.0,0,1
step_and_pause_002,step_and_pause,24.9,182.066,90.0,0,1
step_and_pause_002,step_and_pause,24.91667,183.566,90.0,0,1
step_and_pause_002,step_and_pause,24.93333,185.066,90.0,0,1
step_and_pause_002,step_and_pause,24.95,186.566,90.0,0,1
step_and_pause_002,step_and_pause,24.96667,188.066,90.0,0,1
step_and_pause_002,step_and_pause,24.98333,189.566,90.0,0,1
step_and_pause_002,step_and_pause,25.0,191.066,90.0,0,1
step_and_pause_002,step_and_pause,25.01667,192.566,90.0,0,1
step_and_pause_002,step_and_pause,25.03333,194.066,90.0,0,1
step_and_pause_002,step_and_pause,25.05,195.566,90.0,0,1
step_and_pause_002,step_and_pause,25.06667,197.066,90.0,0,1
step_and_pause_002,step_and_pause,25.08333,198.566,90.0,0,1
step_and_pause_002,step_and_pause,25.1,200.066,90.0,0,1
step_and_pause_002,step_and_pause,25.11667,201.566,90.0,0,1
step_and_pause_002,step_and_pause,25.13333,203.066,90.0,0,0
step_and_pause_002,step_and_pause,25.15,203.066,0.0,0,0
step_and_pause_002,step_and_pause,25.16667,203.066,0.0,0,0
step_and_pause_002,step_and_pause,25.18333,203.066,0.0,0,0
step_and_pause_002,step_and_pause,25.2,203.066,0.0,0,0
step_and_pause_002,step_and_pause,25.21667,203.066,0.0,0,0
step_and_pause_002,step_and_pause,25.23333,203.066,0.0,0,0
step_and_pause_002,step_and_pause,25.25,203.066,0.0,0,0
step_and_pause_002,step_and_pause,25.26667,203.066,0.0,0,0
step_and_pause_002,step_and_pause,25.28333,203.066,0.0,0,0
step_and_pause_002,step_and_pause,25.3,203.066,0.0,0,0
step_and_pause_002,step_and_pause,25.31667,203.066,0.0,0,0
step_and_pause_002,step_and_pause,25.33333,203.066,0.0,0,0
step_and_pause_002,step_and_pause,25.35,203.066,0.0,0,0
step_and_pause_002,step_and_pause,25.36667,203.066,0.0,0,0
step_and_pause_002,step_and_pause,25.38333,203.066,0.0,0,0
step_and_pause_002,step_and_pause,25.4,203.066,0.0,0,0
step_and_pause_002,step_and_pause,25.41667,203.066,0.0,0,0
step_and_pause_002,step_and_pause,25.43333,203.066,0.0,0,0
step_and_pause_002,step_and_pause,25.45,203.066,0.0,0,0
step_and_pause_002,step_and_pause,25.46667,203.066,0.0,0,0
step_and_pause_002,step_and_pause,25.48333,203.066,0.0,0,0
step_and_pause_002,step_and_pause,25.5,203.066,0.0,0,0
step_and_pause_002,step_and_pause,25.51667,203.066,0.0,0,0
step_and_pause_002,step_and_pause,25.53333,203.066,0.0,0,0
step_and_pause_002,step_and_pause,25.55,203.066,0.0,0,0
step_and_pause_002,step_and_pause,25.56667,203.066,0.0,0,0
step_and_pause_002,step_and_pause,25.58333,203.066,0.0,0,0
step_and_pause_002,step_and_pause,25.6,203.066,0.0,0,0
step_and_pause_002,step_and_pause,25.61667,203.066,0.0,0,0
step_and_pause_002,step_and_pause,25.63333,203.066,0.0,0,0
step_and_pause_002,step_and_pause,25.65,203.066,0.0,0,0
step_and_pause_002,step_and_pause,25.66667,203.066,0.0,0,0
step_and_pause_002,step_and_pause,25.68333,203.066,0.0,0,0
step_and_pause_002,step_and_pause,25.7,203.066,0.0,0,0
step_and_pause_002,step_and_pause,25.71667,203.066,0.0,0,0
step_and_pause_002,step_and_pause,25.73333,203.066,0.0,0,0
step_and_pause_002,step_and_pause,25.75,203.066,0.0,0,0
step_and_pause_002,step_and_pause,25.76667,203.066,0.0,0,0
step_and_pause_002,step_and_pause,25.78333,203.066,0.0,0,0
step_and_pause_002,step_and_pause,25.8,203.066,0.0,0,0
step_and_pause_002,step_and_pause,25.81667,203.066,0.0,0,0
step_and_pause_002,step_and_pause,25.83333,203.066,0.0,0,0
step_and_pause_002,step_and_pause,25.85,203.066,0.0,0,0
step_and_pause_002,step_and_pause,25.86667,203.066,0.0,0,0
step_and_pause_002,step_and_pause,25.88333,203.066,0.0,0,0
step_and_pause_002,step_and_pause,25.9,203.066,0.0,0,0
step_and_pause_002,step_and_pause,25.91667,203.066,0.0,0,0
step_and_pause_002,step_and_pause,25.93333,203.066,0.0,0,0
step_and_pause_002,step_and_pause,25.95,203.066,0.0,0,0
step_and_pause_002,step_and_pause,25.96667,203.066,0.0,0,0
step_and_pause_002,step_and_pause,25.98333,203.066,0.0,0,0
step_and_pause_002,step_and_pause,26.0,203.066,0.0,0,0
step_and_pause_002,step_and_pause,26.01667,203.066,0.0,0,0
step_and_pause_002,step_and_pause,26.03333,203.066,0.0,0,0
step_and_pause_002,step_and_pause,26.05,203.066,0.0,0,0
step_and_pause_002,step_and_pause,26.06667,203.066,0.0,0,0
step_and_pause_002,step_and_pause,26.08333,203.066,0.0,0,0
step_and_pause_002,step_and_pause,26.1,203.066,0.0,0,0
step_and_pause_002,step_and_pause,26.11667,203.066,0.0,0,0
step_and_pause_002,step_and_pause,26.13333,203.066,0.0,0,0
step_and_pause_002,step_and_pause,26.15,203.066,0.0,0,0
step_and_pause_002,step_and_pause,26.16667,203.066,0.0,0,0
step_and_pause_002,step_and_pause,26.18333,203.066,0.0,0,0
step_and_pause_002,step_and_pause,26.2,203.066,0.0,0,0
step_and_pause_002,step_and_pause,26.21667,203.066,0.0,0,0
step_and_pause_002,step_and_pause,26.23333,203.066,0.0,0,0
step_and_pause_002,step_and_pause,26.25,203.066,0.0,0,0
step_and_pause_002,step_and_pause,26.26667,203.066,0.0,0,0
step_and_pause_002,step_and_pause,26.28333,203.066,0.0,0,0
step_and_pause_002,step_and_pause,26.3,203.066,0.0,0,0
step_and_pause_002,step_and_pause,26.31667,203.066,0.0,0,0
step_and_pause_002,step_and_pause,26.33333,203.066,0.0,0,0
step_and_pause_002,step_and_pause,26.35,203.066,0.0,0,0
step_and_pause_002,step_and_pause,26.36667,203.066,0.0,0,0
step_and_pause_002,step_and_pause,26.38333,203.066,0.0,0,0
step_and_pause_002,step_and_pause,26.4,203.066,0.0,0,0
step_and_pause_002,step_and_pause,26.41667,203.066,0.0,0,0
step_and_pause_002,step_and_pause,26.43333,203.066,0.0,0,0
step_and_pause_002,step_and_pause,26.45,203.066,0.0,0,0
step_and_pause_002,step_and_pause,26.46667,203.066,0.0,0,0
step_and_pause_002,step_and_pause,26.48333,203.066,0.0,0,0
step_and_pause_002,step_and_pause,26.5,203.066,0.0,0,0
step_and_pause_002,step_and_pause,26.51667,203.066,0.0,0,0
step_and_pause_002,step_and_pause,26.53333,203.066,0.0,0,0
step_and_pause_002,step_and_pause,26.55,203.066,0.0,0,0
step_and_pause_002,step_and_pause,26.56667,203.066,0.0,0,0
step_and_pause_002,step_and_pause,26.58333,203.066,0.0,0,0
step_and_pause_002,step_and_pause,26.6,203.066,0.0,0,0
step_and_pause_002,step_and_pause,26.61667,203.066,0.0,0,0
step_and_pause_002,step_and_pause,26.63333,203.066,0.0,0,0
step_and_pause_002,step_and_pause,26.65,203.066,0.0,0,0
step_and_pause_002,step_and_pause,26.66667,203.066,0.0,0,0
step_and_pause_002,step_and_pause,26.68333,203.066,0.0,0,0
step_and_pause_002,step_and_pause,26.7,203.066,0.0,0,0
step_and_pause_002,step_and_pause,26.71667,203.066,0.0,0,0
step_and_pause_002,step_and_pause,26.73333,203.066,0.0,0,0
step_and_pause_002,step_and_pause,26.75,203.066,0.0,0,0
step_and_pause_002,step_and_pause,26.76667,203.066,0.0,0,0
step_and_pause_002,step_and_pause,26.78333,203.066,0.0,0,0
step_and_pause_002,step_and_pause,26.8,203.066,0.0,0,0
step_and_pause_002,step_and_pause,26.81667,203.066,0.0,0,0
step_and_pause_002,step_and_pause,26.83333,203.066,0.0,0,0
step_and_pause_002,step_and_pause,26.85,203.066,0.0,0,0
step_and_pause_002,step_and_pause,26.86667,203.066,0.0,0,0
step_and_pause_002,step_and_pause,26.88333,203.066,0.0,0,0
step_and_pause_002,step_and_pause,26.9,203.066,0.0,0,0
step_and_pause_002,step_and_pause,26.91667,203.066,0.0,0,0
step_and_pause_002,step_and_pause,26.93333,203.066,0.0,0,0
step_and_pause_002,step_and_pause,26.95,203.066,0.0,0,0
step_and_pause_002,step_and_pause,26.96667,203.066,0.0,0,0
step_and_pause_002,step_and_pause,26.98333,203.066,0.0,0,0
step_and_pause_002,step_and_pause,27.0,203.066,0.0,0,0
step_and_pause_002,step_and_pause,27.01667,203.066,0.0,0,0
step_and_pause_002,step_and_pause,27.03333,203.066,0.0,0,0
step_and_pause_002,step_and_pause,27.05,203.066,0.0,0,0
step_and_pause_002,step_and_pause,27.06667,203.066,0.0,0,0
step_and_pause_002,step_and_pause,27.08333,203.066,0.0,1,0
step_and_pause_002,step_and_pause,27.1,201.566,-90.0,1,0
step_and_pause_002,step_and_pause,27.11667,200.066,-90.0,1,0
step_and_pause_002,step_and_pause,27.13333,198.566,-90.0,1,0
step_and_pause_002,step_and_pause,27.15,197.066,-90.0,1,0
step_and_pause_002,step_and_pause,27.16667,195.566,-90.0,1,0
step_and_pause_002,step_and_pause,27.18333,194.066,-90.0,1,0
step_and_pause_002,step_and_pause,27.2,192.566,-90.0,1,0
step_and_pause_002,step_and_pause,27.21667,191.066,-90.0,1,0
step_and_pause_002,step_and_pause,27.23333,189.566,-90.0,1,0
step_and_pause_002,step_and_pause,27.25,188.066,-90.0,1,0
step_and_pause_002,step_and_pause,27.26667,186.566,-90.0,1,0
step_and_pause_002,step_and_pause,27.28333,185.066,-90.0,1,0
step_and_pause_002,step_and_pause,27.3,183.566,-90.0,1,0
step_and_pause_002,step_and_pause,27.31667,182.066,-90.0,1,0
step_and_pause_002,step_and_pause,27.33333,180.566,-90.0,1,0
step_and_pause_002,step_and_pause,27.35,179.066,-90.0,1,0
step_and_pause_002,step_and_pause,27.36667,177.566,-90.0,1,0
step_and_pause_002,step_and_pause,27.38333,176.066,-90.0,1,0
step_and_pause_002,step_and_pause,27.4,174.566,-90.0,1,0
step_and_pause_002,step_and_pause,27.41667,173.066,-90.0,1,0
step_and_pause_002,step_and_pause,27.43333,171.566,-90.0,1,0
step_and_pause_002,step_and_pause,27.45,170.066,-90.0,1,0
step_and_pause_002,step_and_pause,27.46667,168.566,-90.0,1,0
step_and_pause_002,step_and_pause,27.48333,167.066,-90.0,1,0
step_and_pause_002,step_and_pause,27.5,165.566,-90.0,1,0
step_and_pause_002,step_and_pause,27.51667,164.066,-90.0,1,0
step_and_pause_002,step_and_pause,27.53333,162.566,-90.0,1,0
step_and_pause_002,step_and_pause,27.55,161.066,-90.0,1,0
step_and_pause_002,step_and_pause,27.56667,159.566,-90.0,1,0
step_and_pause_002,step_and_pause,27.58333,158.066,-90.0,1,0
step_and_pause_002,step_and_pause,27.6,156.566,-90.0,1,0
step_and_pause_002,step_and_pause,27.61667,155.066,-90.0,1,0
step_and_pause_002,step_and_pause,27.63333,153.566,-90.0,1,0
step_and_pause_002,step_and_pause,27.65,152.066,-90.0,1,0
step_and_pause_002,step_and_pause,27.66667,150.566,-90.0,1,0
step_and_pause_002,step_and_pause,27.68333,149.066,-90.0,1,0
step_and_pause_002,step_and_pause,27.7,147.566,-90.0,1,0
step_and_pause_002,step_and_pause,27.71667,146.066,-90.0,1,0
step_and_pause_002,step_and_pause,27.73333,144.566,-90.0,1,0
step_and_pause_002,step_and_pause,27.75,143.066,-90.0,1,0
step_and_pause_002,step_and_pause,27.76667,141.566,-90.0,1,0
step_and_pause_002,step_and_pause,27.78333,140.066,-90.0,1,0
step_and_pause_002,step_and_pause,27.8,138.566,-90.0,1,0
step_and_pause_002,step_and_pause,27.81667,137.066,-90.0,1,0
step_and_pause_002,step_and_pause,27.83333,135.566,-90.0,1,0
step_and_pause_002,step_and_pause,27.85,134.066,-90.0,1,0
step_and_pause_002,step_and_pause,27.86667,132.566,-90.0,1,0
step_and_pause_002,step_and_pause,27.88333,131.066,-90.0,1,0
step_and_pause_002,step_and_pause,27.9,129.566,-90.0,1,0
step_and_pause_002,step_and_pause,27.91667,128.066,-90.0,1,0
step_and_pause_002,step_and_pause,27.93333,126.566,-90.0,1,0
step_and_pause_002,step_and_pause,27.95,125.066,-90.0,1,0
step_and_pause_002,step_and_pause,27.96667,123.566,-90.0,1,0
step_and_pause_002,step_and_pause,27.98333,122.066,-90.0,1,0
step_and_pause_002,step_and_pause,28.0,120.566,-90.0,1,0
step_and_pause_002,step_and_pause,28.01667,119.066,-90.0,1,0
step_and_pause_002,step_and_pause,28.03333,117.566,-90.0,1,0
step_and_pause_002,step_and_pause,28.05,116.066,-90.0,1,0
step_and_pause_002,step_and_pause,28.06667,114.566,-90.0,1,0
step_and_pause_002,step_and_pause,28.08333,113.066,-90.0,1,0
step_and_pause_002,step_and_pause,28.1,111.566,-90.0,1,0
step_and_pause_002,step_and_pause,28.11667,110.066,-90.0,1,0
step_and_pause_002,step_and_pause,28.13333,108.566,-90.0,1,0
step_and_pause_002,step_and_pause,28.15,107.066,-90.0,1,0
step_and_pause_002,step_and_pause,28.16667,105.566,-90.0,1,0
step_and_pause_002,step_and_pause,28.18333,104.066,-90.0,1,0
step_and_pause_002,step_and_pause,28.2,102.566,-90.0,1,0
step_and_pause_002,step_and_pause,28.21667,101.066,-90.0,1,0
step_and_pause_002,step_and_pause,28.23333,99.566,-90.0,1,0
step_and_pause_002,step_and_pause,28.25,98.066,-90.0,1,0
step_and_pause_002,step_and_pause,28.26667,96.566,-90.0,1,0
step_and_pause_002,step_and_pause,28.28333,95.066,-90.0,1,0
step_and_pause_002,step_and_pause,28.3,93.566,-90.0,1,0
step_and_pause_002,step_and_pause,28.31667,92.066,-90.0,1,0
step_and_pause_002,step_and_pause,28.33333,90.566,-90.0,1,0
step_and_pause_002,step_and_pause,28.35,89.066,-90.0,1,0
step_and_pause_002,step_and_pause,28.36667,87.566,-90.0,1,0
step_and_pause_002,step_and_pause,28.38333,86.066,-90.0,1,0
step_and_pause_002,step_and_pause,28.4,84.566,-90.0,1,0
step_and_pause_002,step_and_pause,28.41667,83.066,-90.0,1,0
step_and_pause_002,step_and_pause,28.43333,81.566,-90.0,1,0
step_and_pause_002,step_and_pause,28.45,80.066,-90.0,1,0
step_and_pause_002,step_and_pause,28.46667,78.566,-90.0,1,0
step_and_pause_002,step_and_pause,28.48333,77.066,-90.0,1,0
step_and_pause_002,step_and_pause,28.5,75.566,-90.0,1,0
step_and_pause_002,step_and_pause,28.51667,74.066,-90.0,1,0
step_and_pause_002,step_and_pause,28.53333,72.566,-90.0,1,0
step_and_pause_002,step_and_pause,28.55,71.066,-90.0,1,0
step_and_pause_002,step_and_pause,28.56667,69.566,-90.0,1,0
step_and_pause_002,step_and_pause,28.58333,68.066,-90.0,1,0
step_and_pause_002,step_and_pause,28.6,66.566,-90.0,1,0
step_and_pause_002,step_and_pause,28.61667,65.066,-90.0,1,0
step_and_pause_002,step_and_pause,28.63333,63.566,-90.0,1,0
step_and_pause_002,step_and_pause,28.65,62.066,-90.0,1,0
step_and_pause_002,step_and_pause,28.66667,60.566,-90.0,1,0
step_and_pause_002,step_and_pause,28.68333,59.066,-90.0,1,0
step_and_pause_002,step_and_pause,28.7,57.566,-90.0,1,0
step_and_pause_002,step_and_pause,28.71667,56.066,-90.0,1,0
step_and_pause_002,step_and_pause,28.73333,54.566,-90.0,1,0
step_and_pause_002,step_and_pause,28.75,53.066,-90.0,1,0
step_and_pause_002,step_and_pause,28.76667,51.566,-90.0,1,0
step_and_pause_002,step_and_pause,28.78333,50.066,-90.0,1,0
step_and_pause_002,step_and_pause,28.8,48.566,-90.0,1,0
step_and_pause_002,step_and_pause,28.81667,47.066,-90.0,1,0
step_and_pause_002,step_and_pause,28.83333,45.566,-90.0,1,0
step_and_pause_002,step_and_pause,28.85,44.066,-90.0,1,0
step_and_pause_002,step_and_pause,28.86667,42.566,-90.0,1,0
step_and_pause_002,step_and_pause,28.88333,41.066,-90.0,1,0
step_and_pause_002,step_and_pause,28.9,39.566,-90.0,1,0
step_and_pause_002,step_and_pause,28.91667,38.066,-90.0,1,0
step_and_pause_002,step_and_pause,28.93333,36.566,-90.0,1,0
step_and_pause_002,step_and_pause,28.95,35.066,-90.0,1,0
step_and_pause_002,step_and_pause,28.96667,33.566,-90.0,1,0
step_and_pause_002,step_and_pause,28.98333,32.066,-90.0,1,0
step_and_pause_002,step_and_pause,29.0,30.566,-90.0,1,0
step_and_pause_002,step_and_pause,29.01667,29.066,-90.0,1,0
step_and_pause_002,step_and_pause,29.03333,27.566,-90.0,1,0
step_and_pause_002,step_and_pause,29.05,26.066,-90.0,1,0
step_and_pause_002,step_and_pause,29.06667,24.566,-90.0,1,0
step_and_pause_002,step_and_pause,29.08333,23.066,-90.0,1,0
step_and_pause_002,step_and_pause,29.1,21.566,-90.0,1,0
step_and_pause_002,step_and_pause,29.11667,20.066,-90.0,1,0
step_and_pause_002,step_and_pause,29.13333,18.566,-90.0,1,0
step_and_pause_002,step_and_pause,29.15,17.066,-90.0,1,0
step_and_pause_002,step_and_pause,29.16667,15.566,-90.0,1,0
step_and_pause_002,step_and_pause,29.18333,14.066,-90.0,1,0
step_and_pause_002,step_and_pause,29.2,12.566,-90.0,1,0
step_and_pause_002,step_and_pause,29.21667,11.066,-90.0,1,0
step_and_pause_002,step_and_pause,29.23333,9.566,-90.0,1,0
step_and_pause_002,step_and_pause,29.25,8.066,-90.0,1,0
step_and_pause_002,step_and_pause,29.26667,6.566,-90.0,1,0
step_and_pause_002,step_and_pause,29.28333,5.066,-90.0,1,0
step_and_pause_002,step_and_pause,29.3,3.566,-90.0,1,0
step_and_pause_002,step_and_pause,29.31667,2.066,-90.0,1,0
step_and_pause_002,step_and_pause,29.33333,0.566,-90.0,0,0
step_and_pause_002,step_and_pause,29.35,0.566,0.0,0,0
step_and_pause_002,step_and_pause,29.36667,0.566,0.0,0,0
step_and_pause_002,step_and_pause,29.38333,0.566,0.0,0,0
step_and_pause_002,step_and_pause,29.4,0.566,0.0,0,0
step_and_pause_002,step_and_pause,29.41667,0.566,0.0,0,0
step_and_pause_002,step_and_pause,29.43333,0.566,0.0,0,0
step_and_pause_002,step_and_pause,29.45,0.566,0.0,0,0
step_and_pause_002,step_and_pause,29.46667,0.566,0.0,0,0
step_and_pause_002,step_and_pause,29.48333,0.566,0.0,0,0
step_and_pause_002,step_and_pause,29.5,0.566,0.0,0,0
step_and_pause_002,step_and_pause,29.51667,0.566,0.0,0,0
step_and_pause_002,step_and_pause,29.53333,0.566,0.0,0,0
step_and_pause_002,step_and_pause,29.55,0.566,0.0,0,0
step_and_pause_002,step_and_pause,29.56667,0.566,0.0,0,0
step_and_pause_002,step_and_pause,29.58333,0.566,0.0,0,0
step_and_pause_002,step_and_pause,29.6,0.566,0.0,0,0
step_and_pause_002,step_and_pause,29.61667,0.566,0.0,0,0
step_and_pause_002,step_and_pause,29.63333,0.566,0.0,0,0
step_and_pause_002,step_and_pause,29.65,0.566,0.0,0,0
step_and_pause_002,step_and_pause,29.66667,0.566,0.0,0,0
step_and_pause_002,step_and_pause,29.68333,0.566,0.0,0,0
step_and_pause_002,step_and_pause,29.7,0.566,0.0,0,0
step_and_pause_002,step_and_pause,29.71667,0.566,0.0,0,0
step_and_pause_002,step_and_pause,29.73333,0.566,0.0,0,0
step_and_pause_002,step_and_pause,29.75,0.566,0.0,0,0
step_and_pause_002,step_and_pause,29.76667,0.566,0.0,0,0
step_and_pause_002,step_and_pause,29.78333,0.566,0.0,0,0
step_and_pause_002,step_and_pause,29.8,0.566,0.0,0,0
step_and_pause_002,step_and_pause,29.81667,0.566,0.0,0,0
step_and_pause_002,step_and_pause,29.83333,0.566,0.0,0,0
step_and_pause_002,step_and_pause,29.85,0.566,0.0,0,0
step_and_pause_002,step_and_pause,29.86667,0.566,0.0,0,0
step_and_pause_002,step_and_pause,29.88333,0.566,0.0,0,0
step_and_pause_002,step_and_pause,29.9,0.566,0.0,0,1
step_and_pause_002,step_and_pause,29.91667,2.066,90.0,0,1
step_and_pause_002,step_and_pause,29.93333,3.566,90.0,0,1
step_and_pause_002,step_and_pause,29.95,5.066,90.0,0,1
step_and_pause_002,step_and_pause,29.96667,6.566,90.0,0,1
step_and_pause_002,step_and_pause,29.98333,8.066,90.0,0,1
step_and_pause_002,step_and_pause,30.0,9.566,90.0,0,1
step_and_pause_002,step_and_pause,30.01667,11.066,90.0,0,1
step_and_pause_002,step_and_pause,30.03333,12.566,90.0,0,1
step_and_pause_002,step_and_pause,30.05,14.066,90.0,0,1
step_and_pause_002,step_and_pause,30.06667,15.566,90.0,0,1
step_and_pause_002,step_and_pause,30.08333,17.066,90.0,0,1
step_and_pause_002,step_and_pause,30.1,18.566,90.0,0,1
step_and_pause_002,step_and_pause,30.11667,20.066,90.0,0,1
step_and_pause_002,step_and_pause,30.13333,21.566,90.0,0,1
step_and_pause_002,step_and_pause,30.15,23.066,90.0,0,1
step_and_pause_002,step_and_pause,30.16667,24.566,90.0,0,1
step_and_pause_002,step_and_pause,30.18333,26.066,90.0,0,1
step_and_pause_002,step_and_pause,30.2,27.566,90.0,0,1
step_and_pause_002,step_and_pause,30.21667,29.066,90.0,0,1
step_and_pause_002,step_and_pause,30.23333,30.566,90.0,0,1
step_and_pause_002,step_and_pause,30.25,32.066,90.0,0,1
step_and_pause_002,step_and_pause,30.26667,33.566,90.0,0,1
step_and_pause_002,step_and_pause,30.28333,35.066,90.0,0,1
step_and_pause_002,step_and_pause,30.3,36.566,90.0,0,1
step_and_pause_002,step_and_pause,30.31667,38.066,90.0,0,1
step_and_pause_002,step_and_pause,30.33333,39.566,90.0,0,1
step_and_pause_002,step_and_pause,30.35,41.066,90.0,0,1
step_and_pause_002,step_and_pause,30.36667,42.566,90.0,0,1
step_and_pause_002,step_and_pause,30.38333,44.066,90.0,0,1
step_and_pause_002,step_and_pause,30.4,45.566,90.0,0,1
step_and_pause_002,step_and_pause,30.41667,47.066,90.0,0,1
step_and_pause_002,step_and_pause,30.43333,48.566,90.0,0,1
step_and_pause_002,step_and_pause,30.45,50.066,90.0,0,1
step_and_pause_002,step_and_pause,30.46667,51.566,90.0,0,1
step_and_pause_002,step_and_pause,30.48333,53.066,90.0,0,1
step_and_pause_002,step_and_pause,30.5,54.566,90.0,0,1
step_and_pause_002,step_and_pause,30.51667,56.066,90.0,0,1
step_and_pause_002,step_and_pause,30.53333,57.566,90.0,0,1
step_and_pause_002,step_and_pause,30.55,59.066,90.0,0,1
step_and_pause_002,step_and_pause,30.56667,60.566,90.0,0,1
step_and_pause_002,step_and_pause,30.58333,62.066,90.0,0,1
step_and_pause_002,step_and_pause,30.6,63.566,90.0,0,1
step_and_pause_002,step_and_pause,30.61667,65.066,90.0,0,1
step_and_pause_002,step_and_pause,30.63333,66.566,90.0,0,1
step_and_pause_002,step_and_pause,30.65,68.066,90.0,0,1
step_and_pause_002,step_and_pause,30.66667,69.566,90.0,0,1
step_and_pause_002,step_and_pause,30.68333,71.066,90.0,0,1
step_and_pause_002,step_and_pause,30.7,72.566,90.0,0,1
step_and_pause_002,step_and_pause,30.71667,74.066,90.0,0,1
step_and_pause_002,step_and_pause,30.73333,75.566,90.0,0,1
step_and_pause_002,step_and_pause,30.75,77.066,90.0,0,1
step_and_pause_002,step_and_pause,30.76667,78.566,90.0,0,1
step_and_pause_002,step_and_pause,30.78333,80.066,90.0,0,1
step_and_pause_002,step_and_pause,30.8,81.566,90.0,0,1
step_and_pause_002,step_and_pause,30.81667,83.066,90.0,0,1
step_and_pause_002,step_and_pause,30.83333,84.566,90.0,0,1
step_and_pause_002,step_and_pause,30.85,86.066,90.0,0,1
step_and_pause_002,step_and_pause,30.86667,87.566,90.0,0,1
step_and_pause_002,step_and_pause,30.88333,89.066,90.0,0,1
step_and_pause_002,step_and_pause,30.9,90.566,90.0,0,1
step_and_pause_002,step_and_pause,30.91667,92.066,90.0,0,1
step_and_pause_002,step_and_pause,30.93333,93.566,90.0,0,1
step_and_pause_002,step_and_pause,30.95,95.066,90.0,0,1
step_and_pause_002,step_and_pause,30.96667,96.566,90.0,0,1
step_and_pause_002,step_and_pause,30.98333,98.066,90.0,0,1
step_and_pause_002,step_and_pause,31.0,99.566,90.0,0,1
step_and_pause_002,step_and_pause,31.01667,101.066,90.0,0,1
step_and_pause_002,step_and_pause,31.03333,102.566,90.0,0,1
step_and_pause_002,step_and_pause,31.05,104.066,90.0,0,1
step_and_pause_002,step_and_pause,31.06667,105.566,90.0,0,1
step_and_pause_002,step_and_pause,31.08333,107.066,90.0,0,1
step_and_pause_002,step_and_pause,31.1,108.566,90.0,0,1
step_and_pause_002,step_and_pause,31.11667,110.066,90.0,0,1
step_and_pause_002,step_and_pause,31.13333,111.566,90.0,0,1
step_and_pause_002,step_and_pause,31.15,113.066,90.0,0,1
step_and_pause_002,step_and_pause,31.16667,114.566,90.0,0,1
step_and_pause_002,step_and_pause,31.18333,116.066,90.0,0,1
step_and_pause_002,step_and_pause,31.2,117.566,90.0,0,1
step_and_pause_002,step_and_pause,31.21667,119.066,90.0,0,1
step_and_pause_002,step_and_pause,31.23333,120.566,90.0,0,1
step_and_pause_002,step_and_pause,31.25,122.066,90.0,0,1
step_and_pause_002,step_and_pause,31.26667,123.566,90.0,0,1
step_and_pause_002,step_and_pause,31.28333,125.066,90.0,0,1
step_and_pause_002,step_and_pause,31.3,126.566,90.0,0,1
step_and_pause_002,step_and_pause,31.31667,128.066,90.0,0,1
step_and_pause_002,step_and_pause,31.33333,129.566,90.0,0,1
step_and_pause_002,step_and_pause,31.35,131.066,90.0,0,1
step_and_pause_002,step_and_pause,31.36667,132.566,90.0,0,1
step_and_pause_002,step_and_pause,31.38333,134.066,90.0,0,1
step_and_pause_002,step_and_pause,31.4,135.566,90.0,0,1
step_and_pause_002,step_and_pause,31.41667,137.066,90.0,0,1
step_and_pause_002,step_and_pause,31.43333,138.566,90.0,0,1
step_and_pause_002,step_and_pause,31.45,140.066,90.0,0,1
step_and_pause_002,step_and_pause,31.46667,141.566,90.0,0,1
step_and_pause_002,step_and_pause,31.48333,143.066,90.0,0,1
step_and_pause_002,step_and_pause,31.5,144.566,90.0,0,1
step_and_pause_002,step_and_pause,31.51667,146.066,90.0,0,1
step_and_pause_002,step_and_pause,31.53333,147.566,90.0,0,1
step_and_pause_002,step_and_pause,31.55,149.066,90.0,0,1
step_and_pause_002,step_and_pause,31.56667,150.566,90.0,0,1
step_and_pause_002,step_and_pause,31.58333,152.066,90.0,0,1
step_and_pause_002,step_and_pause,31.6,153.566,90.0,0,1
step_and_pause_002,step_and_pause,31.61667,155.066,90.0,0,1
step_and_pause_002,step_and_pause,31.63333,156.566,90.0,0,1
step_and_pause_002,step_and_pause,31.65,158.066,90.0,0,1
step_and_pause_002,step_and_pause,31.66667,159.566,90.0,0,1
step_and_pause_002,step_and_pause,31.68333,161.066,90.0,0,1
step_and_pause_002,step_and_pause,31.7,162.566,90.0,0,1
step_and_pause_002,step_and_pause,31.71667,164.066,90.0,0,1
step_and_pause_002,step_and_pause,31.73333,165.566,90.0,0,1
step_and_pause_002,step_and_pause,31.75,167.066,90.0,0,1
step_and_pause_002,step_and_pause,31.76667,168.566,90.0,0,1
step_and_pause_002,step_and_pause,31.78333,170.066,90.0,0,1
step_and_pause_002,step_and_pause,31.8,171.566,90.0,0,1
step_and_pause_002,step_and_pause,31.81667,173.066,90.0,0,1
step_and_pause_002,step_and_pause,31.83333,174.566,90.0,0,1
step_and_pause_002,step_and_pause,31.85,176.066,90.0,0,1
step_and_pause_002,step_and_pause,31.86667,177.566,90.0,0,1
step_and_pause_002,step_and_pause,31.88333,179.066,90.0,0,1
step_and_pause_002,step_and_pause,31.9,180.566,90.0,0,1
step_and_pause_002,step_and_pause,31.91667,182.066,90.0,0,1
step_and_pause_002,step_and_pause,31.93333,183.566,90.0,0,0
step_and_pause_002,step_and_pause,31.95,183.566,0.0,0,0
step_and_pause_002,step_and_pause,31.96667,183.566,0.0,0,0
step_and_pause_002,step_and_pause,31.98333,183.566,0.0,0,0
step_and_pause_002,step_and_pause,32.0,183.566,0.0,0,0
step_and_pause_002,step_and_pause,32.01667,183.566,0.0,0,0
step_and_pause_002,step_and_pause,32.03333,183.566,0.0,0,0
step_and_pause_002,step_and_pause,32.05,183.566,0.0,0,0
step_and_pause_002,step_and_pause,32.06667,183.566,0.0,0,0
step_and_pause_002,step_and_pause,32.08333,183.566,0.0,0,0
step_and_pause_002,step_and_pause,32.1,183.566,0.0,0,0
step_and_pause_002,step_and_pause,32.11667,183.566,0.0,0,0
step_and_pause_002,step_and_pause,32.13333,183.566,0.0,0,0
step_and_pause_002,step_and_pause,32.15,183.566,0.0,0,0
step_and_pause_002,step_and_pause,32.16667,183.566,0.0,0,0
step_and_pause_002,step_and_pause,32.18333,183.566,0.0,0,0
step_and_pause_002,step_and_pause,32.2,183.566,0.0,0,0
step_and_pause_002,step_and_pause,32.21667,183.566,0.0,0,1
step_and_pause_002,step_and_pause,32.23333,185.066,90.0,0,1
step_and_pause_002,step_and_pause,32.25,186.566,90.0,0,1
step_and_pause_002,step_and_pause,32.26667,188.066,90.0,0,1
step_and_pause_002,step_and_pause,32.28333,189.566,90.0,0,1
step_and_pause_002,step_and_pause,32.3,191.066,90.0,0,1
step_and_pause_002,step_and_pause,32.31667,192.566,90.0,0,1
step_and_pause_002,step_and_pause,32.33333,194.066,90.0,0,1
step_and_pause_002,step_and_pause,32.35,195.566,90.0,0,1
step_and_pause_002,step_and_pause,32.36667,197.066,90.0,0,1
step_and_pause_002,step_and_pause,32.38333,198.566,90.0,0,1
step_and_pause_002,step_and_pause,32.4,200.066,90.0,0,1
step_and_pause_002,step_and_pause,32.41667,201.566,90.0,0,1
step_and_pause_002,step_and_pause,32.43333,203.066,90.0,0,0
step_and_pause_002,step_and_pause,32.45,203.066,0.0,0,0
step_and_pause_002,step_and_pause,32.46667,203.066,0.0,0,0
step_and_pause_002,step_and_pause,32.48333,203.066,0.0,0,0
step_and_pause_002,step_and_pause,32.5,203.066,0.0,0,0
step_and_pause_002,step_and_pause,32.51667,203.066,0.0,0,0
step_and_pause_002,step_and_pause,32.53333,203.066,0.0,0,0
step_and_pause_002,step_and_pause,32.55,203.066,0.0,0,0
step_and_pause_002,step_and_pause,32.56667,203.066,0.0,0,0
step_and_pause_002,step_and_pause,32.58333,203.066,0.0,0,0
step_and_pause_002,step_and_pause,32.6,203.066,0.0,0,0
step_and_pause_002,step_and_pause,32.61667,203.066,0.0,0,0
step_and_pause_002,step_and_pause,32.63333,203.066,0.0,0,0
step_and_pause_002,step_and_pause,32.65,203.066,0.0,0,0
step_and_pause_002,step_and_pause,32.66667,203.066,0.0,0,0
step_and_pause_002,step_and_pause,32.68333,203.066,0.0,0,0
step_and_pause_002,step_and_pause,32.7,203.066,0.0,0,0
step_and_pause_002,step_and_pause,32.71667,203.066,0.0,0,0
step_and_pause_002,step_and_pause,32.73333,203.066,0.0,0,0
step_and_pause_002,step_and_pause,32.75,203.066,0.0,0,0
step_and_pause_002,step_and_pause,32.76667,203.066,0.0,0,0
step_and_pause_002,step_and_pause,32.78333,203.066,0.0,0,0
step_and_pause_002,step_and_pause,32.8,203.066,0.0,0,0
step_and_pause_002,step_and_pause,32.81667,203.066,0.0,0,0
step_and_pause_002,step_and_pause,32.83333,203.066,0.0,0,0
step_and_pause_002,step_and_pause,32.85,203.066,0.0,1,0
step_and_pause_002,step_and_pause,32.86667,201.566,-90.0,1,0
step_and_pause_002,step_and_pause,32.88333,200.066,-90.0,1,0
step_and_pause_002,step_and_pause,32.9,198.566,-90.0,1,0
step_and_pause_002,step_and_pause,32.91667,197.066,-90.0,1,0
step_and_pause_002,step_and_pause,32.93333,195.566,-90.0,1,0
step_and_pause_002,step_and_pause,32.95,194.066,-90.0,1,0
step_and_pause_002,step_and_pause,32.96667,192.566,-90.0,1,0
step_and_pause_002,step_and_pause,32.98333,191.066,-90.0,1,0
step_and_pause_002,step_and_pause,33.0,189.566,-90.0,1,0
step_and_pause_002,step_and_pause,33.01667,188.066,-90.0,1,0
step_and_pause_002,step_and_pause,33.03333,186.566,-90.0,1,0
step_and_pause_002,step_and_pause,33.05,185.066,-90.0,1,0
step_and_pause_002,step_and_pause,33.06667,183.566,-90.0,1,0
step_and_pause_002,step_and_pause,33.08333,182.066,-90.0,1,0
step_and_pause_002,step_and_pause,33.1,180.566,-90.0,1,0
step_and_pause_002,step_and_pause,33.11667,179.066,-90.0,1,0
step_and_pause_002,step_and_pause,33.13333,177.566,-90.0,1,0
step_and_pause_002,step_and_pause,33.15,176.066,-90.0,1,0
step_and_pause_002,step_and_pause,33.16667,174.566,-90.0,1,0
step_and_pause_002,step_and_pause,33.18333,173.066,-90.0,1,0
step_and_pause_002,step_and_pause,33.2,171.566,-90.0,1,0
step_and_pause_002,step_and_pause,33.21667,170.066,-90.0,1,0
step_and_pause_002,step_and_pause,33.23333,168.566,-90.0,1,0
step_and_pause_002,step_and_pause,33.25,167.066,-90.0,1,0
step_and_pause_002,step_and_pause,33.26667,165.566,-90.0,1,0
step_and_pause_002,step_and_pause,33.28333,164.066,-90.0,1,0
step_and_pause_002,step_and_pause,33.3,162.566,-90.0,1,0
step_and_pause_002,step_and_pause,33.31667,161.066,-90.0,1,0
step_and_pause_002,step_and_pause,33.33333,159.566,-90.0,1,0
step_and_pause_002,step_and_pause,33.35,158.066,-90.0,1,0
step_and_pause_002,step_and_pause,33.36667,156.566,-90.0,1,0
step_and_pause_002,step_and_pause,33.38333,155.066,-90.0,1,0
step_and_pause_002,step_and_pause,33.4,153.566,-90.0,1,0
step_and_pause_002,step_and_pause,33.41667,152.066,-90.0,1,0
step_and_pause_002,step_and_pause,33.43333,150.566,-90.0,1,0
step_and_pause_002,step_and_pause,33.45,149.066,-90.0,1,0
step_and_pause_002,step_and_pause,33.46667,147.566,-90.0,1,0
step_and_pause_002,step_and_pause,33.48333,146.066,-90.0,1,0
step_and_pause_002,step_and_pause,33.5,144.566,-90.0,1,0
step_and_pause_002,step_and_pause,33.51667,143.066,-90.0,1,0
step_and_pause_002,step_and_pause,33.53333,141.566,-90.0,1,0
step_and_pause_002,step_and_pause,33.55,140.066,-90.0,1,0
step_and_pause_002,step_and_pause,33.56667,138.566,-90.0,1,0
step_and_pause_002,step_and_pause,33.58333,137.066,-90.0,1,0
step_and_pause_002,step_and_pause,33.6,135.566,-90.0,1,0
step_and_pause_002,step_and_pause,33.61667,134.066,-90.0,1,0
step_and_pause_002,step_and_pause,33.63333,132.566,-90.0,1,0
step_and_pause_002,step_and_pause,33.65,131.066,-90.0,1,0
step_and_pause_002,step_and_pause,33.66667,129.566,-90.0,1,0
step_and_pause_002,step_and_pause,33.68333,128.066,-90.0,1,0
step_and_pause_002,step_and_pause,33.7,126.566,-90.0,1,0
step_and_pause_002,step_and_pause,33.71667,125.066,-90.0,1,0
step_and_pause_002,step_and_pause,33.73333,123.566,-90.0,1,0
step_and_pause_002,step_and_pause,33.75,122.066,-90.0,1,0
step_and_pause_002,step_and_pause,33.76667,120.566,-90.0,1,0
step_and_pause_002,step_and_pause,33.78333,119.066,-90.0,1,0
step_and_pause_002,step_and_pause,33.8,117.566,-90.0,1,0
step_and_pause_002,step_and_pause,33.81667,116.066,-90.0,1,0
step_and_pause_002,step_and_pause,33.83333,114.566,-90.0,1,0
step_and_pause_002,step_and_pause,33.85,113.066,-90.0,1,0
step_and_pause_002,step_and_pause,33.86667,111.566,-90.0,1,0
step_and_pause_002,step_and_pause,33.88333,110.066,-90.0,1,0
step_and_pause_002,step_and_pause,33.9,108.566,-90.0,1,0
step_and_pause_002,step_and_pause,33.91667,107.066,-90.0,1,0
step_and_pause_002,step_and_pause,33.93333,105.566,-90.0,1,0
step_and_pause_002,step_and_pause,33.95,104.066,-90.0,1,0
step_and_pause_002,step_and_pause,33.96667,102.566,-90.0,1,0
step_and_pause_002,step_and_pause,33.98333,101.066,-90.0,1,0
step_and_pause_002,step_and_pause,34.0,99.566,-90.0,1,0
step_and_pause_002,step_and_pause,34.01667,98.066,-90.0,1,0
step_and_pause_002,step_and_pause,34.03333,96.566,-90.0,1,0
step_and_pause_002,step_and_pause,34.05,95.066,-90.0,1,0
step_and_pause_002,step_and_pause,34.06667,93.566,-90.0,1,0
step_and_pause_002,step_and_pause,34.08333,92.066,-90.0,0,1
step_and_pause_002,step_and_pause,34.1,93.566,90.0,0,1
step_and_pause_002,step_and_pause,34.11667,95.066,90.0,0,1
